{"toc":[{"globalTOCPosition":"1","artifactTypeName":"Overview","artifactType":"assetartifact_executivesummary","displayName":"Overview","format":"text","typeId":"1","_id":"artifacttype_9edbd406-69fb-3a95-8b2e-58a0974b2710","child":[],"hasContent":true},{"globalTOCPosition":"2","displayName":"Scope","_id":"artifactgroup_7dc829db-0746-3ddc-816c-d07338d4eebf","child":[{"globalTOCPosition":"2.1","artifactTypeName":"Business Challenge","artifactType":"assetartifact_businesschallenge","displayName":"Business Challenge","format":"text","typeId":"2.1","_id":"artifacttype_d1ab4a95-e05f-3882-9f19-6500fc0d3b2b","hasContent":false},{"globalTOCPosition":"2.2","artifactTypeName":"System Context","artifactType":"assetartifact_systemcontext","displayName":"System Context","format":"diagram","typeId":"2.2","_id":"artifacttype_8ca70362-e3d1-3b9c-91d1-f755d029a2e3","hasContent":false}]},{"globalTOCPosition":"3","displayName":"Requirement","_id":"artifactgroup_3b8700e6-c854-3ec9-af0e-9b2e600721ce","child":[{"globalTOCPosition":"3.1","parentGroup":"artifactgroup_3b8700e6-c854-3ec9-af0e-9b2e600721ce","_id":"artifactgroup_6e299154-751f-36ee-acb2-145c8af87481","displayName":"Use Case Model","child":[{"globalTOCPosition":"3.1.1","artifactTypeName":"Use Case Diagram","artifactType":"assetartifact_usecase_ucdiagram","displayName":"Use Case Diagram","format":"diagram","typeId":"3.1.1","_id":"artifacttype_cde39d5e-c892-3093-ab3d-bad448acb8a0","hasContent":true},{"globalTOCPosition":"3.1.2","artifactTypeName":"Use Case","artifactType":"assetartifact_usecase_uctext","displayName":"Use Case","format":"text","typeId":"3.1.2","_id":"artifacttype_dde4b71c-82db-3f66-964a-3a04fbf56dff","hasContent":true}]},{"globalTOCPosition":"3.2","artifactTypeName":"Functional Requirements","artifactType":"assetartifact_functionalrequirement","displayName":"Functional Requirements","format":"text","typeId":"3.2","_id":"artifacttype_12eefe0a-435b-3176-8bbe-4dc928a2e4c3","hasContent":false},{"artifactTypeName":"Non Functional Requirements","globalTOCPosition":"3.3","artifactType":"assetartifact_nonfunctionalrequirement","displayName":"Non Functional Requirements","format":"text","typeId":"3.3","_id":"artifacttype_f0eebd79-15c9-3ebc-a73b-8efc3f634f59","hasContent":false}]},{"globalTOCPosition":"4","displayName":"Data Model","_id":"artifactgroup_40044cbe-6c76-33a1-b9e0-eab8937d30ca","child":[{"globalTOCPosition":"4.1","artifactTypeName":"Logical Data Model","artifactType":"assetartifact_logical_datamodel","displayName":"Logical Data Model","format":"diagram","typeId":"4.1","_id":"artifacttype_246bc46f-0286-3ad4-bf01-679592db59c7","hasContent":false}]},{"globalTOCPosition":"5","displayName":"Architecture","_id":"artifactgroup_074a2b74-43d8-315a-b88b-c0b421754f02","child":[{"globalTOCPosition":"5.1","parentGroup":"artifactgroup_074a2b74-43d8-315a-b88b-c0b421754f02","_id":"artifactgroup_771e7b65-3b46-390d-bc41-3c88cfaf13ef","displayName":"Architecture Overview","child":[{"globalTOCPosition":"5.1.1","artifactTypeName":"Services View","artifactType":"assetartifact_architectureoverview_aodservice","displayName":"Services View","format":"diagram","typeId":"5.1.1","_id":"artifacttype_2c548a13-6bd9-3edc-a496-0318af82f0d1","hasContent":true},{"globalTOCPosition":"5.1.2","artifactTypeName":"Enterprise View","artifactType":"assetartifact_architectureoverview_enterprise","displayName":"Enterprise View","format":"diagram","typeId":"5.1.2","_id":"artifacttype_16bfe592-ae95-371c-9f64-3a881b667707","hasContent":false},{"globalTOCPosition":"5.1.3","artifactTypeName":"IT System View","artifactType":"assetartifact_architectureoverview_itsystem","displayName":"IT System View","format":"diagram","typeId":"5.1.3","_id":"artifacttype_355f72be-6566-3f48-8b15-c30f671d7c8f","hasContent":false},{"globalTOCPosition":"5.1.4","artifactTypeName":"Usage Scenario","artifactType":"assetartifact_architectureoverview_usagescenario","displayName":"Usage Scenario","format":"diagram","typeId":"5.1.4","_id":"artifacttype_d118451c-0816-3aa5-8b89-3119feb4168a","hasContent":false}]},{"globalTOCPosition":"5.2","artifactTypeName":"Architectural Decisions","artifactType":"assetartifact_architecturedecision","displayName":"Architectural Decisions","format":"text","typeId":"5.2","_id":"artifacttype_fddae3fa-aafa-32af-94a4-bc3e1ed255cc","parentGroup":"artifactgroup_074a2b74-43d8-315a-b88b-c0b421754f02","child":[],"hasContent":false},{"globalTOCPosition":"5.3","parentGroup":"artifactgroup_074a2b74-43d8-315a-b88b-c0b421754f02","_id":"artifactgroup_c848fca1-3956-3bb4-8c88-8815b99e00fc","displayName":"Component Model","child":[{"globalTOCPosition":"5.3.1","artifactTypeName":"Static View","artifactType":"assetartifact_componentmodel_staticview","displayName":"Static View","format":"diagram","typeId":"5.3.1","_id":"artifacttype_4a44b8fa-5057-3826-84d7-169a6fc1f2ed","hasContent":false},{"globalTOCPosition":"5.3.2","artifactTypeName":"Sequence View","artifactType":"assetartifact_componentmodel_dynamicview","displayName":"Sequence View","format":"diagram","typeId":"5.3.2","_id":"artifacttype_6e1239a1-6a68-3dae-ae87-b05ecf80d25b","hasContent":false},{"globalTOCPosition":"5.3.3","artifactTypeName":"Collaboration View","artifactType":"assetartifact_componentmodel_collaborationdiagram","displayName":"Collaboration View","format":"diagram","typeId":"5.3.3","_id":"artifacttype_217cdbd4-c76f-3355-a3b1-443b0a0d2651","hasContent":false}]},{"globalTOCPosition":"5.4","parentGroup":"artifactgroup_074a2b74-43d8-315a-b88b-c0b421754f02","_id":"artifactgroup_aef1c0cc-540d-31c6-8817-ac2b282f37d3","displayName":"Operational Model","child":[{"globalTOCPosition":"5.4.1","artifactTypeName":"Logical Operational View","artifactType":"assetartifact_operationalmodel_logicaloperational","displayName":"Logical Operational View","format":"diagram","typeId":"5.4.1","_id":"artifacttype_5ca43d50-d7da-322f-a1b0-f65b0c12b2c8","hasContent":false},{"globalTOCPosition":"5.4.2","artifactTypeName":"Prescribed Operational Model","artifactType":"assetartifact_operationalmodel_physicaloperational","displayName":"Prescribed Operational Model","format":"diagram","typeId":"5.4.2","_id":"artifacttype_7503dbb1-18f7-36ac-ad12-98d977ef3d0d","hasContent":false}]}]},{"globalTOCPosition":"6","displayName":"RAID","_id":"artifactgroup_7cddcb3d-c508-3828-8893-128dc3d6c8b7","child":[{"globalTOCPosition":"6.1","artifactTypeName":"Risks","artifactType":"assetartifact_risk","displayName":"Risks","format":"text","typeId":"6.1","_id":"artifacttype_94622837-e58f-34c3-9263-8260b69601c8","hasContent":false},{"globalTOCPosition":"6.2","artifactTypeName":"Assumptions","artifactType":"assetartifact_assumption","displayName":"Assumptions","format":"text","typeId":"6.2","_id":"artifacttype_2142b656-62ba-304d-95d4-77b1b144e5e1","hasContent":false},{"globalTOCPosition":"6.3","artifactTypeName":"Issues","artifactType":"assetartifact_issue","displayName":"Issues","format":"text","typeId":"6.3","_id":"artifacttype_f4d01807-f847-3ccd-87a2-32877074295e","hasContent":false},{"globalTOCPosition":"6.4","artifactTypeName":"Dependencies","artifactType":"assetartifact_dependency","displayName":"Dependencies","format":"text","typeId":"6.4","_id":"artifacttype_9c5463b3-5c9e-3790-86cb-9b8866cc062a","hasContent":false}]},{"globalTOCPosition":"7","artifactTypeName":"Architectural Principles","artifactType":"assetartifact_architecture_principles","displayName":"Architectural Principles","format":"text","typeId":"7","_id":"artifacttype_92ccfc5d-c31a-349d-97c0-6d75c8841a8a","child":[],"hasContent":false},{"globalTOCPosition":"8","artifactTypeName":"Misc Diagram","artifactType":"assetartifact_miscdiagram","displayName":"Misc Diagram","format":"diagram","typeId":"9","_id":"artifacttype_02226b19-474e-37a6-ab39-d9bb31767fb5","child":[],"hasContent":true},{"globalTOCPosition":"9","artifactTypeName":"Notes","artifactType":"assetartifact_notes","displayName":"Notes","format":"text","typeId":"8","_id":"artifacttype_23219eb8-b210-3e5a-8621-9881bee93055","child":[],"hasContent":true}],"toc_cards":{"aodServices":{"artifacttype_2c548a13-6bd9-3edc-a496-0318af82f0d1":[{"additionalInfo":{},"_id":"aodservices_BJe9ONLcWF_rJKkGrOmY","name":"m-re","description":"","lastModifiedInfo":{"userId":"gbbguoxa@cn.ibm.com","date":"2021-09-22T05:40:49Z"}}]},"useCaseViews":{"artifacttype_cde39d5e-c892-3093-ab3d-bad448acb8a0":[{"additionalInfo":{},"_id":"usecasediagram_2ZyxZx4gRke_rJKkGrOmY","name":"ucd","description":"","lastModifiedInfo":{"userId":"gbbguoxa@cn.ibm.com","date":"2021-09-22T05:40:49Z"}}]},"notes":{"artifacttype_23219eb8-b210-3e5a-8621-9881bee93055":[]},"miscDiagram":{"artifacttype_02226b19-474e-37a6-ab39-d9bb31767fb5":[]},"usecasetext":{"artifacttype_dde4b71c-82db-3f66-964a-3a04fbf56dff":["usecasetext_rymt1zrOQF"]},"executivesummary":{"artifacttype_9edbd406-69fb-3a95-8b2e-58a0974b2710":["executivesummary_tINcEx3wU_rJKkGrOmY"]},"businesschallenge":{"artifacttype_d1ab4a95-e05f-3882-9f19-6500fc0d3b2b":[]},"systemContext":{"artifacttype_8ca70362-e3d1-3b9c-91d1-f755d029a2e3":[]},"functionalrequirement":{"artifacttype_12eefe0a-435b-3176-8bbe-4dc928a2e4c3":[]},"nonfunctionalrequirement":{"artifacttype_f0eebd79-15c9-3ebc-a73b-8efc3f634f59":[]},"logicalERD":{"artifacttype_246bc46f-0286-3ad4-bf01-679592db59c7":[]},"aodEnterprises":{"artifacttype_16bfe592-ae95-371c-9f64-3a881b667707":[]},"aodITSystems":{"artifacttype_355f72be-6566-3f48-8b15-c30f671d7c8f":[]},"aodUsageScenarios":{"artifacttype_d118451c-0816-3aa5-8b89-3119feb4168a":[]},"architecturaldecision":{"artifacttype_fddae3fa-aafa-32af-94a4-bc3e1ed255cc":[]},"cmStaticViews":{"artifacttype_4a44b8fa-5057-3826-84d7-169a6fc1f2ed":[]},"cmDynamicViews":{"artifacttype_6e1239a1-6a68-3dae-ae87-b05ecf80d25b":[]},"cmCollaboration":{"artifacttype_217cdbd4-c76f-3355-a3b1-443b0a0d2651":[]},"lomViews":{"artifacttype_5ca43d50-d7da-322f-a1b0-f65b0c12b2c8":[]},"lomPhysicalViews":{"artifacttype_7503dbb1-18f7-36ac-ad12-98d977ef3d0d":[]},"risk":{"artifacttype_94622837-e58f-34c3-9263-8260b69601c8":[]},"assumption":{"artifacttype_2142b656-62ba-304d-95d4-77b1b144e5e1":[]},"issue":{"artifacttype_f4d01807-f847-3ccd-87a2-32877074295e":[]},"dependency":{"artifacttype_9c5463b3-5c9e-3790-86cb-9b8866cc062a":[]},"architectureprinciple":{"artifacttype_92ccfc5d-c31a-349d-97c0-6d75c8841a8a":[]}},"combined":{"coreInfo":[{"modelType":"Actor","Icon-Name":"default","description":"","_id":"actor_2ZyysoW0Paz_rJKkGrOmY","type":"IT System","label":"Actor"},{"modelType":"GenericGroup","description":"Either the security controls have not been specified or cannot be controlled.","_id":"genericgroup_SkmZFD3fK","category":"Security-Zone","type":"Pre-Defined","label":"none"},{"modelType":"GenericGroup","description":"Trusted security zone, all traffic and access is by known and trusted parties.","_id":"genericgroup_SyxX-Yv3fK","type":"Pre-Defined","category":"Security-Zone","label":"trusted"},{"modelType":"GenericGroup","description":"Direct access to un-trusted network, no sensitive data. Controlled access to trusted zone.","_id":"genericgroup_H1-QbYw2ft","category":"Security-Zone","type":"Pre-Defined","label":"dmz"},{"modelType":"GenericGroup","description":"Untrusted traffic, often public networks.","_id":"genericgroup_BJM7-YvnGt","type":"Pre-Defined","category":"Security-Zone","label":"un-trusted"},{"modelType":"GenericGroup","description":"Unmanaged entity.","_id":"genericgroup_r17XZtwnzt","category":"Management-Zone","type":"Pre-Defined","label":"none"},{"modelType":"GenericGroup","description":"Fully managed.","_id":"genericgroup_r1EQZYv3fY","category":"Management-Zone","type":"Pre-Defined","label":"full"},{"modelType":"GenericGroup","description":"Partially managed.","_id":"genericgroup_BkHXWKPnzK","category":"Management-Zone","type":"Pre-Defined","label":"limited"},{"modelType":"GenericGroup","description":"No direct management.","_id":"genericgroup_B1Um-FPhfK","category":"Management-Zone","type":"Pre-Defined","label":"no direct"},{"modelType":"GenericGroup","description":"High availability replica actively handling workload.","_id":"genericgroup_Skw7bYvhzt","category":"HA-Mode","type":"Pre-Defined","label":"active"},{"modelType":"GenericGroup","description":"High availability replica not handling active workload.","_id":"genericgroup_BJuQ-FvhfK","category":"HA-Mode","type":"Pre-Defined","label":"passive"},{"modelType":"GenericGroup","description":"Element unchanged in this phase or release.","_id":"genericgroup_SytmWtPhzF","category":"Transition-Elements","type":"Pre-Defined","label":"unchanged"},{"modelType":"GenericGroup","description":"Element is modified or updated in this phase or release.","_id":"genericgroup_BkcmbFP3MY","category":"Transition-Elements","type":"Pre-Defined","label":"updated"},{"modelType":"GenericGroup","description":"Element being removed in this phase or release.","_id":"genericgroup_Hkj7btD2ft","category":"Transition-Elements","type":"Pre-Defined","label":"removed"},{"modelType":"GenericGroup","description":"Element being added in this phase or release.","_id":"genericgroup_SJ2XZtwnGY","category":"Transition-Elements","type":"Pre-Defined","label":"added"},{"modelType":"GenericGroup","description":"Element is being planned for some future phase or release.","_id":"genericgroup_r1p7ZtD2MK","category":"Transition-Elements","type":"Pre-Defined","label":"planned"},{"modelType":"Actor","description":"","_id":"actor_2Zyy1EkGitY_rJKkGrOmY","type":"Human","label":"Human (Original)"},{"modelType":"UseCase","Icon-Name":"default","description":"","_id":"usecase_2Zyy1lWLTq5_rJKkGrOmY","label":"Use Case","uc_id":"Use Case"}]},"diagram":{"instances":{"aodservices_BJe9ONLcWF_rJKkGrOmY":{"uiInfo":"<mxGraphModel dx=\"995\" dy=\"568\" grid=\"1\" gridSize=\"8\" guides=\"1\" tooltips=\"1\" connect=\"1\" arrows=\"1\" fold=\"1\" page=\"1\" pageScale=\"1\" pageWidth=\"1169\" pageHeight=\"827\" background=\"#ffffff\"><root><mxCell id=\"0\" modelId=\"aodservices_BJe9ONLcWF_rJKkGrOmY\"></mxCell><mxCell id=\"1\" parent=\"0\"></mxCell><UserObject placeholders=\"1\" label=\"Prescribed Group (Container)\" Icon-Name=\"default\" id=\"aodservices_BJe9ONLcWF_32ZyEnHz0N2l\"><mxCell style=\"shape=mxgraph.ibm2mondrian.base;shapeType=pg;shapeLayout=expanded;colorFamily=blue;colorBackground=noColor:noColor;html=1;whiteSpace=wrap;metaEdit=1;strokeWidth=1;collapsible=0;recursiveResize=0;expand=0;fontFamily=IBM Plex Sans;fontColor=#000000;fontSize=14;image=;verticalAlign=middle;align=left;spacing=0;spacingLeft=12;spacingRight=16;spacingTop=0;spacingBottom=0;container=1\" parent=\"1\" vertex=\"1\"><mxGeometry x=\"208\" y=\"328\" width=\"240\" height=\"152\" as=\"geometry\"></mxGeometry></mxCell></UserObject><mxCell id=\"aodservices_BJe9ONLcWF_42ZyEnHzASaZ\" style=\"shape=mxgraph.ibm2mondrian.base;shapeType=actor;shapeLayout=collapsed;colorFamily=blue;colorBackground=noColor:noColor;html=1;whiteSpace=wrap;metaEdit=1;strokeWidth=1;collapsible=0;recursiveResize=0;expand=0;fontFamily=IBM Plex Sans;fontColor=#000000;fontSize=14;image=;verticalAlign=top;align=center;spacing=0;spacingLeft=0;spacingRight=0;spacingTop=0;spacingBottom=0;verticalLabelPosition=bottom;labelPosition=center;positionText=bottom;container=0\" vertex=\"1\" modelId=\"actor_2ZyysoW0Paz_rJKkGrOmY\" parent=\"1\"><mxGeometry x=\"560\" y=\"112\" width=\"48\" height=\"48\" as=\"geometry\"></mxGeometry></mxCell><UserObject placeholders=\"1\" label=\"Logical Node\" Icon-Name=\"default\" id=\"aodservices_BJe9ONLcWF_52ZyEnHzBlDP\"><mxCell style=\"shape=mxgraph.ibm2mondrian.base;shapeType=ln;shapeLayout=collapsed;colorFamily=blue;colorBackground=noColor:noColor;html=1;whiteSpace=wrap;metaEdit=1;strokeWidth=1;collapsible=0;recursiveResize=0;expand=0;fontFamily=IBM Plex Sans;fontColor=#000000;fontSize=14;image=;verticalAlign=top;align=center;spacing=0;spacingLeft=0;spacingRight=0;spacingTop=0;spacingBottom=0;verticalLabelPosition=bottom;labelPosition=center;positionText=bottom;container=0\" parent=\"1\" vertex=\"1\"><mxGeometry x=\"768\" y=\"96\" width=\"48\" height=\"48\" as=\"geometry\"></mxGeometry></mxCell></UserObject><UserObject placeholders=\"1\" label=\"Logical Component\" Icon-Name=\"default\" id=\"aodservices_BJe9ONLcWF_62ZyEnHzwp6K\"><mxCell style=\"shape=mxgraph.ibm2mondrian.base;shapeType=lc;shapeLayout=expanded;colorFamily=blue;colorBackground=noColor:noColor;html=1;whiteSpace=wrap;metaEdit=1;strokeWidth=1;collapsible=0;recursiveResize=0;expand=0;fontFamily=IBM Plex Sans;fontColor=#000000;fontSize=14;image=;verticalAlign=middle;align=left;spacing=0;spacingLeft=12;spacingRight=16;spacingTop=0;spacingBottom=0;container=1\" parent=\"1\" vertex=\"1\"><mxGeometry x=\"592\" y=\"320\" width=\"240\" height=\"48\" as=\"geometry\"></mxGeometry></mxCell></UserObject></root></mxGraphModel>","coreInfo":[{"modelType":"AODServices","lastModifiedUserId":"gbbguoxa@cn.ibm.com","description":"","lastModified":"2021-09-22T05:40:49Z","_id":"aodservices_BJe9ONLcWF_rJKkGrOmY","label":"m-re"}]},"usecasediagram_2ZyxZx4gRke_rJKkGrOmY":{"uiInfo":"<mxGraphModel dx=\"995\" dy=\"511\" grid=\"1\" gridSize=\"8\" guides=\"1\" tooltips=\"1\" connect=\"1\" arrows=\"1\" fold=\"1\" page=\"1\" pageScale=\"1\" pageWidth=\"1169\" pageHeight=\"827\" background=\"#ffffff\"><root><mxCell id=\"0\" modelId=\"usecasediagram_2ZyxZx4gRke_rJKkGrOmY\"></mxCell><mxCell id=\"1\" parent=\"0\"></mxCell><mxCell id=\"usecasediagram_2ZyxZx4gRke_22ZyFreNwHhF\" style=\"shape=mxgraph.ibm2mondrian.base;shapeType=ts;shapeLayout=collapsed;colorFamily=blue;html=1;whiteSpace=wrap;fontFamily=IBM Plex Sans;fontColor=#000000;fontSize=14;verticalAlign=top;align=center;spacing=0;spacingLeft=0;spacingRight=0;spacingTop=0;spacingBottom=0;verticalLabelPosition=bottom;labelPosition=center;positionText=bottom;metaEdit=1;strokeWidth=1;container=0;collapsible=0;recursiveResize=0;expand=0;image=;iconImage=noIcon;\" vertex=\"1\" modelId=\"usecase_2Zyy1lWLTq5_rJKkGrOmY\" parent=\"1\"><mxGeometry x=\"168\" y=\"72\" width=\"64\" height=\"48\" as=\"geometry\"></mxGeometry></mxCell><mxCell id=\"usecasediagram_2ZyxZx4gRke_32ZyFreNKgUj\" style=\"shape=umlActor;html=1;verticalLabelPosition=bottom;verticalAlign=top;\" vertex=\"1\" modelId=\"actor_2Zyy1EkGitY_rJKkGrOmY\" parent=\"1\"><mxGeometry x=\"304\" y=\"224\" width=\"35\" height=\"70\" as=\"geometry\"></mxGeometry></mxCell></root></mxGraphModel>","coreInfo":[{"modelType":"UseCaseDiagram","lastModifiedUserId":"gbbguoxa@cn.ibm.com","description":"","lastModified":"2021-09-22T05:40:49Z","_id":"usecasediagram_2ZyxZx4gRke_rJKkGrOmY","label":"ucd"}]}}},"textual":{"instances":{"usecasetext_rymt1zrOQF":{"coreInfo":[{"modelType":"UseCaseText","lastModifiedUserId":"gbbguoxa@cn.ibm.com","description":"","lastModified":"2021-09-22T05:40:49Z","_id":"usecasetext_rymt1zrOQF","label":"use case_SkNYJGBOmF","children":"usecase_2Zyy1lWLTq5_rJKkGrOmY"}]},"executivesummary_tINcEx3wU_rJKkGrOmY":{"coreInfo":[{"modelType":"ExecutiveSummary","lastModifiedUserId":"gbbguoxa@cn.ibm.com","description":"fdsavfew<img style=\"height:100px;\" src=\"/api/FileManagerAPIs/containers/cafiles/files/file_7278c2e754486ce0.png\">","lastModified":"2021-09-22T05:40:48Z","_id":"executivesummary_tINcEx3wU_rJKkGrOmY","label":""}]}}},"solution_advisors":{},"auditLog":{"_id":"architectureauditentry_8o9AVzNXr","archId":"arch_ByxFyMSOmF","archChangeLog":[{"_id":"architecturechangelog_Rz4uqqlsA","date":"2021-09-22T06:13:40.871Z","type":"DOWNLOAD","user":{"fullname":"gbbguoxa@cn.ibm.com","email":"gbbguoxa@cn.ibm.com"},"appVersion":"3.4.7","dataVersion":"1.4"},{"_id":"architecturechangelog_HDI-5Uv1HV","date":"2021-09-22T05:40:49.779Z","type":"CREATE","user":{"fullname":"gbbguoxa@cn.ibm.com","email":"gbbguoxa@cn.ibm.com"},"option":"CREATE_FROM_OFFLINE"}]}}