{"toc":[{"globalTOCPosition":"1","artifactTypeName":"Overview","format":"text","artifactType":"assetartifact_executivesummary","_id":"artifacttype_9edbd406-69fb-3a95-8b2e-58a0974b2710","displayName":"Overview","child":[],"hasContent":true},{"globalTOCPosition":"2","parentGroup":"","_id":"artifactgroup_7dc829db-0746-3ddc-816c-d07338d4eebf","displayName":"Scope","child":[{"globalTOCPosition":"2.1","artifactTypeName":"Business Challenge","format":"text","artifactType":"assetartifact_businesschallenge","_id":"artifacttype_d1ab4a95-e05f-3882-9f19-6500fc0d3b2b","displayName":"Business Challenge","hasContent":true},{"globalTOCPosition":"2.2","artifactTypeName":"System Context","format":"diagram","artifactType":"assetartifact_systemcontext","_id":"artifacttype_8ca70362-e3d1-3b9c-91d1-f755d029a2e3","displayName":"System Context","hasContent":true}]},{"globalTOCPosition":"3","parentGroup":"","_id":"artifactgroup_3b8700e6-c854-3ec9-af0e-9b2e600721ce","displayName":"Requirement","child":[{"globalTOCPosition":"3.1","parentGroup":"artifactgroup_3b8700e6-c854-3ec9-af0e-9b2e600721ce","_id":"artifactgroup_6e299154-751f-36ee-acb2-145c8af87481","displayName":"Use Case Model","child":[{"artifactTypeName":"Use Case Diagram","globalTOCPosition":"3.1.1","format":"diagram","artifactType":"assetartifact_usecase_ucdiagram","_id":"artifacttype_cde39d5e-c892-3093-ab3d-bad448acb8a0","displayName":"Use Case Diagram","hasContent":true},{"globalTOCPosition":"3.1.2","artifactTypeName":"Use Case","format":"text","artifactType":"assetartifact_usecase_uctext","_id":"artifacttype_dde4b71c-82db-3f66-964a-3a04fbf56dff","displayName":"Use Case","hasContent":true}]},{"globalTOCPosition":"3.2","artifactTypeName":"Functional Requirements","format":"text","artifactType":"assetartifact_functionalrequirement","_id":"artifacttype_12eefe0a-435b-3176-8bbe-4dc928a2e4c3","displayName":"Functional Requirements","hasContent":true},{"artifactTypeName":"Non Functional Requirements","globalTOCPosition":"3.3","format":"text","artifactType":"assetartifact_nonfunctionalrequirement","_id":"artifacttype_f0eebd79-15c9-3ebc-a73b-8efc3f634f59","displayName":"Non Functional Requirements","hasContent":true}]},{"globalTOCPosition":"4","parentGroup":"","_id":"artifactgroup_40044cbe-6c76-33a1-b9e0-eab8937d30ca","displayName":"Data Model","child":[{"artifactTypeName":"Logical Data Model","globalTOCPosition":"4.1","format":"diagram","artifactType":"assetartifact_logical_datamodel","_id":"artifacttype_246bc46f-0286-3ad4-bf01-679592db59c7","displayName":"Logical Data Model","hasContent":true}]},{"globalTOCPosition":"5","parentGroup":"","_id":"artifactgroup_074a2b74-43d8-315a-b88b-c0b421754f02","displayName":"Architecture","child":[{"globalTOCPosition":"5.1","parentGroup":"artifactgroup_074a2b74-43d8-315a-b88b-c0b421754f02","_id":"artifactgroup_771e7b65-3b46-390d-bc41-3c88cfaf13ef","displayName":"Architecture Overview","child":[{"artifactTypeName":"Services View","globalTOCPosition":"5.1.1","format":"diagram","artifactType":"assetartifact_architectureoverview_aodservice","_id":"artifacttype_2c548a13-6bd9-3edc-a496-0318af82f0d1","displayName":"Services View","hasContent":true},{"artifactTypeName":"Enterprise View","globalTOCPosition":"5.1.2","format":"diagram","artifactType":"assetartifact_architectureoverview_enterprise","_id":"artifacttype_16bfe592-ae95-371c-9f64-3a881b667707","displayName":"Enterprise View","hasContent":true},{"globalTOCPosition":"5.1.3","artifactTypeName":"IT System View","format":"diagram","artifactType":"assetartifact_architectureoverview_itsystem","_id":"artifacttype_355f72be-6566-3f48-8b15-c30f671d7c8f","displayName":"IT System View","hasContent":true},{"artifactTypeName":"Usage Scenario","globalTOCPosition":"5.1.4","format":"diagram","artifactType":"assetartifact_architectureoverview_usagescenario","_id":"artifacttype_d118451c-0816-3aa5-8b89-3119feb4168a","displayName":"Usage Scenario","hasContent":true}]},{"globalTOCPosition":"5.2","artifactTypeName":"Architectural Decisions","format":"text","artifactType":"assetartifact_architecturedecision","_id":"artifacttype_fddae3fa-aafa-32af-94a4-bc3e1ed255cc","displayName":"Architectural Decisions","parentGroup":"artifactgroup_074a2b74-43d8-315a-b88b-c0b421754f02","child":[],"hasContent":true},{"globalTOCPosition":"5.3","parentGroup":"artifactgroup_074a2b74-43d8-315a-b88b-c0b421754f02","_id":"artifactgroup_c848fca1-3956-3bb4-8c88-8815b99e00fc","displayName":"Component Model","child":[{"globalTOCPosition":"5.3.1","artifactTypeName":"Static View","format":"diagram","artifactType":"assetartifact_componentmodel_staticview","_id":"artifacttype_4a44b8fa-5057-3826-84d7-169a6fc1f2ed","displayName":"Static View","hasContent":true},{"globalTOCPosition":"5.3.2","artifactTypeName":"Dynamic View","format":"diagram","artifactType":"assetartifact_componentmodel_dynamicview","_id":"artifacttype_6e1239a1-6a68-3dae-ae87-b05ecf80d25b","displayName":"Dynamic View","hasContent":true}]},{"globalTOCPosition":"5.4","parentGroup":"artifactgroup_074a2b74-43d8-315a-b88b-c0b421754f02","_id":"artifactgroup_aef1c0cc-540d-31c6-8817-ac2b282f37d3","displayName":"Operational Model","child":[{"artifactTypeName":"Logical Operational View","globalTOCPosition":"5.4.1","format":"diagram","artifactType":"assetartifact_operationalmodel_logicaloperational","_id":"artifacttype_5ca43d50-d7da-322f-a1b0-f65b0c12b2c8","displayName":"Logical Operational View","hasContent":true},{"artifactTypeName":"Physical Operational View","globalTOCPosition":"5.4.2","format":"diagram","artifactType":"assetartifact_operationalmodel_physicaloperational","_id":"artifacttype_7503dbb1-18f7-36ac-ad12-98d977ef3d0d","displayName":"Physical Operational View","hasContent":false}]}]},{"globalTOCPosition":"6","parentGroup":"","_id":"artifactgroup_7cddcb3d-c508-3828-8893-128dc3d6c8b7","displayName":"RAID","child":[{"globalTOCPosition":"6.1","artifactTypeName":"Risks","format":"text","artifactType":"assetartifact_risk","_id":"artifacttype_94622837-e58f-34c3-9263-8260b69601c8","displayName":"Risks","hasContent":true},{"globalTOCPosition":"6.2","artifactTypeName":"Assumptions","format":"text","artifactType":"assetartifact_assumption","_id":"artifacttype_2142b656-62ba-304d-95d4-77b1b144e5e1","displayName":"Assumptions","hasContent":true},{"globalTOCPosition":"6.3","artifactTypeName":"Issues","format":"text","artifactType":"assetartifact_issue","_id":"artifacttype_f4d01807-f847-3ccd-87a2-32877074295e","displayName":"Issues","hasContent":true},{"globalTOCPosition":"6.4","artifactTypeName":"Dependencies","format":"text","artifactType":"assetartifact_dependency","_id":"artifacttype_9c5463b3-5c9e-3790-86cb-9b8866cc062a","displayName":"Dependencies","hasContent":true}]},{"globalTOCPosition":"7","artifactTypeName":"Architectural Principles","format":"text","artifactType":"assetartifact_architecture_principles","_id":"artifacttype_92ccfc5d-c31a-349d-97c0-6d75c8841a8a","displayName":"Architectural Principles","child":[],"hasContent":true},{"globalTOCPosition":"8","artifactTypeName":"Notes","format":"text","artifactType":"assetartifact_notes","_id":"artifacttype_02226b19-474e-37a6-ab39-d9bb31767fb5","displayName":"Notes","child":[],"hasContent":true}],"toc_cards":{"lomViews":{"artifacttype_5ca43d50-d7da-322f-a1b0-f65b0c12b2c8":[{"additionalInfo":{},"_id":"lomview_2lxJzUzFr7B","name":"lon","description":"","lastModifiedInfo":{"userId":"xierulei@cn.ibm.com","date":"2020-07-02T06:17:33Z"}}]},"aodITSystems":{"artifacttype_355f72be-6566-3f48-8b15-c30f671d7c8f":[{"additionalInfo":{},"_id":"aoditsystem_2lxH5cgW9Rg","name":"dd","description":"","lastModifiedInfo":{"userId":"xierulei@cn.ibm.com","date":"2020-07-02T06:12:43Z"}}]},"nonfunctionalrequirement":{"artifacttype_f0eebd79-15c9-3ebc-a73b-8efc3f634f59":["nonfunctionalrequirement_SygvN_xoA8","nonfunctionalrequirement_H19gPI4xo08","nonfunctionalrequirement_HyolvLElsCI","nonfunctionalrequirement_ByhewLEgj0L","nonfunctionalrequirement_B1aevLEgoAI","nonfunctionalrequirement_BkAgPL4go0U","nonfunctionalrequirement_BkJZwI4goCU","nonfunctionalrequirement_BJxbDINxsRI","nonfunctionalrequirement_SJ-bPIVeiRU","nonfunctionalrequirement_r1zWwIVxiCI"]},"aodUsageScenarios":{"artifacttype_d118451c-0816-3aa5-8b89-3119feb4168a":[{"additionalInfo":{"refType":"AODEnterprise","refName":"e"},"_id":"aodusagescenario_2lxIFWRIZhG","name":"uu","description":"","lastModifiedInfo":{"userId":"xierulei@cn.ibm.com","date":"2020-07-02T06:13:44Z"}},{"additionalInfo":{"refType":"AODServices","refName":"k"},"_id":"aodusagescenario_2lxIBvB2uk2","name":"ys","description":"","lastModifiedInfo":{"userId":"xierulei@cn.ibm.com","date":"2020-07-02T06:12:53Z"}}]},"notes":{"artifacttype_02226b19-474e-37a6-ab39-d9bb31767fb5":["notes_ryezMhgjAL"]},"aodServices":{"artifacttype_2c548a13-6bd9-3edc-a496-0318af82f0d1":[{"additionalInfo":{},"_id":"aodservices_2lxGFdKQZYk","name":"k","description":"","lastModifiedInfo":{"userId":"xierulei@cn.ibm.com","date":"2020-07-02T06:06:05Z"}}]},"architectureprinciple":{"artifacttype_92ccfc5d-c31a-349d-97c0-6d75c8841a8a":["architectureprinciple_ryMGvUNlsAL","architectureprinciple_ryQfPUNgjCU","architectureprinciple_ByEGw8EljC8"]},"assumption":{"artifacttype_2142b656-62ba-304d-95d4-77b1b144e5e1":["assumption_H1tGDUVxiC8","assumption_H15MwUNlsR8","assumption_ByifvL4go0U","assumption_HJnMPIVxiAU","assumption_BypGv8Ngj08"]},"usecasetext":{"artifacttype_dde4b71c-82db-3f66-964a-3a04fbf56dff":["usecasetext_HkxnQUlsCI","usecasetext_rkds6EgiCU","usecasetext_rJBZPIEls08","usecasetext_SkObPU4eiA8","usecasetext_HksbDIEeiC8","usecasetext_rkjwExiRI","usecasetext_S120BgsA8"]},"aodEnterprises":{"artifacttype_16bfe592-ae95-371c-9f64-3a881b667707":[{"additionalInfo":{},"_id":"aodenterprise_2lxGWaXsEs1","name":"e","description":"","lastModifiedInfo":{"userId":"xierulei@cn.ibm.com","date":"2020-07-02T06:06:41Z"}}]},"risk":{"artifacttype_94622837-e58f-34c3-9263-8260b69601c8":["risk_H1SzDIEgiRI","risk_HyUzvI4gi0I","risk_BkDzwUNgs0L","risk_HyOfv84lj0L"]},"cmDynamicViews":{"artifacttype_6e1239a1-6a68-3dae-ae87-b05ecf80d25b":[{"additionalInfo":{},"_id":"cmdynamicview_2lxJmDm6NAE","name":"dv","description":"","lastModifiedInfo":{"userId":"xierulei@cn.ibm.com","date":"2020-07-02T06:16:36Z"}}]},"systemContext":{"artifacttype_8ca70362-e3d1-3b9c-91d1-f755d029a2e3":[{"additionalInfo":{},"_id":"systemcontext_2lxBaZnQkaM","name":"System Context","description":"","lastModifiedInfo":{"userId":"xierulei@cn.ibm.com","date":"2020-07-02T05:43:59Z"}}]},"issue":{"artifacttype_f4d01807-f847-3ccd-87a2-32877074295e":["issue_Sk0fwU4xoRI","issue_Byk7DINesRL","issue_ByxQD8VxjAL","issue_rkW7DL4gi08"]},"dependency":{"artifacttype_9c5463b3-5c9e-3790-86cb-9b8866cc062a":["dependency_SJfmPIVxoAL","dependency_B1OINliA8","dependency_HkldUVgsAI"]},"architecturaldecision":{"artifacttype_fddae3fa-aafa-32af-94a4-bc3e1ed255cc":["architecturaldecision_S1C-DLNxsCU","architecturaldecision_HJyfPINls0I","architecturaldecision_rJgzvUNgj0L","architecturaldecision_BkZfvUEgs08","architecturaldecision_rJTWDIVesAL"]},"cmStaticViews":{"artifacttype_4a44b8fa-5057-3826-84d7-169a6fc1f2ed":[{"additionalInfo":{},"_id":"cmstaticview_2lxJ9brZjaW","name":"x","description":"","lastModifiedInfo":{"userId":"xierulei@cn.ibm.com","date":"2020-07-02T06:15:43Z"}}]},"businesschallenge":{"artifacttype_d1ab4a95-e05f-3882-9f19-6500fc0d3b2b":["businesschallenge_rJxqg4gsRU"]},"logicalERD":{"artifacttype_246bc46f-0286-3ad4-bf01-679592db59c7":[{"additionalInfo":{},"_id":"logicalerd_2lxGvOc5H0E","name":"drd","description":"","lastModifiedInfo":{"userId":"xierulei@cn.ibm.com","date":"2020-07-02T06:04:56Z"}}]},"executivesummary":{"artifacttype_9edbd406-69fb-3a95-8b2e-58a0974b2710":["executivesummary_SJxXyEgs0I"]},"useCaseViews":{"artifacttype_cde39d5e-c892-3093-ab3d-bad448acb8a0":[{"additionalInfo":{},"_id":"usecasediagram_2lxBntbXVUP","name":"ucd1","description":"","lastModifiedInfo":{"userId":"xierulei@cn.ibm.com","date":"2020-07-02T05:47:53Z"}},{"additionalInfo":{},"_id":"usecasediagram_2lxCldFTLwG","name":"ucd2","description":"","lastModifiedInfo":{"userId":"xierulei@cn.ibm.com","date":"2020-07-02T05:48:29Z"}}]},"functionalrequirement":{"artifacttype_12eefe0a-435b-3176-8bbe-4dc928a2e4c3":["functionalrequirement_H1PgPUVxi0L","functionalrequirement_SJzxOljAI","functionalrequirement_S1_eDU4giAI","functionalrequirement_ryFeP84xoAI"]},"lomPhysicalViews":{"artifacttype_7503dbb1-18f7-36ac-ad12-98d977ef3d0d":[]}},"combined":{"coreInfo":[{"_id":"logicalnode_SyHwLNgiA8","name":"LN 2","description":"Logical Node2 description","cardinality":"12","label":"LN 2","modelType":"LogicalNode"},{"_id":"physicalnode_S1aPU4loR8","name":"PN 3","type":"Physical","cardinality":"33","label":"PN 3","modelType":"PhysicalNode"},{"_id":"omlocation_Byqv8ExoRI","name":"OMLocation 3","cardinality":"33","label":"OMLocation 3","modelType":"OMLocation"},{"_id":"physicalnode_Hy3vIVljRU","name":"PN 2","description":"PN 2 Description:\r\nLine 1\r\nLine 2","type":"Physical","cardinality":"32","label":"PN 2","modelType":"PhysicalNode"},{"_id":"logicalcomponent_rJxDLNxiAU","name":"Lc2","description":"LC Description:\r\nType: Technical","level":"Technical","label":"Lc2","modelType":"LogicalComponent"},{"_id":"physicalcomponent_SJGvUVlsAU","name":"implementation1","description":"implementation1 Description:\r\nDB","url":"http://ppydalmpdb01.sl.bluecloud.ibm.com ","label":"implementation1","modelType":"PhysicalComponent"},{"_id":"omlocation_SyuD8NejRI","name":"OMLocation 1","description":"OMLocation 1 Description: Line 1","cardinality":"1","label":"OMLocation 1","modelType":"OMLocation"},{"_id":"logicalnode_BJPPLVeo0U","name":"LN 4","description":"Logical Node4 description:\r\nline1\r\nline2","cardinality":"14","label":"LN 4","modelType":"LogicalNode"},{"_id":"physicalnode_r1oDLVxsAL","name":"PN 1","description":"PN 1 Description: Line 1","memory":"256","os":"Windows","networkPorts":"8","provision":"Delivered by Cloud","offering":"Hosted","cpu":"4","type":"Physical","cardinality":"31","label":"PN 1","modelType":"PhysicalNode"},{"_id":"omlocation_ryFvIEgjAL","name":"OMLocation 2","description":"OMLocation 2 Description:\r\nLine 1\r\nLine 2","cardinality":"22","label":"OMLocation 2","modelType":"OMLocation"},{"_id":"logicalnode_SyIwIExi0I","name":"LN 3","description":"Logical Node3 description","cardinality":"13","label":"LN 3","modelType":"LogicalNode"},{"_id":"du_SkQxwU4gs0L","name":"du 1","description":"Du Description:\r\nType: Executable","type":"Executable","level":"Application","label":"du 1","modelType":"DU"},{"_id":"du_B1Uxv8VxjAL","name":"Du 4","description":"Du Description:\r\nType: Data\r\nTechnial: Yes","type":"Data","level":"Technical","label":"Du 4","modelType":"DU"},{"modelType":"OMLocation","description":"","_id":"omlocation_2lxJBpkEFFV","cardinality":"1","label":"OMLocation","children":"actor_Hy0DU4gsRU,logicalnode_2lxJAW8FQuN,actor_2lxBbtvW3lW"},{"modelType":"Actor","description":"Actor Description 1: Human","_id":"actor_Hy0DU4gsRU","type":"Human","label":"Actor 1"},{"modelType":"LogicalNode","description":"","_id":"logicalnode_2lxJAW8FQuN","cardinality":"1","label":"Logical Node"},{"modelType":"Actor","description":"","_id":"actor_2lxBbtvW3lW","type":"IT System","label":"IT System"},{"description":"Du Description:\r\nType: Installation\r\nTechnical: Yes","_id":"du_HJVevLNlsRU","type":"Installation","level":"Technical","modelType":"DU","label":"DU 2","children":"logicalcomponent_HyDLNlsRL"},{"description":"Du Description:\r\nType: Presentation","_id":"du_B1HlvLEgs0I","type":"Presentation","level":"Application","modelType":"DU","label":"Du 3","children":"logicalcomponent_HyDLNlsRL"},{"modelType":"LogicalNode","description":"Logical Node1 description","_id":"logicalnode_SkEv8Els0I","cardinality":"11","label":"LN 1"},{"modelType":"LogicalComponent","description":"LC Description:\r\nType: Application","_id":"logicalcomponent_HyDLNlsRL","level":"Application","label":"Lc1","children":"physicalcomponent_SyQwLEgiCI"},{"modelType":"PhysicalComponent","description":"implementation2 Description","_id":"physicalcomponent_SyQwLEgiCI","url":"http://w3.ibm.com","label":"implementation2"},{"modelType":"Actor","description":"","_id":"actor_2lxGIKALqoL","type":"IT System","label":"IT Systemjkj"},{"modelType":"LogicalConnector","description":"","_id":"logicalconnector_2lxH2idgDah","label":""},{"modelType":"LogicalComponent","description":"This was derived from the deployment unit in the IT System View","_id":"logicalcomponent_2lxH2ieSSuD","level":"Application","label":"SYS_LC_1NdaxdbA6un"},{"modelType":"LogicalComponent","description":"This was derived from the deployment unit in the IT System View","_id":"logicalcomponent_2lxH2idKvB5","level":"Application","label":"Copy of SYS_LC_1NdaxdbA6un"},{"modelType":"LogicalConnector","description":"sys-sys asso desc","_id":"logicalconnector_2lxH2iekUun","label":"sys-sys asso"},{"modelType":"Actor","description":"human desc","_id":"actor_2lxH2icheTQ","type":"Human","label":"Human"},{"modelType":"UseCase","description":"","_id":"usecase_2lxBYT8AiLU","label":"<div>uc <br></div><div>line1</div><div>lie2<br></div>","uc_id":"Copy of Use Case_1"},{"modelType":"UseCase","ucPackage":"Use Case Package Name1","failureOutcomes":"Failure Outcomes1","preconditions":"Pre-conditions1","alternativeFlows":"Alternative Flows1","description":" Use Case Name Description1","_id":"usecase_B1NbPUVxjAU","basicFlow":"Basic Flow1","successfulOutcomes":"Successful Outcomes1","label":"Use Case Name 1","uc_id":"Use Case1"},{"modelType":"UseCase","description":"","_id":"usecase_2lxBBKhgJlk","alternativeFlows":"","basicFlow":"","label":"Use Case","uc_id":"Use Case"},{"modelType":"Actor","description":"Actor Description2:\r\nIT System","_id":"actor_rk1gPLNxs0I","type":"IT System","label":"Actor 2"},{"modelType":"Association","description":"","_id":"association_2lxBFexlqgi","type":"","label":"","to":"usecase_2lxBBKhgJlk","from":"actor_rk1gPLNxs0I"},{"modelType":"Association","description":"","_id":"association_2lxBICPWNem","type":"","label":"","to":"usecase_2lxBBKhgJlk","from":"actor_2lxBbtvW3lW"},{"modelType":"UseCase","description":"uc1 desc","_id":"usecase_SJhQLxsRI","label":"Copy of Use Case1_1","uc_id":"Copy of Use Case1_1"},{"modelType":"UseCase","ucPackage":"Use Case Package Name2","failureOutcomes":"Failure Outcomes：\r\nd1\r\nd2","preconditions":"Pre-conditions：\r\nd1\r\nd2","alternativeFlows":"Alternative Flows：\r\nd1\r\nd2","description":" Use Case Name Description：\r\nd1\r\nd2","_id":"usecase_ByPbvLVxjAL","basicFlow":"Basic Flow：\r\nd1\r\nd2","successfulOutcomes":"Successful Outcomes：\r\nd1\r\nd2","label":"Use Case Name 2","uc_id":"Use Case2"},{"modelType":"UseCase","ucPackage":"Use Case Package Name2","_id":"usecase_Hkb3CSlsC8","label":"eeee","uc_id":"eee"},{"modelType":"UseCase","ucPackage":"Use Case Package Name2","_id":"usecase_By9bPIExsA8","label":"Use Case Name 32","uc_id":"Use Case32"},{"modelType":"LogicalComponent","description":"","_id":"logicalcomponent_2lxJtyR5gDj","level":"Application","label":"Logical Component234"},{"modelType":"LogicalComponent","description":"","_id":"logicalcomponent_2lxJiOw8DLB","level":"Application","label":"Logical Component"},{"modelType":"RelationshipConnection","type":"1","_id":"relationshipconnection_2lxGyErDW0P","label":"1","to":"entity_ry-gDINgiCI","from":"relationship_2lxGyElDoJK"},{"modelType":"Entity","description":"Entity2 Desctiption\r\nline1\r\nline 2","_id":"entity_ry-gDINgiCI","label":"Entity 2","children":"attribute_ryGXQVxsCI,attribute_HygQmExjCU"},{"modelType":"Attribute","type":"String","_id":"attribute_ryGXQVxsCI","label":"Entity2 Attri1"},{"modelType":"Attribute","description":"Entity 1 Attri 1 Desctiption\r\nLine 1\r\nLine 2","_id":"attribute_HygQmExjCU","type":"Boolean","label":"Entity 1 Attri 2"},{"modelType":"Relationship","description":"","_id":"relationship_2lxGyElDoJK","label":"Relationship"},{"modelType":"SpecializationConnection","type":"parent","_id":"specializationconnection_2lxGzrDibvu","label":"","from":"specialization_2lxGzrC594y","to":"entity_rkxgwIEgsAU"},{"modelType":"Specialization","description":"","_id":"specialization_2lxGzrC594y","label":"ISA"},{"modelType":"Entity","description":"Entity1 Desctiption","_id":"entity_rkxgwIEgsAU","label":"Entity 1","children":"attribute_r1mQVesCU"},{"modelType":"Attribute","description":"Entity 1 Attri 1 Desctiption","_id":"attribute_r1mQVesCU","type":"Integer","label":"Entity 1 Attri 1"},{"modelType":"SpecializationConnection","type":"child","_id":"specializationconnection_2lxGzrE3VJN","label":"","from":"entity_S1Gxv8ExoC8","to":"specialization_2lxGzrC594y"},{"modelType":"Entity","_id":"entity_S1Gxv8ExoC8","label":"Entity 3","children":"attribute_BJZXQ4xoRU,attribute_SJXQ7ExiRU"},{"modelType":"Attribute","type":"AA","_id":"attribute_BJZXQ4xoRU","label":"Entity 1 Attri 3"},{"modelType":"Attribute","_id":"attribute_SJXQ7ExiRU","label":"Entity3 Attri1"},{"modelType":"RelationshipConnection","type":"1","_id":"relationshipconnection_2lxGyEr7nEU","label":"1","to":"entity_rkxgwIEgsAU","from":"relationship_2lxGyElDoJK"},{"modelType":"Association","description":"","_id":"association_2lxBKnf0aNh","type":"Extend","label":"Extend"}]},"diagram":{"instances":{"lomview_2lxJzUzFr7B":{"uiInfo":"<mxGraphModel dx=\"1344\" dy=\"727\" grid=\"1\" gridSize=\"10\" guides=\"1\" tooltips=\"1\" connect=\"1\" arrows=\"1\" fold=\"1\" page=\"1\" pageScale=\"1\" pageWidth=\"1169\" pageHeight=\"827\" background=\"#ffffff\"><root><mxCell id=\"0\" modelId=\"lomview_2lxJzUzFr7B\"></mxCell><mxCell id=\"1\" parent=\"0\"></mxCell><mxCell id=\"lomview_2lxJzUzFr7B_22lxJKNkK8j4\" style=\"shape=corner;whiteSpace=wrap;html=1;fillColor=none;container=1;align=center;verticalAlign=top;strokeWidth=4;strokeColor=#CCCCCC;dx=450;dy=300;\" vertex=\"1\" modelId=\"omlocation_2lxJBpkEFFV\" parent=\"1\"><mxGeometry x=\"660\" y=\"470\" width=\"450\" height=\"300\" as=\"geometry\"></mxGeometry></mxCell><mxCell id=\"lomview_2lxJzUzFr7B_32lxJKNkX7SX\" style=\"swimlane;html=1;fontStyle=0;childLayout=stackLayout;horizontal=1;startSize=26;horizontalStack=0;resizeParent=1;resizeParentMax=0;resizeLast=0;collapsible=1;marginBottom=0;swimlaneFillColor=#ffffff;\" vertex=\"1\" modelId=\"logicalnode_2lxJAW8FQuN\" parent=\"lomview_2lxJzUzFr7B_22lxJKNkK8j4\"><mxGeometry x=\"130\" y=\"80\" width=\"140\" height=\"110\" as=\"geometry\"></mxGeometry></mxCell><mxCell id=\"lomview_2lxJzUzFr7B_42lxJKNkZNQ9\" style=\"shape=umlActor;html=1;verticalLabelPosition=bottom;verticalAlign=top;\" vertex=\"1\" modelId=\"actor_Hy0DU4gsRU\" parent=\"lomview_2lxJzUzFr7B_22lxJKNkK8j4\"><mxGeometry x=\"50\" y=\"80\" width=\"35\" height=\"70\" as=\"geometry\"></mxGeometry></mxCell><mxCell id=\"lomview_2lxJzUzFr7B_52lxJKNkLAFR\" style=\"shape=process;html=1;whiteSpace=wrap;\" vertex=\"1\" modelId=\"actor_2lxBbtvW3lW\" parent=\"lomview_2lxJzUzFr7B_22lxJKNkK8j4\"><mxGeometry x=\"310\" y=\"200\" width=\"120\" height=\"60\" as=\"geometry\"></mxGeometry></mxCell><mxCell id=\"lomview_2lxJzUzFr7B_62lxJKNkrdFd\" style=\"edgeStyle=orthogonalEdgeStyle;rounded=0;html=1;jettySize=auto;orthogonalLoop=1;noLabel=0;\" edge=\"1\" modelId=\"logicalconnection_2lxJJWiaVvZ\" parent=\"lomview_2lxJzUzFr7B_22lxJKNkK8j4\" source=\"lomview_2lxJzUzFr7B_32lxJKNkX7SX\" target=\"lomview_2lxJzUzFr7B_52lxJKNkLAFR\"><mxGeometry relative=\"1\" as=\"geometry\"></mxGeometry></mxCell></root></mxGraphModel>","coreInfo":[{"modelType":"LOMView","lastModifiedUserId":"xierulei@cn.ibm.com","description":"","lastModified":"2020-07-02T06:17:33Z","_id":"lomview_2lxJzUzFr7B","label":"lon"},{"modelType":"LogicalConnection","description":"","_id":"logicalconnection_2lxJJWiaVvZ","flowType":"not specified","label":"","from":"logicalnode_2lxJAW8FQuN","to":"actor_2lxBbtvW3lW"},{"modelType":"OMLocation","description":"","_id":"omlocation_2lxJBpkEFFV","cardinality":"1","label":"OMLocation","children":"actor_Hy0DU4gsRU,logicalnode_2lxJAW8FQuN,actor_2lxBbtvW3lW"}]},"aoditsystem_2lxH5cgW9Rg":{"uiInfo":"<mxGraphModel dx=\"1344\" dy=\"727\" grid=\"1\" gridSize=\"10\" guides=\"1\" tooltips=\"1\" connect=\"1\" arrows=\"1\" fold=\"1\" page=\"1\" pageScale=\"1\" pageWidth=\"1169\" pageHeight=\"827\" background=\"#ffffff\"><root><mxCell id=\"0\" modelId=\"aoditsystem_2lxH5cgW9Rg\"></mxCell><mxCell id=\"1\" parent=\"0\"></mxCell><mxCell id=\"aoditsystem_2lxH5cgW9Rg_22lxH8KjObO5\" style=\"whiteSpace=wrap;html=1;align=center;verticalAlign=top;strokeWidth=4;strokeColor=#CCCCCC;fillColor=none;\" vertex=\"1\" modelId=\"location_2lxH6EPUXnW\" parent=\"1\"><mxGeometry x=\"450\" y=\"220\" width=\"250\" height=\"200\" as=\"geometry\"></mxGeometry></mxCell><mxCell id=\"aoditsystem_2lxH5cgW9Rg_32lxH8KkJudg\" style=\"shape=image;html=1;verticalLabelPosition=bottom;labelBackgroundColor=#ffffff;verticalAlign=top;imageAspect=0;image=/cogarch/assets/mxgraph/stencils/clipart/others/generic.svg\" vertex=\"1\" modelId=\"logicalnode_SkEv8Els0I\" parent=\"1\"><mxGeometry x=\"571\" y=\"310\" width=\"65\" height=\"65\" as=\"geometry\"></mxGeometry></mxCell></root></mxGraphModel>","coreInfo":[{"modelType":"AODITSystem","lastModifiedUserId":"xierulei@cn.ibm.com","description":"","lastModified":"2020-07-02T06:12:43Z","_id":"aoditsystem_2lxH5cgW9Rg","label":"dd"},{"modelType":"Location","description":"","_id":"location_2lxH6EPUXnW","label":"Location","children":"logicalnode_SkEv8Els0I"}]},"aodusagescenario_2lxIBvB2uk2":{"uiInfo":"<mxGraphModel dx=\"838\" dy=\"661\" grid=\"1\" gridSize=\"10\" guides=\"1\" tooltips=\"1\" connect=\"1\" arrows=\"1\" fold=\"1\" page=\"1\" pageScale=\"1\" pageWidth=\"1169\" pageHeight=\"827\" background=\"#ffffff\"><root><mxCell id=\"0\" modelId=\"aodusagescenario_2lxIBvB2uk2\"></mxCell><mxCell id=\"1\" parent=\"0\"></mxCell><mxCell id=\"aodservices_2lxGFdKQZYk_22lxGL2maYiU\" style=\"swimlane;whiteSpace=wrap;html=1;align=left;swimlaneLine=0;verticalAlign=top;collapsible=0;\" vertex=\"1\" modelId=\"subsystem_2lxGI8oYdED\" parent=\"1\"><mxGeometry x=\"410\" y=\"200\" width=\"200\" height=\"150\" as=\"geometry\"></mxGeometry></mxCell><mxCell id=\"aodservices_2lxGFdKQZYk_382lxGLuzg4Y0\" style=\"rounded=1;whiteSpace=wrap;html=1;\" vertex=\"1\" modelId=\"logicalcomponent_HyDLNlsRL\" parent=\"aodservices_2lxGFdKQZYk_22lxGL2maYiU\"><mxGeometry x=\"41\" y=\"75\" width=\"120\" height=\"60\" as=\"geometry\"></mxGeometry></mxCell><mxCell id=\"aodservices_2lxGFdKQZYk_32lxGL2mlZ5x\" style=\"shape=process;html=1;whiteSpace=wrap;\" vertex=\"1\" modelId=\"actor_2lxGIKALqoL\" parent=\"1\"><mxGeometry x=\"850\" y=\"230\" width=\"120\" height=\"60\" as=\"geometry\"></mxGeometry></mxCell><mxCell id=\"ui_r1m72gi08\" modelId=\"aodservices_2lxGFdKQZYk\" parent=\"1\"></mxCell></root></mxGraphModel>","coreInfo":[{"modelType":"AODUsageScenario","lastModifiedUserId":"xierulei@cn.ibm.com","description":"","lastModified":"2020-07-02T06:12:53Z","_id":"aodusagescenario_2lxIBvB2uk2","label":"ys"},{"modelType":"AODServices","annotation":["{\"dx\":1344,\"dy\":727,\"grid\":1,\"gridSize\":10,\"guides\":1,\"tooltips\":1,\"connect\":1,\"arrows\":1,\"fold\":1,\"page\":1,\"pageScale\":1,\"pageWidth\":1169,\"pageHeight\":827,\"background\":\"#ffffff\"}"],"lastModifiedUserId":"xierulei@cn.ibm.com","description":"","lastModified":"2020-07-02T06:06:05Z","_id":"aodservices_2lxGFdKQZYk","label":"k","children":"subsystem_2lxGI8oYdED,actor_2lxGIKALqoL"},{"modelType":"SubSystem","description":"","_id":"subsystem_2lxGI8oYdED","label":"SubSystem","children":"logicalcomponent_HyDLNlsRL"}],"additional":{"owneds":[]}},"aodusagescenario_2lxIFWRIZhG":{"uiInfo":"<mxGraphModel dx=\"1552\" dy=\"727\" grid=\"1\" gridSize=\"10\" guides=\"1\" tooltips=\"1\" connect=\"1\" arrows=\"1\" fold=\"1\" page=\"1\" pageScale=\"1\" pageWidth=\"1169\" pageHeight=\"827\" background=\"#ffffff\"><root><mxCell id=\"0\" modelId=\"aodusagescenario_2lxIFWRIZhG\"></mxCell><mxCell id=\"1\" parent=\"0\"></mxCell><mxCell id=\"aodenterprise_2lxGWaXsEs1_22lxH2ib6SmF\" style=\"shape=umlActor;html=1;verticalLabelPosition=bottom;verticalAlign=top;\" vertex=\"1\" modelId=\"actor_2lxH2icheTQ\" parent=\"1\"><mxGeometry x=\"180\" y=\"70\" width=\"35\" height=\"70\" as=\"geometry\"></mxGeometry></mxCell><mxCell id=\"aodenterprise_2lxGWaXsEs1_32lxH2ibwsOW\" style=\"edgeStyle=orthogonalEdgeStyle;rounded=0;html=1;entryX=0.5;entryY=0;jettySize=auto;orthogonalLoop=1;\" edge=\"1\" modelId=\"logicalconnector_2lxH2idgDah\" parent=\"1\" source=\"aodenterprise_2lxGWaXsEs1_22lxH2ib6SmF\" target=\"aodenterprise_2lxGWaXsEs1_52lxH2ibRY8M\"><mxGeometry relative=\"1\" as=\"geometry\"></mxGeometry></mxCell><mxCell id=\"aodenterprise_2lxGWaXsEs1_42lxH2ibGZTu\" style=\"swimlane;whiteSpace=wrap;html=1;align=left;swimlaneLine=0;verticalAlign=top;collapsible=0;\" vertex=\"1\" modelId=\"subsystem_2lxH2idRJh8\" parent=\"1\"><mxGeometry x=\"430\" y=\"220\" width=\"510\" height=\"230\" as=\"geometry\"></mxGeometry></mxCell><mxCell id=\"aodenterprise_2lxGWaXsEs1_52lxH2ibRY8M\" style=\"rounded=1;whiteSpace=wrap;html=1;\" vertex=\"1\" modelId=\"logicalcomponent_2lxH2idKvB5\" parent=\"aodenterprise_2lxGWaXsEs1_42lxH2ibGZTu\"><mxGeometry x=\"80\" y=\"90\" width=\"120\" height=\"60\" as=\"geometry\"></mxGeometry></mxCell><mxCell id=\"aodenterprise_2lxGWaXsEs1_62lxH2ibU7q1\" style=\"rounded=1;whiteSpace=wrap;html=1;\" vertex=\"1\" modelId=\"logicalcomponent_2lxH2ieSSuD\" parent=\"aodenterprise_2lxGWaXsEs1_42lxH2ibGZTu\"><mxGeometry x=\"350\" y=\"50\" width=\"120\" height=\"60\" as=\"geometry\"></mxGeometry></mxCell><mxCell id=\"aodenterprise_2lxGWaXsEs1_72lxH2ibzpRl\" style=\"edgeStyle=orthogonalEdgeStyle;rounded=0;html=1;entryX=0;entryY=0.5;jettySize=auto;orthogonalLoop=1;\" edge=\"1\" modelId=\"logicalconnector_2lxH2iekUun\" parent=\"aodenterprise_2lxGWaXsEs1_42lxH2ibGZTu\" source=\"aodenterprise_2lxGWaXsEs1_52lxH2ibRY8M\" target=\"aodenterprise_2lxGWaXsEs1_62lxH2ibU7q1\"><mxGeometry relative=\"1\" as=\"geometry\"></mxGeometry></mxCell><mxCell id=\"ui_HkeXm3xsRL\" modelId=\"aodenterprise_2lxGWaXsEs1\" parent=\"1\"></mxCell></root></mxGraphModel>","coreInfo":[{"modelType":"AODUsageScenario","lastModifiedUserId":"xierulei@cn.ibm.com","description":"","lastModified":"2020-07-02T06:13:44Z","_id":"aodusagescenario_2lxIFWRIZhG","label":"uu"},{"modelType":"UsageStep","description":"<div>sadffs</div><div>sd</div><div>f</div><div>dsf<br></div>","_id":"usagestep_2lxII4R0DC8","label":"1","children":"logicalconnector_2lxH2idgDah"},{"modelType":"UsageStep","description":"<div>saaaassdf</div><div>dsa</div><div><br></div><div>dsf<br></div>","_id":"usagestep_2lxIJvYJjqa","label":"3","children":"logicalconnector_2lxH2idgDah"},{"modelType":"UsageStep","description":"","_id":"usagestep_2lxIIJfmgj4","label":"2","children":"logicalconnector_2lxH2idgDah"},{"modelType":"AODEnterprise","annotation":["{\"dx\":1344,\"dy\":727,\"grid\":1,\"gridSize\":10,\"guides\":1,\"tooltips\":1,\"connect\":1,\"arrows\":1,\"fold\":1,\"page\":1,\"pageScale\":1,\"pageWidth\":1169,\"pageHeight\":827,\"background\":\"#ffffff\"}"],"lastModifiedUserId":"xierulei@cn.ibm.com","description":"","lastModified":"2020-07-02T06:06:41Z","_id":"aodenterprise_2lxGWaXsEs1","label":"e","children":"subsystem_2lxH2idRJh8,logicalconnector_2lxH2iekUun,logicalconnector_2lxH2idgDah"},{"modelType":"SubSystem","description":"ev subsystem desc","_id":"subsystem_2lxH2idRJh8","label":"SubSystem","children":"logicalcomponent_2lxH2ieSSuD,logicalcomponent_2lxH2idKvB5"}],"additional":{"owneds":[]}},"aodservices_2lxGFdKQZYk":{"uiInfo":"<mxGraphModel dx=\"1344\" dy=\"727\" grid=\"1\" gridSize=\"10\" guides=\"1\" tooltips=\"1\" connect=\"1\" arrows=\"1\" fold=\"1\" page=\"1\" pageScale=\"1\" pageWidth=\"1169\" pageHeight=\"827\" background=\"#ffffff\"><root><mxCell id=\"0\" modelId=\"aodservices_2lxGFdKQZYk\"></mxCell><mxCell id=\"1\" parent=\"0\"></mxCell><mxCell id=\"aodservices_2lxGFdKQZYk_22lxGL2maYiU\" style=\"swimlane;whiteSpace=wrap;html=1;align=left;swimlaneLine=0;verticalAlign=top;collapsible=0;\" vertex=\"1\" modelId=\"subsystem_2lxGI8oYdED\" parent=\"1\"><mxGeometry x=\"410\" y=\"200\" width=\"200\" height=\"150\" as=\"geometry\"></mxGeometry></mxCell><mxCell id=\"aodservices_2lxGFdKQZYk_382lxGLuzg4Y0\" style=\"rounded=1;whiteSpace=wrap;html=1;\" vertex=\"1\" modelId=\"logicalcomponent_HyDLNlsRL\" parent=\"aodservices_2lxGFdKQZYk_22lxGL2maYiU\"><mxGeometry x=\"41\" y=\"75\" width=\"120\" height=\"60\" as=\"geometry\"></mxGeometry></mxCell><mxCell id=\"aodservices_2lxGFdKQZYk_32lxGL2mlZ5x\" style=\"shape=process;html=1;whiteSpace=wrap;\" vertex=\"1\" modelId=\"actor_2lxGIKALqoL\" parent=\"1\"><mxGeometry x=\"850\" y=\"230\" width=\"120\" height=\"60\" as=\"geometry\"></mxGeometry></mxCell></root></mxGraphModel>","coreInfo":[{"modelType":"AODServices","lastModifiedUserId":"xierulei@cn.ibm.com","description":"","lastModified":"2020-07-02T06:06:05Z","_id":"aodservices_2lxGFdKQZYk","label":"k"},{"modelType":"SubSystem","description":"","_id":"subsystem_2lxGI8oYdED","label":"SubSystem","children":"logicalcomponent_HyDLNlsRL"}]},"aodenterprise_2lxGWaXsEs1":{"uiInfo":"<mxGraphModel dx=\"1344\" dy=\"727\" grid=\"1\" gridSize=\"10\" guides=\"1\" tooltips=\"1\" connect=\"1\" arrows=\"1\" fold=\"1\" page=\"1\" pageScale=\"1\" pageWidth=\"1169\" pageHeight=\"827\" background=\"#ffffff\"><root><mxCell id=\"0\" modelId=\"aodenterprise_2lxGWaXsEs1\"></mxCell><mxCell id=\"1\" parent=\"0\"></mxCell><mxCell id=\"aodenterprise_2lxGWaXsEs1_22lxH2ib6SmF\" style=\"shape=umlActor;html=1;verticalLabelPosition=bottom;verticalAlign=top;\" vertex=\"1\" modelId=\"actor_2lxH2icheTQ\" parent=\"1\"><mxGeometry x=\"180\" y=\"70\" width=\"35\" height=\"70\" as=\"geometry\"></mxGeometry></mxCell><mxCell id=\"aodenterprise_2lxGWaXsEs1_32lxH2ibwsOW\" style=\"edgeStyle=orthogonalEdgeStyle;rounded=0;html=1;entryX=0.5;entryY=0;jettySize=auto;orthogonalLoop=1;\" edge=\"1\" modelId=\"logicalconnector_2lxH2idgDah\" parent=\"1\" source=\"aodenterprise_2lxGWaXsEs1_22lxH2ib6SmF\" target=\"aodenterprise_2lxGWaXsEs1_52lxH2ibRY8M\"><mxGeometry relative=\"1\" as=\"geometry\"></mxGeometry></mxCell><mxCell id=\"aodenterprise_2lxGWaXsEs1_42lxH2ibGZTu\" style=\"swimlane;whiteSpace=wrap;html=1;align=left;swimlaneLine=0;verticalAlign=top;collapsible=0;\" vertex=\"1\" modelId=\"subsystem_2lxH2idRJh8\" parent=\"1\"><mxGeometry x=\"430\" y=\"220\" width=\"510\" height=\"230\" as=\"geometry\"></mxGeometry></mxCell><mxCell id=\"aodenterprise_2lxGWaXsEs1_52lxH2ibRY8M\" style=\"rounded=1;whiteSpace=wrap;html=1;\" vertex=\"1\" modelId=\"logicalcomponent_2lxH2idKvB5\" parent=\"aodenterprise_2lxGWaXsEs1_42lxH2ibGZTu\"><mxGeometry x=\"80\" y=\"90\" width=\"120\" height=\"60\" as=\"geometry\"></mxGeometry></mxCell><mxCell id=\"aodenterprise_2lxGWaXsEs1_62lxH2ibU7q1\" style=\"rounded=1;whiteSpace=wrap;html=1;\" vertex=\"1\" modelId=\"logicalcomponent_2lxH2ieSSuD\" parent=\"aodenterprise_2lxGWaXsEs1_42lxH2ibGZTu\"><mxGeometry x=\"350\" y=\"50\" width=\"120\" height=\"60\" as=\"geometry\"></mxGeometry></mxCell><mxCell id=\"aodenterprise_2lxGWaXsEs1_72lxH2ibzpRl\" style=\"edgeStyle=orthogonalEdgeStyle;rounded=0;html=1;entryX=0;entryY=0.5;jettySize=auto;orthogonalLoop=1;\" edge=\"1\" modelId=\"logicalconnector_2lxH2iekUun\" parent=\"aodenterprise_2lxGWaXsEs1_42lxH2ibGZTu\" source=\"aodenterprise_2lxGWaXsEs1_52lxH2ibRY8M\" target=\"aodenterprise_2lxGWaXsEs1_62lxH2ibU7q1\"><mxGeometry relative=\"1\" as=\"geometry\"></mxGeometry></mxCell></root></mxGraphModel>","coreInfo":[{"modelType":"AODEnterprise","lastModifiedUserId":"xierulei@cn.ibm.com","description":"","lastModified":"2020-07-02T06:06:41Z","_id":"aodenterprise_2lxGWaXsEs1","label":"e"},{"modelType":"SubSystem","description":"ev subsystem desc","_id":"subsystem_2lxH2idRJh8","label":"SubSystem","children":"logicalcomponent_2lxH2ieSSuD,logicalcomponent_2lxH2idKvB5"}]},"cmdynamicview_2lxJmDm6NAE":{"uiInfo":"<mxGraphModel dx=\"1344\" dy=\"727\" grid=\"1\" gridSize=\"10\" guides=\"1\" tooltips=\"1\" connect=\"1\" arrows=\"1\" fold=\"1\" page=\"1\" pageScale=\"1\" pageWidth=\"1169\" pageHeight=\"827\" background=\"#ffffff\"><root><mxCell id=\"0\" modelId=\"cmdynamicview_2lxJmDm6NAE\"></mxCell><mxCell id=\"1\" parent=\"0\"></mxCell><mxCell id=\"cmdynamicview_2lxJmDm6NAE_472lxJtgW3O0U\" style=\"edgeStyle=orthogonalEdgeStyle;html=1;align=left;spacingLeft=2;endArrow=block;rounded=0;noLabel=0;\" edge=\"1\" modelId=\"componentmessage_2lxJtgXfEK5\" parent=\"1\" source=\"cmdynamicview_2lxJmDm6NAE_482lxJtyPNnb8\" target=\"cmdynamicview_2lxJmDm6NAE_482lxJtyPNnb8\"><mxGeometry relative=\"1\" as=\"geometry\"><mxPoint x=\"830\" y=\"380\" as=\"sourcePoint\"></mxPoint><mxPoint x=\"830\" y=\"400\" as=\"targetPoint\"></mxPoint><Array as=\"points\"><mxPoint x=\"905\" y=\"380\"></mxPoint><mxPoint x=\"905\" y=\"400\"></mxPoint></Array></mxGeometry></mxCell><mxCell id=\"cmdynamicview_2lxJmDm6NAE_482lxJtyPNnb8\" style=\"shape=umlLifeline;rounded=1;perimeter=lifelinePerimeter;whiteSpace=wrap;html=1;container=1;collapsible=0;recursiveResize=0;outlineConnect=0;\" vertex=\"1\" modelId=\"timeline_2lxJtyQPFTn\" parent=\"1\"><mxGeometry x=\"580\" y=\"210\" width=\"100\" height=\"300\" as=\"geometry\"></mxGeometry></mxCell></root></mxGraphModel>","coreInfo":[{"modelType":"CMDynamicView","lastModifiedUserId":"xierulei@cn.ibm.com","description":"","lastModified":"2020-07-02T06:16:36Z","_id":"cmdynamicview_2lxJmDm6NAE","type":"Component Interaction Diagram","label":"dv"},{"modelType":"ComponentMessage","description":"","_id":"componentmessage_2lxJtgXfEK5","type":"Call","label":"Call"},{"modelType":"Timeline","_id":"timeline_2lxJtyQPFTn","children":"logicalcomponent_2lxJtyR5gDj"}]},"systemcontext_2lxBaZnQkaM":{"uiInfo":"<mxGraphModel dx=\"1061\" dy=\"727\" grid=\"1\" gridSize=\"10\" guides=\"1\" tooltips=\"1\" connect=\"1\" arrows=\"1\" fold=\"1\" page=\"1\" pageScale=\"1\" pageWidth=\"1169\" pageHeight=\"827\" background=\"#ffffff\"><root><mxCell id=\"0\" modelId=\"systemcontext_2lxBaZnQkaM\"></mxCell><mxCell id=\"1\" parent=\"0\"></mxCell><mxCell id=\"_22lxBbtvyTRf\" style=\"shape=process;html=1;whiteSpace=wrap;\" vertex=\"1\" modelId=\"actor_2lxBbtvW3lW\" parent=\"1\"><mxGeometry x=\"320\" y=\"190\" width=\"120\" height=\"60\" as=\"geometry\"></mxGeometry></mxCell><mxCell id=\"_32lxBbXJPtL7\" style=\"ellipse;whiteSpace=wrap;html=1;\" vertex=\"1\" modelId=\"targetsystem_2lxBbXJ8wwF\" parent=\"1\"><mxGeometry x=\"660\" y=\"250\" width=\"140\" height=\"70\" as=\"geometry\"></mxGeometry></mxCell><mxCell id=\"_42lxBd2M2pYU\" style=\"edgeStyle=orthogonalEdgeStyle;rounded=0;html=1;jettySize=auto;orthogonalLoop=1;\" edge=\"1\" modelId=\"connector_2lxBd2Ny3y3\" parent=\"1\" source=\"_22lxBbtvyTRf\" target=\"_32lxBbXJPtL7\"><mxGeometry relative=\"1\" as=\"geometry\"></mxGeometry></mxCell></root></mxGraphModel>","coreInfo":[{"modelType":"SystemContext","lastModifiedUserId":"xierulei@cn.ibm.com","description":"","lastModified":"2020-07-02T05:43:59Z","_id":"systemcontext_2lxBaZnQkaM","label":"System Context"},{"modelType":"Connector","description":"","_id":"connector_2lxBd2Ny3y3","type":"function","label":""},{"modelType":"TargetSystem","description":"<ol><li><u><i><b><font color=\"#009795\">safdsfas</font></b></i></u></li><li><u><i><b><font color=\"#009795\">af</font></b></i></u></li><li><u><i><b><font color=\"#009795\">dsa</font></b></i></u></li><li><u><i><b><font color=\"#009795\">f</font></b></i></u></li><li><u><i><b><font color=\"#009795\">dsf</font></b></i></u></li></ol>","_id":"targetsystem_2lxBbXJ8wwF","label":"Ca -v2.9.1"}]},"cmstaticview_2lxJ9brZjaW":{"uiInfo":"<mxGraphModel dx=\"1344\" dy=\"727\" grid=\"1\" gridSize=\"10\" guides=\"1\" tooltips=\"1\" connect=\"1\" arrows=\"1\" fold=\"1\" page=\"1\" pageScale=\"1\" pageWidth=\"1169\" pageHeight=\"827\" background=\"#ffffff\"><root><mxCell id=\"0\" modelId=\"cmstaticview_2lxJ9brZjaW\"></mxCell><mxCell id=\"1\" parent=\"0\"></mxCell><mxCell id=\"cmstaticview_2lxJ9brZjaW_22lxJgjE40UF\" style=\"swimlane;whiteSpace=wrap;html=1;align=left;swimlaneLine=0;verticalAlign=top;collapsible=0;\" vertex=\"1\" modelId=\"subsystem_2lxJgjETlhE\" parent=\"1\"><mxGeometry x=\"200\" y=\"180\" width=\"230\" height=\"150\" as=\"geometry\"></mxGeometry></mxCell><mxCell id=\"cmstaticview_2lxJ9brZjaW_42lxJiOw1ybo\" style=\"html=1;\" vertex=\"1\" modelId=\"logicalcomponent_2lxJiOw8DLB\" parent=\"cmstaticview_2lxJ9brZjaW_22lxJgjE40UF\"><mxGeometry x=\"50\" y=\"50\" width=\"180\" height=\"90\" as=\"geometry\"></mxGeometry></mxCell><mxCell id=\"cmstaticview_2lxJ9brZjaW_52lxJiOw5h7d\" value=\"\" style=\"shape=component;jettyWidth=8;jettyHeight=4;connectable=0;constituent=1;\" parent=\"cmstaticview_2lxJ9brZjaW_42lxJiOw1ybo\" vertex=\"1\"><mxGeometry x=\"1\" width=\"20\" height=\"20\" relative=\"1\" as=\"geometry\"><mxPoint x=\"-27\" y=\"7\" as=\"offset\"></mxPoint></mxGeometry></mxCell></root></mxGraphModel>","coreInfo":[{"modelType":"CMStaticView","lastModifiedUserId":"xierulei@cn.ibm.com","description":"","lastModified":"2020-07-02T06:15:43Z","_id":"cmstaticview_2lxJ9brZjaW","type":"Component Relationship Diagram","label":"x"},{"modelType":"SubSystem","description":"","_id":"subsystem_2lxJgjETlhE","label":"SubSystem","children":"logicalcomponent_2lxJiOw8DLB"}]},"logicalerd_2lxGvOc5H0E":{"uiInfo":"<mxGraphModel dx=\"1344\" dy=\"727\" grid=\"1\" gridSize=\"10\" guides=\"1\" tooltips=\"1\" connect=\"1\" arrows=\"1\" fold=\"1\" page=\"1\" pageScale=\"1\" pageWidth=\"1169\" pageHeight=\"827\" background=\"#ffffff\"><root><mxCell id=\"0\" modelId=\"logicalerd_2lxGvOc5H0E\"></mxCell><mxCell id=\"1\" parent=\"0\"></mxCell><mxCell id=\"logicalerd_2lxGvOc5H0E_112lxGwW5yAwh\" style=\"swimlane;html=1;fontStyle=0;childLayout=stackLayout;horizontal=1;startSize=26;horizontalStack=0;resizeParent=1;resizeParentMax=0;resizeLast=0;collapsible=0;marginBottom=0;swimlaneFillColor=#ffffff;\" vertex=\"1\" modelId=\"entity_rkxgwIEgsAU\" parent=\"1\"><mxGeometry x=\"300\" y=\"250\" width=\"140\" height=\"50\" as=\"geometry\"></mxGeometry></mxCell><mxCell id=\"logicalerd_2lxGvOc5H0E_132lxGwWbMKuR\" style=\"text;align=left;verticalAlign=top;spacingLeft=4;spacingRight=4;overflow=hidden;rotatable=0;points=[[0,0.5],[1,0.5]];portConstraint=eastwest;connectable=0;\" vertex=\"1\" modelId=\"attribute_r1mQVesCU\" parent=\"logicalerd_2lxGvOc5H0E_112lxGwW5yAwh\"><mxGeometry y=\"26\" width=\"140\" height=\"24\" as=\"geometry\"></mxGeometry></mxCell><mxCell id=\"logicalerd_2lxGvOc5H0E_152lxGxacQ3nv\" style=\"swimlane;html=1;fontStyle=0;childLayout=stackLayout;horizontal=1;startSize=26;horizontalStack=0;resizeParent=1;resizeParentMax=0;resizeLast=0;collapsible=0;marginBottom=0;swimlaneFillColor=#ffffff;\" vertex=\"1\" modelId=\"entity_S1Gxv8ExoC8\" parent=\"1\"><mxGeometry x=\"340\" y=\"450\" width=\"140\" height=\"74\" as=\"geometry\"></mxGeometry></mxCell><mxCell id=\"logicalerd_2lxGvOc5H0E_182lxGxafxF9e\" style=\"text;align=left;verticalAlign=top;spacingLeft=4;spacingRight=4;overflow=hidden;rotatable=0;points=[[0,0.5],[1,0.5]];portConstraint=eastwest;connectable=0;\" vertex=\"1\" modelId=\"attribute_SJXQ7ExiRU\" parent=\"logicalerd_2lxGvOc5H0E_152lxGxacQ3nv\"><mxGeometry y=\"26\" width=\"140\" height=\"24\" as=\"geometry\"></mxGeometry></mxCell><mxCell id=\"logicalerd_2lxGvOc5H0E_192lxGxagJ4jw\" style=\"text;align=left;verticalAlign=top;spacingLeft=4;spacingRight=4;overflow=hidden;rotatable=0;points=[[0,0.5],[1,0.5]];portConstraint=eastwest;connectable=0;\" vertex=\"1\" modelId=\"attribute_BJZXQ4xoRU\" parent=\"logicalerd_2lxGvOc5H0E_152lxGxacQ3nv\"><mxGeometry y=\"50\" width=\"140\" height=\"24\" as=\"geometry\"></mxGeometry></mxCell><mxCell id=\"logicalerd_2lxGvOc5H0E_212lxGxqM2NqJ\" style=\"swimlane;html=1;fontStyle=0;childLayout=stackLayout;horizontal=1;startSize=26;horizontalStack=0;resizeParent=1;resizeParentMax=0;resizeLast=0;collapsible=0;marginBottom=0;swimlaneFillColor=#ffffff;\" vertex=\"1\" modelId=\"entity_ry-gDINgiCI\" parent=\"1\"><mxGeometry x=\"910\" y=\"377\" width=\"140\" height=\"74\" as=\"geometry\"></mxGeometry></mxCell><mxCell id=\"logicalerd_2lxGvOc5H0E_242lxGxqP1CWo\" style=\"text;align=left;verticalAlign=top;spacingLeft=4;spacingRight=4;overflow=hidden;rotatable=0;points=[[0,0.5],[1,0.5]];portConstraint=eastwest;connectable=0;\" vertex=\"1\" modelId=\"attribute_HygQmExjCU\" parent=\"logicalerd_2lxGvOc5H0E_212lxGxqM2NqJ\"><mxGeometry y=\"26\" width=\"140\" height=\"24\" as=\"geometry\"></mxGeometry></mxCell><mxCell id=\"logicalerd_2lxGvOc5H0E_252lxGxqPmZip\" style=\"text;align=left;verticalAlign=top;spacingLeft=4;spacingRight=4;overflow=hidden;rotatable=0;points=[[0,0.5],[1,0.5]];portConstraint=eastwest;connectable=0;\" vertex=\"1\" modelId=\"attribute_ryGXQVxsCI\" parent=\"logicalerd_2lxGvOc5H0E_212lxGxqM2NqJ\"><mxGeometry y=\"50\" width=\"140\" height=\"24\" as=\"geometry\"></mxGeometry></mxCell><mxCell id=\"logicalerd_2lxGvOc5H0E_272lxGyEilTqy\" style=\"rhombus;html=1;\" vertex=\"1\" modelId=\"relationship_2lxGyElDoJK\" parent=\"1\"><mxGeometry x=\"605\" y=\"313.5\" width=\"140\" height=\"70\" as=\"geometry\"></mxGeometry></mxCell><mxCell id=\"logicalerd_2lxGvOc5H0E_282lxGyEm9PNT\" style=\"edgeStyle=orthogonalEdgeStyle;html=1;fontStyle=1;fontSize=12;endArrow=none;endSize=8;editable=0;\" edge=\"1\" modelId=\"relationshipconnection_2lxGyEr7nEU\" parent=\"1\" source=\"logicalerd_2lxGvOc5H0E_112lxGwW5yAwh\" target=\"logicalerd_2lxGvOc5H0E_272lxGyEilTqy\"><mxGeometry x=\"-0.5\" relative=\"1\" as=\"geometry\"></mxGeometry></mxCell><mxCell id=\"logicalerd_2lxGvOc5H0E_262lxGyE4ZoWL\" style=\"edgeStyle=orthogonalEdgeStyle;html=1;fontStyle=1;fontSize=12;endArrow=none;endSize=8;editable=0;rounded=1;entryX=0.25;entryY=0;\" edge=\"1\" modelId=\"relationshipconnection_2lxGyErDW0P\" parent=\"1\" source=\"logicalerd_2lxGvOc5H0E_272lxGyEilTqy\" target=\"logicalerd_2lxGvOc5H0E_212lxGxqM2NqJ\"><mxGeometry x=\"0.5\" relative=\"1\" as=\"geometry\"></mxGeometry></mxCell><mxCell id=\"logicalerd_2lxGvOc5H0E_292lxGzrBudoS\" style=\"shape=triangle;whiteSpace=wrap;html=1;flipV=1;flipH=0;direction=south;hasHoverIcons=0;editable=0;\" vertex=\"1\" modelId=\"specialization_2lxGzrC594y\" parent=\"1\"><mxGeometry x=\"310\" y=\"367\" width=\"80\" height=\"60\" as=\"geometry\"></mxGeometry></mxCell><mxCell id=\"logicalerd_2lxGvOc5H0E_302lxGzrB4PvC\" style=\"edgeStyle=orthogonalEdgeStyle;html=1;exitX=0;exitY=0.5;exitDx=0;exitDy=0;jettySize=auto;orthogonalLoop=1;endArrow=none;editable=0;entryX=0.5;entryY=1;\" edge=\"1\" modelId=\"specializationconnection_2lxGzrDibvu\" parent=\"1\" source=\"logicalerd_2lxGvOc5H0E_292lxGzrBudoS\" target=\"logicalerd_2lxGvOc5H0E_112lxGwW5yAwh\"><mxGeometry relative=\"1\" as=\"geometry\"><mxPoint x=\"350\" y=\"307\" as=\"targetPoint\"></mxPoint><Array as=\"points\"><mxPoint x=\"350\" y=\"334\"></mxPoint><mxPoint x=\"370\" y=\"334\"></mxPoint></Array></mxGeometry></mxCell><mxCell id=\"logicalerd_2lxGvOc5H0E_312lxGzrCbGxH\" style=\"edgeStyle=orthogonalEdgeStyle;html=1;entryX=1;entryY=0.5;exitDx=0;exitDy=0;jettySize=auto;orthogonalLoop=1;endArrow=none;editable=0;exitX=0.5;exitY=0;\" edge=\"1\" modelId=\"specializationconnection_2lxGzrE3VJN\" parent=\"1\" source=\"logicalerd_2lxGvOc5H0E_152lxGxacQ3nv\" target=\"logicalerd_2lxGvOc5H0E_292lxGzrBudoS\"><mxGeometry relative=\"1\" as=\"geometry\"><mxPoint x=\"350\" y=\"487\" as=\"sourcePoint\"></mxPoint><Array as=\"points\"><mxPoint x=\"410\" y=\"430\"></mxPoint><mxPoint x=\"350\" y=\"430\"></mxPoint></Array></mxGeometry></mxCell></root></mxGraphModel>","coreInfo":[{"modelType":"LogicalERD","lastModifiedUserId":"xierulei@cn.ibm.com","description":"","lastModified":"2020-07-02T06:04:56Z","_id":"logicalerd_2lxGvOc5H0E","label":"drd"}]},"usecasediagram_2lxBntbXVUP":{"uiInfo":"<mxGraphModel dx=\"1378\" dy=\"727\" grid=\"1\" gridSize=\"10\" guides=\"1\" tooltips=\"1\" connect=\"1\" arrows=\"1\" fold=\"1\" page=\"1\" pageScale=\"1\" pageWidth=\"1169\" pageHeight=\"827\" background=\"#ffffff\"><root><mxCell id=\"0\" modelId=\"usecasediagram_2lxBntbXVUP\"></mxCell><mxCell id=\"1\" parent=\"0\"></mxCell><mxCell id=\"usecasediagram_2lxBntbXVUP_22lxCcV8U5B5\" style=\"shape=process;html=1;whiteSpace=wrap;\" vertex=\"1\" modelId=\"actor_2lxBbtvW3lW\" parent=\"1\"><mxGeometry x=\"520\" y=\"370\" width=\"120\" height=\"60\" as=\"geometry\"></mxGeometry></mxCell><mxCell id=\"usecasediagram_2lxBntbXVUP_32lxCcV8EYtY\" style=\"ellipse;whiteSpace=wrap;html=1;\" vertex=\"1\" modelId=\"usecase_2lxBBKhgJlk\" parent=\"1\"><mxGeometry x=\"740\" y=\"220\" width=\"140\" height=\"70\" as=\"geometry\"></mxGeometry></mxCell><mxCell id=\"usecasediagram_2lxBntbXVUP_42lxCcV8CkuK\" style=\"edgeStyle=orthogonalEdgeStyle;rounded=0;html=1;endArrow=none;entryX=0.879;entryY=0.771;entryPerimeter=0;\" edge=\"1\" modelId=\"association_2lxBICPWNem\" parent=\"1\" source=\"usecasediagram_2lxBntbXVUP_22lxCcV8U5B5\" target=\"usecasediagram_2lxBntbXVUP_32lxCcV8EYtY\"><mxGeometry relative=\"1\" as=\"geometry\"></mxGeometry></mxCell><mxCell id=\"usecasediagram_2lxBntbXVUP_52lxCcV8o8S1\" style=\"ellipse;whiteSpace=wrap;html=1;\" vertex=\"1\" modelId=\"usecase_ByPbvLVxjAL\" parent=\"1\"><mxGeometry x=\"980\" y=\"640\" width=\"140\" height=\"70\" as=\"geometry\"></mxGeometry></mxCell><mxCell id=\"usecasediagram_2lxBntbXVUP_62lxCcV8YKr5\" style=\"edgeStyle=orthogonalEdgeStyle;rounded=0;html=1;endArrow=block;endSize=16;endFill=0;dashed=1;\" edge=\"1\" modelId=\"association_2lxBKnf0aNh\" parent=\"1\" source=\"usecasediagram_2lxBntbXVUP_32lxCcV8EYtY\" target=\"usecasediagram_2lxBntbXVUP_52lxCcV8o8S1\"><mxGeometry relative=\"1\" as=\"geometry\"></mxGeometry></mxCell><mxCell id=\"usecasediagram_2lxBntbXVUP_72lxCcV8yXTy\" style=\"ellipse;whiteSpace=wrap;html=1;\" vertex=\"1\" modelId=\"usecase_2lxBYT8AiLU\" parent=\"1\"><mxGeometry x=\"270\" y=\"130\" width=\"140\" height=\"70\" as=\"geometry\"></mxGeometry></mxCell></root></mxGraphModel>","coreInfo":[{"modelType":"UseCaseDiagram","lastModifiedUserId":"xierulei@cn.ibm.com","description":"","lastModified":"2020-07-02T05:47:53Z","_id":"usecasediagram_2lxBntbXVUP","label":"ucd1"}]},"usecasediagram_2lxCldFTLwG":{"uiInfo":"<mxGraphModel dx=\"1378\" dy=\"727\" grid=\"1\" gridSize=\"10\" guides=\"1\" tooltips=\"1\" connect=\"1\" arrows=\"1\" fold=\"1\" page=\"1\" pageScale=\"1\" pageWidth=\"1169\" pageHeight=\"827\" background=\"#ffffff\"><root><mxCell id=\"0\" modelId=\"usecasediagram_2lxCldFTLwG\"></mxCell><mxCell id=\"1\" parent=\"0\"></mxCell><mxCell id=\"usecasediagram_2lxCldFTLwG_22lxCsakDQbu\" style=\"ellipse;whiteSpace=wrap;html=1;\" vertex=\"1\" modelId=\"usecase_2lxBYT8AiLU\" parent=\"1\"><mxGeometry x=\"272\" y=\"132\" width=\"140\" height=\"70\" as=\"geometry\"></mxGeometry></mxCell><mxCell id=\"usecasediagram_2lxCldFTLwG_32lxCsankUD2\" style=\"ellipse;whiteSpace=wrap;html=1;\" vertex=\"1\" modelId=\"usecase_2lxBBKhgJlk\" parent=\"1\"><mxGeometry x=\"742\" y=\"222\" width=\"140\" height=\"70\" as=\"geometry\"></mxGeometry></mxCell><mxCell id=\"usecasediagram_2lxCldFTLwG_42lxCsapL9vJ\" style=\"shape=process;html=1;whiteSpace=wrap;\" vertex=\"1\" modelId=\"actor_2lxBbtvW3lW\" parent=\"1\"><mxGeometry x=\"522\" y=\"372\" width=\"120\" height=\"60\" as=\"geometry\"></mxGeometry></mxCell><mxCell id=\"usecasediagram_2lxCldFTLwG_52lxCsatExwY\" style=\"endArrow=none;html=1;\" edge=\"1\" modelId=\"association_2lxBICPWNem\" parent=\"1\" source=\"usecasediagram_2lxCldFTLwG_42lxCsapL9vJ\" target=\"usecasediagram_2lxCldFTLwG_32lxCsankUD2\"><mxGeometry relative=\"1\" as=\"geometry\"></mxGeometry></mxCell></root></mxGraphModel>","coreInfo":[{"modelType":"UseCaseDiagram","lastModifiedUserId":"xierulei@cn.ibm.com","description":"","lastModified":"2020-07-02T05:48:29Z","_id":"usecasediagram_2lxCldFTLwG","label":"ucd2"}]}}},"textual":{"instances":{"nonfunctionalrequirement_BJxbDINxsRI":{"coreInfo":[{"modelType":"NonFunctionalRequirement","owner":"NFR Owner7","growthRate":"0.17","description":"NRF Non Functional Requirement description 7","source":"NFR Source 7","priority":"Optional","reference":"NFR Ref 7","acceptanceCriteria":"NFR criteria 7","reviewDate":"2019-07-22","lastModifiedUserId":"xierulei@cn.ibm.com","testMethod":"NFR test method 7","context":"Context 7","theme":"Maintainability","lastModified":"2020-07-02T05:44:47Z","_id":"nonfunctionalrequirement_BJxbDINxsRI","value":"NFR Value 7","label":"NFR Name7","nfr_id":"NFR 7"}]},"nonfunctionalrequirement_B1aevLEgoAI":{"coreInfo":[{"modelType":"NonFunctionalRequirement","owner":"NFR Owner4","growthRate":"0.14","description":"NRF Non Functional Requirement description 4","source":"NFR Source 4","priority":"Optional","reference":"NFR Ref 4","acceptanceCriteria":"NFR criteria 4","reviewDate":"2019-07-19","lastModifiedUserId":"xierulei@cn.ibm.com","testMethod":"NFR test method 4","context":"Context 4","theme":"Security","lastModified":"2020-07-02T05:44:47Z","_id":"nonfunctionalrequirement_B1aevLEgoAI","value":"NFR Value 4","label":"NFR Name4","nfr_id":"NFR 4"}]},"nonfunctionalrequirement_HyolvLElsCI":{"coreInfo":[{"modelType":"NonFunctionalRequirement","owner":"NFR Owner2","growthRate":"0.12","description":"NRF Non Functional Requirement description 2","source":"NFR Source 2","priority":"Desirable","reference":"NFR Ref 2","acceptanceCriteria":"NFR criteria 2","reviewDate":"2019-07-17","lastModifiedUserId":"xierulei@cn.ibm.com","testMethod":"NFR test method 2","context":"Context 2","theme":"Volumetrics","lastModified":"2020-07-02T05:44:47Z","_id":"nonfunctionalrequirement_HyolvLElsCI","value":"NFR Value 2","label":"NFR Name2","nfr_id":"NFR 2"}]},"nonfunctionalrequirement_ByhewLEgj0L":{"coreInfo":[{"modelType":"NonFunctionalRequirement","owner":"NFR Owner3","growthRate":"0.13","description":"NRF Non Functional Requirement description 3","source":"NFR Source 3","priority":"Critical","reference":"NFR Ref 3","acceptanceCriteria":"NFR criteria 3","reviewDate":"2019-07-18","lastModifiedUserId":"xierulei@cn.ibm.com","testMethod":"NFR test method 3","context":"Context 3","theme":"Scalability","lastModified":"2020-07-02T05:44:47Z","_id":"nonfunctionalrequirement_ByhewLEgj0L","value":"NFR Value 3","label":"NFR Name3","nfr_id":"NFR 3"}]},"nonfunctionalrequirement_BkAgPL4go0U":{"coreInfo":[{"modelType":"NonFunctionalRequirement","owner":"NFR Owner5","growthRate":"0.15","description":"NRF Non Functional Requirement description 5","source":"NFR Source 5","priority":"Optional","reference":"NFR Ref 5","acceptanceCriteria":"NFR criteria 5","reviewDate":"2019-07-20","lastModifiedUserId":"xierulei@cn.ibm.com","testMethod":"NFR test method 5","context":"Context 5","theme":"Regulatory Compliance","lastModified":"2020-07-02T05:44:47Z","_id":"nonfunctionalrequirement_BkAgPL4go0U","value":"NFR Value 5","label":"NFR Name5","nfr_id":"NFR 5"}]},"nonfunctionalrequirement_r1zWwIVxiCI":{"coreInfo":[{"modelType":"NonFunctionalRequirement","owner":"NFR Owner9\r\nNFR Owner2\r\n","growthRate":"1","description":"NRF Non Functional Requirement description 9","source":"NFR Source 9","priority":"Optional","reference":"NFR Ref 9","acceptanceCriteria":"NFR criteria 9","reviewDate":"2019-07-24","lastModifiedUserId":"xierulei@cn.ibm.com","testMethod":"NFR test method 9","context":"Context 9","theme":"Manageability","lastModified":"2020-07-02T05:44:47Z","_id":"nonfunctionalrequirement_r1zWwIVxiCI","value":"NFR Value 9","label":"NFR Name9","nfr_id":"NFR 9"}]},"nonfunctionalrequirement_BkJZwI4goCU":{"coreInfo":[{"modelType":"NonFunctionalRequirement","owner":"NFR Owner6","growthRate":"0.16","description":"NRF Non Functional Requirement description 6","source":"NFR Source 6","priority":"Optional","reference":"NFR Ref 6","acceptanceCriteria":"NFR criteria 6","reviewDate":"2019-07-21","lastModifiedUserId":"xierulei@cn.ibm.com","testMethod":"NFR test method 6","context":"Context 6","theme":"Usability","lastModified":"2020-07-02T05:44:47Z","_id":"nonfunctionalrequirement_BkJZwI4goCU","value":"NFR Value 6","label":"NFR Name6","nfr_id":"NFR 6"}]},"nonfunctionalrequirement_SJ-bPIVeiRU":{"coreInfo":[{"modelType":"NonFunctionalRequirement","owner":"NFR Owner8\r\nNFR Owner1","growthRate":"0.18","description":"NRF Non Functional Requirement description 8:\r\nLIne1\r\nLine2","source":"NFR Source 8\r\nNFR Source 1\r\nNFR Source 82\r\n","priority":"Optional","reference":"NFR Ref 8\r\nNFR Ref 81\r\nNFR Ref 82\r\n","acceptanceCriteria":"NFR criteria 8:\r\nLine1\r\nLine2","reviewDate":"2019-07-23","lastModifiedUserId":"xierulei@cn.ibm.com","testMethod":"NFR test method 8:\r\nNFR test method 8:1\r\nNFR test method 82 ","context":"Context 8:\r\nLine1","theme":"Availability","lastModified":"2020-07-02T05:44:47Z","_id":"nonfunctionalrequirement_SJ-bPIVeiRU","value":"NFR Value 8:\r\nLine1\r\nLine2","label":"NFR Name8","nfr_id":"NFR 8"}]},"nonfunctionalrequirement_SygvN_xoA8":{"coreInfo":[{"modelType":"NonFunctionalRequirement","lastModifiedUserId":"xierulei@cn.ibm.com","theme":"Performance","lastModified":"2020-07-02T06:01:22Z","_id":"nonfunctionalrequirement_SygvN_xoA8","priority":"Critical","label":"d","nfr_id":"d","children":"logicalconnection_2lxJJWiaVvZ,logicalcomponent_HyDLNlsRL"}]},"nonfunctionalrequirement_H19gPI4xo08":{"coreInfo":[{"modelType":"NonFunctionalRequirement","owner":"NFR Owner1","growthRate":"0.11","description":"NRF Non Functional Requirement description 1","source":"NFR Source 1","priority":"Optional","reference":"NFR Ref 1","acceptanceCriteria":"NFR criteria 1","reviewDate":"2019-07-16","lastModifiedUserId":"xierulei@cn.ibm.com","testMethod":"NFR test method 1","context":"Context 1","theme":"Performance","lastModified":"2020-07-02T05:44:47Z","_id":"nonfunctionalrequirement_H19gPI4xo08","value":"NFR Value 1","label":"NFR Name1","nfr_id":"NFR 1","children":"logicalconnection_2lxJJWiaVvZ,logicalcomponent_HyDLNlsRL"}]},"notes_ryezMhgjAL":{"coreInfo":[{"modelType":"Notes","lastModifiedUserId":"xierulei@cn.ibm.com","attachments":[],"lastModified":"2020-07-02T06:18:08Z","_id":"notes_ryezMhgjAL","content":"<img style=\"height:100px;\" src=\"/api/FileManagerAPIs/containers/cafiles/files/file_969001aa88f39539.jpg\"><table style=\"width:100%\"><tbody><tr><td style=\"height:42px;border: 1px solid #979797;padding:5px;width:33.333333333333336%\"> asf</td><td style=\"height:42px;border: 1px solid #979797;padding:5px;width:33.333333333333336%\"> </td><td style=\"height:42px;border: 1px solid #979797;padding:5px;width:33.333333333333336%\"> </td></tr><tr><td style=\"height:42px;border: 1px solid #979797;padding:5px;width:33.333333333333336%\"> </td><td style=\"height:42px;border: 1px solid #979797;padding:5px;width:33.333333333333336%\"> </td><td style=\"height:42px;border: 1px solid #979797;padding:5px;width:33.333333333333336%\"> </td></tr><tr><td style=\"height:42px;border: 1px solid #979797;padding:5px;width:33.333333333333336%\"> </td><td style=\"height:42px;border: 1px solid #979797;padding:5px;width:33.333333333333336%\"> sdafds</td><td style=\"height:42px;border: 1px solid #979797;padding:5px;width:33.333333333333336%\"> </td></tr><tr><td style=\"height:42px;border: 1px solid #979797;padding:5px;width:33.333333333333336%\"><font size=\"5\"><i><b> </b></i></font></td><td style=\"height:42px;border: 1px solid #979797;padding:5px;width:33.333333333333336%\"><font size=\"5\"><i><b> </b></i></font></td><td style=\"height:42px;border: 1px solid #979797;padding:5px;width:33.333333333333336%\"><font size=\"5\"><i><b> </b></i></font></td></tr><tr><td style=\"height:42px;border: 1px solid #979797;padding:5px;width:33.333333333333336%\"><font size=\"5\"><i><b> </b></i></font></td><td style=\"height:42px;border: 1px solid #979797;padding:5px;width:33.333333333333336%\"><font size=\"5\"><i><b> </b></i></font></td><td style=\"height:42px;border: 1px solid #979797;padding:5px;width:33.333333333333336%\"><font size=\"5\"><i><b> fdsf</b></i></font></td></tr></tbody></table><div><font size=\"5\"><i><b>safddsfsf</b></i></font></div><div><font size=\"5\"><i><b>ds</b></i></font></div><div><font size=\"5\"><i><b>af</b></i></font><br></div>","label":"Notes"},{"modelType":"Label","description":"ha'h","_id":"label_H1vKZLtH2sS_ry5whAtI8","userId":"xierulei@cn.ibm.com","label":"ha'h"}]},"architectureprinciple_ryMGvUNlsAL":{"coreInfo":[{"modelType":"ArchitecturePrinciple","implications":"Implications 11 ","lastModifiedUserId":"xierulei@cn.ibm.com","topic":"topc1","description":"priciple description","subjectArea":"subject area 1","metrics":"Metrics 11","lastModified":"2020-07-02T05:44:47Z","_id":"architectureprinciple_ryMGvUNlsAL","priority":"1","rationale":"Rationale 1","label":"Principle 1"}]},"architectureprinciple_ryQfPUNgjCU":{"coreInfo":[{"modelType":"ArchitecturePrinciple","implications":"Implications 12:\r\nline1\r\nline2","lastModifiedUserId":"xierulei@cn.ibm.com","topic":"topc2","description":"priciple description:\r\nline1\r\nline2","subjectArea":"subject area 2","metrics":"Metrics :\r\nline1\r\nline2","lastModified":"2020-07-02T05:44:47Z","_id":"architectureprinciple_ryQfPUNgjCU","priority":"4","rationale":"Rationale 2:\r\nline1\r\nline2","label":"Principle 2"}]},"architectureprinciple_ByEGw8EljC8":{"coreInfo":[{"modelType":"ArchitecturePrinciple","lastModifiedUserId":"xierulei@cn.ibm.com","topic":"topc3","description":"priciple description3:\r\nline1\r\nline2","subjectArea":"subject area 3","lastModified":"2020-07-02T05:44:47Z","_id":"architectureprinciple_ByEGw8EljC8","priority":"5","rationale":"Rationale3:\r\nline1\r\nline2","label":"Principle 3"}]},"assumption_HJnMPIVxiAU":{"coreInfo":[{"modelType":"Assumption","confidenceLevel":"Low","reviewDate":"2019-07-13","closedDate":"2019-07-16","impact":"Medium","lastModifiedUserId":"xierulei@cn.ibm.com","description":"description:\r\nline 1 \r\nline2","lastModified":"2020-07-02T05:44:47Z","_id":"assumption_HJnMPIVxiAU","identifiedBy":"rulei","label":"Assumption 4"}]},"assumption_H15MwUNlsR8":{"coreInfo":[{"modelType":"Assumption","confidenceLevel":"Medium","closedDate":"2019-07-16","reviewDate":"2019-07-11","impact":"High","lastModifiedUserId":"xierulei@cn.ibm.com","isKey":false,"description":"description 2","lastModified":"2020-07-02T05:44:47Z","_id":"assumption_H15MwUNlsR8","identifiedBy":"rulei","label":"Assumption 2"}]},"assumption_H1tGDUVxiC8":{"coreInfo":[{"modelType":"Assumption","confidenceLevel":"High","reviewDate":"2019-07-10","closedDate":"","impact":"Medium","lastModifiedUserId":"xierulei@cn.ibm.com","isKey":true,"description":"description 1","lastModified":"2020-07-02T05:44:47Z","_id":"assumption_H1tGDUVxiC8","identifiedBy":"beibei","label":"Assumption 1"}]},"assumption_BypGv8Ngj08":{"coreInfo":[{"modelType":"Assumption","lastModifiedUserId":"xierulei@cn.ibm.com","lastModified":"2020-07-02T05:44:47Z","_id":"assumption_BypGv8Ngj08","label":"Assumption 5"}]},"assumption_ByifvL4go0U":{"coreInfo":[{"modelType":"Assumption","confidenceLevel":"Low","reviewDate":"2019-07-12","closedDate":"2019-07-16","impact":"Low","lastModifiedUserId":"xierulei@cn.ibm.com","isKey":true,"description":"description:\r\nline 1 \r\nline2","lastModified":"2020-07-02T05:44:47Z","_id":"assumption_ByifvL4go0U","identifiedBy":"rulei","label":"Assumption 3"}]},"usecasetext_rkds6EgiCU":{"coreInfo":[{"modelType":"UseCaseText","lastModifiedUserId":"xierulei@cn.ibm.com","description":"","lastModified":"2020-07-02T05:46:43Z","_id":"usecasetext_rkds6EgiCU","label":"copy of use case_1_SJKopNls0I","children":"usecase_2lxBYT8AiLU"}]},"usecasetext_rJBZPIEls08":{"coreInfo":[{"modelType":"UseCaseText","lastModifiedUserId":"xierulei@cn.ibm.com","description":" Use Case Name Description1","lastModified":"2020-07-02T05:44:47Z","_id":"usecasetext_rJBZPIEls08","label":"use case name 1_rJ8WvI4xs0U","children":"usecase_B1NbPUVxjAU"}]},"usecasetext_rkjwExiRI":{"coreInfo":[{"modelType":"UseCaseText","lastModifiedUserId":"xierulei@cn.ibm.com","description":"","lastModified":"2020-07-02T05:45:23Z","_id":"usecasetext_rkjwExiRI","label":"use case_S1xiwEgi0U","children":"usecase_2lxBBKhgJlk,actor_rk1gPLNxs0I,association_2lxBFexlqgi,association_2lxBICPWNem,actor_2lxBbtvW3lW"}]},"usecasetext_HkxnQUlsCI":{"coreInfo":[{"modelType":"UseCaseText","lastModifiedUserId":"xierulei@cn.ibm.com","description":"","lastModified":"2020-07-02T05:52:35Z","_id":"usecasetext_HkxnQUlsCI","label":"copy of use case1_1_HkbnmUesRU","children":"usecase_SJhQLxsRI"}]},"usecasetext_SkObPU4eiA8":{"coreInfo":[{"modelType":"UseCaseText","lastModifiedUserId":"xierulei@cn.ibm.com","description":" Use Case Name Description：\r\nd1\r\nd2","lastModified":"2020-07-02T05:44:47Z","_id":"usecasetext_SkObPU4eiA8","label":"use case name 2_HyFZP8VesAI","children":"usecase_ByPbvLVxjAL"}]},"usecasetext_S120BgsA8":{"coreInfo":[{"modelType":"UseCaseText","lastModifiedUserId":"xierulei@cn.ibm.com","description":"","lastModified":"2020-07-02T05:51:15Z","_id":"usecasetext_S120BgsA8","label":"usecase name_SkgnArejRI","children":"usecase_Hkb3CSlsC8"}]},"usecasetext_HksbDIEeiC8":{"coreInfo":[{"modelType":"UseCaseText","lastModifiedUserId":"xierulei@cn.ibm.com","description":"","lastModified":"2020-07-02T05:51:57Z","_id":"usecasetext_HksbDIEeiC8","label":"use case name 3_Bkh-DI4ejC8","children":"usecase_By9bPIExsA8"}]},"risk_BkDzwUNgs0L":{"coreInfo":[{"modelType":"Risk","reviewDate":"2019-05-29","probability":"Low","impact":"High","lastModifiedUserId":"xierulei@cn.ibm.com","lastModified":"2020-07-02T05:44:47Z","_id":"risk_BkDzwUNgs0L","label":"Risk 3"}]},"risk_H1SzDIEgiRI":{"coreInfo":[{"modelType":"Risk","reviewDate":"2019-07-03","personResponsible":"Liuwei","probability":"High","impact":"Medium","lastModifiedUserId":"xierulei@cn.ibm.com","isKey":false,"description":"The golden build cannot be delivered on time","recommendation":"Continency / Mitigation recommendation 1","effort":"effort 1","lastModified":"2020-07-02T05:44:47Z","_id":"risk_H1SzDIEgiRI","label":"Risk 1"}]},"risk_HyOfv84lj0L":{"coreInfo":[{"modelType":"Risk","lastModifiedUserId":"xierulei@cn.ibm.com","lastModified":"2020-07-02T05:44:47Z","_id":"risk_HyOfv84lj0L","probability":"Medium","impact":"High","label":"Risk 4"}]},"risk_HyUzvI4gi0I":{"coreInfo":[{"modelType":"Risk","reviewDate":"2019-05-28","personResponsible":"Rulei","probability":"Medium","impact":"Low","lastModifiedUserId":"xierulei@cn.ibm.com","isKey":true,"description":"this is desc\r\nline 2\r\nline3","recommendation":"Continency / Mitigation recommendation 2:\r\nLine 1\r\nline2","effort":"effort 2","lastModified":"2020-07-02T05:44:47Z","_id":"risk_HyUzvI4gi0I","label":"Risk 2"}]},"issue_Byk7DINesRL":{"coreInfo":[{"modelType":"Issue","issueResponsibility":"Mingjin","reviewDate":"2019-07-11","lastModifiedUserId":"xierulei@cn.ibm.com","isKey":false,"action":"Risk Change Reference","description":"Issue Description 2：\r\nline1\r\nline 2","lastModified":"2020-07-02T05:44:47Z","_id":"issue_Byk7DINesRL","raisedBy":"Beibei bei","priority":"High","label":"Issues 2"}]},"issue_Sk0fwU4xoRI":{"coreInfo":[{"modelType":"Issue","issueResponsibility":"Liuwei","reviewDate":"2019-07-10","lastModifiedUserId":"xierulei@cn.ibm.com","isKey":true,"action":"Risk Change Reference","description":"Issue Description 1","lastModified":"2020-07-02T05:44:47Z","_id":"issue_Sk0fwU4xoRI","raisedBy":"rulei","priority":"Medium","label":"Issues 1"}]},"issue_rkW7DL4gi08":{"coreInfo":[{"modelType":"Issue","lastModifiedUserId":"xierulei@cn.ibm.com","lastModified":"2020-07-02T05:44:47Z","_id":"issue_rkW7DL4gi08","label":"Issues 4"}]},"issue_ByxQD8VxjAL":{"coreInfo":[{"modelType":"Issue","issueResponsibility":"Dev","reviewDate":"2019-07-12","lastModifiedUserId":"xierulei@cn.ibm.com","isKey":true,"action":"Risk Change Reference","description":"No browser xxx","lastModified":"2020-07-02T05:44:47Z","_id":"issue_ByxQD8VxjAL","priority":"Low","raisedBy":"rulei","label":"Issues 3"}]},"dependency_SJfmPIVxoAL":{"coreInfo":[{"modelType":"Dependency","owner":"rulei","closedDate":"Sun Jul 07 2019 00:00:00 GMT+0000 (UTC)","lastModifiedUserId":"xierulei@cn.ibm.com","isKey":false,"requiredByDate":"2019-07-30","description":"Dependency description 1","effectOnPlan":"Effect on plan 1","lastModified":"2020-07-02T05:44:47Z","_id":"dependency_SJfmPIVxoAL","associatedRiskId":"3424324324","label":"Dependency 1"}]},"dependency_B1OINliA8":{"coreInfo":[{"modelType":"Dependency","owner":"mingjin","closedDate":"2019-07-04","lastModifiedUserId":"xierulei@cn.ibm.com","isKey":true,"requiredByDate":"2019-07-31","description":"Dependency description 1:\r\nline1\r\nline2","lastModified":"2020-07-02T05:44:47Z","effectOnPlan":"Effect on plan 2:\r\nLin2\r\nline3","_id":"dependency_B1OINliA8","associatedRiskId":"risk1","label":"Dependency 2"}]},"dependency_HkldUVgsAI":{"coreInfo":[{"modelType":"Dependency","closedDate":"","lastModifiedUserId":"xierulei@cn.ibm.com","requiredByDate":"","description":"","lastModified":"2020-07-02T05:44:47Z","effectOnPlan":"","_id":"dependency_HkldUVgsAI","label":"Dependency 3"}]},"architecturaldecision_rJTWDIVesAL":{"coreInfo":[{"modelType":"ArchitecturalDecision","implications":"Implications 1","problemStatement":"Issue or Problem Statement 1","decision":"adalternative_H1V7QExjC8","motivation":"Motivation 1","derivedRequirements":"Derived Requirements 1","relatedDecisions":"Related Decisions 1","assumptions":"Assumptions 1","lastUpdated":"2019-03-25","lastModifiedUserId":"xierulei@cn.ibm.com","topic":"a topic","subjectArea":"sa subject","justification":"justification 1","lastModified":"2020-07-02T06:14:19Z","_id":"architecturaldecision_rJTWDIVesAL","status":"accepted","label":"AD Name1","ad_id":"z AD1","children":"logicalnode_SkEv8Els0I,logicalcomponent_HyDLNlsRL"},{"modelType":"ADAlternative","description":"alter12 desc\nline 2","contraindications":"alter12contratindication\nline 2","_id":"adalternative_rJS7QVeoC8","bestApplied":"alter 12 best applide\nline 2","label":"alter name 12"},{"modelType":"ADAlternative","description":"alter 1 desc\nline 2","contraindications":"alter 1 contratindication\nline 2","_id":"adalternative_H1V7QExjC8","bestApplied":"alter 1 best applide\nline 2","label":"alter name 1"}]},"architecturaldecision_S1C-DLNxsCU":{"coreInfo":[{"modelType":"ArchitecturalDecision","implications":"Implications 2","problemStatement":"Issue or Problem Statement 2","motivation":"Motivation 2","derivedRequirements":"Derived Requirements 2","relatedDecisions":"Related Decisions 2","assumptions":"Assumptions 2","lastUpdated":"2019-03-26","lastModifiedUserId":"xierulei@cn.ibm.com","topic":"a topic","subjectArea":"sa subject","justification":"justification 2","lastModified":"2020-07-02T05:44:47Z","_id":"architecturaldecision_S1C-DLNxsCU","status":"proposed","label":"AD Name2","ad_id":"AD2","children":"logicalcomponent_HyDLNlsRL"},{"modelType":"ADAlternative","description":"alter2 desc\r\nline 2","contraindications":"alter2contratindication\r\nline 2","_id":"adalternative_SyUXXVeoRI","bestApplied":"alter 2 best applide\r\nline 2","label":"alter name 2"}]},"architecturaldecision_rJgzvUNgj0L":{"coreInfo":[{"modelType":"ArchitecturalDecision","implications":"Implications ：\r\nline1\r\nline2","decision":"adalternative_HJD7m4gjCL","problemStatement":"Issue or Problem Statement 4：\r\nline1\r\nline2","motivation":"Motivation 4","derivedRequirements":"Derived Requirements ：\r\nline1\r\nline2","relatedDecisions":"Related Decisions 4","assumptions":"Assumptions ：\r\nline1\r\nline2","lastUpdated":"2019-03-28","lastModifiedUserId":"xierulei@cn.ibm.com","topic":"a topic","subjectArea":"sa subject","justification":"Justification1\r\nJustification2\r\nJustification6","lastModified":"2020-07-02T05:44:47Z","_id":"architecturaldecision_rJgzvUNgj0L","status":"superseded","label":"AD Name4","ad_id":"AD4","children":"adalternative_HJD7m4gjCL"},{"modelType":"ADAlternative","description":"alter4 desc\r\nline 2","contraindications":"alter4ontratindication\r\nline 2","_id":"adalternative_HJD7m4gjCL","bestApplied":"alter4 best applide\r\nline 2","label":"alter name 4"}]},"architecturaldecision_HJyfPINls0I":{"coreInfo":[{"modelType":"ArchitecturalDecision","implications":"Implications 3","problemStatement":"Issue or Problem Statement 3","motivation":"Motivation 3","derivedRequirements":"Derived Requirements 3","relatedDecisions":"Related Decisions 3","assumptions":"Assumptions 3","lastUpdated":"2019-03-27","lastModifiedUserId":"xierulei@cn.ibm.com","topic":"a topic","subjectArea":"sa subject","lastModified":"2020-07-02T05:44:47Z","justification":"justification 3  justification 3  justification 3 justification 3 ","_id":"architecturaldecision_HJyfPINls0I","status":"deprecated","label":"AD Name3","ad_id":"AD3"}]},"architecturaldecision_BkZfvUEgs08":{"coreInfo":[{"modelType":"ArchitecturalDecision","lastUpdated":"2019-03-28","lastModifiedUserId":"xierulei@cn.ibm.com","lastModified":"2020-07-02T05:44:47Z","_id":"architecturaldecision_BkZfvUEgs08","status":"superseded","label":"AD Name5","ad_id":"AD5","children":"adalternative_HJ_mmNliCL"},{"modelType":"ADAlternative","description":"alter5 desc\r\nline 2","_id":"adalternative_HJ_mmNliCL","label":"alter name 5"}]},"businesschallenge_rJxqg4gsRU":{"coreInfo":[{"modelType":"BusinessChallenge","lastModifiedUserId":"xierulei@cn.ibm.com","description":"<div><i><b>sadfsfdsfsd</b></i></div><div><i><b>dsa</b></i></div><div><i><b>f<img style=\"height:100px;\" src=\"/api/FileManagerAPIs/containers/cafiles/files/file_969001aa88f39539.jpg\"></b></i></div><div><i><b>dsafdsaf<table style=\"width:100%\"><tbody><tr><td style=\"height:42px;border: 1px solid #979797;padding:5px;width:33.333333333333336%\"> </td><td style=\"height:42px;border: 1px solid #979797;padding:5px;width:33.333333333333336%\"> </td><td style=\"height:42px;border: 1px solid #979797;padding:5px;width:33.333333333333336%\"> </td></tr><tr><td style=\"height:42px;border: 1px solid #979797;padding:5px;width:33.333333333333336%\"> </td><td style=\"height:42px;border: 1px solid #979797;padding:5px;width:33.333333333333336%\"> </td><td style=\"height:42px;border: 1px solid #979797;padding:5px;width:33.333333333333336%\"> </td></tr><tr><td style=\"height:42px;border: 1px solid #979797;padding:5px;width:33.333333333333336%\"> </td><td style=\"height:42px;border: 1px solid #979797;padding:5px;width:33.333333333333336%\"> </td><td style=\"height:42px;border: 1px solid #979797;padding:5px;width:33.333333333333336%\"> </td></tr><tr><td style=\"height:42px;border: 1px solid #979797;padding:5px;width:33.333333333333336%\"> sadfsfd</td><td style=\"height:42px;border: 1px solid #979797;padding:5px;width:33.333333333333336%\"> </td><td style=\"height:42px;border: 1px solid #979797;padding:5px;width:33.333333333333336%\"> </td></tr><tr><td style=\"height:42px;border: 1px solid #979797;padding:5px;width:33.333333333333336%\"> </td><td style=\"height:42px;border: 1px solid #979797;padding:5px;width:33.333333333333336%\"> </td><td style=\"height:42px;border: 1px solid #979797;padding:5px;width:33.333333333333336%\"> sdf</td></tr></tbody></table><br></b></i>sadf<br></div>","lastModified":"2020-07-02T05:43:13Z","_id":"businesschallenge_rJxqg4gsRU","label":""}]},"executivesummary_SJxXyEgs0I":{"coreInfo":[{"modelType":"ExecutiveSummary","lastModifiedUserId":"xierulei@cn.ibm.com","description":"<i><b>fsdf<br>sdffds<img style=\"height:100px;\" src=\"/api/FileManagerAPIs/containers/cafiles/files/file_674559bfc5f64740.jpg\"><br>dsa<br></b></i><div><i><b>fdsfdsf</b></i></div><div><i><b><br></b><table style=\"width:100%\"><tbody><tr><td style=\"height:42px;border: 1px solid #979797;padding:5px;width:33.333333333333336%\"> sd</td><td style=\"height:42px;border: 1px solid #979797;padding:5px;width:33.333333333333336%\"> </td><td style=\"height:42px;border: 1px solid #979797;padding:5px;width:33.333333333333336%\"> </td></tr><tr><td style=\"height:42px;border: 1px solid #979797;padding:5px;width:33.333333333333336%\"> </td><td style=\"height:42px;border: 1px solid #979797;padding:5px;width:33.333333333333336%\"> d</td><td style=\"height:42px;border: 1px solid #979797;padding:5px;width:33.333333333333336%\"> </td></tr><tr><td style=\"height:42px;border: 1px solid #979797;padding:5px;width:33.333333333333336%\"> </td><td style=\"height:42px;border: 1px solid #979797;padding:5px;width:33.333333333333336%\"> ewr</td><td style=\"height:42px;border: 1px solid #979797;padding:5px;width:33.333333333333336%\"> </td></tr><tr><td style=\"height:42px;border: 1px solid #979797;padding:5px;width:33.333333333333336%\"> </td><td style=\"height:42px;border: 1px solid #979797;padding:5px;width:33.333333333333336%\"> </td><td style=\"height:42px;border: 1px solid #979797;padding:5px;width:33.333333333333336%\"> sd</td></tr><tr><td style=\"height:42px;border: 1px solid #979797;padding:5px;width:33.333333333333336%\"> </td><td style=\"height:42px;border: 1px solid #979797;padding:5px;width:33.333333333333336%\"> </td><td style=\"height:42px;border: 1px solid #979797;padding:5px;width:33.333333333333336%\"> fdsf</td></tr></tbody></table>adsfdsf<br></i></div>","lastModified":"2020-07-02T05:42:50Z","_id":"executivesummary_SJxXyEgs0I","label":""}]},"functionalrequirement_SJzxOljAI":{"coreInfo":[{"modelType":"FunctionalRequirement","owner":"Ru lei","reviewDate":"2019-09-24","impact":"FR Functional Requirement Impact1","lastModifiedUserId":"xierulei@cn.ibm.com","weight":"Medium","description":"FR Functional Requirement description 1\r\nline 1","id":"FR ID11","lastModified":"2020-07-02T06:01:35Z","_id":"functionalrequirement_SJzxOljAI","label":"FR Name11","children":"logicalcomponent_HyDLNlsRL"}]},"functionalrequirement_ryFeP84xoAI":{"coreInfo":[{"modelType":"FunctionalRequirement","owner":"Ru lei","reviewDate":"Thu Oct 24 2019 00:00:00 GMT+0000 (UTC)","impact":"FR Functional Requirement Impact：\r\nImpact1;\r\nImpact2.","lastModifiedUserId":"xierulei@cn.ibm.com","description":"FR Functional Requirement description\r\nDesc line1;\r\nDesc line2","weight":"High","id":"FR ID3","lastModified":"2020-07-02T05:44:47Z","_id":"functionalrequirement_ryFeP84xoAI","label":"FR Name3"}]},"functionalrequirement_S1_eDU4giAI":{"coreInfo":[{"modelType":"FunctionalRequirement","owner":"Ru lei","reviewDate":"Sat Aug 24 2019 00:00:00 GMT+0000 (UTC)","impact":"FR Functional Requirement Impact","lastModifiedUserId":"xierulei@cn.ibm.com","weight":"Medium","description":"FR Functional Requirement description","id":"FR ID2","lastModified":"2020-07-02T05:44:47Z","_id":"functionalrequirement_S1_eDU4giAI","label":"FR Name2"}]},"functionalrequirement_H1PgPUVxi0L":{"coreInfo":[{"modelType":"FunctionalRequirement","owner":"Ru lei","reviewDate":"2019-07-24","impact":"FR Functional Requirement Impact","lastModifiedUserId":"xierulei@cn.ibm.com","description":"FR Functional Requirement description","weight":"Low","id":"FR ID1","lastModified":"2020-07-02T05:44:47Z","_id":"functionalrequirement_H1PgPUVxi0L","label":"FR Name1"}]}}},"solution_advisors":{},"auditLog":{"_id":"architectureauditentry_UTSd_acGq","archId":"arch_HkLhQeoA8","archChangeLog":[{"_id":"architecturechangelog_V97tKJ3F-","date":"2020-07-02T06:17:46.340Z","type":"CREATE_INST","user":{"fullname":"RU LEI XIE","email":"xierulei@cn.ibm.com"},"artifactTypeId":"artifacttype_02226b19-474e-37a6-ab39-d9bb31767fb5","instanceName":"Notes"},{"_id":"architecturechangelog_flq5it5vU","date":"2020-07-02T06:16:45.510Z","type":"CREATE_INST","user":{"fullname":"RU LEI XIE","email":"xierulei@cn.ibm.com"},"artifactTypeId":"artifacttype_5ca43d50-d7da-322f-a1b0-f65b0c12b2c8","instanceName":"lon"},{"_id":"architecturechangelog_pXZp6hSJ2","date":"2020-07-02T06:15:54.460Z","type":"CREATE_INST","user":{"fullname":"RU LEI XIE","email":"xierulei@cn.ibm.com"},"artifactTypeId":"artifacttype_6e1239a1-6a68-3dae-ae87-b05ecf80d25b","instanceName":"dv"},{"_id":"architecturechangelog_cULZG6GQd","date":"2020-07-02T06:15:02.776Z","type":"CREATE_INST","user":{"fullname":"RU LEI XIE","email":"xierulei@cn.ibm.com"},"artifactTypeId":"artifacttype_4a44b8fa-5057-3826-84d7-169a6fc1f2ed","instanceName":"x"},{"_id":"architecturechangelog_wK1zVCtBf","date":"2020-07-02T06:13:10.406Z","type":"CREATE_INST","user":{"fullname":"RU LEI XIE","email":"xierulei@cn.ibm.com"},"artifactTypeId":"artifacttype_d118451c-0816-3aa5-8b89-3119feb4168a","instanceName":"uu"},{"_id":"architecturechangelog_K8xQBfwXZ","date":"2020-07-02T06:12:53.276Z","type":"CREATE_INST","user":{"fullname":"RU LEI XIE","email":"xierulei@cn.ibm.com"},"artifactTypeId":"artifacttype_d118451c-0816-3aa5-8b89-3119feb4168a","instanceName":"ys"},{"_id":"architecturechangelog_0qL39m27j","date":"2020-07-02T06:06:50.731Z","type":"CREATE_INST","user":{"fullname":"RU LEI XIE","email":"xierulei@cn.ibm.com"},"artifactTypeId":"artifacttype_355f72be-6566-3f48-8b15-c30f671d7c8f","instanceName":"dd"},{"_id":"architecturechangelog_ho3NeqMqe","date":"2020-07-02T06:06:16.068Z","type":"CREATE_INST","user":{"fullname":"RU LEI XIE","email":"xierulei@cn.ibm.com"},"artifactTypeId":"artifacttype_16bfe592-ae95-371c-9f64-3a881b667707","instanceName":"e"},{"_id":"architecturechangelog_BBgCc4QCC","date":"2020-07-02T06:05:10.863Z","type":"CREATE_INST","user":{"fullname":"RU LEI XIE","email":"xierulei@cn.ibm.com"},"artifactTypeId":"artifacttype_2c548a13-6bd9-3edc-a496-0318af82f0d1","instanceName":"k"},{"_id":"architecturechangelog_FtGUQujnV","date":"2020-07-02T06:04:34.723Z","type":"CREATE_INST","user":{"fullname":"RU LEI XIE","email":"xierulei@cn.ibm.com"},"artifactTypeId":"artifacttype_246bc46f-0286-3ad4-bf01-679592db59c7","instanceName":"drd"},{"_id":"architecturechangelog_wDVk3p1VS","date":"2020-07-02T06:01:19.537Z","type":"CREATE_INST","user":{"fullname":"RU LEI XIE","email":"xierulei@cn.ibm.com"},"artifactTypeId":"artifacttype_f0eebd79-15c9-3ebc-a73b-8efc3f634f59","instanceName":"d"},{"_id":"architecturechangelog_Jy92DDQXS","date":"2020-07-02T06:01:14.289Z","type":"DELETE_INST","user":{"fullname":"RU LEI XIE","email":"xierulei@cn.ibm.com"},"artifactTypeId":"artifacttype_f0eebd79-15c9-3ebc-a73b-8efc3f634f59","instanceName":"NFR Name10"},{"_id":"architecturechangelog_-WKnYwUuI","date":"2020-07-02T06:01:03.022Z","type":"CREATE_INST","user":{"fullname":"RU LEI XIE","email":"xierulei@cn.ibm.com"},"artifactTypeId":"artifacttype_12eefe0a-435b-3176-8bbe-4dc928a2e4c3","instanceName":"FR Name11"},{"_id":"architecturechangelog_nzgH2pju9","date":"2020-07-02T05:52:35.938Z","type":"CREATE_INST","user":{"fullname":"RU LEI XIE","email":"xierulei@cn.ibm.com"},"artifactTypeId":"artifacttype_dde4b71c-82db-3f66-964a-3a04fbf56dff","instanceName":"Copy of Use Case1_1"},{"_id":"architecturechangelog_roUXHI2yn","date":"2020-07-02T05:52:08.448Z","type":"CREATE_INST","user":{"fullname":"RU LEI XIE","email":"xierulei@cn.ibm.com"},"artifactTypeId":"artifacttype_dde4b71c-82db-3f66-964a-3a04fbf56dff","instanceName":"eeee"},{"_id":"architecturechangelog__JRSBnX3G","date":"2020-07-02T05:51:57.796Z","type":"RENAME_INST","user":{"fullname":"RU LEI XIE","email":"xierulei@cn.ibm.com"},"artifactTypeId":"artifacttype_dde4b71c-82db-3f66-964a-3a04fbf56dff","originalName":"Use Case Name 3","newName":"Use Case Name 32"},{"_id":"architecturechangelog_frt9Q5lD_","date":"2020-07-02T05:48:00.747Z","type":"CREATE_INST","user":{"fullname":"RU LEI XIE","email":"xierulei@cn.ibm.com"},"artifactTypeId":"artifacttype_cde39d5e-c892-3093-ab3d-bad448acb8a0","instanceName":"ucd2"},{"_id":"architecturechangelog_w4O_iUYY-","date":"2020-07-02T05:47:53.476Z","type":"RENAME_INST","user":{"fullname":"RU LEI XIE","email":"xierulei@cn.ibm.com"},"artifactTypeId":"artifacttype_dde4b71c-82db-3f66-964a-3a04fbf56dff","originalName":"Copy of Use Case_1","newName":"<div>uc <br></div><div>line1</div><div>lie2<br></div>"},{"_id":"architecturechangelog_GG9KT_0Qu","date":"2020-07-02T05:47:24.266Z","type":"DELETE_INST","user":{"fullname":"RU LEI XIE","email":"xierulei@cn.ibm.com"},"artifactTypeId":"artifacttype_dde4b71c-82db-3f66-964a-3a04fbf56dff","instanceName":"Copy of Use Case"},{"_id":"architecturechangelog_uN769VAhqW","date":"2020-07-02T05:46:43.594Z","type":"CREATE_INST","user":{"fullname":"RU LEI XIE","email":"xierulei@cn.ibm.com"},"artifactTypeId":"artifacttype_dde4b71c-82db-3f66-964a-3a04fbf56dff","instanceName":"Copy of Use Case"},{"_id":"architecturechangelog_uEVSeSrgU","date":"2020-07-02T05:46:43.571Z","type":"CREATE_INST","user":{"fullname":"RU LEI XIE","email":"xierulei@cn.ibm.com"},"artifactTypeId":"artifacttype_dde4b71c-82db-3f66-964a-3a04fbf56dff","instanceName":"Copy of Use Case_1"},{"_id":"architecturechangelog_ngE0WwnWU","date":"2020-07-02T05:45:07.563Z","type":"CREATE_INST","user":{"fullname":"RU LEI XIE","email":"xierulei@cn.ibm.com"},"artifactTypeId":"artifacttype_dde4b71c-82db-3f66-964a-3a04fbf56dff","instanceName":"Use Case"},{"_id":"architecturechangelog_7kdSj2L1_","date":"2020-07-02T05:44:49.429Z","type":"UPDATE","user":{"fullname":"RU LEI XIE","email":"xierulei@cn.ibm.com"}},{"_id":"architecturechangelog_6KhizmLg3","date":"2020-07-02T05:44:10.976Z","type":"CREATE_INST","user":{"fullname":"RU LEI XIE","email":"xierulei@cn.ibm.com"},"artifactTypeId":"artifacttype_cde39d5e-c892-3093-ab3d-bad448acb8a0","instanceName":"ucd1"},{"_id":"architecturechangelog_J6GjsCX9U","date":"2020-07-02T05:44:00.361Z","type":"CREATE_INST","user":{"fullname":"RU LEI XIE","email":"xierulei@cn.ibm.com"},"artifactTypeId":"artifacttype_8ca70362-e3d1-3b9c-91d1-f755d029a2e3","instanceName":"System Context"},{"_id":"architecturechangelog_tw-O9KXk7","date":"2020-07-02T05:43:13.816Z","type":"CREATE_INST","user":{"fullname":"RU LEI XIE","email":"xierulei@cn.ibm.com"},"artifactTypeId":"artifacttype_d1ab4a95-e05f-3882-9f19-6500fc0d3b2b","instanceName":""},{"_id":"architecturechangelog_SLB2UwBVP","date":"2020-07-02T05:42:51.035Z","type":"CREATE_INST","user":{"fullname":"RU LEI XIE","email":"xierulei@cn.ibm.com"},"artifactTypeId":"artifacttype_9edbd406-69fb-3a95-8b2e-58a0974b2710","instanceName":""},{"_id":"architecturechangelog_Q0Lt5vmnF","date":"2020-07-02T05:42:07.495Z","type":"CREATE","user":{"fullname":"RU LEI XIE","email":"xierulei@cn.ibm.com"}}]}}