{"_id":"arch_ByYXCqEaS","name":"CA_Donot_Edit_AutoSourceForGithub_gbbguoxa","type":"Solution","status":"Pending","created":"2019-12-04T02:46:57Z","lastModified":"2019-12-04T02:46:57Z","includedArtifacts":[{"_id":"art_BJ9VYXA946r","typeId":"assetartifact_notes","artifactTypeId":"artifacttype_HkflqVLQh_r","type":"Notes","globalTOCPosition":"8"},{"_id":"art_SylFQCq46S","typeId":"assetartifact_nonfunctionalrequirement","artifactTypeId":"artifacttype_H1S9NIXnuH","type":"Non Functional Requirements","globalTOCPosition":"3.3"},{"_id":"art_HyCgFXA5E6H","typeId":"assetartifact_operationalmodel_physicaloperational","artifactTypeId":"artifacttype_HJEx9VLQ3uH","type":"Physical Operational View","globalTOCPosition":"5.4.2"},{"_id":"art_r1XYK7RcNaS","typeId":"assetartifact_usecase_ucdiagram","artifactTypeId":"artifacttype_SJDxqEU73_B","type":"Use Case Diagram","globalTOCPosition":"3.1.1"},{"_id":"art_By6WtQAqVTS","typeId":"assetartifact_architectureoverview_aodservice","artifactTypeId":"artifacttype_B1LcEL7hdB","type":"Services View","globalTOCPosition":"5.1.1"},{"_id":"art_rkazF70q4aB","typeId":"assetartifact_executivesummary","artifactTypeId":"artifacttype_Hkl5VLm3OB","type":"Overview","globalTOCPosition":"1"},{"_id":"art_HJoGt7C5ETr","typeId":"assetartifact_businesschallenge","artifactTypeId":"artifacttype_rk9V8Q3dr","type":"Business Challenge","globalTOCPosition":"2.1"},{"_id":"art_SyFzFQ05V6S","typeId":"assetartifact_risk","artifactTypeId":"artifacttype_BkegcE87hOr","type":"Risks","globalTOCPosition":"6.1"},{"_id":"art_SyvzF7Rq46H","typeId":"assetartifact_architecture_principles","artifactTypeId":"artifacttype_SJiq4I7hOr","type":"Architectural Principles","globalTOCPosition":"7"},{"_id":"art_rJ4GFX0cV6B","typeId":"assetartifact_issue","artifactTypeId":"artifacttype_SJbg54UQ3_S","type":"Issues","globalTOCPosition":"6.3"},{"_id":"art_H1B4YXA5VpS","typeId":"assetartifact_architectureoverview_itsystem","artifactTypeId":"artifacttype_SJz94L7h_H","type":"IT System View","globalTOCPosition":"5.1.3"},{"_id":"art_rkuFt7R54ar","typeId":"assetartifact_architecturedecision","artifactTypeId":"artifacttype_rkwqVLm2Or","type":"Architectural Decisions","globalTOCPosition":"5.2"},{"_id":"art_BJGNY7A5NaB","typeId":"assetartifact_operationalmodel_logicaloperational","artifactTypeId":"artifacttype_HJaqV8XhdH","type":"Logical Operational View","globalTOCPosition":"5.4.1"},{"_id":"art_SJymtQC9EpH","typeId":"assetartifact_logical_datamodel","artifactTypeId":"artifacttype_rkOx9EU7n_H","type":"Logical Data Model","globalTOCPosition":"4.1"},{"_id":"art_HJlrt7R9NTB","typeId":"assetartifact_architectureoverview_enterprise","artifactTypeId":"artifacttype_ByY5NLXhuH","type":"Enterprise View","globalTOCPosition":"5.1.2"},{"_id":"art_SJKwFm05EpH","typeId":"assetartifact_componentmodel_staticview","artifactTypeId":"artifacttype_HyJecEImhuS","type":"Static View","globalTOCPosition":"5.3.1"},{"_id":"art_SyPvFQAcN6B","typeId":"assetartifact_dependency","artifactTypeId":"artifacttype_rk554Um3dB","type":"Dependencies","globalTOCPosition":"6.4"},{"_id":"art_Hkg_YXRcVTH","typeId":"assetartifact_functionalrequirement","artifactTypeId":"artifacttype_HkZ94Imh_B","type":"Functional Requirements","globalTOCPosition":"3.2"},{"_id":"art_rkhuKQRcVpH","typeId":"assetartifact_systemcontext","artifactTypeId":"artifacttype_ry7cV873OS","type":"System Context","globalTOCPosition":"2.2"},{"_id":"art_ryd_KmR9Nar","typeId":"assetartifact_architectureoverview_usagescenario","artifactTypeId":"artifacttype_Hku9V8X3uH","type":"Usage Scenario","globalTOCPosition":"5.1.4"},{"_id":"art_SJYrFXAqN6S","typeId":"assetartifact_assumption","artifactTypeId":"artifacttype_BJhcE87huS","type":"Assumptions","globalTOCPosition":"6.2"},{"_id":"art_By3rK7A946H","typeId":"assetartifact_usecase_uctext","artifactTypeId":"artifacttype_B1Nc4UX3_S","type":"Use Case","globalTOCPosition":"3.1.2"},{"_id":"art_SkIUtmRcNTS","typeId":"assetartifact_componentmodel_dynamicview","artifactTypeId":"artifacttype_B10q4UQ3Or","type":"Dynamic View","globalTOCPosition":"5.3.2"}],"industry":[],"technology":[],"technicalCapability":[],"businessCapability":[],"client":[],"template":{"_id":"template_company_ibm","name":"Solution Architecture Template","description":"Default ToC","isGlobalDefaultTemplate":true},"executiveSummary":"Y07EsIJsyJx06iaM7CXhtYmTo9Bthis is overview<div><br></div><img style=\"height:100px;\" src=\"/api/FileManagerAPIs/containers/cafiles/files/file_fc52d57b2b7b992c.png\">","tag":[],"schemaVersion":"1.2","appVersion":"2.6.1"}