{"toc":[{"globalTOCPosition":"1","artifactTypeName":"Overview","artifactType":"assetartifact_executivesummary","displayName":"Overview","format":"text","_id":"artifacttype_Hkl5VLm3OB","child":[],"hasContent":true},{"globalTOCPosition":"2","displayName":"Scope","parentGroup":"","_id":"artifactgroup_SkbsNIX2ur","child":[{"artifactTypeName":"Business Challenge","globalTOCPosition":"2.1","artifactType":"assetartifact_businesschallenge","displayName":"Business Challenge","format":"text","_id":"artifacttype_rk9V8Q3dr","hasContent":true},{"globalTOCPosition":"2.2","artifactTypeName":"System Context","artifactType":"assetartifact_systemcontext","displayName":"System Context","format":"diagram","_id":"artifacttype_ry7cV873OS","hasContent":true}]},{"globalTOCPosition":"3","displayName":"Requirement","parentGroup":"","_id":"artifactgroup_Sygj4L73Or","child":[{"globalTOCPosition":"3.1","displayName":"Use Case Model","parentGroup":"artifactgroup_Sygj4L73Or","_id":"artifactgroup_B1qjNIXndH","child":[{"artifactTypeName":"Use Case Diagram","globalTOCPosition":"3.1.1","artifactType":"assetartifact_usecase_ucdiagram","displayName":"Use Case Diagram","format":"diagram","_id":"artifacttype_SJDxqEU73_B","hasContent":true},{"globalTOCPosition":"3.1.2","artifactTypeName":"Use Case","artifactType":"assetartifact_usecase_uctext","displayName":"Use Case","format":"text","_id":"artifacttype_B1Nc4UX3_S","hasContent":true}]},{"artifactTypeName":"Functional Requirements","globalTOCPosition":"3.2","artifactType":"assetartifact_functionalrequirement","displayName":"Functional Requirements","format":"text","_id":"artifacttype_HkZ94Imh_B","hasContent":true},{"artifactTypeName":"Non Functional Requirements","globalTOCPosition":"3.3","artifactType":"assetartifact_nonfunctionalrequirement","displayName":"Non Functional Requirements","format":"text","_id":"artifacttype_H1S9NIXnuH","hasContent":true}]},{"globalTOCPosition":"4","displayName":"Data Model","parentGroup":"","_id":"artifactgroup_HJoiELQh_S","child":[{"artifactTypeName":"Logical Data Model","globalTOCPosition":"4.1","artifactType":"assetartifact_logical_datamodel","displayName":"Logical Data Model","format":"diagram","_id":"artifacttype_rkOx9EU7n_H","hasContent":true}]},{"globalTOCPosition":"5","displayName":"Architecture","parentGroup":"","_id":"artifactgroup_rJi4LmhOr","child":[{"globalTOCPosition":"5.1","displayName":"Architecture Overview","parentGroup":"artifactgroup_rJi4LmhOr","_id":"artifactgroup_rkIj48mhOB","child":[{"artifactTypeName":"Services View","globalTOCPosition":"5.1.1","artifactType":"assetartifact_architectureoverview_aodservice","displayName":"Services View","format":"diagram","_id":"artifacttype_B1LcEL7hdB","hasContent":true},{"artifactTypeName":"Enterprise View","globalTOCPosition":"5.1.2","artifactType":"assetartifact_architectureoverview_enterprise","displayName":"Enterprise View","format":"diagram","_id":"artifacttype_ByY5NLXhuH","hasContent":true},{"artifactTypeName":"IT System View","globalTOCPosition":"5.1.3","artifactType":"assetartifact_architectureoverview_itsystem","displayName":"IT System View","format":"diagram","_id":"artifacttype_SJz94L7h_H","hasContent":true},{"artifactTypeName":"Usage Scenario","globalTOCPosition":"5.1.4","artifactType":"assetartifact_architectureoverview_usagescenario","displayName":"Usage Scenario","format":"diagram","_id":"artifacttype_Hku9V8X3uH","hasContent":true}]},{"artifactTypeName":"Architectural Decisions","globalTOCPosition":"5.2","artifactType":"assetartifact_architecturedecision","displayName":"Architectural Decisions","format":"text","_id":"artifacttype_rkwqVLm2Or","parentGroup":"artifactgroup_rJi4LmhOr","child":[],"hasContent":true},{"globalTOCPosition":"5.3","displayName":"Component Model","parentGroup":"artifactgroup_rJi4LmhOr","_id":"artifactgroup_rkGj4ImhuB","child":[{"artifactTypeName":"Static View","globalTOCPosition":"5.3.1","artifactType":"assetartifact_componentmodel_staticview","displayName":"Static View","format":"diagram","_id":"artifacttype_HyJecEImhuS","hasContent":true},{"artifactTypeName":"Dynamic View","globalTOCPosition":"5.3.2","artifactType":"assetartifact_componentmodel_dynamicview","displayName":"Dynamic View","format":"diagram","_id":"artifacttype_B10q4UQ3Or","hasContent":true}]},{"globalTOCPosition":"5.4","displayName":"Operational Model","parentGroup":"artifactgroup_rJi4LmhOr","_id":"artifactgroup_SkXjVIX3uB","child":[{"artifactTypeName":"Logical Operational View","globalTOCPosition":"5.4.1","artifactType":"assetartifact_operationalmodel_logicaloperational","displayName":"Logical Operational View","format":"diagram","_id":"artifacttype_HJaqV8XhdH","hasContent":true},{"artifactTypeName":"Physical Operational View","globalTOCPosition":"5.4.2","artifactType":"assetartifact_operationalmodel_physicaloperational","displayName":"Physical Operational View","format":"diagram","_id":"artifacttype_HJEx9VLQ3uH","hasContent":true}]}]},{"globalTOCPosition":"6","displayName":"RAID","parentGroup":"","_id":"artifactgroup_rkKoELQ2_H","child":[{"globalTOCPosition":"6.1","artifactTypeName":"Risks","artifactType":"assetartifact_risk","displayName":"Risks","format":"text","_id":"artifacttype_BkegcE87hOr","hasContent":true},{"globalTOCPosition":"6.2","artifactTypeName":"Assumptions","artifactType":"assetartifact_assumption","displayName":"Assumptions","format":"text","_id":"artifacttype_BJhcE87huS","hasContent":true},{"globalTOCPosition":"6.3","artifactTypeName":"Issues","artifactType":"assetartifact_issue","displayName":"Issues","format":"text","_id":"artifacttype_SJbg54UQ3_S","hasContent":true},{"globalTOCPosition":"6.4","artifactTypeName":"Dependencies","artifactType":"assetartifact_dependency","displayName":"Dependencies","format":"text","_id":"artifacttype_rk554Um3dB","hasContent":true}]},{"artifactTypeName":"Architectural Principles","globalTOCPosition":"7","artifactType":"assetartifact_architecture_principles","displayName":"Architectural Principles","format":"text","_id":"artifacttype_SJiq4I7hOr","child":[],"hasContent":true},{"globalTOCPosition":"8","artifactTypeName":"Notes","artifactType":"assetartifact_notes","displayName":"Notes","format":"text","_id":"artifacttype_HkflqVLQh_r","child":[],"hasContent":true}],"toc_cards":{"nonfunctionalrequirement":{"artifacttype_H1S9NIXnuH":["nonfunctionalrequirement_SJbKQR5NaS"]},"notes":{"artifacttype_HkflqVLQh_r":["notes_rJjEtXC5NpH"]},"lomPhysicalViews":{"artifacttype_HJEx9VLQ3uH":[{"additionalInfo":{},"_id":"pomview_HyyZFm0cV6r","name":"pom","description":"","lastModifiedInfo":{"userId":"gbbguoxa@cn.ibm.com","date":"2019-12-04T02:46:57Z"}}]},"aodServices":{"artifacttype_B1LcEL7hdB":[{"additionalInfo":{},"_id":"aodservices_BJ0WYmA54Tr","name":"sv","description":"","lastModifiedInfo":{"userId":"gbbguoxa@cn.ibm.com","date":"2019-12-04T02:46:57Z"}}]},"useCaseViews":{"artifacttype_SJDxqEU73_B":[{"additionalInfo":{},"_id":"usecasediagram_By4YtQRqN6B","name":"ucd","description":"ucd desc","lastModifiedInfo":{"userId":"gbbguoxa@cn.ibm.com","date":"2019-12-04T02:46:57Z"}}]},"architectureprinciple":{"artifacttype_SJiq4I7hOr":["architectureprinciple_SkdMKX05VTH"]},"executivesummary":{"artifacttype_Hkl5VLm3OB":["executivesummary_HJRGYQ0q4pr"]},"risk":{"artifacttype_BkegcE87hOr":["risk_B1cMK7AcE6B"]},"businesschallenge":{"artifacttype_rk9V8Q3dr":["businesschallenge_Synftm0cETr"]},"lomViews":{"artifacttype_HJaqV8XhdH":[{"additionalInfo":{},"_id":"lomview_HJQNF7A9E6S","name":"lom","description":"","lastModifiedInfo":{"userId":"gbbguoxa@cn.ibm.com","date":"2019-12-04T02:46:57Z"}}]},"dependency":{"artifacttype_rk554Um3dB":["dependency_BJuwKX05EaH"]},"architecturaldecision":{"artifacttype_rkwqVLm2Or":["architecturaldecision_SyKYK7AcE6H"]},"issue":{"artifacttype_SJbg54UQ3_S":["issue_H1SMKmR5Epr","issue_SkUzFXA54ar"]},"logicalERD":{"artifacttype_rkOx9EU7n_H":[{"additionalInfo":{},"_id":"logicalerd_B1e7tmR9VTB","name":"erd","description":"","lastModifiedInfo":{"userId":"gbbguoxa@cn.ibm.com","date":"2019-12-04T02:46:57Z"}}]},"aodEnterprises":{"artifacttype_ByY5NLXhuH":[{"additionalInfo":{},"_id":"aodenterprise_r1brFX09V6B","name":"ev","description":"","lastModifiedInfo":{"userId":"gbbguoxa@cn.ibm.com","date":"2019-12-04T02:46:57Z"}}]},"aodITSystems":{"artifacttype_SJz94L7h_H":[{"additionalInfo":{},"_id":"aoditsystem_B184F7RqVpr","name":"itsv","description":"","lastModifiedInfo":{"userId":"gbbguoxa@cn.ibm.com","date":"2019-12-04T02:46:57Z"}}]},"functionalrequirement":{"artifacttype_HkZ94Imh_B":["functionalrequirement_B1bdtm09EaB"]},"systemContext":{"artifacttype_ry7cV873OS":[{"additionalInfo":{},"_id":"systemcontext_ByT_KmC5NaB","name":"System Context","description":"","lastModifiedInfo":{"userId":"gbbguoxa@cn.ibm.com","date":"2019-12-04T02:46:57Z"}}]},"cmStaticViews":{"artifacttype_HyJecEImhuS":[{"additionalInfo":{},"_id":"cmstaticview_r1cwKmA5Epr","name":"stv","description":"","lastModifiedInfo":{"userId":"gbbguoxa@cn.ibm.com","date":"2019-12-04T02:46:57Z"}}]},"assumption":{"artifacttype_BJhcE87huS":["assumption_SycSK7R9VTS","assumption_r1iHYXC9E6S"]},"usecasetext":{"artifacttype_B1Nc4UX3_S":["usecasetext_SJm8KQ05NpS","usecasetext_SyTrFQC9NTS"]},"cmDynamicViews":{"artifacttype_B10q4UQ3Or":[{"additionalInfo":{},"_id":"cmdynamicview_S1w8KQAqE6H","name":"dv","description":"","lastModifiedInfo":{"userId":"gbbguoxa@cn.ibm.com","date":"2019-12-04T02:46:57Z"}}]},"aodUsageScenarios":{"artifacttype_Hku9V8X3uH":[{"additionalInfo":{"refType":"AODServices","refName":"sv"},"_id":"aodusagescenario_HJY_t7R9NpH","name":"us","description":"","lastModifiedInfo":{"userId":"gbbguoxa@cn.ibm.com","date":"2019-12-04T02:46:57Z"}}]}},"textual":{"instances":{"nonfunctionalrequirement_SJbKQR5NaS":{"coreInfo":[{"modelType":"NonFunctionalRequirement","lastModifiedUserId":"gbbguoxa@cn.ibm.com","theme":"Performance","lastModified":"2019-12-04T02:46:57Z","_id":"nonfunctionalrequirement_SJbKQR5NaS","artifactTypeId":"artifacttype_H1S9NIXnuH","priority":"Critical","label":"nfr","nfr_id":"nfr","children":"du_B1Het7RcVar,logicalnode_S1fY70546r,physicalnode_H1BFQ05N6S,physicalnode_B1OYm054ar,logicalnode_rJjtmC54Tr,physicalnode_ByPt7C9V6S,logicalcomponent_r1IeK7R94pH,logicalcomponent_BkzxKQA9EpH,logicalcomponent_HyoetQCcEaH"}]},"notes_rJjEtXC5NpH":{"coreInfo":[{"modelType":"Notes","attachments":["https://cse-qa-app.austin.ibm.com:4009/api/FileManagerAPIs/containers/cafiles/files/file_f1d6d88d4d643292.json#arch_Hy6bTLneB.summary.json","https://cse-qa-app.austin.ibm.com:4009/api/FileManagerAPIs/containers/cafiles/files/file_c512fe5e0450b076.json#arch_Hy6bTLneB.detail.json"],"lastModifiedUserId":"gbbguoxa@cn.ibm.com","lastModified":"2019-12-04T02:46:57Z","_id":"notes_rJjEtXC5NpH","content":"<img style=\"height:100px;\" src=\"/api/FileManagerAPIs/containers/cafiles/files/file_31854f1a0a70be4e.png\"><img style=\"height:100px;\" src=\"/api/FileManagerAPIs/containers/cafiles/files/file_3b9e4ae38a3e6a56.png\">","label":"note"},{"modelType":"Label","description":"this","_id":"label_HJySFm09Nar","userId":"cabuild@cn.ibm.com","label":"this"},{"modelType":"Label","description":"Workshop Jan. 2019","_id":"label_H16VYmCcEaS","userId":"cabuild@cn.ibm.com","label":"Workshop Jan. 2019"},{"modelType":"Label","description":"Notification","_id":"label_rJRNYQR5E6r","userId":"cabuild@cn.ibm.com","label":"Notification"},{"modelType":"Label","description":"ha'h","_id":"label_B13VtmAq4pr","userId":"cabuild@cn.ibm.com","label":"ha'h"}]},"architectureprinciple_SkdMKX05VTH":{"coreInfo":[{"modelType":"ArchitecturePrinciple","lastModifiedUserId":"gbbguoxa@cn.ibm.com","lastModified":"2019-12-04T02:46:57Z","_id":"architectureprinciple_SkdMKX05VTH","label":"ap1"}]},"executivesummary_HJRGYQ0q4pr":{"coreInfo":[{"modelType":"ExecutiveSummary","lastModifiedUserId":"gbbguoxa@cn.ibm.com","description":"Y07EsIJsyJx06iaM7CXhtYmTo9Bthis is overview<div><br></div><img style=\"height:100px;\" src=\"/api/FileManagerAPIs/containers/cafiles/files/file_fc52d57b2b7b992c.png\">","lastModified":"2019-12-04T02:46:57Z","_id":"executivesummary_HJRGYQ0q4pr","label":""}]},"risk_B1cMK7AcE6B":{"coreInfo":[{"modelType":"Risk","lastModifiedUserId":"gbbguoxa@cn.ibm.com","lastModified":"2019-12-04T02:46:57Z","_id":"risk_B1cMK7AcE6B","label":"risk"}]},"businesschallenge_Synftm0cETr":{"coreInfo":[{"modelType":"BusinessChallenge","lastModifiedUserId":"gbbguoxa@cn.ibm.com","description":"this is bc<div><br></div><img style=\"height:100px;\" src=\"/api/FileManagerAPIs/containers/cafiles/files/file_fc52d57b2b7b992c.png\">","lastModified":"2019-12-04T02:46:57Z","_id":"businesschallenge_Synftm0cETr","label":""}]},"dependency_BJuwKX05EaH":{"coreInfo":[{"modelType":"Dependency","isKey":true,"lastModifiedUserId":"gbbguoxa@cn.ibm.com","description":"","lastModified":"2019-12-04T02:46:57Z","effectOnPlan":"","_id":"dependency_BJuwKX05EaH","label":"d"}]},"architecturaldecision_SyKYK7AcE6H":{"coreInfo":[{"modelType":"ArchitecturalDecision","lastUpdated":"2019-07-05","lastModifiedUserId":"gbbguoxa@cn.ibm.com","lastModified":"2019-12-04T02:46:57Z","_id":"architecturaldecision_SyKYK7AcE6H","status":"proposed","label":"ad","ad_id":"ad","children":"physicalnode_H1BFQ05N6S,logicalnode_rJjtmC54Tr,logicalnode_S1fY70546r,physicalnode_ByPt7C9V6S,physicalnode_B1OYm054ar,logicalcomponent_r1IeK7R94pH,logicalcomponent_BkzxKQA9EpH,logicalcomponent_HyoetQCcEaH"}]},"issue_H1SMKmR5Epr":{"coreInfo":[{"modelType":"Issue","lastModifiedUserId":"gbbguoxa@cn.ibm.com","lastModified":"2019-12-04T02:46:57Z","_id":"issue_H1SMKmR5Epr","label":"i1"}]},"issue_SkUzFXA54ar":{"coreInfo":[{"modelType":"Issue","lastModifiedUserId":"gbbguoxa@cn.ibm.com","lastModified":"2019-12-04T02:46:57Z","_id":"issue_SkUzFXA54ar","label":"i2"}]},"functionalrequirement_B1bdtm09EaB":{"coreInfo":[{"modelType":"FunctionalRequirement","owner":"fr","impact":"fr","lastModifiedUserId":"gbbguoxa@cn.ibm.com","description":"fr","weight":"Low","lastModified":"2019-12-04T02:46:57Z","id":"fr","_id":"functionalrequirement_B1bdtm09EaB","artifactTypeId":"artifacttype_HkZ94Imh_B","label":"fr","children":"logicalcomponent_r1IeK7R94pH"}]},"assumption_r1iHYXC9E6S":{"coreInfo":[{"modelType":"Assumption","lastModifiedUserId":"gbbguoxa@cn.ibm.com","lastModified":"2019-12-04T02:46:57Z","_id":"assumption_r1iHYXC9E6S","label":"a2"}]},"assumption_SycSK7R9VTS":{"coreInfo":[{"modelType":"Assumption","lastModifiedUserId":"gbbguoxa@cn.ibm.com","lastModified":"2019-12-04T02:46:57Z","_id":"assumption_SycSK7R9VTS","label":"a1"}]},"usecasetext_SJm8KQ05NpS":{"coreInfo":[{"modelType":"UseCaseText","lastModifiedUserId":"gbbguoxa@cn.ibm.com","description":"","lastModified":"2019-12-04T02:46:57Z","_id":"usecasetext_SJm8KQ05NpS","label":"uc2_BygEeVmILH","children":"usecase_rJ4UYmRcVpr"}]},"usecasetext_SyTrFQC9NTS":{"coreInfo":[{"modelType":"UseCaseText","lastModifiedUserId":"gbbguoxa@cn.ibm.com","description":"","lastModified":"2019-12-04T02:46:57Z","_id":"usecasetext_SyTrFQC9NTS","label":"use case_rklwg9Jqrr","children":"actor_Hym-K7A54ar,association_HkZLtXR54aH,usecase_S10HY7CqVaH"}]}}},"combined":{"coreInfo":[{"modelType":"LogicalNode","description":"","_id":"logicalnode_S1fY70546r","cardinality":"1","label":"ln5"},{"modelType":"PhysicalNode","description":"","_id":"physicalnode_H1BFQ05N6S","type":"Physical","cardinality":"1","label":"P. Node","children":"physicalnode_ByPt7C9V6S,logicalnode_S1fY70546r"},{"modelType":"PhysicalNode","description":"","_id":"physicalnode_B1OYm054ar","type":"Container","cardinality":"1","label":"C. Node"},{"modelType":"LogicalNode","description":"","_id":"logicalnode_rJjtmC54Tr","cardinality":"1","label":"ln2","children":"du_r1pYmC9VaH"},{"modelType":"PhysicalNode","description":"","_id":"physicalnode_ByPt7C9V6S","type":"Virtual","cardinality":"1","label":"V. Node","children":"logicalnode_rJjtmC54Tr,physicalnode_B1OYm054ar"},{"modelType":"DU","level":"Functional","description":"This was derived from the logical node in the IT System View","_id":"du_r1pYmC9VaH","type":"Executable","label":"SYS_DU_1Nj8gdSmShH","children":"logicalcomponent_ByRtQRq4pS"},{"modelType":"LogicalComponent","level":"Application","description":"This was derived from the deployment unit in the IT System View","_id":"logicalcomponent_ByRtQRq4pS","label":"SYS_LC_1Nj8gdSmShH","children":"physicalcomponent_S1JxKXAcEar"},{"modelType":"PhysicalComponent","description":"","_id":"physicalcomponent_S1JxKXAcEar","url":"","label":"pc2"},{"modelType":"Actor","description":"","_id":"actor_Hym-K7A54ar","type":"Human","label":"Human"},{"modelType":"OMLocation","description":"","_id":"omlocation_B1g-YmR5Ear","cardinality":"1","label":"OMLocation","children":"physicalnode_H1BFQ05N6S,actor_Hym-K7A54ar,logicalnode_S1fY70546r,logicalnode_rJjtmC54Tr"},{"level":"Functional","description":"","_id":"du_ByXdtmC9NTH","type":"Executable","modelType":"DU","label":"du3","children":"logicalcomponent_BkzxKQA9EpH"},{"level":"Functional","description":"","_id":"du_r1DutX05Vpr","type":"Executable","modelType":"DU","label":"du5","children":"logicalcomponent_HyE_KmC9EpB"},{"level":"Functional","description":"","_id":"du_SkUdtXRq4TH","type":"Executable","modelType":"DU","label":"du4","children":"logicalcomponent_HyoetQCcEaH"},{"level":"Functional","description":"","_id":"du_B1Het7RcVar","type":"Executable","modelType":"DU","label":"du1","children":"logicalcomponent_r1IeK7R94pH"},{"modelType":"LogicalComponent","level":"Application","description":"","_id":"logicalcomponent_r1IeK7R94pH","label":"lc1","children":"physicalcomponent_SyulFQAqVpB"},{"modelType":"LogicalConnector","description":"","_id":"logicalconnector_SJeMtmR54aB","label":""},{"modelType":"PhysicalComponent","description":"","_id":"physicalcomponent_SyulFQAqVpB","url":"","label":"pc1"},{"modelType":"Association","description":"","_id":"association_HkZLtXR54aH","type":"","label":"","to":"actor_Hym-K7A54ar","from":"usecase_S10HY7CqVaH"},{"modelType":"UseCase","description":"","_id":"usecase_S10HY7CqVaH","label":"uc1","uc_id":"uc1"},{"modelType":"Association","description":"","_id":"association_HkrYF7C5E6r","type":"Extend","label":"Extend"},{"modelType":"UseCase","description":"","_id":"usecase_rJ4UYmRcVpr","label":"uc2","uc_id":"uc2"},{"modelType":"SpecializationConnection","_id":"specializationconnection_H1lNtmRq4ar","type":"parent","label":"","to":"entity_ryTQKXCcNar","from":"specialization_rJtQtm0qV6H"},{"modelType":"Entity","description":"","_id":"entity_ryTQKXCcNar","label":"Entity1"},{"modelType":"Specialization","description":"","_id":"specialization_rJtQtm0qV6H","label":"ISA"},{"modelType":"RelationshipConnection","_id":"relationshipconnection_H12mYQCcE6H","type":"1","label":"1","to":"entity_ryTQKXCcNar","from":"relationship_S1mmKXC5NTr"},{"modelType":"Relationship","description":"","_id":"relationship_S1mmKXC5NTr","label":"Relationship"},{"modelType":"RelationshipConnection","_id":"relationshipconnection_ByfXKXR5N6B","type":"1","label":"1","from":"relationship_S1mmKXC5NTr","to":"entity_SJLQYX0cE6B"},{"modelType":"Entity","description":"","_id":"entity_SJLQYX0cE6B","label":"Entity2"},{"modelType":"SpecializationConnection","_id":"specializationconnection_H1OmY7A9E6H","type":"child","label":"","from":"entity_SJLQYX0cE6B","to":"specialization_rJtQtm0qV6H"},{"modelType":"LogicalConnector","description":"","_id":"logicalconnector_SkrBFmA5Npr","label":""},{"modelType":"LogicalComponent","level":"Application","description":"","_id":"logicalcomponent_HyvrFQA9NTH","label":"Channel"},{"modelType":"LogicalConnector","description":"","_id":"logicalconnector_rk7SKQ0cN6H","label":""},{"modelType":"Actor","description":"","_id":"actor_ryoIFmCqVTr","type":"IT System","label":"IT System"},{"modelType":"LogicalComponent","level":"Application","description":"","_id":"logicalcomponent_BkzxKQA9EpH","label":"lc3","children":"physicalcomponent_Sk7xtQA9Vpr"},{"modelType":"LogicalConnector","description":"","_id":"logicalconnector_HJiwFQ0q4TB","label":""},{"modelType":"LogicalConnector","description":"","_id":"logicalconnector_rypvtQR9EaH","label":"LogicalConnector"},{"modelType":"PhysicalComponent","description":"","_id":"physicalcomponent_Sk7xtQA9Vpr","url":"","label":"pc3"},{"modelType":"LogicalComponent","level":"Application","description":"","_id":"logicalcomponent_HyoetQCcEaH","label":"lc4","children":"physicalcomponent_SkTxtmC5E6B"},{"modelType":"PhysicalComponent","description":"","_id":"physicalcomponent_SkTxtmC5E6B","url":"","label":"pc4"}]},"diagram":{"instances":{"pomview_HyyZFm0cV6r":{"uiInfo":"<mxGraphModel dx=\"1182\" dy=\"477\" grid=\"1\" gridSize=\"10\" guides=\"1\" tooltips=\"1\" connect=\"1\" arrows=\"1\" fold=\"1\" page=\"1\" pageScale=\"1\" pageWidth=\"1169\" pageHeight=\"827\" background=\"#ffffff\"><root><mxCell id=\"0\" modelId=\"pomview_HyyZFm0cV6r\"></mxCell><mxCell id=\"1\" parent=\"0\"></mxCell><mxCell id=\"pomview_1Nja2QQ9MGC_21NjaefMJJ8k\" style=\"shape=corner;whiteSpace=wrap;html=1;fillColor=none;container=1;align=center;verticalAlign=top;strokeWidth=4;strokeColor=#CCCCCC;dx=450;dy=300;\" vertex=\"1\" modelId=\"omlocation_B1g-YmR5Ear\" parent=\"1\"><mxGeometry x=\"400\" y=\"90\" width=\"450\" height=\"435\" as=\"geometry\"></mxGeometry></mxCell><mxCell id=\"pomview_1Nja2QQ9MGC_31NjaefMk8H8\" style=\"shape=umlActor;html=1;verticalLabelPosition=bottom;verticalAlign=top;\" vertex=\"1\" modelId=\"actor_Hym-K7A54ar\" parent=\"pomview_1Nja2QQ9MGC_21NjaefMJJ8k\"><mxGeometry x=\"50\" y=\"35\" width=\"35\" height=\"70\" as=\"geometry\"></mxGeometry></mxCell><mxCell id=\"pomview_1Nja2QQ9MGC_41NjaefMvADT\" style=\"swimlane;fontStyle=0;horizontal=1;startSize=26;horizontalStack=0;resizeParent=1;resizeParentMax=0;resizeLast=0;collapsible=1;marginBottom=0;swimlaneFillColor=#ffffff;\" vertex=\"1\" modelId=\"physicalnode_H1BFQ05N6S\" parent=\"pomview_1Nja2QQ9MGC_21NjaefMJJ8k\"><mxGeometry x=\"160\" y=\"95\" width=\"280\" height=\"340\" as=\"geometry\"></mxGeometry></mxCell><mxCell id=\"pomview_1Nja2QQ9MGC_51NjaefMNl2l\" style=\"swimlane;fontStyle=0;childLayout=stackLayout;horizontal=1;startSize=26;horizontalStack=0;resizeParent=1;resizeParentMax=0;resizeLast=0;collapsible=1;marginBottom=0;swimlaneFillColor=#ffffff;\" vertex=\"1\" modelId=\"logicalnode_S1fY70546r\" parent=\"pomview_1Nja2QQ9MGC_41NjaefMvADT\"><mxGeometry x=\"50\" y=\"55\" width=\"140\" height=\"110\" as=\"geometry\"></mxGeometry></mxCell><mxCell id=\"pomview_1Nja2QQ9MGC_321Njai8KsfeQ\" style=\"swimlane;fontStyle=0;horizontal=1;startSize=26;horizontalStack=0;resizeParent=1;resizeParentMax=0;resizeLast=0;collapsible=1;marginBottom=0;swimlaneFillColor=#ffffff;\" vertex=\"1\" modelId=\"physicalnode_ByPt7C9V6S\" parent=\"pomview_1Nja2QQ9MGC_41NjaefMvADT\"><mxGeometry x=\"20\" y=\"150\" width=\"260\" height=\"190\" as=\"geometry\"></mxGeometry></mxCell><mxCell id=\"pomview_1Nja2QQ9MGC_331Njajkllvxs\" style=\"swimlane;fontStyle=0;horizontal=1;startSize=26;horizontalStack=0;resizeParent=1;resizeParentMax=0;resizeLast=0;collapsible=1;marginBottom=0;swimlaneFillColor=#ffffff;\" vertex=\"1\" modelId=\"physicalnode_B1OYm054ar\" parent=\"pomview_1Nja2QQ9MGC_321Njai8KsfeQ\"><mxGeometry x=\"120\" y=\"25\" width=\"140\" height=\"110\" as=\"geometry\"></mxGeometry></mxCell><mxCell id=\"pomview_1Nja2QQ9MGC_351Njaowr7n4W\" style=\"swimlane;fontStyle=0;childLayout=stackLayout;horizontal=1;startSize=26;horizontalStack=0;resizeParent=1;resizeParentMax=0;resizeLast=0;collapsible=1;marginBottom=0;swimlaneFillColor=#ffffff;\" vertex=\"1\" modelId=\"logicalnode_rJjtmC54Tr\" parent=\"pomview_1Nja2QQ9MGC_321Njai8KsfeQ\"><mxGeometry x=\"20\" y=\"80\" width=\"140\" height=\"50\" as=\"geometry\"></mxGeometry></mxCell><mxCell id=\"pomview_1Nja2QQ9MGC_61NjaefM9qrg\" style=\"endArrow=classic;html=1;noLabel=0;\" edge=\"1\" modelId=\"logicalconnection_rJjZYm0qNaH\" parent=\"pomview_1Nja2QQ9MGC_21NjaefMJJ8k\" source=\"pomview_1Nja2QQ9MGC_31NjaefMk8H8\" target=\"pomview_1Nja2QQ9MGC_51NjaefMNl2l\"><mxGeometry relative=\"1\" as=\"geometry\"></mxGeometry></mxCell></root></mxGraphModel>","coreInfo":[{"modelType":"POMView","logicalLayerStatus":"on","lastModifiedUserId":"gbbguoxa@cn.ibm.com","description":"","lastModified":"2019-12-04T02:46:57Z","_id":"pomview_HyyZFm0cV6r","label":"pom"},{"modelType":"PhysicalNode","description":"","_id":"physicalnode_H1BFQ05N6S","type":"Physical","cardinality":"1","label":"P. Node","children":"physicalnode_ByPt7C9V6S,logicalnode_S1fY70546r"},{"modelType":"PhysicalNode","description":"","_id":"physicalnode_B1OYm054ar","type":"Container","cardinality":"1","label":"C. Node"},{"modelType":"PhysicalNode","description":"","_id":"physicalnode_ByPt7C9V6S","type":"Virtual","cardinality":"1","label":"V. Node","children":"logicalnode_rJjtmC54Tr,physicalnode_B1OYm054ar"},{"modelType":"LogicalConnection","description":"","_id":"logicalconnection_rJjZYm0qNaH","flowType":"Message (MQ, SMTP, SNMP, etc)","label":"","from":"actor_Hym-K7A54ar","to":"logicalnode_S1fY70546r"},{"modelType":"OMLocation","description":"","_id":"omlocation_B1g-YmR5Ear","cardinality":"1","label":"OMLocation","children":"physicalnode_H1BFQ05N6S,actor_Hym-K7A54ar"}]},"aodservices_BJ0WYmA54Tr":{"uiInfo":"<mxGraphModel dx=\"1138\" dy=\"549\" grid=\"1\" gridSize=\"10\" guides=\"1\" tooltips=\"1\" connect=\"1\" arrows=\"1\" fold=\"1\" page=\"1\" pageScale=\"1\" pageWidth=\"1169\" pageHeight=\"827\" background=\"#ffffff\"><root><mxCell id=\"0\" modelId=\"aodservices_BJ0WYmA54Tr\"></mxCell><mxCell id=\"1\" parent=\"0\"></mxCell><mxCell id=\"aodservices_S1jBxy56_Er_SkHl91qrB_31SQV46fRfKV\" style=\"swimlane;whiteSpace=wrap;html=1;align=left;swimlaneLine=0;verticalAlign=top;collapsible=0;\" vertex=\"1\" modelId=\"subsystem_SkbzK7AcVpH\" parent=\"1\"><mxGeometry x=\"80\" y=\"155\" width=\"200\" height=\"150\" as=\"geometry\"></mxGeometry></mxCell><mxCell id=\"aodservices_S1jBxy56_Er_SkHl91qrB_41SQV46fBAZA\" style=\"rounded=1;whiteSpace=wrap;html=1;\" vertex=\"1\" modelId=\"logicalcomponent_r1IeK7R94pH\" parent=\"1\"><mxGeometry x=\"710\" y=\"170\" width=\"120\" height=\"60\" as=\"geometry\"></mxGeometry></mxCell><mxCell id=\"aodservices_S1jBxy56_Er_SkHl91qrB_51SQV46frFoT\" style=\"edgeStyle=orthogonalEdgeStyle;rounded=0;html=1;jettySize=auto;orthogonalLoop=1;\" edge=\"1\" modelId=\"logicalconnector_SJeMtmR54aB\" parent=\"1\" source=\"aodservices_S1jBxy56_Er_SkHl91qrB_31SQV46fRfKV\" target=\"aodservices_S1jBxy56_Er_SkHl91qrB_41SQV46fBAZA\"><mxGeometry relative=\"1\" as=\"geometry\"></mxGeometry></mxCell></root></mxGraphModel>","coreInfo":[{"modelType":"AODServices","lastModifiedUserId":"gbbguoxa@cn.ibm.com","description":"","lastModified":"2019-12-04T02:46:57Z","_id":"aodservices_BJ0WYmA54Tr","label":"sv"},{"modelType":"SubSystem","description":"","_id":"subsystem_SkbzK7AcVpH","label":"SubSystem"}]},"usecasediagram_By4YtQRqN6B":{"uiInfo":"<mxGraphModel dx=\"1138\" dy=\"491\" grid=\"1\" gridSize=\"10\" guides=\"1\" tooltips=\"1\" connect=\"1\" arrows=\"1\" fold=\"1\" page=\"1\" pageScale=\"1\" pageWidth=\"1169\" pageHeight=\"827\" background=\"#ffffff\"><root><mxCell id=\"0\" modelId=\"usecasediagram_By4YtQRqN6B\"></mxCell><mxCell id=\"1\" parent=\"0\"></mxCell><mxCell id=\"usecasediagram_HygMCDV50tr_21XMmyRceGKr\" style=\"edgeStyle=orthogonalEdgeStyle;rounded=0;html=1;endArrow=none;entryX=0.5;entryY=0;entryPerimeter=0;\" edge=\"1\" modelId=\"association_HkZLtXR54aH\" parent=\"1\" source=\"usecasediagram_HygMCDV50tr_51XMmyRdNVJs\" target=\"usecasediagram_HygMCDV50tr_31XMmyRdsMoB\"><mxGeometry relative=\"1\" as=\"geometry\"></mxGeometry></mxCell><mxCell id=\"usecasediagram_HygMCDV50tr_31XMmyRdsMoB\" style=\"shape=umlActor;html=1;verticalLabelPosition=bottom;verticalAlign=top;\" vertex=\"1\" modelId=\"actor_Hym-K7A54ar\" parent=\"1\"><mxGeometry x=\"210\" y=\"320\" width=\"35\" height=\"70\" as=\"geometry\"></mxGeometry></mxCell><mxCell id=\"usecasediagram_HygMCDV50tr_41XMmyRdOQle\" style=\"edgeStyle=orthogonalEdgeStyle;rounded=0;html=1;endArrow=block;endSize=16;endFill=0;dashed=1;entryX=0;entryY=0.5;\" edge=\"1\" modelId=\"association_HkrYF7C5E6r\" parent=\"1\" source=\"usecasediagram_HygMCDV50tr_51XMmyRdNVJs\" target=\"usecasediagram_HygMCDV50tr_61XMmyRdQnDl\"><mxGeometry relative=\"1\" as=\"geometry\"></mxGeometry></mxCell><mxCell id=\"usecasediagram_HygMCDV50tr_51XMmyRdNVJs\" style=\"ellipse;whiteSpace=wrap;html=1;\" vertex=\"1\" modelId=\"usecase_S10HY7CqVaH\" parent=\"1\"><mxGeometry x=\"170\" y=\"70\" width=\"140\" height=\"70\" as=\"geometry\"></mxGeometry></mxCell><mxCell id=\"usecasediagram_HygMCDV50tr_61XMmyRdQnDl\" style=\"ellipse;whiteSpace=wrap;html=1;\" vertex=\"1\" modelId=\"usecase_rJ4UYmRcVpr\" parent=\"1\"><mxGeometry x=\"570\" y=\"105\" width=\"140\" height=\"70\" as=\"geometry\"></mxGeometry></mxCell></root></mxGraphModel>","coreInfo":[{"modelType":"UseCaseDiagram","lastModifiedUserId":"gbbguoxa@cn.ibm.com","description":"ucd desc","lastModified":"2019-12-04T02:46:57Z","_id":"usecasediagram_By4YtQRqN6B","label":"ucd"}]},"lomview_HJQNF7A9E6S":{"uiInfo":"<mxGraphModel dx=\"939\" dy=\"598\" grid=\"1\" gridSize=\"10\" guides=\"1\" tooltips=\"1\" connect=\"1\" arrows=\"1\" fold=\"1\" page=\"1\" pageScale=\"1\" pageWidth=\"1169\" pageHeight=\"827\" background=\"#ffffff\"><root><mxCell id=\"0\" modelId=\"lomview_HJQNF7A9E6S\"></mxCell><mxCell id=\"1\" parent=\"0\"></mxCell><mxCell id=\"lomview_SkWlk5TO4B_21RCZD2oAETt\" style=\"shape=corner;whiteSpace=wrap;html=1;fillColor=none;container=1;align=center;verticalAlign=top;strokeWidth=4;strokeColor=#CCCCCC;dx=450;dy=300;\" vertex=\"1\" modelId=\"omlocation_B1g-YmR5Ear\" parent=\"1\"><mxGeometry x=\"400\" y=\"90\" width=\"450\" height=\"300\" as=\"geometry\"></mxGeometry></mxCell><mxCell id=\"lomview_SkWlk5TO4B_31RCZD2ovY7J\" style=\"swimlane;fontStyle=0;childLayout=stackLayout;horizontal=1;startSize=26;horizontalStack=0;resizeParent=1;resizeParentMax=0;resizeLast=0;collapsible=1;marginBottom=0;swimlaneFillColor=#ffffff;\" vertex=\"1\" modelId=\"logicalnode_S1fY70546r\" parent=\"lomview_SkWlk5TO4B_21RCZD2oAETt\"><mxGeometry x=\"115\" y=\"180\" width=\"140\" height=\"110\" as=\"geometry\"></mxGeometry></mxCell><mxCell id=\"lomview_SkWlk5TO4B_41RCZD2oTzdv\" style=\"shape=umlActor;html=1;verticalLabelPosition=bottom;verticalAlign=top;\" vertex=\"1\" modelId=\"actor_Hym-K7A54ar\" parent=\"lomview_SkWlk5TO4B_21RCZD2oAETt\"><mxGeometry x=\"50\" y=\"35\" width=\"35\" height=\"70\" as=\"geometry\"></mxGeometry></mxCell><mxCell id=\"lomview_SkWlk5TO4B_61RCZD2oSJOu\" style=\"swimlane;fontStyle=0;childLayout=stackLayout;horizontal=1;startSize=26;horizontalStack=0;resizeParent=1;resizeParentMax=0;resizeLast=0;collapsible=1;marginBottom=0;swimlaneFillColor=#ffffff;\" vertex=\"1\" modelId=\"logicalnode_rJjtmC54Tr\" parent=\"lomview_SkWlk5TO4B_21RCZD2oAETt\"><mxGeometry x=\"290\" y=\"130\" width=\"140\" height=\"50\" as=\"geometry\"></mxGeometry></mxCell></root></mxGraphModel>","coreInfo":[{"modelType":"LOMView","lastModifiedUserId":"gbbguoxa@cn.ibm.com","description":"","lastModified":"2019-12-04T02:46:57Z","_id":"lomview_HJQNF7A9E6S","label":"lom"},{"modelType":"PhysicalNode","description":"","_id":"physicalnode_H1BFQ05N6S","type":"Physical","cardinality":"1","owned":"-1","label":"P. Node"},{"modelType":"PhysicalNode","description":"","_id":"physicalnode_B1OYm054ar","type":"Container","cardinality":"1","owned":"-1","label":"C. Node"},{"modelType":"PhysicalNode","description":"","_id":"physicalnode_ByPt7C9V6S","type":"Virtual","cardinality":"1","owned":"-1","label":"V. Node"},{"modelType":"OMLocation","description":"","_id":"omlocation_B1g-YmR5Ear","cardinality":"1","label":"OMLocation","children":"logicalnode_S1fY70546r,actor_Hym-K7A54ar,logicalnode_rJjtmC54Tr"}]},"logicalerd_B1e7tmR9VTB":{"uiInfo":"<mxGraphModel dx=\"996\" dy=\"633\" grid=\"1\" gridSize=\"10\" guides=\"1\" tooltips=\"1\" connect=\"1\" arrows=\"1\" fold=\"1\" page=\"1\" pageScale=\"1\" pageWidth=\"1169\" pageHeight=\"827\" background=\"#ffffff\"><root><mxCell id=\"0\" modelId=\"logicalerd_B1e7tmR9VTB\"></mxCell><mxCell id=\"1\" parent=\"0\"></mxCell><mxCell id=\"logicalerd_1SWSoDC3XaA_21SWSqNUBRGa\" style=\"swimlane;fontStyle=0;childLayout=stackLayout;horizontal=1;startSize=26;horizontalStack=0;resizeParent=1;resizeParentMax=0;resizeLast=0;collapsible=0;marginBottom=0;swimlaneFillColor=#ffffff;\" vertex=\"1\" modelId=\"entity_ryTQKXCcNar\" parent=\"1\"><mxGeometry x=\"330\" y=\"60\" width=\"140\" height=\"110\" as=\"geometry\"></mxGeometry></mxCell><mxCell id=\"logicalerd_1SWSoDC3XaA_31SWSrSDL5fH\" style=\"swimlane;fontStyle=0;childLayout=stackLayout;horizontal=1;startSize=26;horizontalStack=0;resizeParent=1;resizeParentMax=0;resizeLast=0;collapsible=0;marginBottom=0;swimlaneFillColor=#ffffff;\" vertex=\"1\" modelId=\"entity_SJLQYX0cE6B\" parent=\"1\"><mxGeometry x=\"320\" y=\"510\" width=\"140\" height=\"110\" as=\"geometry\"></mxGeometry></mxCell><mxCell id=\"logicalerd_1SWSoDC3XaA_51SWSu4UNl4W\" style=\"rhombus;html=1;\" vertex=\"1\" modelId=\"relationship_S1mmKXC5NTr\" parent=\"1\"><mxGeometry x=\"325\" y=\"285\" width=\"140\" height=\"70\" as=\"geometry\"></mxGeometry></mxCell><mxCell id=\"logicalerd_1SWSoDC3XaA_61SWSu4Wgn1Z\" style=\"edgeStyle=orthogonalEdgeStyle;html=1;fontStyle=1;fontSize=12;endArrow=none;endSize=8;editable=0;\" edge=\"1\" modelId=\"relationshipconnection_H12mYQCcE6H\" parent=\"1\" source=\"logicalerd_1SWSoDC3XaA_21SWSqNUBRGa\" target=\"logicalerd_1SWSoDC3XaA_51SWSu4UNl4W\"><mxGeometry x=\"-0.5\" relative=\"1\" as=\"geometry\"></mxGeometry></mxCell><mxCell id=\"logicalerd_1SWSoDC3XaA_41SWSu4QlL7x\" style=\"edgeStyle=orthogonalEdgeStyle;html=1;fontStyle=1;fontSize=12;endArrow=none;endSize=8;editable=0;rounded=1;entryX=0.5;entryY=0;\" edge=\"1\" modelId=\"relationshipconnection_ByfXKXR5N6B\" parent=\"1\" source=\"logicalerd_1SWSoDC3XaA_51SWSu4UNl4W\" target=\"logicalerd_1SWSoDC3XaA_31SWSrSDL5fH\"><mxGeometry x=\"0.5\" relative=\"1\" as=\"geometry\"></mxGeometry></mxCell><mxCell id=\"logicalerd_1SWSoDC3XaA_71SWSuEJYEnA\" style=\"shape=triangle;whiteSpace=wrap;html=1;flipV=1;flipH=0;direction=south;hasHoverIcons=0;editable=0;\" vertex=\"1\" modelId=\"specialization_rJtQtm0qV6H\" parent=\"1\"><mxGeometry x=\"130\" y=\"290\" width=\"80\" height=\"60\" as=\"geometry\"></mxGeometry></mxCell><mxCell id=\"logicalerd_1SWSoDC3XaA_81SWSuEJpyaZ\" style=\"edgeStyle=orthogonalEdgeStyle;html=1;exitX=0;exitY=0.5;exitDx=0;exitDy=0;jettySize=auto;orthogonalLoop=1;endArrow=none;editable=0;entryX=0;entryY=0.5;\" edge=\"1\" modelId=\"specializationconnection_H1lNtmRq4ar\" parent=\"1\" source=\"logicalerd_1SWSoDC3XaA_71SWSuEJYEnA\" target=\"logicalerd_1SWSoDC3XaA_21SWSqNUBRGa\"><mxGeometry relative=\"1\" as=\"geometry\"><mxPoint x=\"170\" y=\"230\" as=\"targetPoint\"></mxPoint><Array as=\"points\"><mxPoint x=\"170\" y=\"115\"></mxPoint></Array></mxGeometry></mxCell><mxCell id=\"logicalerd_1SWSoDC3XaA_91SWSuEKmuQJ\" style=\"edgeStyle=orthogonalEdgeStyle;html=1;entryX=1;entryY=0.5;exitDx=0;exitDy=0;jettySize=auto;orthogonalLoop=1;endArrow=none;editable=0;exitX=0;exitY=0.5;\" edge=\"1\" modelId=\"specializationconnection_H1OmY7A9E6H\" parent=\"1\" source=\"logicalerd_1SWSoDC3XaA_31SWSrSDL5fH\" target=\"logicalerd_1SWSoDC3XaA_71SWSuEJYEnA\"><mxGeometry relative=\"1\" as=\"geometry\"><mxPoint x=\"170\" y=\"410\" as=\"sourcePoint\"></mxPoint><Array as=\"points\"><mxPoint x=\"170\" y=\"565\"></mxPoint></Array></mxGeometry></mxCell></root></mxGraphModel>","coreInfo":[{"modelType":"LogicalERD","lastModifiedUserId":"gbbguoxa@cn.ibm.com","description":"","lastModified":"2019-12-04T02:46:57Z","_id":"logicalerd_B1e7tmR9VTB","label":"erd"}]},"aodenterprise_r1brFX09V6B":{"uiInfo":"<mxGraphModel dx=\"939\" dy=\"598\" grid=\"1\" gridSize=\"10\" guides=\"1\" tooltips=\"1\" connect=\"1\" arrows=\"1\" fold=\"1\" page=\"1\" pageScale=\"1\" pageWidth=\"1169\" pageHeight=\"827\" background=\"#ffffff\"><root><mxCell id=\"0\" modelId=\"aodenterprise_r1brFX09V6B\"></mxCell><mxCell id=\"1\" parent=\"0\"></mxCell><mxCell id=\"aodenterprise_SkDEey5puEH_21RCZcrehHmm\" style=\"shape=image;html=1;verticalLabelPosition=bottom;labelBackgroundColor=#ffffff;verticalAlign=top;imageAspect=0;image=/cogarch/assets/mxgraph/stencils/clipart/aodenterprise/channel.svg\" vertex=\"1\" modelId=\"logicalcomponent_HyvrFQA9NTH\" parent=\"1\"><mxGeometry x=\"610\" y=\"110\" width=\"72\" height=\"50\" as=\"geometry\"></mxGeometry></mxCell><mxCell id=\"aodenterprise_SkDEey5puEH_31RCZcrfAYlm\" style=\"shape=umlActor;html=1;verticalLabelPosition=bottom;verticalAlign=top;\" vertex=\"1\" modelId=\"actor_Hym-K7A54ar\" parent=\"1\"><mxGeometry x=\"230\" y=\"200\" width=\"35\" height=\"70\" as=\"geometry\"></mxGeometry></mxCell><mxCell id=\"aodenterprise_SkDEey5puEH_51RCZcrfKDP8\" style=\"edgeStyle=orthogonalEdgeStyle;rounded=0;html=1;entryX=0;entryY=0.5;jettySize=auto;orthogonalLoop=1;\" edge=\"1\" modelId=\"logicalconnector_SkrBFmA5Npr\" parent=\"1\" source=\"aodenterprise_SkDEey5puEH_31RCZcrfAYlm\" target=\"aodenterprise_SkDEey5puEH_21RCZcrehHmm\"><mxGeometry relative=\"1\" as=\"geometry\"></mxGeometry></mxCell><mxCell id=\"aodenterprise_SkDEey5puEH_71RCZcrfLs2P\" style=\"rounded=1;whiteSpace=wrap;html=1;\" vertex=\"1\" modelId=\"logicalcomponent_r1IeK7R94pH\" parent=\"1\"><mxGeometry x=\"341\" y=\"370\" width=\"120\" height=\"60\" as=\"geometry\"></mxGeometry></mxCell><mxCell id=\"aodenterprise_SkDEey5puEH_81RCZcrfZGju\" style=\"edgeStyle=orthogonalEdgeStyle;rounded=0;html=1;jettySize=auto;orthogonalLoop=1;\" edge=\"1\" modelId=\"logicalconnector_rk7SKQ0cN6H\" parent=\"1\" source=\"aodenterprise_SkDEey5puEH_31RCZcrfAYlm\" target=\"aodenterprise_SkDEey5puEH_71RCZcrfLs2P\"><mxGeometry relative=\"1\" as=\"geometry\"></mxGeometry></mxCell></root></mxGraphModel>","coreInfo":[{"modelType":"AODEnterprise","lastModifiedUserId":"gbbguoxa@cn.ibm.com","description":"","lastModified":"2019-12-04T02:46:57Z","_id":"aodenterprise_r1brFX09V6B","label":"ev"}]},"aoditsystem_B184F7RqVpr":{"uiInfo":"<mxGraphModel dx=\"939\" dy=\"598\" grid=\"1\" gridSize=\"10\" guides=\"1\" tooltips=\"1\" connect=\"1\" arrows=\"1\" fold=\"1\" page=\"1\" pageScale=\"1\" pageWidth=\"1169\" pageHeight=\"827\" background=\"#ffffff\"><root><mxCell id=\"0\" modelId=\"aoditsystem_B184F7RqVpr\"></mxCell><mxCell id=\"1\" parent=\"0\"></mxCell><mxCell id=\"aoditsystem_HkyLxJ5TuVS_21RCZiFWr2ek\" style=\"whiteSpace=wrap;html=1;align=center;verticalAlign=top;strokeWidth=4;strokeColor=#CCCCCC;fillColor=none;\" vertex=\"1\" modelId=\"location_SywNFm0cV6S\" parent=\"1\"><mxGeometry x=\"480\" y=\"110\" width=\"250\" height=\"200\" as=\"geometry\"></mxGeometry></mxCell><mxCell id=\"aoditsystem_HkyLxJ5TuVS_31RCZiFWn6of\" style=\"shape=image;html=1;verticalLabelPosition=bottom;labelBackgroundColor=#ffffff;verticalAlign=top;imageAspect=0;image=/cogarch/assets/mxgraph/stencils/clipart/others/generic.svg\" vertex=\"1\" modelId=\"logicalnode_rJjtmC54Tr\" parent=\"1\"><mxGeometry x=\"590\" y=\"180\" width=\"60\" height=\"60\" as=\"geometry\"></mxGeometry></mxCell></root></mxGraphModel>","coreInfo":[{"modelType":"AODITSystem","lastModifiedUserId":"gbbguoxa@cn.ibm.com","description":"","lastModified":"2019-12-04T02:46:57Z","_id":"aoditsystem_B184F7RqVpr","label":"itsv"},{"modelType":"Location","description":"","_id":"location_SywNFm0cV6S","label":"Location","children":"logicalnode_rJjtmC54Tr"}]},"systemcontext_ByT_KmC5NaB":{"uiInfo":"<mxGraphModel dx=\"761\" dy=\"661\" grid=\"1\" gridSize=\"10\" guides=\"1\" tooltips=\"1\" connect=\"1\" arrows=\"1\" fold=\"1\" page=\"1\" pageScale=\"1\" pageWidth=\"1169\" pageHeight=\"827\" background=\"#ffffff\"><root><mxCell id=\"0\" modelId=\"systemcontext_ByT_KmC5NaB\"></mxCell><mxCell id=\"1\" parent=\"0\"></mxCell><mxCell id=\"_61NSzMT430c7\" style=\"ellipse;whiteSpace=wrap;html=1;\" vertex=\"1\" modelId=\"targetsystem_SkeYFmA9EaS\" parent=\"1\"><mxGeometry x=\"310\" y=\"40\" width=\"140\" height=\"70\" as=\"geometry\"></mxGeometry></mxCell><mxCell id=\"_71NSzNwBgd7c\" style=\"shape=umlActor;html=1;verticalLabelPosition=bottom;verticalAlign=top;\" vertex=\"1\" modelId=\"actor_Hym-K7A54ar\" parent=\"1\"><mxGeometry x=\"170\" y=\"320\" width=\"35\" height=\"70\" as=\"geometry\"></mxGeometry></mxCell><mxCell id=\"_81NSzOfZ1Kwh\" style=\"shape=process;html=1;whiteSpace=wrap;\" vertex=\"1\" modelId=\"actor_ryoIFmCqVTr\" parent=\"1\"><mxGeometry x=\"610\" y=\"325\" width=\"120\" height=\"60\" as=\"geometry\"></mxGeometry></mxCell><mxCell id=\"_91NSzPawSC7k\" style=\"edgeStyle=orthogonalEdgeStyle;rounded=0;html=1;entryX=0.5;entryY=0;entryPerimeter=0;jettySize=auto;orthogonalLoop=1;\" edge=\"1\" modelId=\"connector_rkyYF7AcVaB\" parent=\"1\" source=\"_61NSzMT430c7\" target=\"_71NSzNwBgd7c\"><mxGeometry relative=\"1\" as=\"geometry\"></mxGeometry></mxCell></root></mxGraphModel>","coreInfo":[{"modelType":"SystemContext","lastModifiedUserId":"gbbguoxa@cn.ibm.com","description":"","lastModified":"2019-12-04T02:46:57Z","_id":"systemcontext_ByT_KmC5NaB","label":"System Context"},{"modelType":"Connector","description":"","_id":"connector_rkyYF7AcVaB","type":"function","label":""},{"modelType":"TargetSystem","description":"","_id":"targetsystem_SkeYFmA9EaS","label":"Target System"}]},"cmstaticview_r1cwKmA5Epr":{"uiInfo":"<mxGraphModel dx=\"1182\" dy=\"477\" grid=\"1\" gridSize=\"10\" guides=\"1\" tooltips=\"1\" connect=\"1\" arrows=\"1\" fold=\"1\" page=\"1\" pageScale=\"1\" pageWidth=\"1169\" pageHeight=\"827\" background=\"#ffffff\"><root><mxCell id=\"0\" modelId=\"cmstaticview_r1cwKmA5Epr\"></mxCell><mxCell id=\"1\" parent=\"0\"></mxCell><mxCell id=\"cmstaticview_1Nj8wbFxom3_21Nj97MCysZf\" style=\"html=1;\" vertex=\"1\" modelId=\"logicalcomponent_r1IeK7R94pH\" parent=\"1\"><mxGeometry x=\"650\" y=\"90\" width=\"180\" height=\"90\" as=\"geometry\"></mxGeometry></mxCell><mxCell id=\"cmstaticview_1Nj8wbFxom3_31Nj97MCg13E\" value=\"\" style=\"shape=component;jettyWidth=8;jettyHeight=4;connectable=0;constituent=1;\" parent=\"cmstaticview_1Nj8wbFxom3_21Nj97MCysZf\" vertex=\"1\"><mxGeometry x=\"1\" width=\"20\" height=\"20\" relative=\"1\" as=\"geometry\"><mxPoint x=\"-27\" y=\"7\" as=\"offset\"></mxPoint></mxGeometry></mxCell><mxCell id=\"cmstaticview_1Nj8wbFxom3_41Nj97MChmoC\" style=\"html=1;\" vertex=\"1\" modelId=\"logicalcomponent_BkzxKQA9EpH\" parent=\"1\"><mxGeometry x=\"650\" y=\"300\" width=\"180\" height=\"90\" as=\"geometry\"></mxGeometry></mxCell><mxCell id=\"cmstaticview_1Nj8wbFxom3_51Nj97MCBDp3\" value=\"\" style=\"shape=component;jettyWidth=8;jettyHeight=4;connectable=0;constituent=1;\" parent=\"cmstaticview_1Nj8wbFxom3_41Nj97MChmoC\" vertex=\"1\"><mxGeometry x=\"1\" width=\"20\" height=\"20\" relative=\"1\" as=\"geometry\"><mxPoint x=\"-27\" y=\"7\" as=\"offset\"></mxPoint></mxGeometry></mxCell><mxCell id=\"cmstaticview_1Nj8wbFxom3_61Nj97MC1GXk\" style=\"shape=umlActor;html=1;verticalLabelPosition=bottom;verticalAlign=top;\" vertex=\"1\" modelId=\"actor_Hym-K7A54ar\" parent=\"1\"><mxGeometry x=\"160\" y=\"100\" width=\"35\" height=\"70\" as=\"geometry\"></mxGeometry></mxCell><mxCell id=\"cmstaticview_1Nj8wbFxom3_71Nj97MCYBRx\" style=\"shape=process;html=1;whiteSpace=wrap;\" vertex=\"1\" modelId=\"actor_ryoIFmCqVTr\" parent=\"1\"><mxGeometry x=\"178\" y=\"300\" width=\"120\" height=\"60\" as=\"geometry\"></mxGeometry></mxCell><mxCell id=\"cmstaticview_1Nj8wbFxom3_81Nj97MCXNLa\" style=\"endArrow=classic;html=1;dashed=1;entryX=0;entryY=0.5;exitX=1;exitY=1;exitPerimeter=0;\" edge=\"1\" modelId=\"logicalconnector_rypvtQR9EaH\" parent=\"1\" source=\"cmstaticview_1Nj8wbFxom3_61Nj97MC1GXk\" target=\"cmstaticview_1Nj8wbFxom3_41Nj97MChmoC\"><mxGeometry width=\"70\" height=\"50\" relative=\"1\" as=\"geometry\"><mxPoint x=\"380\" y=\"270\" as=\"sourcePoint\"></mxPoint><mxPoint x=\"450\" y=\"220\" as=\"targetPoint\"></mxPoint></mxGeometry></mxCell><mxCell id=\"cmstaticview_1Nj8wbFxom3_251Nj98Hx4G1A\" style=\"edgeStyle=orthogonalEdgeStyle;rounded=0;html=1;dashed=1;entryX=0;entryY=0.5;jettySize=auto;orthogonalLoop=1;\" edge=\"1\" modelId=\"logicalconnector_HJiwFQ0q4TB\" parent=\"1\" source=\"cmstaticview_1Nj8wbFxom3_71Nj97MCYBRx\" target=\"cmstaticview_1Nj8wbFxom3_21Nj97MCysZf\"><mxGeometry relative=\"1\" as=\"geometry\"></mxGeometry></mxCell></root></mxGraphModel>","coreInfo":[{"modelType":"CMStaticView","lastModifiedUserId":"gbbguoxa@cn.ibm.com","description":"","lastModified":"2019-12-04T02:46:57Z","_id":"cmstaticview_r1cwKmA5Epr","type":"Component Relationship Diagram","label":"stv"}]},"cmdynamicview_S1w8KQAqE6H":{"uiInfo":"<mxGraphModel dx=\"996\" dy=\"192\" grid=\"1\" gridSize=\"10\" guides=\"1\" tooltips=\"1\" connect=\"1\" arrows=\"1\" fold=\"1\" page=\"1\" pageScale=\"1\" pageWidth=\"1169\" pageHeight=\"827\" background=\"#ffffff\"><root><mxCell id=\"0\" modelId=\"cmdynamicview_S1w8KQAqE6H\"></mxCell><mxCell id=\"1\" parent=\"0\"></mxCell><mxCell id=\"cmdynamicview_Hk7BfQWrsrS_21TJafYFM171\" style=\"html=1;verticalAlign=bottom;endArrow=block;noLabel=0;\" edge=\"1\" modelId=\"componentmessage_HJuUK7R94pH\" parent=\"1\" source=\"cmdynamicview_Hk7BfQWrsrS_51TJafYGqAYr\" target=\"cmdynamicview_Hk7BfQWrsrS_61TJafYHcg5D\"><mxGeometry width=\"80\" relative=\"1\" as=\"geometry\"><mxPoint x=\"390\" y=\"140\" as=\"sourcePoint\"></mxPoint><mxPoint x=\"470\" y=\"140\" as=\"targetPoint\"></mxPoint><Array as=\"points\"><mxPoint x=\"520\" y=\"140\"></mxPoint></Array></mxGeometry></mxCell><mxCell id=\"cmdynamicview_Hk7BfQWrsrS_31TJafYG78Yr\" style=\"edgeStyle=orthogonalEdgeStyle;html=1;align=left;spacingLeft=2;endArrow=block;rounded=0;noLabel=0;\" edge=\"1\" modelId=\"componentmessage_HyXvF7AcNpS\" parent=\"1\" source=\"cmdynamicview_Hk7BfQWrsrS_61TJafYHcg5D\" target=\"cmdynamicview_Hk7BfQWrsrS_61TJafYHcg5D\"><mxGeometry relative=\"1\" as=\"geometry\"><mxPoint x=\"860\" y=\"170\" as=\"sourcePoint\"></mxPoint><mxPoint x=\"860\" y=\"190\" as=\"targetPoint\"></mxPoint><Array as=\"points\"><mxPoint x=\"935\" y=\"170\"></mxPoint><mxPoint x=\"935\" y=\"190\"></mxPoint></Array></mxGeometry></mxCell><mxCell id=\"cmdynamicview_Hk7BfQWrsrS_41TJafYGyyLM\" style=\"html=1;verticalAlign=bottom;endArrow=open;dashed=1;endSize=8;noLabel=0;\" edge=\"1\" modelId=\"componentmessage_SyBvKQAc4TB\" parent=\"1\" source=\"cmdynamicview_Hk7BfQWrsrS_61TJafYHcg5D\" target=\"cmdynamicview_Hk7BfQWrsrS_51TJafYGqAYr\"><mxGeometry relative=\"1\" as=\"geometry\"><mxPoint x=\"530\" y=\"250\" as=\"sourcePoint\"></mxPoint><mxPoint x=\"450\" y=\"250\" as=\"targetPoint\"></mxPoint><Array as=\"points\"><mxPoint x=\"520\" y=\"220\"></mxPoint></Array></mxGeometry></mxCell><mxCell id=\"cmdynamicview_Hk7BfQWrsrS_51TJafYGqAYr\" style=\"shape=umlLifeline;participant=process;perimeter=lifelinePerimeter;whiteSpace=wrap;html=1;container=1;collapsible=0;recursiveResize=0;outlineConnect=0;\" vertex=\"1\" modelId=\"timeline_BkqIYm05NaS\" parent=\"1\"><mxGeometry x=\"200\" y=\"50\" width=\"100\" height=\"300\" as=\"geometry\"></mxGeometry></mxCell><mxCell id=\"cmdynamicview_Hk7BfQWrsrS_61TJafYHcg5D\" style=\"shape=umlLifeline;rounded=1;perimeter=lifelinePerimeter;whiteSpace=wrap;html=1;container=1;collapsible=0;recursiveResize=0;outlineConnect=0;\" vertex=\"1\" modelId=\"timeline_B1gPF7054TS\" parent=\"1\"><mxGeometry x=\"740\" y=\"50\" width=\"100\" height=\"300\" as=\"geometry\"></mxGeometry></mxCell><mxCell id=\"cmdynamicview_Hk7BfQWrsrS_71TJafYHUrb6\" modelId=\"logicalcomponent_HyoetQCcEaH\" parent=\"1\"></mxCell><mxCell id=\"cmdynamicview_Hk7BfQWrsrS_81TJafYHcIiK\" modelId=\"actor_ryoIFmCqVTr\" parent=\"1\"></mxCell><mxCell id=\"cmdynamicview_Hk7BfQWrsrS_121TJafYIV6XG\" modelId=\"usecase_S10HY7CqVaH\" parent=\"1\"></mxCell></root></mxGraphModel>","coreInfo":[{"modelType":"CMDynamicView","lastModifiedUserId":"gbbguoxa@cn.ibm.com","description":"","lastModified":"2019-12-04T02:46:57Z","_id":"cmdynamicview_S1w8KQAqE6H","type":"Component Interaction Diagram","label":"dv"},{"modelType":"ComponentMessage","description":"","_id":"componentmessage_HJuUK7R94pH","type":"Call","label":"Call"},{"modelType":"Timeline","_id":"timeline_BkqIYm05NaS","children":"actor_ryoIFmCqVTr"},{"modelType":"Timeline","_id":"timeline_B1gPF7054TS","children":"logicalcomponent_HyoetQCcEaH"},{"modelType":"UseCase","description":"","_id":"usecase_S10HY7CqVaH","label":"uc1","uc_id":"uc1"},{"modelType":"ComponentMessage","description":"","_id":"componentmessage_HyXvF7AcNpS","type":"Call","label":"Call"},{"modelType":"ComponentMessage","description":"","_id":"componentmessage_SyBvKQAc4TB","type":"Return","label":"Return"}]},"aodusagescenario_HJY_t7R9NpH":{"uiInfo":"<mxGraphModel dx=\"1389\" dy=\"477\" grid=\"1\" gridSize=\"10\" guides=\"1\" tooltips=\"1\" connect=\"1\" arrows=\"1\" fold=\"1\" page=\"1\" pageScale=\"1\" pageWidth=\"1169\" pageHeight=\"827\" background=\"#ffffff\"><root><mxCell id=\"0\" modelId=\"aodusagescenario_HJY_t7R9NpH\"></mxCell><mxCell id=\"1\" parent=\"0\"></mxCell><mxCell id=\"aodservices_S1jBxy56_Er_SkHl91qrB_31SQV46fRfKV\" style=\"swimlane;whiteSpace=wrap;html=1;align=left;swimlaneLine=0;verticalAlign=top;collapsible=0;\" vertex=\"1\" modelId=\"subsystem_SkbzK7AcVpH\" parent=\"1\"><mxGeometry x=\"80\" y=\"155\" width=\"200\" height=\"150\" as=\"geometry\"></mxGeometry></mxCell><mxCell id=\"aodservices_S1jBxy56_Er_SkHl91qrB_41SQV46fBAZA\" style=\"rounded=1;whiteSpace=wrap;html=1;\" vertex=\"1\" modelId=\"logicalcomponent_r1IeK7R94pH\" parent=\"1\"><mxGeometry x=\"710\" y=\"170\" width=\"120\" height=\"60\" as=\"geometry\"></mxGeometry></mxCell><mxCell id=\"aodservices_S1jBxy56_Er_SkHl91qrB_51SQV46frFoT\" style=\"edgeStyle=orthogonalEdgeStyle;rounded=0;html=1;jettySize=auto;orthogonalLoop=1;\" edge=\"1\" modelId=\"logicalconnector_SJeMtmR54aB\" parent=\"1\" source=\"aodservices_S1jBxy56_Er_SkHl91qrB_31SQV46fRfKV\" target=\"aodservices_S1jBxy56_Er_SkHl91qrB_41SQV46fBAZA\"><mxGeometry relative=\"1\" as=\"geometry\"></mxGeometry></mxCell><mxCell id=\"ui_rk21ACBTB\" modelId=\"aodservices_BJ0WYmA54Tr\" parent=\"1\"></mxCell></root></mxGraphModel>","coreInfo":[{"modelType":"AODUsageScenario","lastModifiedUserId":"gbbguoxa@cn.ibm.com","description":"","lastModified":"2019-12-04T02:46:57Z","_id":"aodusagescenario_HJY_t7R9NpH","label":"us"},{"modelType":"AODServices","annotation":["{\"dx\":1138,\"dy\":549,\"grid\":1,\"gridSize\":10,\"guides\":1,\"tooltips\":1,\"connect\":1,\"arrows\":1,\"fold\":1,\"page\":1,\"pageScale\":1,\"pageWidth\":1169,\"pageHeight\":827,\"background\":\"#ffffff\"}"],"lastModifiedUserId":"gbbguoxa@cn.ibm.com","description":"","lastModified":"2019-12-04T02:46:57Z","_id":"aodservices_BJ0WYmA54Tr","label":"sv","children":"logicalconnector_SJeMtmR54aB"},{"modelType":"UsageStep","description":"","_id":"usagestep_HysutQ05NpH","label":"1","children":"logicalconnector_SJeMtmR54aB"},{"modelType":"SubSystem","description":"","_id":"subsystem_SkbzK7AcVpH","label":"SubSystem"}],"additional":{"owneds":[]}}}},"solution_advisors":{},"auditLog":{"_id":"architectureauditentry_aK4FL_U9V","archId":"arch_ByYXCqEaS","archChangeLog":[{"_id":"architecturechangelog_OP-lEZu-I","date":"2019-12-05T01:31:01.337Z","type":"GITHUB_EXPORT","user":{"fullname":"Bei Bei Guo","email":"gbbguoxa@cn.ibm.com"},"appVersion":"2.6.1","dataVersion":"1.2"},{"_id":"architecturechangelog_o2SOSNJNF","date":"2019-12-05T01:30:23.708Z","type":"GITHUB_EXPORT","user":{"fullname":"Bei Bei Guo","email":"gbbguoxa@cn.ibm.com"},"appVersion":"2.6.1","dataVersion":"1.2"},{"_id":"architecturechangelog_LCl98L7bp","date":"2019-12-05T01:29:36.520Z","type":"GITHUB_EXPORT","user":{"fullname":"Bei Bei Guo","email":"gbbguoxa@cn.ibm.com"},"appVersion":"2.6.1","dataVersion":"1.2"},{"_id":"architecturechangelog_Uoeu_7dk0","date":"2019-12-04T06:14:59.423Z","type":"GITHUB_EXPORT","user":{"fullname":"Bei Bei Guo","email":"gbbguoxa@cn.ibm.com"},"appVersion":"2.6.1","dataVersion":"1.2"},{"_id":"architecturechangelog_Spzj0rD5E","date":"2019-12-04T06:14:42.927Z","type":"GITHUB_EXPORT","user":{"fullname":"Bei Bei Guo","email":"gbbguoxa@cn.ibm.com"},"appVersion":"2.6.1","dataVersion":"1.2"},{"_id":"architecturechangelog_SPQIvBayc","date":"2019-12-04T06:14:03.719Z","type":"GITHUB_EXPORT","user":{"fullname":"Bei Bei Guo","email":"gbbguoxa@cn.ibm.com"},"appVersion":"2.6.1","dataVersion":"1.2"},{"_id":"architecturechangelog_8pBl8cT-y","date":"2019-12-04T06:13:17.880Z","type":"GITHUB_EXPORT","user":{"fullname":"Bei Bei Guo","email":"gbbguoxa@cn.ibm.com"},"appVersion":"2.6.1","dataVersion":"1.2"},{"_id":"architecturechangelog_H_KQoEozw3","date":"2019-12-04T02:47:00.400Z","type":"CREATE","user":{"fullname":"Bei Bei Guo","email":"gbbguoxa@cn.ibm.com"}}]}}