{"toc":[{"globalTOCPosition":"1","displayName":"OVERVIEW","_id":"artifactgroup_4f5ff716-8fd8-31c9-83bb-df7b1f4ad76a","child":[{"globalTOCPosition":"1.1","artifactTypeName":"Business Challenge","artifactType":"assetartifact_businesschallenge","displayName":"Business Context","format":"text","_id":"artifacttype_4af3e981-2e8a-32e9-8f28-665a09572d8a","hasContent":true},{"globalTOCPosition":"1.2","artifactTypeName":"Notes","artifactType":"assetartifact_notes","displayName":"Roadmap","format":"text","_id":"artifacttype_bccf98f4-3dea-31e0-b62f-ca26898281ca","hasContent":true}]},{"globalTOCPosition":"2","displayName":"ARCHITECTURE PRINCIPLES, DECISIONS AND KEY NFR’S","_id":"artifactgroup_924e6caa-9ee8-35c5-9b9c-4be36e6d9aef","child":[{"globalTOCPosition":"2.1","artifactTypeName":"Architectural Principles","artifactType":"assetartifact_architecture_principles","displayName":"Principles","format":"text","_id":"artifacttype_e5f05492-a372-33be-becc-2139938c8838","hasContent":true},{"globalTOCPosition":"2.2","artifactTypeName":"Assumptions","artifactType":"assetartifact_assumption","displayName":"Assumptions","format":"text","_id":"artifacttype_79d960fc-0c7a-3220-9026-78d8711844b9","hasContent":true},{"globalTOCPosition":"2.3","artifactTypeName":"Architectural Decisions","artifactType":"assetartifact_architecturedecision","displayName":"Architectural Decisions","format":"text","_id":"artifacttype_465857e6-0cfa-3eea-a4d6-0114d0090d1f","hasContent":true},{"artifactTypeName":"Non Functional Requirements","globalTOCPosition":"2.4","artifactType":"assetartifact_nonfunctionalrequirement","displayName":"Key Non-Functional Requirements","format":"text","_id":"artifacttype_775254b3-725e-351c-8079-fefa455d45b3","hasContent":true}]},{"globalTOCPosition":"3","displayName":"BUSINESS ARCHITECTURE","_id":"artifactgroup_7f2aa41a-e317-33b8-9052-164443797988","child":[{"globalTOCPosition":"3.1","artifactTypeName":"Notes","artifactType":"assetartifact_notes","displayName":"Personas, Roles & Responsibilities","format":"text","_id":"artifacttype_64b07dad-1e31-3b17-b38d-c28e5f42c2c7","hasContent":true}]},{"globalTOCPosition":"4","displayName":"DATA ARCHITECTURE","_id":"artifactgroup_ea14a5fe-d6f8-3a17-94c3-d7c6027d6f2f","child":[{"globalTOCPosition":"4.1","artifactTypeName":"Notes","artifactType":"assetartifact_notes","displayName":"Separation Of Duties / Authorization Table","format":"text","_id":"artifacttype_284be578-31b2-326c-a427-0ef60218f549","hasContent":true},{"artifactTypeName":"Logical Data Model","globalTOCPosition":"4.2","artifactType":"assetartifact_logical_datamodel","displayName":"Master Data","format":"diagram","_id":"artifacttype_8cd6575f-4e96-3a65-8279-227416b518d7","hasContent":true},{"artifactTypeName":"Logical Data Model","globalTOCPosition":"4.3","artifactType":"assetartifact_logical_datamodel","displayName":"Detailed Data Model","format":"diagram","_id":"artifacttype_e76a1e4a-b310-3f1c-a0fb-ccea79549dff","hasContent":false}]},{"globalTOCPosition":"5","displayName":"APPLICATION ARCHITECTURE","_id":"artifactgroup_05781665-1428-3e73-b9b8-de1cad07bf05","child":[{"artifactTypeName":"System Context","globalTOCPosition":"5.1","artifactType":"assetartifact_systemcontext","displayName":"Context Diagram","format":"diagram","_id":"artifacttype_9922e19a-e2a5-33f0-80b5-9d7889a88221","hasContent":true},{"globalTOCPosition":"5.2","displayName":"COMPONENT MODEL","parentGroup":"artifactgroup_05781665-1428-3e73-b9b8-de1cad07bf05","_id":"artifactgroup_1ab1e217-2da3-388b-b44a-3c712a0f1796","child":[{"artifactTypeName":"Static View","globalTOCPosition":"5.2.1","artifactType":"assetartifact_componentmodel_staticview","displayName":"Static View","format":"diagram","_id":"artifacttype_db40d8de-4341-3fae-9f1a-46792f97b1a7","hasContent":true},{"artifactTypeName":"Dynamic View","globalTOCPosition":"5.2.2","artifactType":"assetartifact_componentmodel_dynamicview","displayName":"Dynamic View","format":"diagram","_id":"artifacttype_b282c979-a510-3880-9ce2-2c25d257698b","hasContent":true}]},{"globalTOCPosition":"5.3","displayName":"APPLICATION INTEGRATION","parentGroup":"artifactgroup_05781665-1428-3e73-b9b8-de1cad07bf05","_id":"artifactgroup_b8438f16-317f-3968-9d58-548b6fa25a78","child":[{"artifactTypeName":"Services View","globalTOCPosition":"5.3.1","artifactType":"assetartifact_architectureoverview_aodservice","displayName":"Services View","format":"diagram","_id":"artifacttype_7179eb03-4c0f-3eb6-972d-44456b82e9fb","hasContent":true},{"artifactTypeName":"Enterprise View","globalTOCPosition":"5.3.2","artifactType":"assetartifact_architectureoverview_enterprise","displayName":"Enterprise View","format":"diagram","_id":"artifacttype_9477bb42-a1d5-36c7-a7a1-85df7fe1d4cd","hasContent":true},{"artifactTypeName":"IT System View","globalTOCPosition":"5.3.3","artifactType":"assetartifact_architectureoverview_itsystem","displayName":"IT System View","format":"diagram","_id":"artifacttype_e582b0d7-9d35-3a10-a7b9-32d7a17b4946","hasContent":true},{"artifactTypeName":"Usage Scenario","globalTOCPosition":"5.3.4","artifactType":"assetartifact_architectureoverview_usagescenario","displayName":"Usage Scenario","format":"diagram","_id":"artifacttype_40240195-af6f-3174-ae41-65e24732539b","hasContent":true},{"artifactTypeName":"Static View","globalTOCPosition":"5.3.5","artifactType":"assetartifact_componentmodel_staticview","displayName":"Static View","format":"diagram","_id":"artifacttype_d1089e85-5895-38de-b4f9-43d61c23e8dd","hasContent":false},{"artifactTypeName":"Dynamic View","globalTOCPosition":"5.3.6","artifactType":"assetartifact_componentmodel_dynamicview","displayName":"Dynamic View","format":"diagram","_id":"artifacttype_bfddbe06-be13-385f-9de5-7ff382556c95","hasContent":false}]},{"globalTOCPosition":"5.4","artifactTypeName":"Functional Requirements","artifactType":"assetartifact_functionalrequirement","displayName":"High Level Requirements","format":"text","_id":"artifacttype_e84db042-a76f-33fc-8d04-d4c71efeeaa1","hasContent":true}]},{"globalTOCPosition":"6","displayName":"TECHNOLOGY ARCHITECTURE","_id":"artifactgroup_30369bfd-b508-3720-a32f-d7ee1a3ad987","child":[{"artifactTypeName":"Non Functional Requirements","globalTOCPosition":"6.1","artifactType":"assetartifact_nonfunctionalrequirement","displayName":"Platform Requirements","format":"text","_id":"artifacttype_6d690443-97d9-32fc-b018-b9fc125f3278","hasContent":false},{"globalTOCPosition":"6.2","displayName":"END USER PLATFORM","parentGroup":"artifactgroup_30369bfd-b508-3720-a32f-d7ee1a3ad987","_id":"artifactgroup_d389d702-d83b-3523-8b01-d4ab92e87d63","child":[{"artifactTypeName":"IT System View","globalTOCPosition":"6.2.1","artifactType":"assetartifact_architectureoverview_itsystem","displayName":"IT System View","format":"diagram","_id":"artifacttype_92f4959e-35ec-3ad3-b011-9ccbf0d7f35e","hasContent":false},{"artifactTypeName":"Static View","globalTOCPosition":"6.2.2","artifactType":"assetartifact_componentmodel_staticview","displayName":"Static View","format":"diagram","_id":"artifacttype_099cdf49-6e47-3d8f-adcc-f77abc9387ca","hasContent":false},{"artifactTypeName":"Dynamic View","globalTOCPosition":"6.2.3","artifactType":"assetartifact_componentmodel_dynamicview","displayName":"Dynamic View","format":"diagram","_id":"artifacttype_a5f83eed-aa45-3fb6-b01e-7d349cf380dc","hasContent":false},{"artifactTypeName":"Logical Operational View","globalTOCPosition":"6.2.4","artifactType":"assetartifact_operationalmodel_logicaloperational","displayName":"Logical Operational View","format":"diagram","_id":"artifacttype_ae328d2a-ab84-3cdf-bc4f-d513e8b68f9d","hasContent":true},{"artifactTypeName":"Physical Operational View","globalTOCPosition":"6.2.5","artifactType":"assetartifact_operationalmodel_physicaloperational","displayName":"Physical Operational View","format":"diagram","_id":"artifacttype_5600e5f2-e0aa-3acf-89f8-60688d0feb54","hasContent":true}]},{"globalTOCPosition":"6.3","displayName":"DEPLOYMENT PLATFORM","parentGroup":"artifactgroup_30369bfd-b508-3720-a32f-d7ee1a3ad987","_id":"artifactgroup_acc97893-3bbf-380e-b061-9a969ef8ab17","child":[{"artifactTypeName":"IT System View","globalTOCPosition":"6.3.1","artifactType":"assetartifact_architectureoverview_itsystem","displayName":"IT System View","format":"diagram","_id":"artifacttype_475628a4-2529-3a8d-aea8-c6fca7810c54","hasContent":false},{"artifactTypeName":"Static View","globalTOCPosition":"6.3.2","artifactType":"assetartifact_componentmodel_staticview","displayName":"Static View","format":"diagram","_id":"artifacttype_fefeef88-5e28-3b27-96f1-ac54f88a5698","hasContent":false},{"artifactTypeName":"Dynamic View","globalTOCPosition":"6.3.3","artifactType":"assetartifact_componentmodel_dynamicview","displayName":"Dynamic View","format":"diagram","_id":"artifacttype_a9840f25-2d85-3635-8c06-607a1fe79519","hasContent":false},{"artifactTypeName":"Logical Operational View","globalTOCPosition":"6.3.4","artifactType":"assetartifact_operationalmodel_logicaloperational","displayName":"Logical Operational View","format":"diagram","_id":"artifacttype_192a689f-fbc4-3ffc-9124-c115f8ae47fe","hasContent":false},{"artifactTypeName":"Physical Operational View","globalTOCPosition":"6.3.5","artifactType":"assetartifact_operationalmodel_physicaloperational","displayName":"Physical Operational View","format":"diagram","_id":"artifacttype_57f2378b-3a43-30ce-a95f-e5d2d3166f91","hasContent":false}]}]},{"globalTOCPosition":"7","displayName":"SECURITY CONSIDERATIONS","_id":"artifactgroup_6127f95c-2fc9-3c9e-99d4-a1922cafa192","child":[{"artifactTypeName":"Functional Requirements","globalTOCPosition":"7.1","artifactType":"assetartifact_functionalrequirement","displayName":"Security Requirements","format":"text","_id":"artifacttype_ee8bdb26-ee7b-3a99-bcbf-54f4e841034b","hasContent":false},{"artifactTypeName":"Non Functional Requirements","globalTOCPosition":"7.2","artifactType":"assetartifact_nonfunctionalrequirement","displayName":"Security Non-Functional Requirements","format":"text","_id":"artifacttype_cbaf9d07-817c-31e9-aa7b-16f71ff558c5","hasContent":false}]},{"globalTOCPosition":"8","artifactTypeName":"Notes","artifactType":"assetartifact_notes","displayName":"Notes","format":"text","_id":"artifacttype_65e9c578-022c-3c9e-a11a-250c705e341a","child":[],"hasContent":true}],"toc_cards":{"notes":{"artifacttype_65e9c578-022c-3c9e-a11a-250c705e341a":["notes_SyKzZh62ERB"],"artifacttype_284be578-31b2-326c-a427-0ef60218f549":["notes_Bkwgb2T34AS"],"artifacttype_64b07dad-1e31-3b17-b38d-c28e5f42c2c7":["notes_H1BeZ3TnVCH"],"artifacttype_bccf98f4-3dea-31e0-b62f-ca26898281ca":["notes_SyQZhT3EAH"]},"lomPhysicalViews":{"artifacttype_5600e5f2-e0aa-3acf-89f8-60688d0feb54":[{"additionalInfo":{},"_id":"pomview_B1UMb2anE0B","name":"pom re re","description":"","lastModifiedInfo":{"userId":"gbbguoxa@cn.ibm.com","date":"2019-12-16T08:17:44Z"}}],"artifacttype_57f2378b-3a43-30ce-a95f-e5d2d3166f91":[]},"lomViews":{"artifacttype_ae328d2a-ab84-3cdf-bc4f-d513e8b68f9d":[{"additionalInfo":{},"_id":"lomview_S1Qzbna2VRB","name":"ll re re","description":"","lastModifiedInfo":{"userId":"gbbguoxa@cn.ibm.com","date":"2019-12-16T08:17:44Z"}}],"artifacttype_192a689f-fbc4-3ffc-9124-c115f8ae47fe":[]},"aodUsageScenarios":{"artifacttype_40240195-af6f-3174-ae41-65e24732539b":[{"additionalInfo":{"refType":"AODServices","refName":"sev re re"},"_id":"aodusagescenario_S10W-3ThECS","name":"us re re","description":"","lastModifiedInfo":{"userId":"gbbguoxa@cn.ibm.com","date":"2019-12-16T08:17:44Z"}}]},"aodITSystems":{"artifacttype_e582b0d7-9d35-3a10-a7b9-32d7a17b4946":[{"additionalInfo":{},"_id":"aoditsystem_B1ibWnphVRS","name":"d d re","description":"","lastModifiedInfo":{"userId":"gbbguoxa@cn.ibm.com","date":"2019-12-16T08:17:44Z"}}],"artifacttype_92f4959e-35ec-3ad3-b011-9ccbf0d7f35e":[],"artifacttype_475628a4-2529-3a8d-aea8-c6fca7810c54":[]},"aodEnterprises":{"artifacttype_9477bb42-a1d5-36c7-a7a1-85df7fe1d4cd":[{"additionalInfo":{},"_id":"aodenterprise_BJ_bbhpnV0r","name":"sev re re 222 3","description":"","lastModifiedInfo":{"userId":"gbbguoxa@cn.ibm.com","date":"2019-12-16T08:17:44Z"}}]},"aodServices":{"artifacttype_7179eb03-4c0f-3eb6-972d-44456b82e9fb":[{"additionalInfo":{},"_id":"aodservices_SyE-Wna24Ar","name":"sev re re","description":"","lastModifiedInfo":{"userId":"gbbguoxa@cn.ibm.com","date":"2019-12-16T08:17:44Z"}}]},"cmDynamicViews":{"artifacttype_b282c979-a510-3880-9ce2-2c25d257698b":[{"additionalInfo":{},"_id":"cmdynamicview_H1bZ-np2EAr","name":"dv re re","description":"","lastModifiedInfo":{"userId":"gbbguoxa@cn.ibm.com","date":"2019-12-16T08:17:44Z"}}],"artifacttype_bfddbe06-be13-385f-9de5-7ff382556c95":[],"artifacttype_a5f83eed-aa45-3fb6-b01e-7d349cf380dc":[],"artifacttype_a9840f25-2d85-3635-8c06-607a1fe79519":[]},"cmStaticViews":{"artifacttype_db40d8de-4341-3fae-9f1a-46792f97b1a7":[{"additionalInfo":{},"_id":"cmstaticview_BkAx-n6h4AH","name":"sv1 re re","description":"","lastModifiedInfo":{"userId":"gbbguoxa@cn.ibm.com","date":"2019-12-16T08:17:44Z"}}],"artifacttype_d1089e85-5895-38de-b4f9-43d61c23e8dd":[],"artifacttype_099cdf49-6e47-3d8f-adcc-f77abc9387ca":[],"artifacttype_fefeef88-5e28-3b27-96f1-ac54f88a5698":[]},"functionalrequirement":{"artifacttype_e84db042-a76f-33fc-8d04-d4c71efeeaa1":["functionalrequirement_B1-fW2T3VAr"],"artifacttype_ee8bdb26-ee7b-3a99-bcbf-54f4e841034b":[]},"systemContext":{"artifacttype_9922e19a-e2a5-33f0-80b5-9d7889a88221":[{"additionalInfo":{},"_id":"systemcontext_ByFlb2TnNCH","name":"System Context re","description":"","lastModifiedInfo":{"userId":"gbbguoxa@cn.ibm.com","date":"2019-12-16T08:17:44Z"}}]},"nonfunctionalrequirement":{"artifacttype_775254b3-725e-351c-8079-fefa455d45b3":["nonfunctionalrequirement_B10b2ah40r"],"artifacttype_6d690443-97d9-32fc-b018-b9fc125f3278":[],"artifacttype_cbaf9d07-817c-31e9-aa7b-16f71ff558c5":[]},"logicalERD":{"artifacttype_8cd6575f-4e96-3a65-8279-227416b518d7":[{"additionalInfo":{},"_id":"logicalerd_Bkfe-3p3NAH","name":"erd 1 re -re","description":"","lastModifiedInfo":{"userId":"gbbguoxa@cn.ibm.com","date":"2019-12-16T08:17:44Z"}},{"additionalInfo":{},"_id":"logicalerd_SylgbnTh4AB","name":"MDA","description":"","lastModifiedInfo":{"userId":"gbbguoxa@cn.ibm.com","date":"2019-12-16T08:17:44Z"}}],"artifacttype_e76a1e4a-b310-3f1c-a0fb-ccea79549dff":[]},"architecturaldecision":{"artifacttype_465857e6-0cfa-3eea-a4d6-0114d0090d1f":["architecturaldecision_rkib3T3N0H"]},"assumption":{"artifacttype_79d960fc-0c7a-3220-9026-78d8711844b9":["assumption_HyFbh6n40r"]},"architectureprinciple":{"artifacttype_e5f05492-a372-33be-becc-2139938c8838":["architectureprinciple_SyvZh62EAH"]},"businesschallenge":{"artifacttype_4af3e981-2e8a-32e9-8f28-665a09572d8a":["businesschallenge_B1-W2a2EAS"]}},"combined":{"coreInfo":[]},"textual":{"instances":{"notes_Bkwgb2T34AS":{"coreInfo":[{"modelType":"Notes","lastModifiedUserId":"gbbguoxa@cn.ibm.com","lastModified":"2019-12-16T08:17:44Z","_id":"notes_Bkwgb2T34AS","content":"","label":"dsaf re"}]},"notes_H1BeZ3TnVCH":{"coreInfo":[{"modelType":"Notes","attachments":[],"lastModifiedUserId":"gbbguoxa@cn.ibm.com","lastModified":"2019-12-16T08:17:44Z","_id":"notes_H1BeZ3TnVCH","content":"","label":"dsf re"}]},"notes_SyQZhT3EAH":{"coreInfo":[{"modelType":"Notes","attachments":[],"lastModifiedUserId":"gbbguoxa@cn.ibm.com","lastModified":"2019-12-16T08:17:44Z","_id":"notes_SyQZhT3EAH","content":"<ul><li>thi sis Roadmao&nbsp;</li><li>skafhl</li><li><img style=\"height:100px;\" src=\"/api/FileManagerAPIs/containers/cafiles/files/file_32873444fc6e2c08.jpg\"><br></li><li>saf</li></ul>","label":"Roadmap nanme -RENMA -re"},{"modelType":"Label","description":"CA test","_id":"label_SJ4Z2anECH","userId":"cabuild@cn.ibm.com","label":"CA test"}]},"notes_SyKzZh62ERB":{"coreInfo":[{"modelType":"Notes","attachments":[],"lastModifiedUserId":"gbbguoxa@cn.ibm.com","lastModified":"2019-12-16T08:17:44Z","_id":"notes_SyKzZh62ERB","content":"","label":"re re e"}]},"functionalrequirement_B1-fW2T3VAr":{"coreInfo":[{"modelType":"FunctionalRequirement","lastModifiedUserId":"gbbguoxa@cn.ibm.com","weight":"Low","lastModified":"2019-12-16T08:17:44Z","id":"2323 ","_id":"functionalrequirement_B1-fW2T3VAr","label":" df re re"}]},"nonfunctionalrequirement_B10b2ah40r":{"coreInfo":[{"modelType":"NonFunctionalRequirement","owner":"Owner1","growthRate":"34","description":"Description' 1","source":"Source1","priority":"Critical","reference":"Reference1","acceptanceCriteria":"Acceptance Criteria1","reviewDate":"2019-11-14","lastModifiedUserId":"gbbguoxa@cn.ibm.com","testMethod":"Method1","context":"Context1","theme":"Performance","lastModified":"2019-12-16T08:17:44Z","_id":"nonfunctionalrequirement_B10b2ah40r","value":"Value1","label":"k nrf  name e re","nfr_id":"k nrf id "}]},"architecturaldecision_rkib3T3N0H":{"coreInfo":[{"modelType":"ArchitecturalDecision","implications":"Contraindications 1","problemStatement":"Issue or Problem Statement \n<div>1</div>","decision":"","motivation":"Motivation 1","derivedRequirements":"Derived Requirements 1","relatedDecisions":"Related Decisions 1","assumptions":"Assumptions 1","lastUpdated":"2019-11-19","lastModifiedUserId":"gbbguoxa@cn.ibm.com","topic":"Topic 1","subjectArea":"Subject Area1 ","justification":"<ul><li><font size=\"1\" color=\"#009795\"><b><i><u>safContraindications 1</u></i></b></font></li><li><font size=\"1\" color=\"#009795\"><b><i><u><img style=\"height:100px;\" src=\"/api/FileManagerAPIs/containers/cafiles/files/file_2706401e92912222.png\"><br></u></i></b></font></li></ul>","lastModified":"2019-12-16T08:17:44Z","_id":"architecturaldecision_rkib3T3N0H","status":"accepted","label":"ad 1 re re","ad_id":"ad id 2re -re re","children":"adalternative_BJhbhp2ECH"},{"modelType":"ADAlternative","contraindications":"Contraindications 1","bestApplied":"Best Applied 1","description":"Alternative Description*","_id":"adalternative_BJhbhp2ECH","label":"alt 1"}]},"assumption_HyFbh6n40r":{"coreInfo":[{"modelType":"Assumption","confidenceLevel":"Medium","reviewDate":"2019-10-29","closedDate":"2019-10-07","impact":"Low","lastModifiedUserId":"gbbguoxa@cn.ibm.com","isKey":true,"description":"Assumption Description<div>sfdadsf<img style=\"height:100px;\" src=\"/api/FileManagerAPIs/containers/cafiles/files/file_b08cb2a8cd5d010d.jpg\"><br><div>asfdAssumption Description 2</div></div>","lastModified":"2019-12-16T08:17:44Z","_id":"assumption_HyFbh6n40r","identifiedBy":"rt","label":"Assump -re"}]},"architectureprinciple_SyvZh62EAH":{"coreInfo":[{"modelType":"ArchitecturePrinciple","implications":"<ol><li><font color=\"#4687d2\">Implications Prici<b style=\"\">ples 1</b></font></li></ol>","lastModifiedUserId":"gbbguoxa@cn.ibm.com","description":"<div style=\"text-align: center;\"><u><i>description</i></u></div><div style=\"text-align: center;\"><u><i>line 1</i></u></div><div style=\"text-align: center;\"><u><i>line 2</i></u></div>","metrics":"Metrics Priciples 1","lastModified":"2019-12-16T08:17:44Z","_id":"architectureprinciple_SyvZh62EAH","priority":"4","rationale":"<div style=\"text-align: right;\"><b style=\"color: rgb(50, 189, 115); font-size: x-large;\"><i><u>Rationale Priciples 1</u></i></b></div>","label":"Priciples 1 -re -re"}]},"businesschallenge_B1-W2a2EAS":{"coreInfo":[{"modelType":"BusinessChallenge","lastModifiedUserId":"gbbguoxa@cn.ibm.com","description":"<ol><li><font color=\"#ffb132\"><b><u><i>This is BC</i></u></b></font></li><li><font color=\"#ffb132\"><b><u><i>line 2</i></u></b></font></li></ol><div><img style=\"height:100px;\" src=\"/api/FileManagerAPIs/containers/cafiles/files/file_674559bfc5f64740.jpg\"><div>end</div></div>","lastModified":"2019-12-16T08:17:44Z","_id":"businesschallenge_B1-W2a2EAS","label":""}]}}},"diagram":{"instances":{"pomview_B1UMb2anE0B":{"uiInfo":"<mxGraphModel dx=\"1353\" dy=\"688\" grid=\"1\" gridSize=\"10\" guides=\"1\" tooltips=\"1\" connect=\"1\" arrows=\"1\" fold=\"1\" page=\"1\" pageScale=\"1\" pageWidth=\"1169\" pageHeight=\"827\" background=\"#ffffff\"><root><mxCell id=\"0\" modelId=\"pomview_B1UMb2anE0B\"></mxCell><mxCell id=\"1\" parent=\"0\"></mxCell></root></mxGraphModel>","coreInfo":[{"modelType":"POMView","logicalLayerStatus":"disabled","lastModifiedUserId":"gbbguoxa@cn.ibm.com","description":"","lastModified":"2019-12-16T08:17:44Z","_id":"pomview_B1UMb2anE0B","label":"pom re re"}]},"lomview_S1Qzbna2VRB":{"uiInfo":"<mxGraphModel dx=\"1353\" dy=\"688\" grid=\"1\" gridSize=\"10\" guides=\"1\" tooltips=\"1\" connect=\"1\" arrows=\"1\" fold=\"1\" page=\"1\" pageScale=\"1\" pageWidth=\"1169\" pageHeight=\"827\" background=\"#ffffff\"><root><mxCell id=\"0\" modelId=\"lomview_S1Qzbna2VRB\"></mxCell><mxCell id=\"1\" parent=\"0\"></mxCell></root></mxGraphModel>","coreInfo":[{"modelType":"LOMView","lastModifiedUserId":"gbbguoxa@cn.ibm.com","description":"","lastModified":"2019-12-16T08:17:44Z","_id":"lomview_S1Qzbna2VRB","label":"ll re re"}]},"aodusagescenario_S10W-3ThECS":{"uiInfo":"<mxGraphModel dx=\"1561\" dy=\"688\" grid=\"1\" gridSize=\"10\" guides=\"1\" tooltips=\"1\" connect=\"1\" arrows=\"1\" fold=\"1\" page=\"1\" pageScale=\"1\" pageWidth=\"1169\" pageHeight=\"827\" background=\"#ffffff\"><root><mxCell id=\"0\" modelId=\"aodusagescenario_S10W-3ThECS\"></mxCell><mxCell id=\"1\" parent=\"0\"></mxCell><mxCell id=\"ui_r1lYtpVRB\" modelId=\"aodservices_SyE-Wna24Ar\" parent=\"1\"></mxCell></root></mxGraphModel>","coreInfo":[{"modelType":"AODUsageScenario","lastModifiedUserId":"gbbguoxa@cn.ibm.com","description":"","lastModified":"2019-12-16T08:17:44Z","_id":"aodusagescenario_S10W-3ThECS","label":"us re re"},{"modelType":"AODServices","annotation":["{\"dx\":1353,\"dy\":688,\"grid\":1,\"gridSize\":10,\"guides\":1,\"tooltips\":1,\"connect\":1,\"arrows\":1,\"fold\":1,\"page\":1,\"pageScale\":1,\"pageWidth\":1169,\"pageHeight\":827,\"background\":\"#ffffff\"}"],"lastModifiedUserId":"gbbguoxa@cn.ibm.com","description":"","lastModified":"2019-12-16T08:17:44Z","_id":"aodservices_SyE-Wna24Ar","label":"sev re re"}],"additional":{"owneds":[]}},"aoditsystem_B1ibWnphVRS":{"uiInfo":"<mxGraphModel dx=\"1353\" dy=\"688\" grid=\"1\" gridSize=\"10\" guides=\"1\" tooltips=\"1\" connect=\"1\" arrows=\"1\" fold=\"1\" page=\"1\" pageScale=\"1\" pageWidth=\"1169\" pageHeight=\"827\" background=\"#ffffff\"><root><mxCell id=\"0\" modelId=\"aoditsystem_B1ibWnphVRS\"></mxCell><mxCell id=\"1\" parent=\"0\"></mxCell></root></mxGraphModel>","coreInfo":[{"modelType":"AODITSystem","lastModifiedUserId":"gbbguoxa@cn.ibm.com","description":"","lastModified":"2019-12-16T08:17:44Z","_id":"aoditsystem_B1ibWnphVRS","label":"d d re"}]},"aodenterprise_BJ_bbhpnV0r":{"uiInfo":"<mxGraphModel dx=\"1353\" dy=\"688\" grid=\"1\" gridSize=\"10\" guides=\"1\" tooltips=\"1\" connect=\"1\" arrows=\"1\" fold=\"1\" page=\"1\" pageScale=\"1\" pageWidth=\"1169\" pageHeight=\"827\" background=\"#ffffff\"><root><mxCell id=\"0\" modelId=\"aodenterprise_BJ_bbhpnV0r\"></mxCell><mxCell id=\"1\" parent=\"0\"></mxCell></root></mxGraphModel>","coreInfo":[{"modelType":"AODEnterprise","lastModifiedUserId":"gbbguoxa@cn.ibm.com","description":"","lastModified":"2019-12-16T08:17:44Z","_id":"aodenterprise_BJ_bbhpnV0r","label":"sev re re 222 3"}]},"aodservices_SyE-Wna24Ar":{"uiInfo":"<mxGraphModel dx=\"1353\" dy=\"688\" grid=\"1\" gridSize=\"10\" guides=\"1\" tooltips=\"1\" connect=\"1\" arrows=\"1\" fold=\"1\" page=\"1\" pageScale=\"1\" pageWidth=\"1169\" pageHeight=\"827\" background=\"#ffffff\"><root><mxCell id=\"0\" modelId=\"aodservices_SyE-Wna24Ar\"></mxCell><mxCell id=\"1\" parent=\"0\"></mxCell></root></mxGraphModel>","coreInfo":[{"modelType":"AODServices","lastModifiedUserId":"gbbguoxa@cn.ibm.com","description":"","lastModified":"2019-12-16T08:17:44Z","_id":"aodservices_SyE-Wna24Ar","label":"sev re re"}]},"cmdynamicview_H1bZ-np2EAr":{"uiInfo":"<mxGraphModel dx=\"1353\" dy=\"688\" grid=\"1\" gridSize=\"10\" guides=\"1\" tooltips=\"1\" connect=\"1\" arrows=\"1\" fold=\"1\" page=\"1\" pageScale=\"1\" pageWidth=\"1169\" pageHeight=\"827\" background=\"#ffffff\"><root><mxCell id=\"0\" modelId=\"cmdynamicview_H1bZ-np2EAr\"></mxCell><mxCell id=\"1\" parent=\"0\"></mxCell></root></mxGraphModel>","coreInfo":[{"modelType":"CMDynamicView","lastModifiedUserId":"gbbguoxa@cn.ibm.com","description":"","lastModified":"2019-12-16T08:17:44Z","_id":"cmdynamicview_H1bZ-np2EAr","type":"Component Interaction Diagram","label":"dv re re"}]},"cmstaticview_BkAx-n6h4AH":{"uiInfo":"<mxGraphModel dx=\"1353\" dy=\"688\" grid=\"1\" gridSize=\"10\" guides=\"1\" tooltips=\"1\" connect=\"1\" arrows=\"1\" fold=\"1\" page=\"1\" pageScale=\"1\" pageWidth=\"1169\" pageHeight=\"827\" background=\"#ffffff\"><root><mxCell id=\"0\" modelId=\"cmstaticview_BkAx-n6h4AH\"></mxCell><mxCell id=\"1\" parent=\"0\"></mxCell></root></mxGraphModel>","coreInfo":[{"modelType":"CMStaticView","lastModifiedUserId":"gbbguoxa@cn.ibm.com","description":"","lastModified":"2019-12-16T08:17:44Z","_id":"cmstaticview_BkAx-n6h4AH","type":"Component Relationship Diagram","label":"sv1 re re"}]},"systemcontext_ByFlb2TnNCH":{"uiInfo":"<mxGraphModel dx=\"1053\" dy=\"661\" grid=\"1\" gridSize=\"10\" guides=\"1\" tooltips=\"1\" connect=\"1\" arrows=\"1\" fold=\"1\" page=\"1\" pageScale=\"1\" pageWidth=\"1169\" pageHeight=\"827\" background=\"#ffffff\"><root><mxCell id=\"0\" modelId=\"systemcontext_ByFlb2TnNCH\"></mxCell><mxCell id=\"1\" parent=\"0\"></mxCell><mxCell id=\"_221J0pSUwQqo\" style=\"ellipse;whiteSpace=wrap;html=1;\" vertex=\"1\" modelId=\"targetsystem_H15x-ha3N0H\" parent=\"1\"><mxGeometry x=\"440\" y=\"220\" width=\"140\" height=\"70\" as=\"geometry\"></mxGeometry></mxCell></root></mxGraphModel>","coreInfo":[{"modelType":"SystemContext","lastModifiedUserId":"gbbguoxa@cn.ibm.com","description":"","lastModified":"2019-12-16T08:17:44Z","_id":"systemcontext_ByFlb2TnNCH","label":"System Context re"},{"modelType":"TargetSystem","description":"","_id":"targetsystem_H15x-ha3N0H","label":"Target System re"}]},"logicalerd_SylgbnTh4AB":{"uiInfo":"<mxGraphModel dx=\"1328\" dy=\"700\" grid=\"1\" gridSize=\"10\" guides=\"1\" tooltips=\"1\" connect=\"1\" arrows=\"1\" fold=\"1\" page=\"1\" pageScale=\"1\" pageWidth=\"1169\" pageHeight=\"827\" background=\"#ffffff\"><root><mxCell id=\"0\" modelId=\"logicalerd_SylgbnTh4AB\"></mxCell><mxCell id=\"1\" parent=\"0\"></mxCell></root></mxGraphModel>","coreInfo":[{"modelType":"LogicalERD","lastModifiedUserId":"gbbguoxa@cn.ibm.com","description":"","lastModified":"2019-12-16T08:17:44Z","_id":"logicalerd_SylgbnTh4AB","label":"MDA"}]},"logicalerd_Bkfe-3p3NAH":{"uiInfo":"<mxGraphModel dx=\"1353\" dy=\"688\" grid=\"1\" gridSize=\"10\" guides=\"1\" tooltips=\"1\" connect=\"1\" arrows=\"1\" fold=\"1\" page=\"1\" pageScale=\"1\" pageWidth=\"1169\" pageHeight=\"827\" background=\"#ffffff\"><root><mxCell id=\"0\" modelId=\"logicalerd_Bkfe-3p3NAH\"></mxCell><mxCell id=\"1\" parent=\"0\"></mxCell></root></mxGraphModel>","coreInfo":[{"modelType":"LogicalERD","lastModifiedUserId":"gbbguoxa@cn.ibm.com","description":"","lastModified":"2019-12-16T08:17:44Z","_id":"logicalerd_Bkfe-3p3NAH","label":"erd 1 re -re"}]}}},"solution_advisors":{},"auditLog":{"_id":"architectureauditentry_0O_9LdAb1","archId":"arch_Sy-hT3VCr","archChangeLog":[{"_id":"architecturechangelog_RsSEuwoLB","date":"2019-12-16T09:07:20.627Z","type":"DOWNLOAD","user":{"fullname":"Cognitive Architect Cognitive Architect Support","email":"casup@cn.ibm.com"},"appVersion":"2.7.0","dataVersion":"1.2"},{"_id":"architecturechangelog_6HgHc275J","date":"2019-12-16T08:56:02.382Z","type":"DOWNLOAD","user":{"fullname":"Cognitive Architect Cognitive Architect Support","email":"casup@cn.ibm.com"},"appVersion":"2.7.0","dataVersion":"1.2"},{"_id":"architecturechangelog_WMISPBscD","date":"2019-12-16T08:36:36.503Z","type":"DOWNLOAD","user":{"fullname":"Bei Bei Guo","email":"gbbguoxa@cn.ibm.com"},"appVersion":"2.7.0","dataVersion":"1.2"},{"_id":"architecturechangelog_nUqWhw7Ny","date":"2019-12-16T08:24:27.487Z","type":"INVITE","user":{"fullname":"Bei Bei Guo","email":"gbbguoxa@cn.ibm.com"},"viewer":[{"fullname":"Cognitive Architect Cognitive Architect Support","email":"casup@cn.ibm.com"}],"editor":[],"admin":[]},{"_id":"architecturechangelog_7q74i_5V0K","date":"2019-12-16T08:17:46.322Z","type":"CREATE","user":{"fullname":"Bei Bei Guo","email":"gbbguoxa@cn.ibm.com"}}]}}