{"_id":"arch_Sy-hT3VCr","name":"TOFAF-Viewer","type":"Solution","status":"Pending","created":"2019-12-16T08:17:44Z","lastModified":"2019-12-16T08:17:44Z","includedArtifacts":[{"_id":"art_BJdG-2T3V0r","typeId":"assetartifact_notes","artifactTypeId":"artifacttype_65e9c578-022c-3c9e-a11a-250c705e341a","type":"Notes","globalTOCPosition":"8"},{"_id":"art_HyHMbhp2ECr","typeId":"assetartifact_operationalmodel_physicaloperational","artifactTypeId":"artifacttype_5600e5f2-e0aa-3acf-89f8-60688d0feb54","type":"Physical Operational View","globalTOCPosition":"6.2.5"},{"_id":"art_SyMMZh63EAS","typeId":"assetartifact_operationalmodel_logicaloperational","artifactTypeId":"artifacttype_ae328d2a-ab84-3cdf-bc4f-d513e8b68f9d","type":"Logical Operational View","globalTOCPosition":"6.2.4"},{"_id":"art_SJlMZha3NCr","typeId":"assetartifact_functionalrequirement","artifactTypeId":"artifacttype_e84db042-a76f-33fc-8d04-d4c71efeeaa1","type":"High Level Requirements","globalTOCPosition":"5.4"},{"_id":"art_Byp--h62NRS","typeId":"assetartifact_architectureoverview_usagescenario","artifactTypeId":"artifacttype_40240195-af6f-3174-ae41-65e24732539b","type":"Usage Scenario","globalTOCPosition":"5.3.4"},{"_id":"art_H1cb-hp2ECr","typeId":"assetartifact_architectureoverview_itsystem","artifactTypeId":"artifacttype_e582b0d7-9d35-3a10-a7b9-32d7a17b4946","type":"IT System View","globalTOCPosition":"5.3.3"},{"_id":"art_SyDZb3T2NAB","typeId":"assetartifact_architectureoverview_enterprise","artifactTypeId":"artifacttype_9477bb42-a1d5-36c7-a7a1-85df7fe1d4cd","type":"Enterprise View","globalTOCPosition":"5.3.2"},{"_id":"art_SJ7bbnpnECH","typeId":"assetartifact_architectureoverview_aodservice","artifactTypeId":"artifacttype_7179eb03-4c0f-3eb6-972d-44456b82e9fb","type":"Services View","globalTOCPosition":"5.3.1"},{"_id":"art_BJg-b26nVRr","typeId":"assetartifact_componentmodel_dynamicview","artifactTypeId":"artifacttype_b282c979-a510-3880-9ce2-2c25d257698b","type":"Dynamic View","globalTOCPosition":"5.2.2"},{"_id":"art_rkaxbha3ECB","typeId":"assetartifact_componentmodel_staticview","artifactTypeId":"artifacttype_db40d8de-4341-3fae-9f1a-46792f97b1a7","type":"Static View","globalTOCPosition":"5.2.1"},{"_id":"art_BJ_e-h6h4AB","typeId":"assetartifact_systemcontext","artifactTypeId":"artifacttype_9922e19a-e2a5-33f0-80b5-9d7889a88221","type":"Context Diagram","globalTOCPosition":"5.1"},{"_id":"art_H1Ue-3T2VCr","typeId":"assetartifact_notes","artifactTypeId":"artifacttype_284be578-31b2-326c-a427-0ef60218f549","type":"Separation Of Duties / Authorization Table","globalTOCPosition":"4.1"},{"_id":"art_HJNgWhahVCH","typeId":"assetartifact_notes","artifactTypeId":"artifacttype_64b07dad-1e31-3b17-b38d-c28e5f42c2c7","type":"Personas, Roles & Responsibilities","globalTOCPosition":"3.1"},{"_id":"art_Hy1eZhanEAB","typeId":"assetartifact_logical_datamodel","artifactTypeId":"artifacttype_8cd6575f-4e96-3a65-8279-227416b518d7","type":"Master Data","globalTOCPosition":"4.2"},{"_id":"art_r1pb3p3NRS","typeId":"assetartifact_nonfunctionalrequirement","artifactTypeId":"artifacttype_775254b3-725e-351c-8079-fefa455d45b3","type":"Key Non-Functional Requirements","globalTOCPosition":"2.4"},{"_id":"art_By9-3p3ECB","typeId":"assetartifact_architecturedecision","artifactTypeId":"artifacttype_465857e6-0cfa-3eea-a4d6-0114d0090d1f","type":"Architectural Decisions","globalTOCPosition":"2.3"},{"_id":"art_r1_Z2p2NCB","typeId":"assetartifact_assumption","artifactTypeId":"artifacttype_79d960fc-0c7a-3220-9026-78d8711844b9","type":"Assumptions","globalTOCPosition":"2.2"},{"_id":"art_SkIZ3T3EAr","typeId":"assetartifact_architecture_principles","artifactTypeId":"artifacttype_e5f05492-a372-33be-becc-2139938c8838","type":"Principles","globalTOCPosition":"2.1"},{"_id":"art_HkfZha2VCS","typeId":"assetartifact_notes","artifactTypeId":"artifacttype_bccf98f4-3dea-31e0-b62f-ca26898281ca","type":"Roadmap","globalTOCPosition":"1.2"},{"_id":"art_SyeZnpnEAr","typeId":"assetartifact_businesschallenge","artifactTypeId":"artifacttype_4af3e981-2e8a-32e9-8f28-665a09572d8a","type":"Business Context","globalTOCPosition":"1.1"}],"industry":[{"_id":"industry_consumer","name":"Consumer"}],"technology":[{"_id":"technology_blockchain","name":"Blockchain"}],"technicalCapability":[],"businessCapability":[],"client":[],"template":{"_id":"template_b673f824-529e-34ef-a404-9f396efa8c7a","name":"TOGAF Template for 5396","description":"Sample ToC based on TOGAF standards","isGlobalDefaultTemplate":false},"executiveSummary":"","tag":[{"_id":"tag_back_office_transformation","name":"Back Office Transformation"}],"schemaVersion":"1.2","appVersion":"2.7.0"}