{"_id":"arch_SyjtV8FRD","name":"copy arch 0107_import 2","type":"Solution","status":"Pending","created":"2021-01-11T04:30:58Z","lastModified":"2021-01-11T05:41:22Z","includedArtifacts":[{"globalTOCPosition":"4.1","typeId":"assetartifact_logical_datamodel","_id":"art_ByKGhNLY0P","artifactTypeId":"artifacttype_246bc46f-0286-3ad4-bf01-679592db59c7","type":"Logical Data Model"},{"globalTOCPosition":"5.3.2","typeId":"assetartifact_componentmodel_dynamicview","_id":"art_rkpgZnN8FCv","artifactTypeId":"artifacttype_6e1239a1-6a68-3dae-ae87-b05ecf80d25b","type":"Dynamic View"},{"globalTOCPosition":"5.3.1","typeId":"assetartifact_componentmodel_staticview","_id":"art_Syox24UK0D","artifactTypeId":"artifacttype_4a44b8fa-5057-3826-84d7-169a6fc1f2ed","type":"Static View"},{"globalTOCPosition":"8","typeId":"assetartifact_miscdiagram","_id":"art_ryPg2EIY0P","artifactTypeId":"artifacttype_23219eb8-b210-3e5a-8621-9881bee93055","type":"Misc Diagram"},{"globalTOCPosition":"5.4.2","typeId":"assetartifact_operationalmodel_physicaloperational","_id":"art_B1hoV8K0v","artifactTypeId":"artifacttype_7503dbb1-18f7-36ac-ad12-98d977ef3d0d","type":"Prescribed Operational View"},{"globalTOCPosition":"5.4.1","typeId":"assetartifact_operationalmodel_logicaloperational","_id":"art_B11l_jV8K0D","artifactTypeId":"artifacttype_5ca43d50-d7da-322f-a1b0-f65b0c12b2c8","type":"Logical Operational View"},{"globalTOCPosition":"3.2","typeId":"assetartifact_functionalrequirement","_id":"art_B19vjEIK0D","artifactTypeId":"artifacttype_12eefe0a-435b-3176-8bbe-4dc928a2e4c3","type":"Functional Requirements"},{"globalTOCPosition":"5.1.4","typeId":"assetartifact_architectureoverview_usagescenario","_id":"art_HJXNjELtRw","artifactTypeId":"artifacttype_d118451c-0816-3aa5-8b89-3119feb4168a","type":"Usage Scenario"},{"globalTOCPosition":"5.1.3","typeId":"assetartifact_architectureoverview_itsystem","_id":"art_rkki4UYAD","artifactTypeId":"artifacttype_355f72be-6566-3f48-8b15-c30f671d7c8f","type":"IT System View"},{"globalTOCPosition":"5.1.2","typeId":"assetartifact_architectureoverview_enterprise","_id":"art_B1xlA9NUYCv","artifactTypeId":"artifacttype_16bfe592-ae95-371c-9f64-3a881b667707","type":"Enterprise View"},{"globalTOCPosition":"5.1.1","typeId":"assetartifact_architectureoverview_aodservice","_id":"art_HJs4qN8KRD","artifactTypeId":"artifacttype_2c548a13-6bd9-3edc-a496-0318af82f0d1","type":"Services View"},{"globalTOCPosition":"3.1.1","typeId":"assetartifact_usecase_ucdiagram","_id":"art_BypGcEUtAw","artifactTypeId":"artifacttype_cde39d5e-c892-3093-ab3d-bad448acb8a0","type":"Use Case Diagram"},{"globalTOCPosition":"9","typeId":"assetartifact_notes","_id":"art_Skff9E8YRP","artifactTypeId":"artifacttype_02226b19-474e-37a6-ab39-d9bb31767fb5","type":"Notes"},{"globalTOCPosition":"3.1.2","typeId":"assetartifact_usecase_uctext","_id":"art_rkbx5N8t0w","artifactTypeId":"artifacttype_dde4b71c-82db-3f66-964a-3a04fbf56dff","type":"Use Case"},{"globalTOCPosition":"6.4","typeId":"assetartifact_dependency","_id":"art_rkt6tVIYAD","artifactTypeId":"artifacttype_9c5463b3-5c9e-3790-86cb-9b8866cc062a","type":"Dependencies"},{"globalTOCPosition":"6.2","typeId":"assetartifact_assumption","_id":"art_H1ex3Y48t0D","artifactTypeId":"artifacttype_2142b656-62ba-304d-95d4-77b1b144e5e1","type":"Assumptions"},{"globalTOCPosition":"6.3","typeId":"assetartifact_issue","_id":"art_BJ0hYVLYCv","artifactTypeId":"artifacttype_f4d01807-f847-3ccd-87a2-32877074295e","type":"Issues"},{"globalTOCPosition":"3.3","typeId":"assetartifact_nonfunctionalrequirement","_id":"art_HywhKNIF0P","artifactTypeId":"artifacttype_f0eebd79-15c9-3ebc-a73b-8efc3f634f59","type":"Non Functional Requirements"},{"globalTOCPosition":"6.1","typeId":"assetartifact_risk","_id":"art_rJGnFV8FAw","artifactTypeId":"artifacttype_94622837-e58f-34c3-9263-8260b69601c8","type":"Risks"},{"globalTOCPosition":"7","typeId":"assetartifact_architecture_principles","_id":"art_B1ZhKVItAv","artifactTypeId":"artifacttype_92ccfc5d-c31a-349d-97c0-6d75c8841a8a","type":"Architectural Principles"},{"globalTOCPosition":"5.2","typeId":"assetartifact_architecturedecision","_id":"art_rJl3F4LYAD","artifactTypeId":"artifacttype_fddae3fa-aafa-32af-94a4-bc3e1ed255cc","type":"Architectural Decisions"},{"globalTOCPosition":"2.2","typeId":"assetartifact_systemcontext","_id":"art_Bk3K4UKCP","artifactTypeId":"artifacttype_8ca70362-e3d1-3b9c-91d1-f755d029a2e3","type":"System Context"},{"globalTOCPosition":"2.1","typeId":"assetartifact_businesschallenge","_id":"art_rJDitE8YRD","artifactTypeId":"artifacttype_d1ab4a95-e05f-3882-9f19-6500fc0d3b2b","type":"Business Challenge"},{"globalTOCPosition":"1","typeId":"assetartifact_executivesummary","_id":"art_ByUoKNUKAD","artifactTypeId":"artifacttype_9edbd406-69fb-3a95-8b2e-58a0974b2710","type":"Overview"}],"industry":[{"name":"Education","_id":"industry_education"},{"name":"Banking & FM","_id":"industry_banking"}],"technology":[{"name":"Blockchain","_id":"technology_blockchain"},{"name":"Conversational Services & Chatbots","_id":"technology_conversation"}],"technicalCapability":[],"businessCapability":[],"client":[],"taxonomies":["Modernize ways of working","Unreliable IT","Lack of IT Skills"],"template":{"name":"Solution Architecture Template","description":"Default ToC","_id":"template_company_ibm","isGlobalDefaultTemplate":true},"executiveSummary":"<div>a</div><div><br></div><div>ds</div><div><img style=\"height:100px;\" src=\"/api/FileManagerAPIs/containers/cafiles/files/file_caf2dda70842cc13.png\"></div><div><br></div><table style=\"width:100%\"><tbody><tr><td style=\"height:42px;border: 1px solid #979797;padding:5px;width:33.333333333333336%\"> </td><td style=\"height:42px;border: 1px solid #979797;padding:5px;width:33.333333333333336%\"> </td><td style=\"height:42px;border: 1px solid #979797;padding:5px;width:33.333333333333336%\"> </td></tr><tr><td style=\"height:42px;border: 1px solid #979797;padding:5px;width:33.333333333333336%\"> </td><td style=\"height:42px;border: 1px solid #979797;padding:5px;width:33.333333333333336%\"> </td><td style=\"height:42px;border: 1px solid #979797;padding:5px;width:33.333333333333336%\"> </td></tr><tr><td style=\"height:42px;border: 1px solid #979797;padding:5px;width:33.333333333333336%\"> </td><td style=\"height:42px;border: 1px solid #979797;padding:5px;width:33.333333333333336%\"> </td><td style=\"height:42px;border: 1px solid #979797;padding:5px;width:33.333333333333336%\"> </td></tr><tr><td style=\"height:42px;border: 1px solid #979797;padding:5px;width:33.333333333333336%\"> </td><td style=\"height:42px;border: 1px solid #979797;padding:5px;width:33.333333333333336%\"> </td><td style=\"height:42px;border: 1px solid #979797;padding:5px;width:33.333333333333336%\"> </td></tr><tr><td style=\"height:42px;border: 1px solid #979797;padding:5px;width:33.333333333333336%\"> </td><td style=\"height:42px;border: 1px solid #979797;padding:5px;width:33.333333333333336%\"> </td><td style=\"height:42px;border: 1px solid #979797;padding:5px;width:33.333333333333336%\"> </td></tr></tbody></table><br><div>f</div><div>dsf</div><div><br></div>","tag":[{"name":"Connected Vehicle","_id":"tag_industry_connected_vehicle"}],"schemaVersion":"1.4","lastModifiedUser":{"_id":"gbbguoxa@cn.ibm.com","fullname":"Bei Bei Guo","notesId":"Bei Bei JG Guo","jobResponsibilities":"Test Specialist","avatar":"https://w3-services1.w3-969.ibm.com/myw3/unified-profile-photo/v1/image/gbbguoxa@cn.ibm.com?def=avatar","privacyConstent":{"isAccept":true,"country":"CN","acceptedDate":"2018-10-15T06:03:35.756Z"},"lastLoginDate":"2021-01-11T04:27:30.482Z","bookmarkedArchList":["copied_f5982c40_a427_11e7_9b2d_bf96ebf8b1f3_COPY_architecture_33869491_8dbe_11e7_a90b_697746ae2b06","copied_e46c1250_ad56_11e7_9df4_2b1f6b893765_COPY_architecture_6ce61071_8d01_11e7_a90b_697746ae2b06","copied_67d74de0_a428_11e7_9d8f_c7a28270726d_COPY_architecture_96d45bf1_8d27_11e7_a90b_697746ae2b06","copied_61f15ed0_aca1_11e7_b764_25075a75175c_COPY_architecture_43936131_a941_11e7_8703_cf7fc382471f"],"chatbotToken":"d8f82972a89e48c291a082eb2d99d8fa","username":"gbbguoxa@cn.ibm.com","email":"gbbguoxa@cn.ibm.com","userPreference":{"defaultTemplate":"template_company_ibm","defaultGithubInfo":{"_id":null,"repoUrl":"git@github.com:guoliabei/ca-public.git"}},"geographyList":["672"],"businessUnitList":["GLMKT"],"collaborationGroupList":["5d03635081dbc100085a27d7","5f55cb36e378d50008b6248e"]},"owner":{"_id":"gbbguoxa@cn.ibm.com","fullname":"Bei Bei Guo","notesId":"Bei Bei JG Guo","jobResponsibilities":"Test Specialist","avatar":"https://w3-services1.w3-969.ibm.com/myw3/unified-profile-photo/v1/image/gbbguoxa@cn.ibm.com?def=avatar","privacyConstent":{"isAccept":true,"country":"CN","acceptedDate":"2018-10-15T06:03:35.756Z"},"lastLoginDate":"2021-01-11T04:27:30.482Z","bookmarkedArchList":["copied_f5982c40_a427_11e7_9b2d_bf96ebf8b1f3_COPY_architecture_33869491_8dbe_11e7_a90b_697746ae2b06","copied_e46c1250_ad56_11e7_9df4_2b1f6b893765_COPY_architecture_6ce61071_8d01_11e7_a90b_697746ae2b06","copied_67d74de0_a428_11e7_9d8f_c7a28270726d_COPY_architecture_96d45bf1_8d27_11e7_a90b_697746ae2b06","copied_61f15ed0_aca1_11e7_b764_25075a75175c_COPY_architecture_43936131_a941_11e7_8703_cf7fc382471f"],"chatbotToken":"d8f82972a89e48c291a082eb2d99d8fa","username":"gbbguoxa@cn.ibm.com","email":"gbbguoxa@cn.ibm.com","userPreference":{"defaultTemplate":"template_company_ibm","defaultGithubInfo":{"_id":null,"repoUrl":"git@github.com:guoliabei/ca-public.git"}},"collaborationGroupList":["5d03635081dbc100085a27d7","5f55cb36e378d50008b6248e"],"businessUnit":{"_id":"GLMKT","name":"IBM Global Markets","description":""},"geography":{"_id":"672","iot":"GCG IOT","imt_market":"Peoples Rep of China","country":"China"}},"appVersion":"3.1.0"}