{"_id":"arch_ry7yXHuEv","name":"empty arch","type":"Solution","status":"Pending","created":"2020-09-11T00:20:42Z","lastModified":"2020-09-11T00:20:42Z","includedArtifacts":[],"industry":[],"technology":[],"technicalCapability":[],"businessCapability":[],"client":[],"taxonomies":[],"template":{"name":"Solution Architecture Template","description":"Default ToC","_id":"template_company_ibm","isGlobalDefaultTemplate":true},"executiveSummary":"","tag":[],"schemaVersion":"1.3","lastModifiedUser":{"_id":"gbbguoxa@cn.ibm.com","fullname":"Bei Bei Guo","notesId":"Bei Bei JG Guo","jobResponsibilities":"Test Specialist","avatar":"https://w3-services1.w3-969.ibm.com/myw3/unified-profile-photo/v1/image/gbbguoxa@cn.ibm.com?def=avatar","privacyConstent":{"isAccept":true,"country":"CN","acceptedDate":"2018-10-15T06:03:35.756Z"},"lastLoginDate":"2020-09-10T07:56:38.723Z","bookmarkedArchList":["copied_0050ba20_ad57_11e7_971d_1dbaf50a3a74_COPY_architecture_ab8c2831_a7e8_11e7_8703_cf7fc382471f","copied_67d74de0_a428_11e7_9d8f_c7a28270726d_COPY_architecture_96d45bf1_8d27_11e7_a90b_697746ae2b06","copied_f5982c40_a427_11e7_9b2d_bf96ebf8b1f3_COPY_architecture_33869491_8dbe_11e7_a90b_697746ae2b06","arch_r1mhvuupL","architecture_c4819ec1_bd72_11e7_b03f_63a5d48a3006","copied_61f15ed0_aca1_11e7_b764_25075a75175c_COPY_architecture_43936131_a941_11e7_8703_cf7fc382471f"],"chatbotToken":"d8f82972a89e48c291a082eb2d99d8fa","username":"gbbguoxa@cn.ibm.com","email":"gbbguoxa@cn.ibm.com","userPreference":{"defaultTemplate":"template_company_ibm","defaultGithubInfo":{"_id":null,"repoUrl":"git@github.com:guoliabei/ca-public.git"}},"geographyList":["672"],"businessUnitList":["GLMKT"],"collaborationGroupList":["5d03635081dbc100085a27d7"]},"owner":{"_id":"gbbguoxa@cn.ibm.com","fullname":"Bei Bei Guo","notesId":"Bei Bei JG Guo","jobResponsibilities":"Test Specialist","avatar":"https://w3-services1.w3-969.ibm.com/myw3/unified-profile-photo/v1/image/gbbguoxa@cn.ibm.com?def=avatar","privacyConstent":{"isAccept":true,"country":"CN","acceptedDate":"2018-10-15T06:03:35.756Z"},"lastLoginDate":"2020-09-10T07:56:38.723Z","bookmarkedArchList":["copied_0050ba20_ad57_11e7_971d_1dbaf50a3a74_COPY_architecture_ab8c2831_a7e8_11e7_8703_cf7fc382471f","copied_67d74de0_a428_11e7_9d8f_c7a28270726d_COPY_architecture_96d45bf1_8d27_11e7_a90b_697746ae2b06","copied_f5982c40_a427_11e7_9b2d_bf96ebf8b1f3_COPY_architecture_33869491_8dbe_11e7_a90b_697746ae2b06","arch_r1mhvuupL","architecture_c4819ec1_bd72_11e7_b03f_63a5d48a3006","copied_61f15ed0_aca1_11e7_b764_25075a75175c_COPY_architecture_43936131_a941_11e7_8703_cf7fc382471f"],"chatbotToken":"d8f82972a89e48c291a082eb2d99d8fa","username":"gbbguoxa@cn.ibm.com","email":"gbbguoxa@cn.ibm.com","userPreference":{"defaultTemplate":"template_company_ibm","defaultGithubInfo":{"_id":null,"repoUrl":"git@github.com:guoliabei/ca-public.git"}},"collaborationGroupList":["5d03635081dbc100085a27d7"],"businessUnit":{"_id":"GLMKT","name":"IBM Global Markets","description":""},"geography":{"_id":"672","iot":"GCG IOT","imt_market":"Peoples Rep of China","country":"China"}},"appVersion":"3.0"}