{"toc":[{"globalTOCPosition":"1","displayName":"OVERVIEW","_id":"artifactgroup_3e984e2e-1e5e-37c0-b367-acbf6bf1ab0e","child":[{"globalTOCPosition":"1.1","artifactTypeName":"Business Challenge","format":"text","artifactType":"assetartifact_businesschallenge","_id":"artifacttype_7e1a0a64-9638-3567-bae1-d895778a288a","displayName":"Business Context","hasContent":false},{"globalTOCPosition":"1.2","artifactTypeName":"Notes","format":"text","artifactType":"assetartifact_notes","_id":"artifacttype_d350e494-2909-366d-8175-fbbb3e7b69ef","displayName":"Roadmap","hasContent":false}]},{"globalTOCPosition":"2","displayName":"ARCHITECTURE PRINCIPLES, DECISIONS AND KEY NFR’S","_id":"artifactgroup_296a1d18-864d-3749-8446-12ccde58f90e","child":[{"globalTOCPosition":"2.1","artifactTypeName":"Architectural Principles","format":"text","artifactType":"assetartifact_architecture_principles","_id":"artifacttype_400db48f-39bd-3a1b-84ea-ee5cffbacb8c","displayName":"Principles","hasContent":false},{"globalTOCPosition":"2.2","artifactTypeName":"Assumptions","format":"text","artifactType":"assetartifact_assumption","_id":"artifacttype_2a091746-9283-3fa5-95dc-9720b752a145","displayName":"Assumptions","hasContent":false},{"globalTOCPosition":"2.3","artifactTypeName":"Architectural Decisions","format":"text","artifactType":"assetartifact_architecturedecision","_id":"artifacttype_2568ead9-9341-32cd-a397-1dae760d9d6a","displayName":"Architectural Decisions","hasContent":false},{"artifactTypeName":"Non Functional Requirements","globalTOCPosition":"2.4","format":"text","artifactType":"assetartifact_nonfunctionalrequirement","_id":"artifacttype_a4b20c0c-2e1f-36f9-9b13-2b813d861672","displayName":"Key Non-Functional Requirements","hasContent":false}]},{"globalTOCPosition":"3","displayName":"BUSINESS ARCHITECTURE","_id":"artifactgroup_587120b1-4808-3f90-8ca5-cbb18baa14df","child":[{"globalTOCPosition":"3.1","artifactTypeName":"Notes","format":"text","artifactType":"assetartifact_notes","_id":"artifacttype_91785f5e-1b74-3f51-8562-aad4791ad070","displayName":"Personas, Roles & Responsibilities","hasContent":false}]},{"globalTOCPosition":"4","displayName":"DATA ARCHITECTURE","_id":"artifactgroup_65e9e6e5-5922-3d80-9ac4-e700ef733b43","child":[{"globalTOCPosition":"4.1","artifactTypeName":"Notes","format":"text","artifactType":"assetartifact_notes","_id":"artifacttype_5b5b511b-aeda-316f-a250-c65c5b50222c","displayName":"Separation Of Duties / Authorization Table","hasContent":false},{"artifactTypeName":"Logical Data Model","globalTOCPosition":"4.2","format":"diagram","artifactType":"assetartifact_logical_datamodel","_id":"artifacttype_11dc6060-14ea-32c5-a943-69ccb319f4ff","displayName":"Master Data","hasContent":false},{"artifactTypeName":"Logical Data Model","globalTOCPosition":"4.3","format":"diagram","artifactType":"assetartifact_logical_datamodel","_id":"artifacttype_5a689b25-1665-3699-b33c-acee565cbdba","displayName":"Detailed Data Model","hasContent":false}]},{"globalTOCPosition":"5","displayName":"APPLICATION ARCHITECTURE","_id":"artifactgroup_41d79ea2-64c9-39e0-abd2-a630d0e45425","child":[{"artifactTypeName":"System Context","globalTOCPosition":"5.1","format":"diagram","artifactType":"assetartifact_systemcontext","_id":"artifacttype_1c8eefff-421d-39a6-80f1-0d52a82bb782","displayName":"Context Diagram","hasContent":false},{"globalTOCPosition":"5.2","parentGroup":"artifactgroup_41d79ea2-64c9-39e0-abd2-a630d0e45425","_id":"artifactgroup_5e328f26-cf79-3295-b643-384388b96262","displayName":"COMPONENT MODEL","child":[{"artifactTypeName":"Static View","globalTOCPosition":"5.2.1","format":"diagram","artifactType":"assetartifact_componentmodel_staticview","_id":"artifacttype_106658d0-7c88-3dcc-bc09-74e636983f76","displayName":"Static View","hasContent":false},{"artifactTypeName":"Dynamic View","globalTOCPosition":"5.2.2","format":"diagram","artifactType":"assetartifact_componentmodel_dynamicview","_id":"artifacttype_88f62f78-2c26-319b-ab33-1d676d67d601","displayName":"Dynamic View","hasContent":false}]},{"globalTOCPosition":"5.3","parentGroup":"artifactgroup_41d79ea2-64c9-39e0-abd2-a630d0e45425","_id":"artifactgroup_635acbea-f47a-3793-9cb4-b9d575983779","displayName":"APPLICATION INTEGRATION","child":[{"artifactTypeName":"Services View","globalTOCPosition":"5.3.1","format":"diagram","artifactType":"assetartifact_architectureoverview_aodservice","_id":"artifacttype_c903d934-f10a-3734-b905-18c856a9054d","displayName":"Services View","hasContent":false},{"artifactTypeName":"Enterprise View","globalTOCPosition":"5.3.2","format":"diagram","artifactType":"assetartifact_architectureoverview_enterprise","_id":"artifacttype_6ffb5ac3-af89-3bff-b206-20977b8fa335","displayName":"Enterprise View","hasContent":false},{"artifactTypeName":"IT System View","globalTOCPosition":"5.3.3","format":"diagram","artifactType":"assetartifact_architectureoverview_itsystem","_id":"artifacttype_16d454e8-334d-351c-9b1b-7a4f8e806579","displayName":"IT System View","hasContent":true},{"artifactTypeName":"Usage Scenario","globalTOCPosition":"5.3.4","format":"diagram","artifactType":"assetartifact_architectureoverview_usagescenario","_id":"artifacttype_56685f54-cdba-37b0-8a41-27e1e5fedc82","displayName":"Usage Scenario","hasContent":false},{"artifactTypeName":"Static View","globalTOCPosition":"5.3.5","format":"diagram","artifactType":"assetartifact_componentmodel_staticview","_id":"artifacttype_ec555d94-6c86-3aaa-aa16-4734deae754d","displayName":"Static View","hasContent":false},{"artifactTypeName":"Dynamic View","globalTOCPosition":"5.3.6","format":"diagram","artifactType":"assetartifact_componentmodel_dynamicview","_id":"artifacttype_74a04c05-801c-39da-a57c-0b899a186f63","displayName":"Dynamic View","hasContent":false}]},{"globalTOCPosition":"5.4","artifactTypeName":"Functional Requirements","format":"text","artifactType":"assetartifact_functionalrequirement","_id":"artifacttype_3afd3732-ae19-3087-8fda-9f8fb6773c3a","displayName":"High Level Requirements","hasContent":false}]},{"globalTOCPosition":"6","displayName":"TECHNOLOGY ARCHITECTURE","_id":"artifactgroup_b7ebe8f7-c796-39ff-a61a-b42a05b95a29","child":[{"artifactTypeName":"Non Functional Requirements","globalTOCPosition":"6.1","format":"text","artifactType":"assetartifact_nonfunctionalrequirement","_id":"artifacttype_8146d84f-a8bc-3ddd-a64b-9282e4f1306e","displayName":"Platorm Requirements","hasContent":false},{"globalTOCPosition":"6.2","parentGroup":"artifactgroup_b7ebe8f7-c796-39ff-a61a-b42a05b95a29","_id":"artifactgroup_b2f909e5-a1e0-3232-a641-b5724f167e21","displayName":"END USER PLATFORM","child":[{"artifactTypeName":"IT System View","globalTOCPosition":"6.2.1","format":"diagram","artifactType":"assetartifact_architectureoverview_itsystem","_id":"artifacttype_28a9823b-9d1b-3877-b4e8-98990cf72d64","displayName":"IT System View","hasContent":false},{"artifactTypeName":"Static View","globalTOCPosition":"6.2.2","format":"diagram","artifactType":"assetartifact_componentmodel_staticview","_id":"artifacttype_b4458a3f-da2e-30bc-88aa-26007d2d7336","displayName":"Static View","hasContent":false},{"artifactTypeName":"Dynamic View","globalTOCPosition":"6.2.3","format":"diagram","artifactType":"assetartifact_componentmodel_dynamicview","_id":"artifacttype_da28af8b-a784-346b-8edc-78117c4c9c19","displayName":"Dynamic View","hasContent":false},{"artifactTypeName":"Logical Operational View","globalTOCPosition":"6.2.4","format":"diagram","artifactType":"assetartifact_operationalmodel_logicaloperational","_id":"artifacttype_13032995-abec-3a78-a760-d12a5b1107df","displayName":"Logical Operational View","hasContent":false},{"artifactTypeName":"Physical Operational View","globalTOCPosition":"6.2.5","format":"diagram","artifactType":"assetartifact_operationalmodel_physicaloperational","_id":"artifacttype_bc73e95d-f6e5-3c27-aa01-85953a096559","displayName":"Physical Operational View","hasContent":false}]},{"globalTOCPosition":"6.3","parentGroup":"artifactgroup_b7ebe8f7-c796-39ff-a61a-b42a05b95a29","_id":"artifactgroup_5dfd975b-fdf9-3c89-843a-3a2a297bfe09","displayName":"DEPLOYMENT PLATFORM","child":[{"artifactTypeName":"IT System View","globalTOCPosition":"6.3.1","format":"diagram","artifactType":"assetartifact_architectureoverview_itsystem","_id":"artifacttype_2820aaaa-2d9f-387d-a42a-205fad7a6705","displayName":"IT System View","hasContent":false},{"artifactTypeName":"Static View","globalTOCPosition":"6.3.2","format":"diagram","artifactType":"assetartifact_componentmodel_staticview","_id":"artifacttype_aa49ed62-fccd-3617-8b11-1f1d8523a9cf","displayName":"Static View","hasContent":false},{"artifactTypeName":"Dynamic View","globalTOCPosition":"6.3.3","format":"diagram","artifactType":"assetartifact_componentmodel_dynamicview","_id":"artifacttype_fd91903d-eb56-3e81-ac55-eaf2ebf181ab","displayName":"Dynamic View","hasContent":false},{"artifactTypeName":"Logical Operational View","globalTOCPosition":"6.3.4","format":"diagram","artifactType":"assetartifact_operationalmodel_logicaloperational","_id":"artifacttype_91eb5238-9ce1-3948-8708-d7ff3e0687be","displayName":"Logical Operational View","hasContent":false},{"artifactTypeName":"Physical Operational View","globalTOCPosition":"6.3.5","format":"diagram","artifactType":"assetartifact_operationalmodel_physicaloperational","_id":"artifacttype_15839707-8b7f-39d7-b67e-aa0bf5a849f9","displayName":"Physical Operational View","hasContent":false}]}]},{"globalTOCPosition":"7","displayName":"SECURITY CONSIDERATIONS","_id":"artifactgroup_38671348-e06d-36cb-bcef-8f79bb428fd1","child":[{"globalTOCPosition":"7.1","artifactTypeName":"Functional Requirements","format":"text","artifactType":"assetartifact_functionalrequirement","_id":"artifacttype_52cb4c96-9010-364f-ad55-d8792968b769","displayName":"Security Requirements","hasContent":false},{"artifactTypeName":"Non Functional Requirements","globalTOCPosition":"7.2","format":"text","artifactType":"assetartifact_nonfunctionalrequirement","_id":"artifacttype_26304d72-bd37-36e4-a69d-dd13dde16bbd","displayName":"Security Non-Functional Requirements","hasContent":false}]}],"toc_cards":{"aodITSystems":{"artifacttype_16d454e8-334d-351c-9b1b-7a4f8e806579":[{"additionalInfo":{},"_id":"aoditsystem_2iJnemiFq5T","name":"itsv","description":"","lastModifiedInfo":{"userId":"gbbguoxa@cn.ibm.com","date":"2020-06-02T10:35:55Z"}}],"artifacttype_28a9823b-9d1b-3877-b4e8-98990cf72d64":[],"artifacttype_2820aaaa-2d9f-387d-a42a-205fad7a6705":[]},"businesschallenge":{"artifacttype_7e1a0a64-9638-3567-bae1-d895778a288a":[]},"notes":{"artifacttype_d350e494-2909-366d-8175-fbbb3e7b69ef":[],"artifacttype_91785f5e-1b74-3f51-8562-aad4791ad070":[],"artifacttype_5b5b511b-aeda-316f-a250-c65c5b50222c":[]},"architectureprinciple":{"artifacttype_400db48f-39bd-3a1b-84ea-ee5cffbacb8c":[]},"assumption":{"artifacttype_2a091746-9283-3fa5-95dc-9720b752a145":[]},"architecturaldecision":{"artifacttype_2568ead9-9341-32cd-a397-1dae760d9d6a":[]},"nonfunctionalrequirement":{"artifacttype_a4b20c0c-2e1f-36f9-9b13-2b813d861672":[],"artifacttype_8146d84f-a8bc-3ddd-a64b-9282e4f1306e":[],"artifacttype_26304d72-bd37-36e4-a69d-dd13dde16bbd":[]},"logicalERD":{"artifacttype_11dc6060-14ea-32c5-a943-69ccb319f4ff":[],"artifacttype_5a689b25-1665-3699-b33c-acee565cbdba":[]},"systemContext":{"artifacttype_1c8eefff-421d-39a6-80f1-0d52a82bb782":[]},"cmStaticViews":{"artifacttype_106658d0-7c88-3dcc-bc09-74e636983f76":[],"artifacttype_ec555d94-6c86-3aaa-aa16-4734deae754d":[],"artifacttype_b4458a3f-da2e-30bc-88aa-26007d2d7336":[],"artifacttype_aa49ed62-fccd-3617-8b11-1f1d8523a9cf":[]},"cmDynamicViews":{"artifacttype_88f62f78-2c26-319b-ab33-1d676d67d601":[],"artifacttype_74a04c05-801c-39da-a57c-0b899a186f63":[],"artifacttype_da28af8b-a784-346b-8edc-78117c4c9c19":[],"artifacttype_fd91903d-eb56-3e81-ac55-eaf2ebf181ab":[]},"aodServices":{"artifacttype_c903d934-f10a-3734-b905-18c856a9054d":[]},"aodEnterprises":{"artifacttype_6ffb5ac3-af89-3bff-b206-20977b8fa335":[]},"aodUsageScenarios":{"artifacttype_56685f54-cdba-37b0-8a41-27e1e5fedc82":[]},"functionalrequirement":{"artifacttype_3afd3732-ae19-3087-8fda-9f8fb6773c3a":[],"artifacttype_52cb4c96-9010-364f-ad55-d8792968b769":[]},"lomViews":{"artifacttype_13032995-abec-3a78-a760-d12a5b1107df":[],"artifacttype_91eb5238-9ce1-3948-8708-d7ff3e0687be":[]},"lomPhysicalViews":{"artifacttype_bc73e95d-f6e5-3c27-aa01-85953a096559":[],"artifacttype_15839707-8b7f-39d7-b67e-aa0bf5a849f9":[]}},"combined":{"coreInfo":[{"modelType":"LogicalNode","description":"","_id":"logicalnode_2iJngpWxb3q","cardinality":"1","label":"Generic Node"}]},"diagram":{"instances":{"aoditsystem_2iJnemiFq5T":{"uiInfo":"<mxGraphModel dx=\"1132\" dy=\"286\" grid=\"1\" gridSize=\"10\" guides=\"1\" tooltips=\"1\" connect=\"1\" arrows=\"1\" fold=\"1\" page=\"1\" pageScale=\"1\" pageWidth=\"1169\" pageHeight=\"827\" background=\"#ffffff\"><root><mxCell id=\"0\" modelId=\"aoditsystem_2iJnemiFq5T\"></mxCell><mxCell id=\"1\" parent=\"0\"></mxCell><mxCell id=\"aoditsystem_2iJnemiFq5T_22iJnjtTwrfP\" style=\"whiteSpace=wrap;html=1;align=center;verticalAlign=top;strokeWidth=4;strokeColor=#CCCCCC;fillColor=none;\" vertex=\"1\" modelId=\"location_2iJnfYXKGix\" parent=\"1\"><mxGeometry x=\"140\" y=\"100\" width=\"250\" height=\"200\" as=\"geometry\"></mxGeometry></mxCell><mxCell id=\"aoditsystem_2iJnemiFq5T_32iJnjtTjiBM\" style=\"shape=image;html=1;verticalLabelPosition=bottom;labelBackgroundColor=#ffffff;verticalAlign=top;imageAspect=0;image=/cogarch/assets/mxgraph/stencils/clipart/others/generic.svg\" vertex=\"1\" modelId=\"logicalnode_2iJngpWxb3q\" parent=\"1\"><mxGeometry x=\"210\" y=\"170\" width=\"60\" height=\"60\" as=\"geometry\"></mxGeometry></mxCell></root></mxGraphModel>","coreInfo":[{"modelType":"AODITSystem","lastModifiedUserId":"gbbguoxa@cn.ibm.com","description":"","lastModified":"2020-06-02T10:35:55Z","_id":"aoditsystem_2iJnemiFq5T","label":"itsv"},{"modelType":"Location","description":"","_id":"location_2iJnfYXKGix","label":"Location","children":"logicalnode_2iJngpWxb3q"}]}}},"textual":{"instances":{}},"solution_advisors":{},"auditLog":{"_id":"architectureauditentry_Ri4N2xqpV","archId":"arch_rJpvxrm3U","archChangeLog":[{"_id":"architecturechangelog_sDpzLN1P7","date":"2020-06-02T10:35:32.645Z","type":"CREATE_INST","user":{"fullname":"Bei Bei Guo","email":"gbbguoxa@cn.ibm.com"},"artifactTypeId":"artifacttype_16d454e8-334d-351c-9b1b-7a4f8e806579","instanceName":"itsv"},{"_id":"architecturechangelog_FF0wLEWUX","date":"2020-06-02T02:59:02.524Z","type":"DOWNLOAD","user":{"fullname":"Bei Bei Guo","email":"gbbguoxa@cn.ibm.com"},"appVersion":"2.8.3","dataVersion":"1.2"},{"_id":"architecturechangelog_pSWhQgPl-M","date":"2020-06-02T02:58:45.535Z","type":"CREATE","user":{"fullname":"Bei Bei Guo","email":"gbbguoxa@cn.ibm.com"}}]}}