{"_id":"arch_rJpvxrm3U","name":"togaf-default image","type":"Solution","status":"Pending","created":"2020-06-02T02:58:45Z","lastModified":"2020-06-02T10:35:55Z","includedArtifacts":[{"globalTOCPosition":"5.3.3","typeId":"assetartifact_architectureoverview_itsystem","_id":"art_HyendsoQ38","artifactTypeId":"artifacttype_16d454e8-334d-351c-9b1b-7a4f8e806579","type":"IT System View"}],"industry":[],"technology":[],"technicalCapability":[],"businessCapability":[],"taxonomies":[],"template":{"name":"TOGAF Template","description":"Sample ToC based on TOGAF standards","_id":"template_e71496c0-0c3f-375d-b04c-bed289b8dbf0","isGlobalDefaultTemplate":false},"executiveSummary":"","tag":[],"schemaVersion":"1.2","lastModifiedUser":{"_id":"gbbguoxa@cn.ibm.com","fullname":"Bei Bei Guo","notesId":"Bei Bei JG Guo","jobResponsibilities":"Test Specialist","avatar":"https://faces.tap.ibm.com/imagesrv/02947A672.jpg?s=50","privacyConstent":{"isAccept":true,"country":"DZ","acceptedDate":"2019-11-15T03:38:06.547Z"},"lastLoginDate":"2020-06-02T08:50:55.721Z","bookmarkedArchList":["arch_H1XLTgYRz","copied_e46c1250_ad56_11e7_9df4_2b1f6b893765_COPY_architecture_6ce61071_8d01_11e7_a90b_697746ae2b06","copied_c7d6c370_a427_11e7_9030_55bdb397af46_COPY_architecture_a3903cc1_8db7_11e7_a90b_697746ae2b06","arch_rkF-KMW3B","arch_By45S7-3r","copied_61f15ed0_aca1_11e7_b764_25075a75175c_COPY_architecture_43936131_a941_11e7_8703_cf7fc382471f","arch_Sy815DT_S","arch_BJaOIiKAr","copied_67d74de0_a428_11e7_9d8f_c7a28270726d_COPY_architecture_96d45bf1_8d27_11e7_a90b_697746ae2b06"],"chatbotToken":"d8f82972a89e48c291a082eb2d99d8fa","username":"gbbguoxa@cn.ibm.com","email":"gbbguoxa@cn.ibm.com","userPreference":{"defaultTemplate":"template_company_ibm","defaultGithubInfo":{"_id":null,"repoUrl":"git@github.com:guoliabei/ca-public.git"}},"geographyList":["672"],"businessUnitList":["GLMKT"],"collaborationGroupList":["5bd2750d647bb50009d4cedd","5ca61532f0fbc6000829fe10","5cf51a967ff36d0009c10869"]},"owner":{"_id":"gbbguoxa@cn.ibm.com","fullname":"Bei Bei Guo","notesId":"Bei Bei JG Guo","jobResponsibilities":"Test Specialist","avatar":"https://faces.tap.ibm.com/imagesrv/02947A672.jpg?s=50","privacyConstent":{"isAccept":true,"country":"DZ","acceptedDate":"2019-11-15T03:38:06.547Z"},"lastLoginDate":"2020-06-02T08:50:55.721Z","bookmarkedArchList":["arch_H1XLTgYRz","copied_e46c1250_ad56_11e7_9df4_2b1f6b893765_COPY_architecture_6ce61071_8d01_11e7_a90b_697746ae2b06","copied_c7d6c370_a427_11e7_9030_55bdb397af46_COPY_architecture_a3903cc1_8db7_11e7_a90b_697746ae2b06","arch_rkF-KMW3B","arch_By45S7-3r","copied_61f15ed0_aca1_11e7_b764_25075a75175c_COPY_architecture_43936131_a941_11e7_8703_cf7fc382471f","arch_Sy815DT_S","arch_BJaOIiKAr","copied_67d74de0_a428_11e7_9d8f_c7a28270726d_COPY_architecture_96d45bf1_8d27_11e7_a90b_697746ae2b06"],"chatbotToken":"d8f82972a89e48c291a082eb2d99d8fa","username":"gbbguoxa@cn.ibm.com","email":"gbbguoxa@cn.ibm.com","userPreference":{"defaultTemplate":"template_company_ibm","defaultGithubInfo":{"_id":null,"repoUrl":"git@github.com:guoliabei/ca-public.git"}},"collaborationGroupList":["5bd2750d647bb50009d4cedd","5ca61532f0fbc6000829fe10","5cf51a967ff36d0009c10869"],"businessUnit":{"_id":"GLMKT","name":"IBM Global Markets","description":""},"geography":{"_id":"672","iot":"GCG IOT","imt_market":"Peoples Rep of China","country":"China"}},"appVersion":"2.8.3"}