{"toc":[{"globalTOCPosition":"1","artifactTypeName":"Overview","format":"text","artifactType":"assetartifact_executivesummary","_id":"artifacttype_9edbd406-69fb-3a95-8b2e-58a0974b2710","displayName":"Overview","child":[],"hasContent":true},{"globalTOCPosition":"2","parentGroup":"","_id":"artifactgroup_7dc829db-0746-3ddc-816c-d07338d4eebf","displayName":"Scope","child":[{"globalTOCPosition":"2.1","artifactTypeName":"Business Challenge","format":"text","artifactType":"assetartifact_businesschallenge","_id":"artifacttype_d1ab4a95-e05f-3882-9f19-6500fc0d3b2b","displayName":"Business Challenge","hasContent":false},{"globalTOCPosition":"2.2","artifactTypeName":"System Context","format":"diagram","artifactType":"assetartifact_systemcontext","_id":"artifacttype_8ca70362-e3d1-3b9c-91d1-f755d029a2e3","displayName":"System Context","hasContent":false}]},{"globalTOCPosition":"3","parentGroup":"","_id":"artifactgroup_3b8700e6-c854-3ec9-af0e-9b2e600721ce","displayName":"Requirement","child":[{"globalTOCPosition":"3.1","parentGroup":"artifactgroup_3b8700e6-c854-3ec9-af0e-9b2e600721ce","_id":"artifactgroup_6e299154-751f-36ee-acb2-145c8af87481","displayName":"Use Case Model","child":[{"artifactTypeName":"Use Case Diagram","globalTOCPosition":"3.1.1","format":"diagram","artifactType":"assetartifact_usecase_ucdiagram","_id":"artifacttype_cde39d5e-c892-3093-ab3d-bad448acb8a0","displayName":"Use Case Diagram","hasContent":true},{"globalTOCPosition":"3.1.2","artifactTypeName":"Use Case","format":"text","artifactType":"assetartifact_usecase_uctext","_id":"artifacttype_dde4b71c-82db-3f66-964a-3a04fbf56dff","displayName":"Use Case","hasContent":true}]},{"globalTOCPosition":"3.2","artifactTypeName":"Functional Requirements","format":"text","artifactType":"assetartifact_functionalrequirement","_id":"artifacttype_12eefe0a-435b-3176-8bbe-4dc928a2e4c3","displayName":"Functional Requirements","hasContent":true},{"artifactTypeName":"Non Functional Requirements","globalTOCPosition":"3.3","format":"text","artifactType":"assetartifact_nonfunctionalrequirement","_id":"artifacttype_f0eebd79-15c9-3ebc-a73b-8efc3f634f59","displayName":"Non Functional Requirements","hasContent":true}]},{"globalTOCPosition":"4","parentGroup":"","_id":"artifactgroup_40044cbe-6c76-33a1-b9e0-eab8937d30ca","displayName":"Data Model","child":[{"artifactTypeName":"Logical Data Model","globalTOCPosition":"4.1","format":"diagram","artifactType":"assetartifact_logical_datamodel","_id":"artifacttype_246bc46f-0286-3ad4-bf01-679592db59c7","displayName":"Logical Data Model","hasContent":false}]},{"globalTOCPosition":"5","parentGroup":"","_id":"artifactgroup_074a2b74-43d8-315a-b88b-c0b421754f02","displayName":"Architecture","child":[{"globalTOCPosition":"5.1","parentGroup":"artifactgroup_074a2b74-43d8-315a-b88b-c0b421754f02","_id":"artifactgroup_771e7b65-3b46-390d-bc41-3c88cfaf13ef","displayName":"Architecture Overview","child":[{"artifactTypeName":"Services View","globalTOCPosition":"5.1.1","format":"diagram","artifactType":"assetartifact_architectureoverview_aodservice","_id":"artifacttype_2c548a13-6bd9-3edc-a496-0318af82f0d1","displayName":"Services View","hasContent":false},{"artifactTypeName":"Enterprise View","globalTOCPosition":"5.1.2","format":"diagram","artifactType":"assetartifact_architectureoverview_enterprise","_id":"artifacttype_16bfe592-ae95-371c-9f64-3a881b667707","displayName":"Enterprise View","hasContent":false},{"globalTOCPosition":"5.1.3","artifactTypeName":"IT System View","format":"diagram","artifactType":"assetartifact_architectureoverview_itsystem","_id":"artifacttype_355f72be-6566-3f48-8b15-c30f671d7c8f","displayName":"IT System View","hasContent":false},{"artifactTypeName":"Usage Scenario","globalTOCPosition":"5.1.4","format":"diagram","artifactType":"assetartifact_architectureoverview_usagescenario","_id":"artifacttype_d118451c-0816-3aa5-8b89-3119feb4168a","displayName":"Usage Scenario","hasContent":false}]},{"globalTOCPosition":"5.2","artifactTypeName":"Architectural Decisions","format":"text","artifactType":"assetartifact_architecturedecision","_id":"artifacttype_fddae3fa-aafa-32af-94a4-bc3e1ed255cc","displayName":"Architectural Decisions","parentGroup":"artifactgroup_074a2b74-43d8-315a-b88b-c0b421754f02","child":[],"hasContent":true},{"globalTOCPosition":"5.3","parentGroup":"artifactgroup_074a2b74-43d8-315a-b88b-c0b421754f02","_id":"artifactgroup_c848fca1-3956-3bb4-8c88-8815b99e00fc","displayName":"Component Model","child":[{"globalTOCPosition":"5.3.1","artifactTypeName":"Static View","format":"diagram","artifactType":"assetartifact_componentmodel_staticview","_id":"artifacttype_4a44b8fa-5057-3826-84d7-169a6fc1f2ed","displayName":"Static View","hasContent":false},{"globalTOCPosition":"5.3.2","artifactTypeName":"Dynamic View","format":"diagram","artifactType":"assetartifact_componentmodel_dynamicview","_id":"artifacttype_6e1239a1-6a68-3dae-ae87-b05ecf80d25b","displayName":"Dynamic View","hasContent":false}]},{"globalTOCPosition":"5.4","parentGroup":"artifactgroup_074a2b74-43d8-315a-b88b-c0b421754f02","_id":"artifactgroup_aef1c0cc-540d-31c6-8817-ac2b282f37d3","displayName":"Operational Model","child":[{"artifactTypeName":"Logical Operational View","globalTOCPosition":"5.4.1","format":"diagram","artifactType":"assetartifact_operationalmodel_logicaloperational","_id":"artifacttype_5ca43d50-d7da-322f-a1b0-f65b0c12b2c8","displayName":"Logical Operational View","hasContent":false},{"artifactTypeName":"Physical Operational View","globalTOCPosition":"5.4.2","format":"diagram","artifactType":"assetartifact_operationalmodel_physicaloperational","_id":"artifacttype_7503dbb1-18f7-36ac-ad12-98d977ef3d0d","displayName":"Physical Operational View","hasContent":false}]}]},{"globalTOCPosition":"6","parentGroup":"","_id":"artifactgroup_7cddcb3d-c508-3828-8893-128dc3d6c8b7","displayName":"RAID","child":[{"globalTOCPosition":"6.1","artifactTypeName":"Risks","format":"text","artifactType":"assetartifact_risk","_id":"artifacttype_94622837-e58f-34c3-9263-8260b69601c8","displayName":"Risks","hasContent":true},{"globalTOCPosition":"6.2","artifactTypeName":"Assumptions","format":"text","artifactType":"assetartifact_assumption","_id":"artifacttype_2142b656-62ba-304d-95d4-77b1b144e5e1","displayName":"Assumptions","hasContent":true},{"globalTOCPosition":"6.3","artifactTypeName":"Issues","format":"text","artifactType":"assetartifact_issue","_id":"artifacttype_f4d01807-f847-3ccd-87a2-32877074295e","displayName":"Issues","hasContent":true},{"globalTOCPosition":"6.4","artifactTypeName":"Dependencies","format":"text","artifactType":"assetartifact_dependency","_id":"artifacttype_9c5463b3-5c9e-3790-86cb-9b8866cc062a","displayName":"Dependencies","hasContent":true}]},{"globalTOCPosition":"7","artifactTypeName":"Architectural Principles","format":"text","artifactType":"assetartifact_architecture_principles","_id":"artifacttype_92ccfc5d-c31a-349d-97c0-6d75c8841a8a","displayName":"Architectural Principles","child":[],"hasContent":true},{"globalTOCPosition":"8","artifactTypeName":"Notes","format":"text","artifactType":"assetartifact_notes","_id":"artifacttype_02226b19-474e-37a6-ab39-d9bb31767fb5","displayName":"Notes","child":[],"hasContent":false}],"toc_cards":{"useCaseViews":{"artifacttype_cde39d5e-c892-3093-ab3d-bad448acb8a0":[{"additionalInfo":{},"_id":"usecasediagram_2jjdXGCmptt","name":"asfdds","description":"","lastModifiedInfo":{"userId":"xierulei@cn.ibm.com","date":"2020-06-08T13:44:41Z"}}]},"issue":{"artifacttype_f4d01807-f847-3ccd-87a2-32877074295e":["issue_rkRG9nlpi3L","issue_SJkm53xpohI","issue_Skl7c2gTsnI","issue_HkWQ9ngajh8"]},"dependency":{"artifacttype_9c5463b3-5c9e-3790-86cb-9b8866cc062a":["dependency_rJzXchlponI","dependency_r1mXqnlaj2I","dependency_SkN7qnl6j38"]},"architectureprinciple":{"artifacttype_92ccfc5d-c31a-349d-97c0-6d75c8841a8a":["architectureprinciple_rJMz52xTi3U","architectureprinciple_SyXM9ne6i3I","architectureprinciple_ryEG92l6o2L"]},"nonfunctionalrequirement":{"artifacttype_f0eebd79-15c9-3ebc-a73b-8efc3f634f59":["nonfunctionalrequirement_Bk5gchxpj28","nonfunctionalrequirement_rkXbc2gpi2I","nonfunctionalrequirement_H1oeqhxponU","nonfunctionalrequirement_ry3xcnepinU","nonfunctionalrequirement_Hype93epshL","nonfunctionalrequirement_rk0l52lpshL","nonfunctionalrequirement_HkybcnepshI","nonfunctionalrequirement_SJgZ5hl6jhI","nonfunctionalrequirement_r1-Z53easn8","nonfunctionalrequirement_ByMZq3g6jhI"]},"assumption":{"artifacttype_2142b656-62ba-304d-95d4-77b1b144e5e1":["assumption_B1tf5hx6sn8","assumption_rkcG92e6shL","assumption_B1iGq3lpjnU","assumption_BJnz9hx6i3U","assumption_ry6Mc2e6jhL"]},"risk":{"artifacttype_94622837-e58f-34c3-9263-8260b69601c8":["risk_B1BM9nlpi3U","risk_BJ8f92lTo3U","risk_SkDM53eao2I","risk_SkuM92g6ohI"]},"architecturaldecision":{"artifacttype_fddae3fa-aafa-32af-94a4-bc3e1ed255cc":["architecturaldecision_Bk6Zc2xao2L","architecturaldecision_S10Wqhg6ohI","architecturaldecision_HJ1f9heajnU","architecturaldecision_Syefq2xTo3U","architecturaldecision_ryWG52e6o3L"]},"functionalrequirement":{"artifacttype_12eefe0a-435b-3176-8bbe-4dc928a2e4c3":["functionalrequirement_Sywe92lpo2L","functionalrequirement_SyulcheTo2I","functionalrequirement_SJFlqhlTin8"]},"executivesummary":{"artifacttype_9edbd406-69fb-3a95-8b2e-58a0974b2710":["executivesummary_rygUpxTinU"]},"usecasetext":{"artifacttype_dde4b71c-82db-3f66-964a-3a04fbf56dff":["usecasetext_BkSZcngpjn8","usecasetext_Hkub5nlps2L","usecasetext_BkoW92gpsnL","usecasetext_SkZMAlpohL"]},"businesschallenge":{"artifacttype_d1ab4a95-e05f-3882-9f19-6500fc0d3b2b":[]},"systemContext":{"artifacttype_8ca70362-e3d1-3b9c-91d1-f755d029a2e3":[]},"logicalERD":{"artifacttype_246bc46f-0286-3ad4-bf01-679592db59c7":[]},"aodServices":{"artifacttype_2c548a13-6bd9-3edc-a496-0318af82f0d1":[]},"aodEnterprises":{"artifacttype_16bfe592-ae95-371c-9f64-3a881b667707":[]},"aodITSystems":{"artifacttype_355f72be-6566-3f48-8b15-c30f671d7c8f":[]},"aodUsageScenarios":{"artifacttype_d118451c-0816-3aa5-8b89-3119feb4168a":[]},"cmStaticViews":{"artifacttype_4a44b8fa-5057-3826-84d7-169a6fc1f2ed":[]},"cmDynamicViews":{"artifacttype_6e1239a1-6a68-3dae-ae87-b05ecf80d25b":[]},"lomViews":{"artifacttype_5ca43d50-d7da-322f-a1b0-f65b0c12b2c8":[]},"lomPhysicalViews":{"artifacttype_7503dbb1-18f7-36ac-ad12-98d977ef3d0d":[]},"notes":{"artifacttype_02226b19-474e-37a6-ab39-d9bb31767fb5":[]}},"combined":{"coreInfo":[{"_id":"physicalnode_rka5nxTi38","name":"PN 3","type":"Physical","cardinality":"33","label":"PN 3","modelType":"PhysicalNode"},{"_id":"logicalcomponent_Hk52gashL","name":"Lc1","description":"LC Description:\r\nType: Application","level":"Application","label":"Lc1","modelType":"LogicalComponent"},{"_id":"logicalnode_HJDq3xaj3L","name":"LN 4","description":"Logical Node4 description:\r\nline1\r\nline2","cardinality":"14","label":"LN 4","modelType":"LogicalNode"},{"_id":"logicalnode_H1L9ngajh8","name":"LN 3","description":"Logical Node3 description","cardinality":"13","label":"LN 3","modelType":"LogicalNode"},{"_id":"actor_r1C9hl6s2L","name":"Actor 1","description":"Actor Description 1: Human","type":"Human","label":"Actor 1","modelType":"Actor"},{"_id":"physicalcomponent_r175heaonU","name":"implementation2","description":"implementation2 Description","url":"http://w3.ibm.com","label":"implementation2","modelType":"PhysicalComponent"},{"_id":"actor_Skkl52gaj2L","name":"Actor 2","description":"Actor Description2:\r\nIT System","type":"IT System","label":"Actor 2","modelType":"Actor"},{"_id":"physicalnode_HJh5hg6i3I","name":"PN 2","description":"PN 2 Description:\r\nLine 1\r\nLine 2","type":"Physical","cardinality":"32","label":"PN 2","modelType":"PhysicalNode"},{"_id":"entity_H1fg53g6jnI","name":"Entity 3","label":"Entity 3","modelType":"Entity"},{"_id":"logicalnode_B1r92lao28","name":"LN 2","description":"Logical Node2 description","cardinality":"12","label":"LN 2","modelType":"LogicalNode"},{"_id":"omlocation_Hydq3x6s3I","name":"OMLocation 1","description":"OMLocation 1 Description: Line 1","cardinality":"1","label":"OMLocation 1","modelType":"OMLocation"},{"_id":"logicalnode_Sk45neajnL","name":"LN 1","description":"Logical Node1 description","cardinality":"11","label":"LN 1","modelType":"LogicalNode"},{"_id":"physicalcomponent_r1zq2g6j3U","name":"implementation1","description":"implementation1 Description:\r\nDB","url":"http://ppydalmpdb01.sl.bluecloud.ibm.com ","label":"implementation1","modelType":"PhysicalComponent"},{"_id":"entity_Skeg9nx6o28","name":"Entity 1","description":"Entity1 Desctiption","label":"Entity 1","modelType":"Entity"},{"_id":"entity_r1Zxc2lTs2U","name":"Entity 2","description":"Entity2 Desctiption\r\nline1\r\nline 2","label":"Entity 2","modelType":"Entity"},{"_id":"logicalcomponent_SJZ9hgpj2L","name":"Lc 3","description":"LC Description 3","level":"Technical","label":"Lc 3","modelType":"LogicalComponent"},{"_id":"physicalnode_r1iqhepsnU","name":"PN 1","description":"PN 1 Description: Line 1","memory":"256","os":"Windows","networkPorts":"8","provision":"Delivered by Cloud","offering":"Hosted","cpu":"4","type":"Physical","cardinality":"31","label":"PN 1","modelType":"PhysicalNode"},{"_id":"logicalcomponent_Bkx5ngpj3I","name":"Lc2","description":"LC Description:\r\nType: Technical","level":"Technical","label":"Lc2","modelType":"LogicalComponent"},{"_id":"omlocation_Hktc2lTi3L","name":"OMLocation 2","description":"OMLocation 2 Description:\r\nLine 1\r\nLine 2","cardinality":"22","label":"OMLocation 2","modelType":"OMLocation"},{"_id":"omlocation_H199nxps2I","name":"OMLocation 3","cardinality":"33","label":"OMLocation 3","modelType":"OMLocation"},{"_id":"du_BJVeq3l6i38","name":"DU 2","description":"Du Description:\r\nType: Installation\r\nTechnical: Yes","type":"Installation","level":"Technical","label":"DU 2","modelType":"DU"},{"_id":"du_HyHl9hgTs3U","name":"Du 3","description":"Du Description:\r\nType: Presentation","type":"Presentation","level":"Application","label":"Du 3","modelType":"DU"},{"_id":"du_r1Qx52l6jnL","name":"du 1","description":"Du Description:\r\nType: Executable","type":"Executable","level":"Application","label":"du 1","modelType":"DU"},{"_id":"du_BJ8e52l6onL","name":"Du 4","description":"Du Description:\r\nType: Data\r\nTechnial: Yes","type":"Data","level":"Technical","label":"Du 4","modelType":"DU"},{"modelType":"UseCase","description":"","_id":"usecase_2jjdYHggHOD","label":"Use Case","uc_id":"Use Case"},{"modelType":"UseCase","ucPackage":"Use Case Package Name2","failureOutcomes":"Failure Outcomes：\r\nd1\r\nd2","preconditions":"Pre-conditions：\r\nd1\r\nd2","alternativeFlows":"Alternative Flows：\r\nd1\r\nd2","description":" Use Case Name Description：\r\nd1\r\nd2","_id":"usecase_HkDWq3x6o3L","basicFlow":"Basic Flow：\r\nd1\r\nd2","successfulOutcomes":"Successful Outcomes：\r\nd1\r\nd2","label":"Use Case Name 2","uc_id":"Use Case2"},{"modelType":"UseCase","ucPackage":"Use Case Package Name2","_id":"usecase_Bk5W53eTjhI","label":"Use Case Name 3","uc_id":"Use Case3"},{"modelType":"UseCase","ucPackage":"Use Case Package Name1","failureOutcomes":"Failure Outcomes1","preconditions":"Pre-conditions1","alternativeFlows":"Alternative Flows1","description":" Use Case Name Description1","_id":"usecase_HkV-5hg6snU","basicFlow":"Basic Flow1","successfulOutcomes":"Successful Outcomes1","label":"Use Case Name 1","uc_id":"Use Case1"}]},"diagram":{"instances":{"usecasediagram_2jjdXGCmptt":{"uiInfo":"<mxGraphModel dx=\"1378\" dy=\"727\" grid=\"1\" gridSize=\"10\" guides=\"1\" tooltips=\"1\" connect=\"1\" arrows=\"1\" fold=\"1\" page=\"1\" pageScale=\"1\" pageWidth=\"1169\" pageHeight=\"827\" background=\"#ffffff\"><root><mxCell id=\"0\" modelId=\"usecasediagram_2jjdXGCmptt\"></mxCell><mxCell id=\"1\" parent=\"0\"></mxCell><mxCell id=\"usecasediagram_2jjdXGCmptt_72jjdYHeCNQa\" style=\"ellipse;whiteSpace=wrap;html=1;\" vertex=\"1\" modelId=\"usecase_2jjdYHggHOD\" parent=\"1\"><mxGeometry x=\"900\" y=\"290\" width=\"140\" height=\"70\" as=\"geometry\"></mxGeometry></mxCell></root></mxGraphModel>","coreInfo":[{"modelType":"UseCaseDiagram","lastModifiedUserId":"xierulei@cn.ibm.com","description":"","lastModified":"2020-06-08T13:44:41Z","_id":"usecasediagram_2jjdXGCmptt","label":"asfdds"}]}}},"textual":{"instances":{"issue_SJkm53xpohI":{"coreInfo":[{"modelType":"Issue","issueResponsibility":"Mingjin","reviewDate":"2019-07-11","lastModifiedUserId":"xierulei@cn.ibm.com","isKey":false,"action":"Risk Change Reference","description":"Issue Description 2：\r\nline1\r\nline 2","lastModified":"2020-06-08T13:44:18Z","_id":"issue_SJkm53xpohI","raisedBy":"Beibei bei","priority":"High","label":"Issues 2"}]},"issue_HkWQ9ngajh8":{"coreInfo":[{"modelType":"Issue","lastModifiedUserId":"xierulei@cn.ibm.com","lastModified":"2020-06-08T13:44:18Z","_id":"issue_HkWQ9ngajh8","label":"Issues 4"}]},"issue_rkRG9nlpi3L":{"coreInfo":[{"modelType":"Issue","issueResponsibility":"Liuwei","reviewDate":"2019-07-10","lastModifiedUserId":"xierulei@cn.ibm.com","isKey":true,"action":"Risk Change Reference","description":"Issue Description 1","lastModified":"2020-06-08T13:44:18Z","_id":"issue_rkRG9nlpi3L","raisedBy":"rulei","priority":"Medium","label":"Issues 1"}]},"issue_Skl7c2gTsnI":{"coreInfo":[{"modelType":"Issue","issueResponsibility":"Dev","reviewDate":"2019-07-12","lastModifiedUserId":"xierulei@cn.ibm.com","isKey":true,"action":"Risk Change Reference","description":"No browser xxx","lastModified":"2020-06-08T13:44:18Z","_id":"issue_Skl7c2gTsnI","priority":"Low","raisedBy":"rulei","label":"Issues 3"}]},"dependency_rJzXchlponI":{"coreInfo":[{"modelType":"Dependency","owner":"rulei","closedDate":"Sun Jul 07 2019 00:00:00 GMT+0000 (UTC)","lastModifiedUserId":"xierulei@cn.ibm.com","isKey":false,"requiredByDate":"2019-07-30","description":"Dependency description 1","effectOnPlan":"Effect on plan 1","lastModified":"2020-06-08T13:44:18Z","_id":"dependency_rJzXchlponI","associatedRiskId":"3424324324","label":"Dependency 1"}]},"dependency_r1mXqnlaj2I":{"coreInfo":[{"modelType":"Dependency","owner":"mingjin","closedDate":"2019-07-04","lastModifiedUserId":"xierulei@cn.ibm.com","isKey":true,"requiredByDate":"2019-07-31","description":"Dependency description 1:\r\nline1\r\nline2","lastModified":"2020-06-08T13:44:18Z","effectOnPlan":"Effect on plan 2:\r\nLin2\r\nline3","_id":"dependency_r1mXqnlaj2I","associatedRiskId":"risk1","label":"Dependency 2"}]},"dependency_SkN7qnl6j38":{"coreInfo":[{"modelType":"Dependency","closedDate":"","lastModifiedUserId":"xierulei@cn.ibm.com","requiredByDate":"","description":"","lastModified":"2020-06-08T13:44:18Z","effectOnPlan":"","_id":"dependency_SkN7qnl6j38","label":"Dependency 3"}]},"architectureprinciple_SyXM9ne6i3I":{"coreInfo":[{"modelType":"ArchitecturePrinciple","implications":"Implications 12:\r\nline1\r\nline2","lastModifiedUserId":"xierulei@cn.ibm.com","description":"priciple description:\r\nline1\r\nline2","metrics":"Metrics :\r\nline1\r\nline2","lastModified":"2020-06-08T13:44:18Z","_id":"architectureprinciple_SyXM9ne6i3I","priority":"4","rationale":"Rationale 2:\r\nline1\r\nline2","label":"Principle 2"}]},"architectureprinciple_ryEG92l6o2L":{"coreInfo":[{"modelType":"ArchitecturePrinciple","lastModifiedUserId":"xierulei@cn.ibm.com","description":"priciple description3:\r\nline1\r\nline2","lastModified":"2020-06-08T13:44:18Z","_id":"architectureprinciple_ryEG92l6o2L","priority":"5","rationale":"Rationale3:\r\nline1\r\nline2","label":"Principle 3"}]},"architectureprinciple_rJMz52xTi3U":{"coreInfo":[{"modelType":"ArchitecturePrinciple","implications":"Implications 11 ","lastModifiedUserId":"xierulei@cn.ibm.com","description":"priciple description","metrics":"Metrics 11","lastModified":"2020-06-08T13:44:18Z","_id":"architectureprinciple_rJMz52xTi3U","priority":"1","rationale":"Rationale 1","label":"Principle 1"}]},"nonfunctionalrequirement_rk0l52lpshL":{"coreInfo":[{"modelType":"NonFunctionalRequirement","owner":"NFR Owner5","growthRate":"0.15","description":"NRF Non Functional Requirement description 5","source":"NFR Source 5","priority":"Optional","reference":"NFR Ref 5","acceptanceCriteria":"NFR criteria 5","reviewDate":"2019-07-20","lastModifiedUserId":"xierulei@cn.ibm.com","testMethod":"NFR test method 5","context":"Context 5","theme":"Regulatory Compliance","lastModified":"2020-06-08T13:44:18Z","_id":"nonfunctionalrequirement_rk0l52lpshL","value":"NFR Value 5","label":"NFR Name5","nfr_id":"NFR 5"}]},"nonfunctionalrequirement_rkXbc2gpi2I":{"coreInfo":[{"modelType":"NonFunctionalRequirement","lastModifiedUserId":"xierulei@cn.ibm.com","theme":"Environmental","lastModified":"2020-06-08T13:44:18Z","_id":"nonfunctionalrequirement_rkXbc2gpi2I","priority":"Optional","label":"NFR Name10","nfr_id":"NFR 10"}]},"nonfunctionalrequirement_Bk5gchxpj28":{"coreInfo":[{"modelType":"NonFunctionalRequirement","owner":"NFR Owner1","growthRate":"0.11","description":"NRF Non Functional Requirement description 1","source":"NFR Source 1","priority":"Optional","reference":"NFR Ref 1","acceptanceCriteria":"NFR criteria 1","reviewDate":"2019-07-16","lastModifiedUserId":"xierulei@cn.ibm.com","testMethod":"NFR test method 1","context":"Context 1","theme":"Performance","lastModified":"2020-06-08T13:44:18Z","_id":"nonfunctionalrequirement_Bk5gchxpj28","value":"NFR Value 1","label":"NFR Name1","nfr_id":"NFR 1"}]},"nonfunctionalrequirement_H1oeqhxponU":{"coreInfo":[{"modelType":"NonFunctionalRequirement","owner":"NFR Owner2","growthRate":"0.12","description":"NRF Non Functional Requirement description 2","source":"NFR Source 2","priority":"Desirable","reference":"NFR Ref 2","acceptanceCriteria":"NFR criteria 2","reviewDate":"2019-07-17","lastModifiedUserId":"xierulei@cn.ibm.com","testMethod":"NFR test method 2","context":"Context 2","theme":"Volumetrics","lastModified":"2020-06-08T13:44:18Z","_id":"nonfunctionalrequirement_H1oeqhxponU","value":"NFR Value 2","label":"NFR Name2","nfr_id":"NFR 2"}]},"nonfunctionalrequirement_HkybcnepshI":{"coreInfo":[{"modelType":"NonFunctionalRequirement","owner":"NFR Owner6","growthRate":"0.16","description":"NRF Non Functional Requirement description 6","source":"NFR Source 6","priority":"Optional","reference":"NFR Ref 6","acceptanceCriteria":"NFR criteria 6","reviewDate":"2019-07-21","lastModifiedUserId":"xierulei@cn.ibm.com","testMethod":"NFR test method 6","context":"Context 6","theme":"Usability","lastModified":"2020-06-08T13:44:18Z","_id":"nonfunctionalrequirement_HkybcnepshI","value":"NFR Value 6","label":"NFR Name6","nfr_id":"NFR 6"}]},"nonfunctionalrequirement_ry3xcnepinU":{"coreInfo":[{"modelType":"NonFunctionalRequirement","owner":"NFR Owner3","growthRate":"0.13","description":"NRF Non Functional Requirement description 3","source":"NFR Source 3","priority":"Critical","reference":"NFR Ref 3","acceptanceCriteria":"NFR criteria 3","reviewDate":"2019-07-18","lastModifiedUserId":"xierulei@cn.ibm.com","testMethod":"NFR test method 3","context":"Context 3","theme":"Scalability","lastModified":"2020-06-08T13:44:18Z","_id":"nonfunctionalrequirement_ry3xcnepinU","value":"NFR Value 3","label":"NFR Name3","nfr_id":"NFR 3"}]},"nonfunctionalrequirement_SJgZ5hl6jhI":{"coreInfo":[{"modelType":"NonFunctionalRequirement","owner":"NFR Owner7","growthRate":"0.17","description":"NRF Non Functional Requirement description 7","source":"NFR Source 7","priority":"Optional","reference":"NFR Ref 7","acceptanceCriteria":"NFR criteria 7","reviewDate":"2019-07-22","lastModifiedUserId":"xierulei@cn.ibm.com","testMethod":"NFR test method 7","context":"Context 7","theme":"Maintainability","lastModified":"2020-06-08T13:44:18Z","_id":"nonfunctionalrequirement_SJgZ5hl6jhI","value":"NFR Value 7","label":"NFR Name7","nfr_id":"NFR 7"}]},"nonfunctionalrequirement_Hype93epshL":{"coreInfo":[{"modelType":"NonFunctionalRequirement","owner":"NFR Owner4","growthRate":"0.14","description":"NRF Non Functional Requirement description 4","source":"NFR Source 4","priority":"Optional","reference":"NFR Ref 4","acceptanceCriteria":"NFR criteria 4","reviewDate":"2019-07-19","lastModifiedUserId":"xierulei@cn.ibm.com","testMethod":"NFR test method 4","context":"Context 4","theme":"Security","lastModified":"2020-06-08T13:44:18Z","_id":"nonfunctionalrequirement_Hype93epshL","value":"NFR Value 4","label":"NFR Name4","nfr_id":"NFR 4"}]},"nonfunctionalrequirement_r1-Z53easn8":{"coreInfo":[{"modelType":"NonFunctionalRequirement","owner":"NFR Owner8\r\nNFR Owner1","growthRate":"0.18","description":"NRF Non Functional Requirement description 8:\r\nLIne1\r\nLine2","source":"NFR Source 8\r\nNFR Source 1\r\nNFR Source 82\r\n","priority":"Optional","reference":"NFR Ref 8\r\nNFR Ref 81\r\nNFR Ref 82\r\n","acceptanceCriteria":"NFR criteria 8:\r\nLine1\r\nLine2","reviewDate":"2019-07-23","lastModifiedUserId":"xierulei@cn.ibm.com","testMethod":"NFR test method 8:\r\nNFR test method 8:1\r\nNFR test method 82 ","context":"Context 8:\r\nLine1","theme":"Availability","lastModified":"2020-06-08T13:44:18Z","_id":"nonfunctionalrequirement_r1-Z53easn8","value":"NFR Value 8:\r\nLine1\r\nLine2","label":"NFR Name8","nfr_id":"NFR 8"}]},"nonfunctionalrequirement_ByMZq3g6jhI":{"coreInfo":[{"modelType":"NonFunctionalRequirement","owner":"NFR Owner9\r\nNFR Owner2\r\n","growthRate":"1","description":"NRF Non Functional Requirement description 9","source":"NFR Source 9","priority":"Optional","reference":"NFR Ref 9","acceptanceCriteria":"NFR criteria 9","reviewDate":"2019-07-24","lastModifiedUserId":"xierulei@cn.ibm.com","testMethod":"NFR test method 9","context":"Context 9","theme":"Manageability","lastModified":"2020-06-08T13:44:18Z","_id":"nonfunctionalrequirement_ByMZq3g6jhI","value":"NFR Value 9","label":"NFR Name9","nfr_id":"NFR 9"}]},"assumption_ry6Mc2e6jhL":{"coreInfo":[{"modelType":"Assumption","lastModifiedUserId":"xierulei@cn.ibm.com","lastModified":"2020-06-08T13:44:18Z","_id":"assumption_ry6Mc2e6jhL","label":"Assumption 5"}]},"assumption_B1tf5hx6sn8":{"coreInfo":[{"modelType":"Assumption","confidenceLevel":"High","reviewDate":"2019-07-10","closedDate":"","impact":"Medium","lastModifiedUserId":"xierulei@cn.ibm.com","isKey":true,"description":"description 1","lastModified":"2020-06-08T13:44:18Z","_id":"assumption_B1tf5hx6sn8","identifiedBy":"beibei","label":"Assumption 1"}]},"assumption_B1iGq3lpjnU":{"coreInfo":[{"modelType":"Assumption","confidenceLevel":"Low","reviewDate":"2019-07-12","closedDate":"2019-07-16","impact":"Low","lastModifiedUserId":"xierulei@cn.ibm.com","isKey":true,"description":"description:\r\nline 1 \r\nline2","lastModified":"2020-06-08T13:44:18Z","_id":"assumption_B1iGq3lpjnU","identifiedBy":"rulei","label":"Assumption 3"}]},"assumption_rkcG92e6shL":{"coreInfo":[{"modelType":"Assumption","confidenceLevel":"Medium","closedDate":"2019-07-16","reviewDate":"2019-07-11","impact":"High","lastModifiedUserId":"xierulei@cn.ibm.com","isKey":false,"description":"description 2","lastModified":"2020-06-08T13:44:18Z","_id":"assumption_rkcG92e6shL","identifiedBy":"rulei","label":"Assumption 2"}]},"assumption_BJnz9hx6i3U":{"coreInfo":[{"modelType":"Assumption","confidenceLevel":"Low","reviewDate":"2019-07-13","closedDate":"2019-07-16","impact":"Medium","lastModifiedUserId":"xierulei@cn.ibm.com","description":"description:\r\nline 1 \r\nline2","lastModified":"2020-06-08T13:44:18Z","_id":"assumption_BJnz9hx6i3U","identifiedBy":"rulei","label":"Assumption 4"}]},"risk_B1BM9nlpi3U":{"coreInfo":[{"modelType":"Risk","reviewDate":"2019-07-03","personResponsible":"Liuwei","probability":"High","impact":"Medium","lastModifiedUserId":"xierulei@cn.ibm.com","isKey":false,"description":"The golden build cannot be delivered on time","recommendation":"Continency / Mitigation recommendation 1","effort":"effort 1","lastModified":"2020-06-08T13:44:18Z","_id":"risk_B1BM9nlpi3U","label":"Risk 1"}]},"risk_SkuM92g6ohI":{"coreInfo":[{"modelType":"Risk","lastModifiedUserId":"xierulei@cn.ibm.com","lastModified":"2020-06-08T13:44:18Z","_id":"risk_SkuM92g6ohI","probability":"Medium","impact":"High","label":"Risk 4"}]},"risk_BJ8f92lTo3U":{"coreInfo":[{"modelType":"Risk","reviewDate":"2019-05-28","personResponsible":"Rulei","probability":"Medium","impact":"Low","lastModifiedUserId":"xierulei@cn.ibm.com","isKey":true,"description":"this is desc\r\nline 2\r\nline3","recommendation":"Continency / Mitigation recommendation 2:\r\nLine 1\r\nline2","effort":"effort 2","lastModified":"2020-06-08T13:44:18Z","_id":"risk_BJ8f92lTo3U","label":"Risk 2"}]},"risk_SkDM53eao2I":{"coreInfo":[{"modelType":"Risk","reviewDate":"2019-05-29","probability":"Low","impact":"High","lastModifiedUserId":"xierulei@cn.ibm.com","lastModified":"2020-06-08T13:44:18Z","_id":"risk_SkDM53eao2I","label":"Risk 3"}]},"architecturaldecision_Syefq2xTo3U":{"coreInfo":[{"modelType":"ArchitecturalDecision","implications":"Implications ：\r\nline1\r\nline2","decision":"adalternative_H1DOngTo3U","problemStatement":"Issue or Problem Statement 4：\r\nline1\r\nline2","motivation":"Motivation 4","derivedRequirements":"Derived Requirements ：\r\nline1\r\nline2","relatedDecisions":"Related Decisions 4","assumptions":"Assumptions ：\r\nline1\r\nline2","lastUpdated":"2019-03-28","lastModifiedUserId":"xierulei@cn.ibm.com","topic":"a topic","subjectArea":"sa subject","justification":"Justification1\r\nJustification2\r\nJustification6","lastModified":"2020-06-08T13:44:18Z","_id":"architecturaldecision_Syefq2xTo3U","status":"superseded","label":"AD Name4","ad_id":"AD4","children":"adalternative_H1DOngTo3U"},{"modelType":"ADAlternative","description":"alter4 desc\r\nline 2","contraindications":"alter4ontratindication\r\nline 2","_id":"adalternative_H1DOngTo3U","bestApplied":"alter4 best applide\r\nline 2","label":"alter name 4"}]},"architecturaldecision_HJ1f9heajnU":{"coreInfo":[{"modelType":"ArchitecturalDecision","implications":"Implications 3","problemStatement":"Issue or Problem Statement 3","motivation":"Motivation 3","derivedRequirements":"Derived Requirements 3","relatedDecisions":"Related Decisions 3","assumptions":"Assumptions 3","lastUpdated":"2019-03-27","lastModifiedUserId":"xierulei@cn.ibm.com","topic":"a topic","subjectArea":"sa subject","lastModified":"2020-06-08T13:44:18Z","justification":"justification 3  justification 3  justification 3 justification 3 ","_id":"architecturaldecision_HJ1f9heajnU","status":"deprecated","label":"AD Name3","ad_id":"AD3"}]},"architecturaldecision_Bk6Zc2xao2L":{"coreInfo":[{"modelType":"ArchitecturalDecision","implications":"Implications 1","problemStatement":"Issue or Problem Statement 1","decision":"adalternative_BkE_3xTohI","motivation":"Motivation 1","derivedRequirements":"Derived Requirements 1","relatedDecisions":"Related Decisions 1","assumptions":"Assumptions 1","lastUpdated":"2019-03-25","lastModifiedUserId":"xierulei@cn.ibm.com","topic":"a topic","subjectArea":"sa subject","justification":"justification 1","lastModified":"2020-06-08T13:44:18Z","_id":"architecturaldecision_Bk6Zc2xao2L","status":"accepted","label":"AD Name1","ad_id":"AD1","children":"adalternative_HkHuhlpoh8,adalternative_BkE_3xTohI"},{"modelType":"ADAlternative","description":"alter12 desc\r\nline 2","contraindications":"alter12contratindication\r\nline 2","_id":"adalternative_HkHuhlpoh8","bestApplied":"alter 12 best applide\r\nline 2","label":"alter name 12"},{"modelType":"ADAlternative","description":"alter 1 desc\r\nline 2","contraindications":"alter 1 contratindication\r\nline 2","_id":"adalternative_BkE_3xTohI","bestApplied":"alter 1 best applide\r\nline 2","label":"alter name 1"}]},"architecturaldecision_ryWG52e6o3L":{"coreInfo":[{"modelType":"ArchitecturalDecision","lastUpdated":"2019-03-28","lastModifiedUserId":"xierulei@cn.ibm.com","lastModified":"2020-06-08T13:44:18Z","_id":"architecturaldecision_ryWG52e6o3L","status":"superseded","label":"AD Name5","ad_id":"AD5","children":"adalternative_B1_u3lajn8"},{"modelType":"ADAlternative","description":"alter5 desc\r\nline 2","_id":"adalternative_B1_u3lajn8","label":"alter name 5"}]},"architecturaldecision_S10Wqhg6ohI":{"coreInfo":[{"modelType":"ArchitecturalDecision","implications":"Implications 2","problemStatement":"Issue or Problem Statement 2","motivation":"Motivation 2","derivedRequirements":"Derived Requirements 2","relatedDecisions":"Related Decisions 2","assumptions":"Assumptions 2","lastUpdated":"2019-03-26","lastModifiedUserId":"xierulei@cn.ibm.com","topic":"a topic","subjectArea":"sa subject","justification":"justification 2","lastModified":"2020-06-08T13:44:18Z","_id":"architecturaldecision_S10Wqhg6ohI","status":"proposed","label":"AD Name2","ad_id":"AD2","children":"adalternative_SJ8OheTi28"},{"modelType":"ADAlternative","description":"alter2 desc\r\nline 2","contraindications":"alter2contratindication\r\nline 2","_id":"adalternative_SJ8OheTi28","bestApplied":"alter 2 best applide\r\nline 2","label":"alter name 2"}]},"functionalrequirement_SyulcheTo2I":{"coreInfo":[{"modelType":"FunctionalRequirement","owner":"Ru lei","reviewDate":"Sat Aug 24 2019 00:00:00 GMT+0000 (UTC)","impact":"FR Functional Requirement Impact","lastModifiedUserId":"xierulei@cn.ibm.com","weight":"Medium","description":"FR Functional Requirement description","id":"FR ID2","lastModified":"2020-06-08T13:44:18Z","_id":"functionalrequirement_SyulcheTo2I","label":"FR Name2"}]},"functionalrequirement_SJFlqhlTin8":{"coreInfo":[{"modelType":"FunctionalRequirement","owner":"Ru lei","reviewDate":"Thu Oct 24 2019 00:00:00 GMT+0000 (UTC)","impact":"FR Functional Requirement Impact：\r\nImpact1;\r\nImpact2.","lastModifiedUserId":"xierulei@cn.ibm.com","description":"FR Functional Requirement description\r\nDesc line1;\r\nDesc line2","weight":"High","id":"FR ID3","lastModified":"2020-06-08T13:44:18Z","_id":"functionalrequirement_SJFlqhlTin8","label":"FR Name3"}]},"functionalrequirement_Sywe92lpo2L":{"coreInfo":[{"modelType":"FunctionalRequirement","owner":"Ru lei","reviewDate":"2019-07-24","impact":"FR Functional Requirement Impact","lastModifiedUserId":"xierulei@cn.ibm.com","description":"FR Functional Requirement description","weight":"Low","id":"FR ID1","lastModified":"2020-06-08T13:44:18Z","_id":"functionalrequirement_Sywe92lpo2L","label":"FR Name1"}]},"executivesummary_rygUpxTinU":{"coreInfo":[{"modelType":"ExecutiveSummary","lastModifiedUserId":"xierulei@cn.ibm.com","description":"rewre","lastModified":"2020-06-08T13:44:29Z","_id":"executivesummary_rygUpxTinU","label":""}]},"usecasetext_Hkub5nlps2L":{"coreInfo":[{"modelType":"UseCaseText","lastModifiedUserId":"xierulei@cn.ibm.com","description":" Use Case Name Description：\r\nd1\r\nd2","lastModified":"2020-06-08T13:44:18Z","_id":"usecasetext_Hkub5nlps2L","label":"use case name 2_S1FZ52xpjhI","children":"usecase_HkDWq3x6o3L"}]},"usecasetext_BkoW92gpsnL":{"coreInfo":[{"modelType":"UseCaseText","lastModifiedUserId":"xierulei@cn.ibm.com","description":"","lastModified":"2020-06-08T13:44:18Z","_id":"usecasetext_BkoW92gpsnL","label":"use case name 3_rJ3W9hxpihU","children":"usecase_Bk5W53eTjhI"}]},"usecasetext_BkSZcngpjn8":{"coreInfo":[{"modelType":"UseCaseText","lastModifiedUserId":"xierulei@cn.ibm.com","description":" Use Case Name Description1","lastModified":"2020-06-08T13:44:18Z","_id":"usecasetext_BkSZcngpjn8","label":"use case name 1_r1UZ9hxTo28","children":"usecase_HkV-5hg6snU"}]},"usecasetext_SkZMAlpohL":{"coreInfo":[{"modelType":"UseCaseText","lastModifiedUserId":"xierulei@cn.ibm.com","description":"","lastModified":"2020-06-08T13:44:41Z","_id":"usecasetext_SkZMAlpohL","label":"use case_H1fMAgTjh8","children":"usecase_2jjdYHggHOD"}]}}},"solution_advisors":{},"auditLog":{"_id":"architectureauditentry_W8Lm0vAOp","archId":"arch_BkAdeajhU","archChangeLog":[{"_id":"architecturechangelog_C5XFPpKcp","date":"2020-06-08T13:47:55.497Z","type":"INVITE","user":{"fullname":"RU LEI XIE","email":"xierulei@cn.ibm.com"},"viewer":[],"editor":[{"fullname":"Hua Chai","email":"shch@cn.ibm.com"}],"admin":[]},{"_id":"architecturechangelog_JaswQY1tc","date":"2020-06-08T13:47:55.352Z","type":"PEN_GET","user":{"email":"cogarch@us.ibm.com"}},{"_id":"architecturechangelog_oWy9RMEdC","date":"2020-06-08T13:45:50.398Z","type":"PERMISSION","user":{},"collaborator":[{"fullname":"Bei Bei Guo","email":"gbbguoxa@cn.ibm.com"}],"originalRole":"Admin","newRole":"Viewer"},{"_id":"architecturechangelog_MdojhkNGL","date":"2020-06-08T13:45:50.302Z","type":"PEN_RETURN","user":{"email":"cogarch@us.ibm.com"}},{"_id":"architecturechangelog_YVmEUbc_q","date":"2020-06-08T13:45:47.134Z","type":"PERMISSION","user":{},"collaborator":[{"fullname":"Bei Bei Guo","email":"gbbguoxa@cn.ibm.com"}],"originalRole":"Editor","newRole":"Admin"},{"_id":"architecturechangelog_4DsIPomQR","date":"2020-06-08T13:45:39.050Z","type":"PERMISSION","user":{},"collaborator":[{"fullname":"Bei Bei Guo","email":"gbbguoxa@cn.ibm.com"}],"originalRole":"Viewer","newRole":"Editor"},{"_id":"architecturechangelog_t8mNBr7yK","date":"2020-06-08T13:45:38.939Z","type":"PEN_GET","user":{"email":"cogarch@us.ibm.com"}},{"_id":"architecturechangelog_SXvIHwe96","date":"2020-06-08T13:45:33.293Z","type":"INVITE","user":{"fullname":"RU LEI XIE","email":"xierulei@cn.ibm.com"},"viewer":[{"fullname":"Bei Bei Guo","email":"gbbguoxa@cn.ibm.com"}],"editor":[],"admin":[]},{"_id":"architecturechangelog_sdKqZ10zO","date":"2020-06-08T13:44:41.807Z","type":"CREATE_INST","user":{"fullname":"RU LEI XIE","email":"xierulei@cn.ibm.com"},"artifactTypeId":"artifacttype_dde4b71c-82db-3f66-964a-3a04fbf56dff","instanceName":"Use Case"},{"_id":"architecturechangelog_tvLm2XziU","date":"2020-06-08T13:44:35.894Z","type":"CREATE_INST","user":{"fullname":"RU LEI XIE","email":"xierulei@cn.ibm.com"},"artifactTypeId":"artifacttype_cde39d5e-c892-3093-ab3d-bad448acb8a0","instanceName":"asfdds"},{"_id":"architecturechangelog_MX6xdg6IG","date":"2020-06-08T13:44:29.762Z","type":"CREATE_INST","user":{"fullname":"RU LEI XIE","email":"xierulei@cn.ibm.com"},"artifactTypeId":"artifacttype_9edbd406-69fb-3a95-8b2e-58a0974b2710","instanceName":""},{"_id":"architecturechangelog_ioqq_r2On","date":"2020-06-08T13:44:19.278Z","type":"UPDATE","user":{"fullname":"RU LEI XIE","email":"xierulei@cn.ibm.com"}},{"_id":"architecturechangelog_NGj4jlwWK","date":"2020-06-08T13:43:20.544Z","type":"CREATE","user":{"fullname":"RU LEI XIE","email":"xierulei@cn.ibm.com"}}]}}