{"_id":"arch_BkAdeajhU","name":"arch 0608","type":"Solution","status":"Pending","created":"2020-06-08T13:43:18Z","lastModified":"2020-06-08T13:44:41Z","includedArtifacts":[{"globalTOCPosition":"3.1.1","typeId":"assetartifact_usecase_ucdiagram","_id":"art_r1hTl6o2L","artifactTypeId":"artifacttype_cde39d5e-c892-3093-ab3d-bad448acb8a0","type":"Use Case Diagram"},{"globalTOCPosition":"1","typeId":"assetartifact_executivesummary","_id":"art_HJU6gTon8","artifactTypeId":"artifacttype_9edbd406-69fb-3a95-8b2e-58a0974b2710","type":"Overview"},{"globalTOCPosition":"6.1","typeId":"assetartifact_risk","_id":"art_ByfihlaihI","artifactTypeId":"artifacttype_94622837-e58f-34c3-9263-8260b69601c8","type":"Risks"},{"globalTOCPosition":"7","typeId":"assetartifact_architecture_principles","_id":"art_Byohl6s3U","artifactTypeId":"artifacttype_92ccfc5d-c31a-349d-97c0-6d75c8841a8a","type":"Architectural Principles"},{"globalTOCPosition":"6.2","typeId":"assetartifact_assumption","_id":"art_S1Ii3gpinU","artifactTypeId":"artifacttype_2142b656-62ba-304d-95d4-77b1b144e5e1","type":"Assumptions"},{"globalTOCPosition":"5.2","typeId":"assetartifact_architecturedecision","_id":"art_BykZjhg6j3U","artifactTypeId":"artifacttype_fddae3fa-aafa-32af-94a4-bc3e1ed255cc","type":"Architectural Decisions"},{"globalTOCPosition":"6.4","typeId":"assetartifact_dependency","_id":"art_r1Jljnlas2L","artifactTypeId":"artifacttype_9c5463b3-5c9e-3790-86cb-9b8866cc062a","type":"Dependencies"},{"globalTOCPosition":"3.1.2","typeId":"assetartifact_usecase_uctext","_id":"art_rJE-s3xaihU","artifactTypeId":"artifacttype_dde4b71c-82db-3f66-964a-3a04fbf56dff","type":"Use Case"},{"globalTOCPosition":"3.3","typeId":"assetartifact_nonfunctionalrequirement","_id":"art_BJHlinl6s2I","artifactTypeId":"artifacttype_f0eebd79-15c9-3ebc-a73b-8efc3f634f59","type":"Non Functional Requirements"},{"globalTOCPosition":"6.3","typeId":"assetartifact_issue","_id":"art_Bkjs3gpo28","artifactTypeId":"artifacttype_f4d01807-f847-3ccd-87a2-32877074295e","type":"Issues"},{"globalTOCPosition":"3.2","typeId":"assetartifact_functionalrequirement","_id":"art_HyMeo3x6sn8","artifactTypeId":"artifacttype_12eefe0a-435b-3176-8bbe-4dc928a2e4c3","type":"Functional Requirements"}],"industry":[{"name":"Chemical & Petroleum","_id":"industry_chemicals"}],"technology":[{"name":"Cloud Computing","_id":"technology_cloud"}],"technicalCapability":[],"businessCapability":[],"taxonomies":["Become more digital","Be more responsive","IT Costs"],"template":{"name":"Solution Architecture Template","description":"Default ToC","_id":"template_company_ibm","isGlobalDefaultTemplate":true},"executiveSummary":"rewre","tag":[{"name":"Cognitive Manufacturing","_id":"tag_cognitive_manufacturing"},{"name":"Cognitive Product Development","_id":"tag_cognitive_product_development"}],"schemaVersion":"1.2","appVersion":"2.8.3"}