{"_id":"arch_rycw1pE7u","name":"3.3.2 arch","type":"Solution","status":"Pending","created":"2021-03-09T09:26:57Z","lastModified":"2021-03-09T09:26:57Z","includedArtifacts":[],"industry":[{"name":"Chemical & Petroleum","_id":"industry_chemicals"}],"technology":[{"name":"Cloud Computing","_id":"technology_cloud"}],"technicalCapability":[],"businessCapability":[],"client":[{"name":"abcd","_id":"client_rJb9PJ6EQd"}],"taxonomies":["Become more digital","Be more responsive","Lack of IT Skills","Grow the top line","Integrating apps & data","IT Costs"],"template":{"name":"Solution Architecture Template","description":"Default ToC","_id":"template_company_ibm","isGlobalDefaultTemplate":true},"executiveSummary":"","tag":[{"name":"Back Office Transformation","_id":"tag_back_office_transformation"}],"schemaVersion":"1.4","clientName":"abcd","lastModifiedUser":{"_id":"cogarch@us.ibm.com","fullname":"cogarch@us.ibm.com","privacyConstent":{"isAccept":true,"country":"US","acceptedDate":"2020-02-24T02:51:30.051Z"},"lastLoginDate":"2021-03-09T08:29:34.588Z","bookmarkedArchList":[],"username":"cogarch@us.ibm.com","email":"cogarch@us.ibm.com","userPreference":{"defaultTemplate":"template_company_ibm"},"geographyList":[],"businessUnitList":[],"collaborationGroupList":[]},"owner":{"_id":"cogarch@us.ibm.com","fullname":"cogarch@us.ibm.com","privacyConstent":{"isAccept":true,"country":"US","acceptedDate":"2020-02-24T02:51:30.051Z"},"lastLoginDate":"2021-03-09T08:29:34.588Z","bookmarkedArchList":[],"username":"cogarch@us.ibm.com","email":"cogarch@us.ibm.com","userPreference":{"defaultTemplate":"template_company_ibm"},"collaborationGroupList":[]},"appVersion":"3.2.2"}