{"toc":[{"globalTOCPosition":"1","artifactTypeName":"Overview","artifactType":"assetartifact_executivesummary","displayName":"Overview","format":"text","_id":"artifacttype_9edbd406-69fb-3a95-8b2e-58a0974b2710","child":[],"hasContent":true},{"globalTOCPosition":"2","displayName":"Scope","parentGroup":"","_id":"artifactgroup_7dc829db-0746-3ddc-816c-d07338d4eebf","child":[{"globalTOCPosition":"2.1","artifactTypeName":"Business Challenge","artifactType":"assetartifact_businesschallenge","displayName":"Business Challenge","format":"text","_id":"artifacttype_d1ab4a95-e05f-3882-9f19-6500fc0d3b2b","hasContent":true},{"globalTOCPosition":"2.2","artifactTypeName":"System Context","artifactType":"assetartifact_systemcontext","displayName":"System Context","format":"diagram","_id":"artifacttype_8ca70362-e3d1-3b9c-91d1-f755d029a2e3","hasContent":true}]},{"globalTOCPosition":"3","displayName":"Requirement","parentGroup":"","_id":"artifactgroup_3b8700e6-c854-3ec9-af0e-9b2e600721ce","child":[{"globalTOCPosition":"3.1","displayName":"Use Case Model","parentGroup":"artifactgroup_3b8700e6-c854-3ec9-af0e-9b2e600721ce","_id":"artifactgroup_6e299154-751f-36ee-acb2-145c8af87481","child":[{"artifactTypeName":"Use Case Diagram","globalTOCPosition":"3.1.1","artifactType":"assetartifact_usecase_ucdiagram","displayName":"Use Case Diagram","format":"diagram","_id":"artifacttype_cde39d5e-c892-3093-ab3d-bad448acb8a0","hasContent":true},{"globalTOCPosition":"3.1.2","artifactTypeName":"Use Case","artifactType":"assetartifact_usecase_uctext","displayName":"Use Case","format":"text","_id":"artifacttype_dde4b71c-82db-3f66-964a-3a04fbf56dff","hasContent":true}]},{"globalTOCPosition":"3.2","artifactTypeName":"Functional Requirements","artifactType":"assetartifact_functionalrequirement","displayName":"Functional Requirements","format":"text","_id":"artifacttype_12eefe0a-435b-3176-8bbe-4dc928a2e4c3","hasContent":true},{"artifactTypeName":"Non Functional Requirements","globalTOCPosition":"3.3","artifactType":"assetartifact_nonfunctionalrequirement","displayName":"Non Functional Requirements","format":"text","_id":"artifacttype_f0eebd79-15c9-3ebc-a73b-8efc3f634f59","hasContent":true}]},{"globalTOCPosition":"4","displayName":"Data Model","parentGroup":"","_id":"artifactgroup_40044cbe-6c76-33a1-b9e0-eab8937d30ca","child":[{"artifactTypeName":"Logical Data Model","globalTOCPosition":"4.1","artifactType":"assetartifact_logical_datamodel","displayName":"Logical Data Model","format":"diagram","_id":"artifacttype_246bc46f-0286-3ad4-bf01-679592db59c7","hasContent":true}]},{"globalTOCPosition":"5","displayName":"Architecture","parentGroup":"","_id":"artifactgroup_074a2b74-43d8-315a-b88b-c0b421754f02","child":[{"globalTOCPosition":"5.1","displayName":"Architecture Overview","parentGroup":"artifactgroup_074a2b74-43d8-315a-b88b-c0b421754f02","_id":"artifactgroup_771e7b65-3b46-390d-bc41-3c88cfaf13ef","child":[{"artifactTypeName":"Services View","globalTOCPosition":"5.1.1","artifactType":"assetartifact_architectureoverview_aodservice","displayName":"Services View","format":"diagram","_id":"artifacttype_2c548a13-6bd9-3edc-a496-0318af82f0d1","hasContent":true},{"artifactTypeName":"Enterprise View","globalTOCPosition":"5.1.2","artifactType":"assetartifact_architectureoverview_enterprise","displayName":"Enterprise View","format":"diagram","_id":"artifacttype_16bfe592-ae95-371c-9f64-3a881b667707","hasContent":true},{"globalTOCPosition":"5.1.3","artifactTypeName":"IT System View","artifactType":"assetartifact_architectureoverview_itsystem","displayName":"IT System View","format":"diagram","_id":"artifacttype_355f72be-6566-3f48-8b15-c30f671d7c8f","hasContent":true},{"artifactTypeName":"Usage Scenario","globalTOCPosition":"5.1.4","artifactType":"assetartifact_architectureoverview_usagescenario","displayName":"Usage Scenario","format":"diagram","_id":"artifacttype_d118451c-0816-3aa5-8b89-3119feb4168a","hasContent":true}]},{"globalTOCPosition":"5.2","artifactTypeName":"Architectural Decisions","artifactType":"assetartifact_architecturedecision","displayName":"Architectural Decisions","format":"text","_id":"artifacttype_fddae3fa-aafa-32af-94a4-bc3e1ed255cc","parentGroup":"artifactgroup_074a2b74-43d8-315a-b88b-c0b421754f02","child":[],"hasContent":true},{"globalTOCPosition":"5.3","displayName":"Component Model","parentGroup":"artifactgroup_074a2b74-43d8-315a-b88b-c0b421754f02","_id":"artifactgroup_c848fca1-3956-3bb4-8c88-8815b99e00fc","child":[{"globalTOCPosition":"5.3.1","artifactTypeName":"Static View","artifactType":"assetartifact_componentmodel_staticview","displayName":"Static View","format":"diagram","_id":"artifacttype_4a44b8fa-5057-3826-84d7-169a6fc1f2ed","hasContent":true},{"globalTOCPosition":"5.3.2","artifactTypeName":"Dynamic View","artifactType":"assetartifact_componentmodel_dynamicview","displayName":"Dynamic View","format":"diagram","_id":"artifacttype_6e1239a1-6a68-3dae-ae87-b05ecf80d25b","hasContent":true}]},{"globalTOCPosition":"5.4","displayName":"Operational Model","parentGroup":"artifactgroup_074a2b74-43d8-315a-b88b-c0b421754f02","_id":"artifactgroup_aef1c0cc-540d-31c6-8817-ac2b282f37d3","child":[{"artifactTypeName":"Logical Operational View","globalTOCPosition":"5.4.1","artifactType":"assetartifact_operationalmodel_logicaloperational","displayName":"Logical Operational View","format":"diagram","_id":"artifacttype_5ca43d50-d7da-322f-a1b0-f65b0c12b2c8","hasContent":true},{"artifactTypeName":"Physical Operational View","globalTOCPosition":"5.4.2","artifactType":"assetartifact_operationalmodel_physicaloperational","displayName":"Physical Operational View","format":"diagram","_id":"artifacttype_7503dbb1-18f7-36ac-ad12-98d977ef3d0d","hasContent":true}]}]},{"globalTOCPosition":"6","displayName":"RAID","parentGroup":"","_id":"artifactgroup_7cddcb3d-c508-3828-8893-128dc3d6c8b7","child":[{"globalTOCPosition":"6.1","artifactTypeName":"Risks","artifactType":"assetartifact_risk","displayName":"Risks","format":"text","_id":"artifacttype_94622837-e58f-34c3-9263-8260b69601c8","hasContent":true},{"globalTOCPosition":"6.2","artifactTypeName":"Assumptions","artifactType":"assetartifact_assumption","displayName":"Assumptions","format":"text","_id":"artifacttype_2142b656-62ba-304d-95d4-77b1b144e5e1","hasContent":true},{"globalTOCPosition":"6.3","artifactTypeName":"Issues","artifactType":"assetartifact_issue","displayName":"Issues","format":"text","_id":"artifacttype_f4d01807-f847-3ccd-87a2-32877074295e","hasContent":true},{"globalTOCPosition":"6.4","artifactTypeName":"Dependencies","artifactType":"assetartifact_dependency","displayName":"Dependencies","format":"text","_id":"artifacttype_9c5463b3-5c9e-3790-86cb-9b8866cc062a","hasContent":true}]},{"globalTOCPosition":"7","artifactTypeName":"Architectural Principles","artifactType":"assetartifact_architecture_principles","displayName":"Architectural Principles","format":"text","_id":"artifacttype_92ccfc5d-c31a-349d-97c0-6d75c8841a8a","child":[],"hasContent":true},{"globalTOCPosition":"8","artifactTypeName":"Notes","artifactType":"assetartifact_notes","displayName":"Notes","format":"text","_id":"artifacttype_02226b19-474e-37a6-ab39-d9bb31767fb5","child":[],"hasContent":true}],"toc_cards":{"lomPhysicalViews":{"artifacttype_7503dbb1-18f7-36ac-ad12-98d977ef3d0d":[{"additionalInfo":{},"_id":"pomview_HkM0CcrRUu8_HkOt7WDOI","name":"pom","description":"","lastModifiedInfo":{"userId":"gbbguoxa@cn.ibm.com","date":"2020-04-17T10:23:04Z"}},{"additionalInfo":{},"_id":"pomview_rJVRA5S0IOU_HkOt7WDOI","name":"pom-1","description":"","lastModifiedInfo":{"userId":"gbbguoxa@cn.ibm.com","date":"2020-04-17T10:23:04Z"}}]},"useCaseViews":{"artifacttype_cde39d5e-c892-3093-ab3d-bad448acb8a0":[{"additionalInfo":{},"_id":"usecasediagram_SyNiR5rR8_8_HkOt7WDOI","name":"ucd","description":"","lastModifiedInfo":{"userId":"gbbguoxa@cn.ibm.com","date":"2020-04-17T10:23:00Z"}},{"additionalInfo":{},"_id":"usecasediagram_ry_jC9SRLOU_HkOt7WDOI","name":"ucd1","description":"","lastModifiedInfo":{"userId":"gbbguoxa@cn.ibm.com","date":"2020-04-17T10:23:01Z"}}]},"lomViews":{"artifacttype_5ca43d50-d7da-322f-a1b0-f65b0c12b2c8":[{"additionalInfo":{},"_id":"lomview_rJnpCcHCIOI_HkOt7WDOI","name":"lom","description":"","lastModifiedInfo":{"userId":"gbbguoxa@cn.ibm.com","date":"2020-04-17T10:23:03Z"}}]},"logicalERD":{"artifacttype_246bc46f-0286-3ad4-bf01-679592db59c7":[{"additionalInfo":{},"_id":"logicalerd_ByrDR9rC8OL_HkOt7WDOI","name":"erd","description":"","lastModifiedInfo":{"userId":"gbbguoxa@cn.ibm.com","date":"2020-04-17T10:23:05Z"}},{"additionalInfo":{},"_id":"logicalerd_H1b50cr0Iu8_HkOt7WDOI","name":"erd2","description":"","lastModifiedInfo":{"userId":"gbbguoxa@cn.ibm.com","date":"2020-04-17T10:23:07Z"}}]},"executivesummary":{"artifacttype_9edbd406-69fb-3a95-8b2e-58a0974b2710":["executivesummary_S1V205rA8OU_HkOt7WDOI"]},"aodUsageScenarios":{"artifacttype_d118451c-0816-3aa5-8b89-3119feb4168a":[{"additionalInfo":{"refType":"AODServices","refName":"sv"},"_id":"aodusagescenario_S11IAcr0UO8_HkOt7WDOI","name":"us-sv","description":"","lastModifiedInfo":{"userId":"gbbguoxa@cn.ibm.com","date":"2020-04-17T10:23:03Z"}}]},"functionalrequirement":{"artifacttype_12eefe0a-435b-3176-8bbe-4dc928a2e4c3":["functionalrequirement_HJwqRqH0UdI_HkOt7WDOI","functionalrequirement_S1Yq0crR8_I_HkOt7WDOI","functionalrequirement_ByO9RcSC8uL_HkOt7WDOI"]},"architecturaldecision":{"artifacttype_fddae3fa-aafa-32af-94a4-bc3e1ed255cc":["architecturaldecision_rJ9r0crCIO8_HkOt7WDOI","architecturaldecision_HyiSR5rCUuI_HkOt7WDOI"]},"usecasetext":{"artifacttype_dde4b71c-82db-3f66-964a-3a04fbf56dff":["usecasetext_rkOhtXbvO8","usecasetext_S1rnYmbwuU","usecasetext_BJfnF7WPOI","usecasetext_SJ2YQbvuL"]},"businesschallenge":{"artifacttype_d1ab4a95-e05f-3882-9f19-6500fc0d3b2b":["businesschallenge_Syzn0cB0Ld8_HkOt7WDOI"]},"nonfunctionalrequirement":{"artifacttype_f0eebd79-15c9-3ebc-a73b-8efc3f634f59":["nonfunctionalrequirement_BkN9AqB0UuU_HkOt7WDOI","nonfunctionalrequirement_Hkrc05H0I_U_HkOt7WDOI"]},"cmDynamicViews":{"artifacttype_6e1239a1-6a68-3dae-ae87-b05ecf80d25b":[{"additionalInfo":{},"_id":"cmdynamicview_rys3A5r08_U_HkOt7WDOI","name":"dv","description":"","lastModifiedInfo":{"userId":"gbbguoxa@cn.ibm.com","date":"2020-04-17T10:23:05Z"}}]},"risk":{"artifacttype_94622837-e58f-34c3-9263-8260b69601c8":["risk_HkvC05S08uI_HkOt7WDOI","risk_HJKACqH0IO8_HkOt7WDOI","risk_HJd0R9rALOL_HkOt7WDOI"]},"dependency":{"artifacttype_9c5463b3-5c9e-3790-86cb-9b8866cc062a":["dependency_r1QkeRcH08dL_HkOt7WDOI","dependency_SJSyeA5H08uI_HkOt7WDOI","dependency_SyVJxR9rRLd8_HkOt7WDOI"]},"architectureprinciple":{"artifacttype_92ccfc5d-c31a-349d-97c0-6d75c8841a8a":["architectureprinciple_r1PyeCqr08_U_HkOt7WDOI","architectureprinciple_SJOyeR5HRLOU_HkOt7WDOI"]},"issue":{"artifacttype_f4d01807-f847-3ccd-87a2-32877074295e":["issue_BJsC0qBAUdU_HkOt7WDOI","issue_SyaAAcr08OI_HkOt7WDOI","issue_B1nCCqr08OI_HkOt7WDOI"]},"assumption":{"artifacttype_2142b656-62ba-304d-95d4-77b1b144e5e1":["assumption_BkJke0cBC8dL_HkOt7WDOI","assumption_Hy-JgR5HALOI_HkOt7WDOI","assumption_rJeJgC5HCLuI_HkOt7WDOI"]},"notes":{"artifacttype_02226b19-474e-37a6-ab39-d9bb31767fb5":["notes_Hyc1eRcHR8OI_HkOt7WDOI"]},"aodITSystems":{"artifacttype_355f72be-6566-3f48-8b15-c30f671d7c8f":[{"additionalInfo":{},"_id":"aoditsystem_SJcLCqHRU_8_HkOt7WDOI","name":"itsv","description":"","lastModifiedInfo":{"userId":"gbbguoxa@cn.ibm.com","date":"2020-04-17T10:23:02Z"}}]},"aodEnterprises":{"artifacttype_16bfe592-ae95-371c-9f64-3a881b667707":[{"additionalInfo":{},"_id":"aodenterprise_rk1D05BRIOU_HkOt7WDOI","name":"ev","description":"","lastModifiedInfo":{"userId":"gbbguoxa@cn.ibm.com","date":"2020-04-17T10:23:02Z"}}]},"aodServices":{"artifacttype_2c548a13-6bd9-3edc-a496-0318af82f0d1":[{"additionalInfo":{},"_id":"aodservices_r1gIR9BCLO8_HkOt7WDOI","name":"sv","description":"","lastModifiedInfo":{"userId":"gbbguoxa@cn.ibm.com","date":"2020-04-17T10:23:01Z"}}]},"systemContext":{"artifacttype_8ca70362-e3d1-3b9c-91d1-f755d029a2e3":[{"additionalInfo":{},"_id":"systemcontext_SkooCqrCLOI_HkOt7WDOI","name":"System Context","description":"","lastModifiedInfo":{"userId":"gbbguoxa@cn.ibm.com","date":"2020-04-17T10:22:57Z"}}]},"cmStaticViews":{"artifacttype_4a44b8fa-5057-3826-84d7-169a6fc1f2ed":[{"additionalInfo":{},"_id":"cmstaticview_HyL305SR8uI_HkOt7WDOI","name":"stv","description":"","lastModifiedInfo":{"userId":"gbbguoxa@cn.ibm.com","date":"2020-04-17T10:23:05Z"}}]}},"combined":{"coreInfo":[{"_id":"du_SyEH0qSRUO8_HkOt7WDOI","name":"du-orphan","description":"","level":"Functional","type":"Executable","label":"du-orphan","modelType":"DU"},{"_id":"du_BylH0qSR8uL_HkOt7WDOI","name":"DU 1 name update","description":"DU 1 desc update","level":"Application","type":"Installation","label":"DU 1 name update","modelType":"DU"},{"modelType":"LogicalNode","description":"","_id":"logicalnode_SJ1ERcrRLO8_HkOt7WDOI","cardinality":"1","label":"Logical Node","children":"du_ryn7C5rCIuL_HkOt7WDOI"},{"modelType":"LogicalComponent","level":"Application","description":"","_id":"logicalcomponent_SkJGR5rCUdU_HkOt7WDOI","label":"AppServices","children":"physicalcomponent_rkffC9B08_I_HkOt7WDOI"},{"modelType":"DU","level":"Functional","description":"","_id":"du_ryn7C5rCIuL_HkOt7WDOI","type":"Executable","label":"du","children":"logicalcomponent_SkJGR5rCUdU_HkOt7WDOI"},{"modelType":"PhysicalComponent","description":"","_id":"physicalcomponent_rkffC9B08_I_HkOt7WDOI","url":"","label":"pc"},{"modelType":"Actor","description":"","_id":"actor_By-C9BCUdL_HkOt7WDOI","type":"Human","label":"Human"},{"modelType":"OMLocation","description":"","_id":"omlocation_HyTX0crCI_U_HkOt7WDOI","cardinality":"1","label":"OMLocation","children":"logicalnode_HyxQA5SR8OL_HkOt7WDOI,logicalnode_rJOXCcr0IO8_HkOt7WDOI,actor_By-C9BCUdL_HkOt7WDOI,physicalnode_r1fEAcr0IOU_HkOt7WDOI,logicalnode_SJ1ERcrRLO8_HkOt7WDOI"},{"modelType":"LogicalNode","description":"","_id":"logicalnode_HyxQA5SR8OL_HkOt7WDOI","cardinality":"1","label":"Enterprise Applications"},{"modelType":"LogicalNode","description":"","_id":"logicalnode_rJOXCcr0IO8_HkOt7WDOI","cardinality":"1","label":"Actionable Insight"},{"modelType":"PhysicalNode","description":"","_id":"physicalnode_r1fEAcr0IOU_HkOt7WDOI","type":"Physical","cardinality":"1","label":"P. Node","children":"logicalnode_SJ1ERcrRLO8_HkOt7WDOI"},{"modelType":"UseCase","description":"","_id":"usecase_SkPlC5SAIOU_HkOt7WDOI","label":"这是一个uc","uc_id":"这是一个uc"},{"modelType":"Association","description":"","_id":"association_HynqCcHR8_L_HkOt7WDOI","type":"","label":"","to":"actor_rJ1e0cB0LuI_HkOt7WDOI","from":"usecase_SkrlC9BC8u8_HkOt7WDOI"},{"modelType":"Actor","description":"","_id":"actor_rJ1e0cB0LuI_HkOt7WDOI","type":"Human","label":"这是一个人"},{"modelType":"UseCase","description":"","_id":"usecase_SkrlC9BC8u8_HkOt7WDOI","label":"Use Case","uc_id":"Use Case"},{"modelType":"Association","description":"","_id":"association_ByHs0qSR8_U_HkOt7WDOI","type":"Extend","label":"Extend"},{"modelType":"UseCase","description":"","_id":"usecase_BJXeRcSRL_L_HkOt7WDOI","label":"Copy of Use Case","uc_id":"Copy of Use Case"},{"modelType":"Actor","description":"","_id":"actor_BkoCcBRUdU_HkOt7WDOI","type":"IT System","label":"IT System"},{"modelType":"Association","description":"","_id":"association_HJ1i0cBCIOL_HkOt7WDOI","type":"","label":"","to":"usecase_BJXeRcSRL_L_HkOt7WDOI","from":"actor_BkoCcBRUdU_HkOt7WDOI"},{"modelType":"RelationshipConnection","_id":"relationshipconnection_BkCKC5HA8_U_HkOt7WDOI","type":"1","label":"1","to":"entity_BkKgCqr0UdL_HkOt7WDOI","from":"relationship_HyFY05BRLuL_HkOt7WDOI"},{"modelType":"Entity","description":"","_id":"entity_BkKgCqr0UdL_HkOt7WDOI","label":"5"},{"modelType":"Relationship","description":"","_id":"relationship_HyFY05BRLuL_HkOt7WDOI","label":"Relationship"},{"modelType":"RelationshipConnection","_id":"relationshipconnection_SyutC5SAL_U_HkOt7WDOI","type":"1","label":"1","from":"relationship_HyFY05BRLuL_HkOt7WDOI","to":"entity_HJhlAcBAU_8_HkOt7WDOI"},{"modelType":"Entity","description":"","_id":"entity_HJhlAcBAU_8_HkOt7WDOI","label":"4"},{"modelType":"RelationshipConnection","_id":"relationshipconnection_ryhwA5BR8OU_HkOt7WDOI","type":"1","label":"1","to":"entity_BkKgCqr0UdL_HkOt7WDOI","from":"relationship_ryvw09HAUOI_HkOt7WDOI"},{"modelType":"Relationship","description":"","_id":"relationship_ryvw09HAUOI_HkOt7WDOI","label":"Relationship"},{"modelType":"SpecializationConnection","_id":"specializationconnection_r1M_CqrCU_8_HkOt7WDOI","type":"parent","label":"","to":"entity_H1VWR9SC8_U_HkOt7WDOI","from":"specialization_HJm_05H08d8_HkOt7WDOI"},{"modelType":"Entity","description":"","_id":"entity_H1VWR9SC8_U_HkOt7WDOI","label":"1"},{"modelType":"Specialization","description":"","_id":"specialization_HJm_05H08d8_HkOt7WDOI","label":"ISA"},{"modelType":"RelationshipConnection","_id":"relationshipconnection_ByJ_R9rRI_8_HkOt7WDOI","type":"1","label":"1","from":"relationship_ryvw09HAUOI_HkOt7WDOI","to":"entity_HJhlAcBAU_8_HkOt7WDOI"},{"modelType":"RelationshipConnection","_id":"relationshipconnection_By8vAcH0LOL_HkOt7WDOI","type":"1","label":"1","to":"entity_ryyZ0qHCLO8_HkOt7WDOI","from":"relationship_ryvw09HAUOI_HkOt7WDOI"},{"modelType":"Entity","description":"","_id":"entity_ryyZ0qHCLO8_HkOt7WDOI","label":"3"},{"modelType":"SpecializationConnection","_id":"specializationconnection_B1__RcrR8OL_HkOt7WDOI","type":"child","label":"","from":"entity_ryyZ0qHCLO8_HkOt7WDOI","to":"specialization_HJm_05H08d8_HkOt7WDOI"},{"modelType":"SpecializationConnection","_id":"specializationconnection_BkWtAcHRIOL_HkOt7WDOI","type":"child","label":"","from":"entity_ryyZ0qHCLO8_HkOt7WDOI","to":"specialization_HJMtRcS0IuL_HkOt7WDOI"},{"modelType":"Specialization","description":"","_id":"specialization_HJMtRcS0IuL_HkOt7WDOI","label":"ISA"},{"modelType":"SpecializationConnection","_id":"specializationconnection_rySKA9BRUOL_HkOt7WDOI","type":"parent","label":"","to":"entity_rJw-RqrRLOU_HkOt7WDOI","from":"specialization_HJMtRcS0IuL_HkOt7WDOI"},{"modelType":"Entity","description":"","_id":"entity_rJw-RqrRLOU_HkOt7WDOI","label":"6"},{"modelType":"SpecializationConnection","_id":"specializationconnection_HykKA5r0U_L_HkOt7WDOI","type":"child","label":"","from":"entity_BkMW05S0I_I_HkOt7WDOI","to":"specialization_rk3_AqSALuI_HkOt7WDOI"},{"modelType":"Specialization","description":"","_id":"specialization_rk3_AqSALuI_HkOt7WDOI","label":"ISA"},{"modelType":"Entity","description":"","_id":"entity_BkMW05S0I_I_HkOt7WDOI","label":"2"},{"modelType":"SpecializationConnection","_id":"specializationconnection_HkoOA9r0IdI_HkOt7WDOI","type":"parent","label":"","to":"entity_H1VWR9SC8_U_HkOt7WDOI","from":"specialization_rk3_AqSALuI_HkOt7WDOI"},{"modelType":"LogicalConnector","description":"","_id":"logicalconnector_H1ZUA9BA8_I_HkOt7WDOI","label":""},{"modelType":"LogicalComponent","level":"Application","description":"","_id":"logicalcomponent_rJFW05BCId8_HkOt7WDOI","label":"Logical Component"},{"modelType":"LogicalComponent","level":"Application","description":"","_id":"logicalcomponent_Sk2ZRqSRI_U_HkOt7WDOI","label":"&nbsp;这是一个lc"},{"modelType":"UseCase","ucPackage":"UC 1 package name","failureOutcomes":"UC 1 failure outcomes","preconditions":"UC 1 pre-conditions","alternativeFlows":"UC 1 alternative","description":"UC 1 desc","_id":"usecase_HJ6VR9B08uU_HkOt7WDOI","successfulOutcomes":"UC 1 successful outcomes","basicFlow":"UC 1 basic flow","label":"UD 1 name update","uc_id":"UC 1 id update"},{"modelType":"LogicalNode","description":"","_id":"logicalnode_HyEmC9BA8uL_HkOt7WDOI","cardinality":"1","label":"Mobile App"},{"modelType":"LogicalNode","description":"","_id":"logicalnode_By8705BAUuU_HkOt7WDOI","cardinality":"1","label":"Visualization"},{"modelType":"LogicalNode","description":"","_id":"logicalnode_ryhGA9BAIuU_HkOt7WDOI","cardinality":"1","label":"Microservices Application"},{"modelType":"LogicalNode","description":"","_id":"logicalnode_Sy_zAqSAL_L_HkOt7WDOI","cardinality":"1","label":"Cloud Foundry"},{"modelType":"LogicalNode","description":"","_id":"logicalnode_HkAf05rCIOU_HkOt7WDOI","cardinality":"1","label":"Edge Services"},{"modelType":"LogicalNode","description":"","_id":"logicalnode_HkcGCcr0I_L_HkOt7WDOI","cardinality":"1","label":"Openwhisk"},{"modelType":"LogicalConnector","description":"","_id":"logicalconnector_HyZPA5BCIOU_HkOt7WDOI","label":""},{"modelType":"LogicalComponent","level":"Application","description":"","_id":"logicalcomponent_rJIfCqHA8_I_HkOt7WDOI","label":"Channel"},{"modelType":"LogicalComponent","level":"Application","description":"","_id":"logicalcomponent_H1EfAcBRU_8_HkOt7WDOI","label":"Resource"},{"modelType":"LogicalConnector","description":"","_id":"logicalconnector_SkO3C9rCUO8_HkOt7WDOI","label":""}]},"diagram":{"instances":{"pomview_HkM0CcrRUu8_HkOt7WDOI":{"uiInfo":"<mxGraphModel dx=\"1062\" dy=\"374\" grid=\"1\" gridSize=\"10\" guides=\"1\" tooltips=\"1\" connect=\"1\" arrows=\"1\" fold=\"1\" page=\"1\" pageScale=\"1\" pageWidth=\"1169\" pageHeight=\"827\" background=\"#ffffff\"><root><mxCell id=\"0\" modelId=\"pomview_HkM0CcrRUu8_HkOt7WDOI\"></mxCell><mxCell id=\"1\" parent=\"0\"></mxCell><mxCell id=\"pomview_2enptOkFjcB_22enpuR7PwuG\" style=\"shape=corner;whiteSpace=wrap;html=1;fillColor=none;container=1;align=center;verticalAlign=top;strokeWidth=4;strokeColor=#CCCCCC;dx=450;dy=300;\" vertex=\"1\" modelId=\"omlocation_HyTX0crCI_U_HkOt7WDOI\" parent=\"1\"><mxGeometry x=\"200\" y=\"30\" width=\"500\" height=\"320\" as=\"geometry\"></mxGeometry></mxCell><mxCell id=\"pomview_2enptOkFjcB_32enpuR7GbGy\" style=\"shape=umlActor;html=1;verticalLabelPosition=bottom;verticalAlign=top;\" vertex=\"1\" modelId=\"actor_By-C9BCUdL_HkOt7WDOI\" parent=\"pomview_2enptOkFjcB_22enpuR7PwuG\"><mxGeometry x=\"20\" y=\"80\" width=\"35\" height=\"70\" as=\"geometry\"></mxGeometry></mxCell><mxCell id=\"pomview_2enptOkFjcB_52enpuR72hAM\" style=\"swimlane;html=1;fontStyle=0;childLayout=stackLayout;horizontal=1;startSize=26;horizontalStack=0;resizeParent=1;resizeParentMax=0;resizeLast=0;collapsible=1;marginBottom=0;swimlaneFillColor=#ffffff;\" visible=\"0\" vertex=\"1\" modelId=\"logicalnode_rJOXCcr0IO8_HkOt7WDOI\" parent=\"pomview_2enptOkFjcB_22enpuR7PwuG\"><mxGeometry x=\"130\" y=\"190\" width=\"140\" height=\"110\" as=\"geometry\"></mxGeometry></mxCell><mxCell id=\"pomview_2enptOkFjcB_62enpuR7uU6E\" style=\"swimlane;html=1;fontStyle=0;childLayout=stackLayout;horizontal=1;startSize=26;horizontalStack=0;resizeParent=1;resizeParentMax=0;resizeLast=0;collapsible=1;marginBottom=0;swimlaneFillColor=#ffffff;\" visible=\"0\" vertex=\"1\" modelId=\"logicalnode_HyxQA5SR8OL_HkOt7WDOI\" parent=\"pomview_2enptOkFjcB_22enpuR7PwuG\"><mxGeometry x=\"360\" y=\"210\" width=\"140\" height=\"110\" as=\"geometry\"></mxGeometry></mxCell><mxCell id=\"pomview_2enptOkFjcB_362enpvsy0tHu\" style=\"swimlane;html=1;fontStyle=0;horizontal=1;startSize=26;horizontalStack=0;resizeParent=1;resizeParentMax=0;resizeLast=0;collapsible=1;marginBottom=0;swimlaneFillColor=#ffffff;\" vertex=\"1\" modelId=\"physicalnode_r1fEAcr0IOU_HkOt7WDOI\" parent=\"pomview_2enptOkFjcB_22enpuR7PwuG\"><mxGeometry x=\"250\" y=\"60\" width=\"230\" height=\"180\" as=\"geometry\"></mxGeometry></mxCell><mxCell id=\"pomview_2enptOkFjcB_382enpxufXwA3\" style=\"swimlane;html=1;fontStyle=0;childLayout=stackLayout;horizontal=1;startSize=26;horizontalStack=0;resizeParent=1;resizeParentMax=0;resizeLast=0;collapsible=1;marginBottom=0;swimlaneFillColor=#ffffff;\" vertex=\"1\" modelId=\"logicalnode_SJ1ERcrRLO8_HkOt7WDOI\" parent=\"pomview_2enptOkFjcB_362enpvsy0tHu\"><mxGeometry x=\"90\" y=\"70\" width=\"140\" height=\"50\" as=\"geometry\"></mxGeometry></mxCell><mxCell id=\"pomview_2enptOkFjcB_402enpxufG5cU\" style=\"endArrow=classic;html=1;\" edge=\"1\" modelId=\"logicalconnection_SkTTC5SCIO8_HkOt7WDOI\" parent=\"pomview_2enptOkFjcB_22enpuR7PwuG\" source=\"pomview_2enptOkFjcB_32enpuR7GbGy\" target=\"pomview_2enptOkFjcB_382enpxufXwA3\"><mxGeometry relative=\"1\" as=\"geometry\"></mxGeometry></mxCell></root></mxGraphModel>","coreInfo":[{"modelType":"POMView","logicalLayerStatus":"on","lastModifiedUserId":"gbbguoxa@cn.ibm.com","description":"","lastModified":"2020-04-17T10:23:04Z","_id":"pomview_HkM0CcrRUu8_HkOt7WDOI","label":"pom"},{"modelType":"LogicalConnection","description":"","_id":"logicalconnection_SkTTC5SCIO8_HkOt7WDOI","flowType":"not specified","label":"","from":"actor_By-C9BCUdL_HkOt7WDOI","to":"logicalnode_SJ1ERcrRLO8_HkOt7WDOI"},{"modelType":"OMLocation","description":"","_id":"omlocation_HyTX0crCI_U_HkOt7WDOI","cardinality":"1","label":"OMLocation","children":"logicalnode_HyxQA5SR8OL_HkOt7WDOI,logicalnode_rJOXCcr0IO8_HkOt7WDOI,actor_By-C9BCUdL_HkOt7WDOI,physicalnode_r1fEAcr0IOU_HkOt7WDOI"},{"modelType":"PhysicalNode","description":"","_id":"physicalnode_r1fEAcr0IOU_HkOt7WDOI","type":"Physical","cardinality":"1","label":"P. Node","children":"logicalnode_SJ1ERcrRLO8_HkOt7WDOI"}]},"pomview_rJVRA5S0IOU_HkOt7WDOI":{"uiInfo":"<mxGraphModel dx=\"1062\" dy=\"473\" grid=\"1\" gridSize=\"10\" guides=\"1\" tooltips=\"1\" connect=\"1\" arrows=\"1\" fold=\"1\" page=\"1\" pageScale=\"1\" pageWidth=\"1169\" pageHeight=\"827\" background=\"#ffffff\"><root><mxCell id=\"0\" modelId=\"pomview_rJVRA5S0IOU_HkOt7WDOI\"></mxCell><mxCell id=\"1\" parent=\"0\"></mxCell></root></mxGraphModel>","coreInfo":[{"modelType":"POMView","logicalLayerStatus":"disabled","lastModifiedUserId":"gbbguoxa@cn.ibm.com","description":"","lastModified":"2020-04-17T10:23:04Z","_id":"pomview_rJVRA5S0IOU_HkOt7WDOI","label":"pom-1"}]},"usecasediagram_ry_jC9SRLOU_HkOt7WDOI":{"uiInfo":"<mxGraphModel dx=\"1062\" dy=\"221\" grid=\"1\" gridSize=\"10\" guides=\"1\" tooltips=\"1\" connect=\"1\" arrows=\"1\" fold=\"1\" page=\"1\" pageScale=\"1\" pageWidth=\"1169\" pageHeight=\"827\" background=\"#ffffff\"><root><mxCell id=\"0\" modelId=\"usecasediagram_ry_jC9SRLOU_HkOt7WDOI\"></mxCell><mxCell id=\"1\" parent=\"0\"></mxCell><mxCell id=\"usecasediagram_2enilzHu8YC_92enimMRUfAc\" style=\"ellipse;whiteSpace=wrap;html=1;\" vertex=\"1\" modelId=\"usecase_SkPlC5SAIOU_HkOt7WDOI\" parent=\"1\"><mxGeometry x=\"240\" y=\"120\" width=\"140\" height=\"70\" as=\"geometry\"></mxGeometry></mxCell></root></mxGraphModel>","coreInfo":[{"modelType":"UseCaseDiagram","lastModifiedUserId":"gbbguoxa@cn.ibm.com","description":"","lastModified":"2020-04-17T10:23:01Z","_id":"usecasediagram_ry_jC9SRLOU_HkOt7WDOI","label":"ucd1"}]},"usecasediagram_SyNiR5rR8_8_HkOt7WDOI":{"uiInfo":"<mxGraphModel dx=\"1062\" dy=\"221\" grid=\"1\" gridSize=\"10\" guides=\"1\" tooltips=\"1\" connect=\"1\" arrows=\"1\" fold=\"1\" page=\"1\" pageScale=\"1\" pageWidth=\"1169\" pageHeight=\"827\" background=\"#ffffff\"><root><mxCell id=\"0\" modelId=\"usecasediagram_SyNiR5rR8_8_HkOt7WDOI\"></mxCell><mxCell id=\"1\" parent=\"0\"></mxCell><mxCell id=\"usecasediagram_2enh847I2qa_22eniaDu3tYo\" style=\"shape=umlActor;html=1;verticalLabelPosition=bottom;verticalAlign=top;\" vertex=\"1\" modelId=\"actor_By-C9BCUdL_HkOt7WDOI\" parent=\"1\"><mxGeometry x=\"120\" y=\"30\" width=\"35\" height=\"70\" as=\"geometry\"></mxGeometry></mxCell><mxCell id=\"usecasediagram_2enh847I2qa_32eniaDuAn0H\" style=\"shape=umlActor;html=1;verticalLabelPosition=bottom;verticalAlign=top;\" vertex=\"1\" modelId=\"actor_rJ1e0cB0LuI_HkOt7WDOI\" parent=\"1\"><mxGeometry x=\"190\" y=\"250\" width=\"35\" height=\"70\" as=\"geometry\"></mxGeometry></mxCell><mxCell id=\"usecasediagram_2enh847I2qa_42eniaDuNQK7\" style=\"shape=process;html=1;whiteSpace=wrap;\" vertex=\"1\" modelId=\"actor_BkoCcBRUdU_HkOt7WDOI\" parent=\"1\"><mxGeometry x=\"190\" y=\"130\" width=\"120\" height=\"60\" as=\"geometry\"></mxGeometry></mxCell><mxCell id=\"usecasediagram_2enh847I2qa_52eniaDuBHOC\" style=\"ellipse;whiteSpace=wrap;html=1;\" vertex=\"1\" modelId=\"usecase_SkrlC9BC8u8_HkOt7WDOI\" parent=\"1\"><mxGeometry x=\"700\" y=\"80\" width=\"140\" height=\"70\" as=\"geometry\"></mxGeometry></mxCell><mxCell id=\"usecasediagram_2enh847I2qa_62eniaDugNBv\" style=\"ellipse;whiteSpace=wrap;html=1;\" vertex=\"1\" modelId=\"usecase_BJXeRcSRL_L_HkOt7WDOI\" parent=\"1\"><mxGeometry x=\"380\" y=\"370\" width=\"140\" height=\"70\" as=\"geometry\"></mxGeometry></mxCell><mxCell id=\"usecasediagram_2enh847I2qa_72eniaDuCBKs\" style=\"edgeStyle=orthogonalEdgeStyle;rounded=0;html=1;endArrow=none;entryX=0.5;entryY=0;\" edge=\"1\" modelId=\"association_HJ1i0cBCIOL_HkOt7WDOI\" parent=\"1\" source=\"usecasediagram_2enh847I2qa_42eniaDuNQK7\" target=\"usecasediagram_2enh847I2qa_62eniaDugNBv\"><mxGeometry relative=\"1\" as=\"geometry\"></mxGeometry></mxCell><mxCell id=\"usecasediagram_2enh847I2qa_82eniaDu3KmI\" style=\"edgeStyle=orthogonalEdgeStyle;rounded=0;html=1;endArrow=none;entryX=1;entryY=0.3333333333333333;entryPerimeter=0;\" edge=\"1\" modelId=\"association_HynqCcHR8_L_HkOt7WDOI\" parent=\"1\" source=\"usecasediagram_2enh847I2qa_52eniaDuBHOC\" target=\"usecasediagram_2enh847I2qa_32eniaDuAn0H\"><mxGeometry relative=\"1\" as=\"geometry\"></mxGeometry></mxCell><mxCell id=\"usecasediagram_2enh847I2qa_92eniaDu60NV\" style=\"edgeStyle=orthogonalEdgeStyle;rounded=0;html=1;endArrow=block;endSize=16;endFill=0;dashed=1;entryX=1.014;entryY=0.6;entryPerimeter=0;\" edge=\"1\" modelId=\"association_ByHs0qSR8_U_HkOt7WDOI\" parent=\"1\" source=\"usecasediagram_2enh847I2qa_52eniaDuBHOC\" target=\"usecasediagram_2enh847I2qa_62eniaDugNBv\"><mxGeometry relative=\"1\" as=\"geometry\"></mxGeometry></mxCell></root></mxGraphModel>","coreInfo":[{"modelType":"UseCaseDiagram","lastModifiedUserId":"gbbguoxa@cn.ibm.com","description":"","lastModified":"2020-04-17T10:23:00Z","_id":"usecasediagram_SyNiR5rR8_8_HkOt7WDOI","label":"ucd"}]},"lomview_rJnpCcHCIOI_HkOt7WDOI":{"uiInfo":"<mxGraphModel dx=\"1062\" dy=\"374\" grid=\"1\" gridSize=\"10\" guides=\"1\" tooltips=\"1\" connect=\"1\" arrows=\"1\" fold=\"1\" page=\"1\" pageScale=\"1\" pageWidth=\"1169\" pageHeight=\"827\" background=\"#ffffff\"><root><mxCell id=\"0\" modelId=\"lomview_rJnpCcHCIOI_HkOt7WDOI\"></mxCell><mxCell id=\"1\" parent=\"0\"></mxCell><mxCell id=\"lomview_2enoyV1aVfs_222enpfSTfok0\" style=\"shape=corner;whiteSpace=wrap;html=1;fillColor=none;container=1;align=center;verticalAlign=top;strokeWidth=4;strokeColor=#CCCCCC;dx=450;dy=300;\" vertex=\"1\" modelId=\"omlocation_HyTX0crCI_U_HkOt7WDOI\" parent=\"1\"><mxGeometry x=\"200\" y=\"30\" width=\"500\" height=\"320\" as=\"geometry\"></mxGeometry></mxCell><mxCell id=\"lomview_2enoyV1aVfs_242enpgSmJU1e\" style=\"shape=umlActor;html=1;verticalLabelPosition=bottom;verticalAlign=top;\" vertex=\"1\" modelId=\"actor_By-C9BCUdL_HkOt7WDOI\" parent=\"lomview_2enoyV1aVfs_222enpfSTfok0\"><mxGeometry x=\"20\" y=\"80\" width=\"35\" height=\"70\" as=\"geometry\"></mxGeometry></mxCell><mxCell id=\"lomview_2enoyV1aVfs_252enphtx4Liw\" style=\"swimlane;html=1;fontStyle=0;childLayout=stackLayout;horizontal=1;startSize=26;horizontalStack=0;resizeParent=1;resizeParentMax=0;resizeLast=0;collapsible=1;marginBottom=0;swimlaneFillColor=#ffffff;\" vertex=\"1\" modelId=\"logicalnode_SJ1ERcrRLO8_HkOt7WDOI\" parent=\"lomview_2enoyV1aVfs_222enpfSTfok0\"><mxGeometry x=\"220\" y=\"70\" width=\"140\" height=\"50\" as=\"geometry\"></mxGeometry></mxCell><mxCell id=\"lomview_2enoyV1aVfs_292enpowu8XDe\" style=\"swimlane;html=1;fontStyle=0;childLayout=stackLayout;horizontal=1;startSize=26;horizontalStack=0;resizeParent=1;resizeParentMax=0;resizeLast=0;collapsible=1;marginBottom=0;swimlaneFillColor=#ffffff;\" vertex=\"1\" modelId=\"logicalnode_rJOXCcr0IO8_HkOt7WDOI\" parent=\"lomview_2enoyV1aVfs_222enpfSTfok0\"><mxGeometry x=\"130\" y=\"190\" width=\"140\" height=\"110\" as=\"geometry\"></mxGeometry></mxCell><mxCell id=\"lomview_2enoyV1aVfs_312enpp4aTOpM\" style=\"swimlane;html=1;fontStyle=0;childLayout=stackLayout;horizontal=1;startSize=26;horizontalStack=0;resizeParent=1;resizeParentMax=0;resizeLast=0;collapsible=1;marginBottom=0;swimlaneFillColor=#ffffff;\" vertex=\"1\" modelId=\"logicalnode_HyxQA5SR8OL_HkOt7WDOI\" parent=\"lomview_2enoyV1aVfs_222enpfSTfok0\"><mxGeometry x=\"360\" y=\"210\" width=\"140\" height=\"110\" as=\"geometry\"></mxGeometry></mxCell><mxCell id=\"lomview_2enoyV1aVfs_322enppPOoGNm\" style=\"edgeStyle=orthogonalEdgeStyle;rounded=0;html=1;entryX=0;entryY=0.25;jettySize=auto;orthogonalLoop=1;\" edge=\"1\" modelId=\"logicalconnection_SkTTC5SCIO8_HkOt7WDOI\" parent=\"lomview_2enoyV1aVfs_222enpfSTfok0\" source=\"lomview_2enoyV1aVfs_242enpgSmJU1e\" target=\"lomview_2enoyV1aVfs_252enphtx4Liw\"><mxGeometry relative=\"1\" as=\"geometry\"></mxGeometry></mxCell></root></mxGraphModel>","coreInfo":[{"modelType":"LOMView","lastModifiedUserId":"gbbguoxa@cn.ibm.com","description":"","lastModified":"2020-04-17T10:23:03Z","_id":"lomview_rJnpCcHCIOI_HkOt7WDOI","label":"lom"},{"modelType":"OMLocation","description":"","_id":"omlocation_HyTX0crCI_U_HkOt7WDOI","cardinality":"1","label":"OMLocation","children":"logicalnode_HyxQA5SR8OL_HkOt7WDOI,logicalnode_rJOXCcr0IO8_HkOt7WDOI,logicalnode_SJ1ERcrRLO8_HkOt7WDOI,actor_By-C9BCUdL_HkOt7WDOI"},{"modelType":"LogicalConnection","description":"","_id":"logicalconnection_SkTTC5SCIO8_HkOt7WDOI","flowType":"not specified","label":"","from":"actor_By-C9BCUdL_HkOt7WDOI","to":"logicalnode_SJ1ERcrRLO8_HkOt7WDOI"}]},"logicalerd_H1b50cr0Iu8_HkOt7WDOI":{"uiInfo":"<mxGraphModel dx=\"1062\" dy=\"374\" grid=\"1\" gridSize=\"10\" guides=\"1\" tooltips=\"1\" connect=\"1\" arrows=\"1\" fold=\"1\" page=\"1\" pageScale=\"1\" pageWidth=\"1169\" pageHeight=\"827\" background=\"#ffffff\"><root><mxCell id=\"0\" modelId=\"logicalerd_H1b50cr0Iu8_HkOt7WDOI\"></mxCell><mxCell id=\"1\" parent=\"0\"></mxCell><mxCell id=\"logicalerd_2enjkKOZ48a_252enjnU0hKOM\" style=\"swimlane;html=1;fontStyle=0;childLayout=stackLayout;horizontal=1;startSize=26;horizontalStack=0;resizeParent=1;resizeParentMax=0;resizeLast=0;collapsible=0;marginBottom=0;swimlaneFillColor=#ffffff;\" vertex=\"1\" modelId=\"entity_H1VWR9SC8_U_HkOt7WDOI\" parent=\"1\"><mxGeometry x=\"170\" y=\"60\" width=\"140\" height=\"110\" as=\"geometry\"></mxGeometry></mxCell><mxCell id=\"logicalerd_2enjkKOZ48a_272enjodHlqp3\" style=\"swimlane;html=1;fontStyle=0;childLayout=stackLayout;horizontal=1;startSize=26;horizontalStack=0;resizeParent=1;resizeParentMax=0;resizeLast=0;collapsible=0;marginBottom=0;swimlaneFillColor=#ffffff;\" vertex=\"1\" modelId=\"entity_HJhlAcBAU_8_HkOt7WDOI\" parent=\"1\"><mxGeometry x=\"190\" y=\"300\" width=\"140\" height=\"110\" as=\"geometry\"></mxGeometry></mxCell><mxCell id=\"logicalerd_2enjkKOZ48a_292enjoAixSd0\" style=\"swimlane;html=1;fontStyle=0;childLayout=stackLayout;horizontal=1;startSize=26;horizontalStack=0;resizeParent=1;resizeParentMax=0;resizeLast=0;collapsible=0;marginBottom=0;swimlaneFillColor=#ffffff;\" vertex=\"1\" modelId=\"entity_ryyZ0qHCLO8_HkOt7WDOI\" parent=\"1\"><mxGeometry x=\"550\" y=\"170\" width=\"140\" height=\"110\" as=\"geometry\"></mxGeometry></mxCell><mxCell id=\"logicalerd_2enjkKOZ48a_302enjoAjrO6z\" style=\"shape=triangle;whiteSpace=wrap;html=1;flipV=1;flipH=0;direction=south;hasHoverIcons=0;editable=0;\" vertex=\"1\" modelId=\"specialization_HJm_05H08d8_HkOt7WDOI\" parent=\"1\"><mxGeometry x=\"360\" y=\"135\" width=\"80\" height=\"60\" as=\"geometry\"></mxGeometry></mxCell><mxCell id=\"logicalerd_2enjkKOZ48a_312enjoAkWDoI\" style=\"edgeStyle=orthogonalEdgeStyle;endArrow=none;html=1;entryX=1;entryY=0.5;rounded=1;fontStyle=1;fontSize=12;editable=0;\" edge=\"1\" modelId=\"specializationconnection_B1__RcrR8OL_HkOt7WDOI\" parent=\"1\" source=\"logicalerd_2enjkKOZ48a_292enjoAixSd0\" target=\"logicalerd_2enjkKOZ48a_302enjoAjrO6z\"><mxGeometry relative=\"1\" as=\"geometry\"></mxGeometry></mxCell><mxCell id=\"logicalerd_2enjkKOZ48a_322enjoAmqwl8\" style=\"edgeStyle=orthogonalEdgeStyle;endArrow=none;html=1;exitX=0;exitY=0.5;rounded=1;fontStyle=1;fontSize=12;editable=0;\" edge=\"1\" modelId=\"specializationconnection_r1M_CqrCU_8_HkOt7WDOI\" parent=\"1\" source=\"logicalerd_2enjkKOZ48a_302enjoAjrO6z\" target=\"logicalerd_2enjkKOZ48a_252enjnU0hKOM\"><mxGeometry relative=\"1\" as=\"geometry\"></mxGeometry></mxCell><mxCell id=\"logicalerd_2enjkKOZ48a_342enjp0lknZU\" style=\"swimlane;html=1;fontStyle=0;childLayout=stackLayout;horizontal=1;startSize=26;horizontalStack=0;resizeParent=1;resizeParentMax=0;resizeLast=0;collapsible=0;marginBottom=0;swimlaneFillColor=#ffffff;\" vertex=\"1\" modelId=\"entity_BkKgCqr0UdL_HkOt7WDOI\" parent=\"1\"><mxGeometry x=\"810\" y=\"335\" width=\"140\" height=\"110\" as=\"geometry\"></mxGeometry></mxCell><mxCell id=\"logicalerd_2enjkKOZ48a_352enjp0mhFZL\" style=\"rhombus;html=1;\" vertex=\"1\" modelId=\"relationship_ryvw09HAUOI_HkOt7WDOI\" parent=\"1\"><mxGeometry x=\"470\" y=\"270\" width=\"140\" height=\"70\" as=\"geometry\"></mxGeometry></mxCell><mxCell id=\"logicalerd_2enjkKOZ48a_362enjp0mdsO6\" style=\"edgeStyle=orthogonalEdgeStyle;endArrow=none;html=1;rounded=1;fontStyle=1;fontSize=12;editable=0;\" edge=\"1\" modelId=\"relationshipconnection_ryhwA5BR8OU_HkOt7WDOI\" parent=\"1\" source=\"logicalerd_2enjkKOZ48a_352enjp0mhFZL\" target=\"logicalerd_2enjkKOZ48a_342enjp0lknZU\"><mxGeometry x=\"0.5\" relative=\"1\" as=\"geometry\"></mxGeometry></mxCell><mxCell id=\"logicalerd_2enjkKOZ48a_372enjp0nIKQA\" style=\"edgeStyle=orthogonalEdgeStyle;endArrow=none;html=1;rounded=1;fontStyle=1;fontSize=12;editable=0;\" edge=\"1\" modelId=\"relationshipconnection_By8vAcH0LOL_HkOt7WDOI\" parent=\"1\" source=\"logicalerd_2enjkKOZ48a_352enjp0mhFZL\" target=\"logicalerd_2enjkKOZ48a_292enjoAixSd0\"><mxGeometry x=\"0.5\" relative=\"1\" as=\"geometry\"></mxGeometry></mxCell><mxCell id=\"logicalerd_2enjkKOZ48a_382enjp0nR7Zv\" style=\"edgeStyle=orthogonalEdgeStyle;endArrow=none;html=1;rounded=1;fontStyle=1;fontSize=12;editable=0;\" edge=\"1\" modelId=\"relationshipconnection_ByJ_R9rRI_8_HkOt7WDOI\" parent=\"1\" source=\"logicalerd_2enjkKOZ48a_352enjp0mhFZL\" target=\"logicalerd_2enjkKOZ48a_272enjodHlqp3\"><mxGeometry x=\"0.5\" relative=\"1\" as=\"geometry\"></mxGeometry></mxCell><mxCell id=\"logicalerd_2enjkKOZ48a_392enjp0oEc7d\" style=\"rhombus;html=1;\" vertex=\"1\" modelId=\"relationship_HyFY05BRLuL_HkOt7WDOI\" parent=\"1\"><mxGeometry x=\"430\" y=\"310\" width=\"140\" height=\"70\" as=\"geometry\"></mxGeometry></mxCell><mxCell id=\"logicalerd_2enjkKOZ48a_402enjp0pFI7n\" style=\"edgeStyle=orthogonalEdgeStyle;endArrow=none;html=1;rounded=1;fontStyle=1;fontSize=12;editable=0;\" edge=\"1\" modelId=\"relationshipconnection_BkCKC5HA8_U_HkOt7WDOI\" parent=\"1\" source=\"logicalerd_2enjkKOZ48a_392enjp0oEc7d\" target=\"logicalerd_2enjkKOZ48a_342enjp0lknZU\"><mxGeometry x=\"0.5\" relative=\"1\" as=\"geometry\"></mxGeometry></mxCell><mxCell id=\"logicalerd_2enjkKOZ48a_412enjp0pNaZF\" style=\"edgeStyle=orthogonalEdgeStyle;endArrow=none;html=1;rounded=1;fontStyle=1;fontSize=12;editable=0;\" edge=\"1\" modelId=\"relationshipconnection_SyutC5SAL_U_HkOt7WDOI\" parent=\"1\" source=\"logicalerd_2enjkKOZ48a_392enjp0oEc7d\" target=\"logicalerd_2enjkKOZ48a_272enjodHlqp3\"><mxGeometry x=\"0.5\" relative=\"1\" as=\"geometry\"></mxGeometry></mxCell></root></mxGraphModel>","coreInfo":[{"modelType":"LogicalERD","lastModifiedUserId":"gbbguoxa@cn.ibm.com","description":"","lastModified":"2020-04-17T10:23:07Z","_id":"logicalerd_H1b50cr0Iu8_HkOt7WDOI","label":"erd2"}]},"logicalerd_ByrDR9rC8OL_HkOt7WDOI":{"uiInfo":"<mxGraphModel dx=\"1062\" dy=\"374\" grid=\"1\" gridSize=\"10\" guides=\"1\" tooltips=\"1\" connect=\"1\" arrows=\"1\" fold=\"1\" page=\"1\" pageScale=\"1\" pageWidth=\"1169\" pageHeight=\"827\" background=\"#ffffff\"><root><mxCell id=\"0\" modelId=\"logicalerd_ByrDR9rC8OL_HkOt7WDOI\"></mxCell><mxCell id=\"1\" parent=\"0\"></mxCell><mxCell id=\"logicalerd_2eniWbHxmU2_22enjh2uilvi\" style=\"swimlane;html=1;fontStyle=0;childLayout=stackLayout;horizontal=1;startSize=26;horizontalStack=0;resizeParent=1;resizeParentMax=0;resizeLast=0;collapsible=0;marginBottom=0;swimlaneFillColor=#ffffff;\" vertex=\"1\" modelId=\"entity_H1VWR9SC8_U_HkOt7WDOI\" parent=\"1\"><mxGeometry x=\"270\" y=\"30\" width=\"140\" height=\"110\" as=\"geometry\"></mxGeometry></mxCell><mxCell id=\"logicalerd_2eniWbHxmU2_32enjh2u7MIg\" style=\"swimlane;html=1;fontStyle=0;childLayout=stackLayout;horizontal=1;startSize=26;horizontalStack=0;resizeParent=1;resizeParentMax=0;resizeLast=0;collapsible=0;marginBottom=0;swimlaneFillColor=#ffffff;\" vertex=\"1\" modelId=\"entity_BkMW05S0I_I_HkOt7WDOI\" parent=\"1\"><mxGeometry x=\"70\" y=\"280\" width=\"140\" height=\"110\" as=\"geometry\"></mxGeometry></mxCell><mxCell id=\"logicalerd_2eniWbHxmU2_42enjh2uzqDO\" style=\"swimlane;html=1;fontStyle=0;childLayout=stackLayout;horizontal=1;startSize=26;horizontalStack=0;resizeParent=1;resizeParentMax=0;resizeLast=0;collapsible=0;marginBottom=0;swimlaneFillColor=#ffffff;\" vertex=\"1\" modelId=\"entity_ryyZ0qHCLO8_HkOt7WDOI\" parent=\"1\"><mxGeometry x=\"470\" y=\"280\" width=\"140\" height=\"110\" as=\"geometry\"></mxGeometry></mxCell><mxCell id=\"logicalerd_2eniWbHxmU2_52enjh2uhkPB\" style=\"swimlane;html=1;fontStyle=0;childLayout=stackLayout;horizontal=1;startSize=26;horizontalStack=0;resizeParent=1;resizeParentMax=0;resizeLast=0;collapsible=0;marginBottom=0;swimlaneFillColor=#ffffff;\" vertex=\"1\" modelId=\"entity_HJhlAcBAU_8_HkOt7WDOI\" parent=\"1\"><mxGeometry x=\"740\" y=\"30\" width=\"140\" height=\"110\" as=\"geometry\"></mxGeometry></mxCell><mxCell id=\"logicalerd_2eniWbHxmU2_62enjh2unbIU\" style=\"swimlane;html=1;fontStyle=0;childLayout=stackLayout;horizontal=1;startSize=26;horizontalStack=0;resizeParent=1;resizeParentMax=0;resizeLast=0;collapsible=0;marginBottom=0;swimlaneFillColor=#ffffff;\" vertex=\"1\" modelId=\"entity_BkKgCqr0UdL_HkOt7WDOI\" parent=\"1\"><mxGeometry x=\"870\" y=\"270\" width=\"140\" height=\"110\" as=\"geometry\"></mxGeometry></mxCell><mxCell id=\"logicalerd_2eniWbHxmU2_72enjh2uYoPB\" style=\"rhombus;html=1;\" vertex=\"1\" modelId=\"relationship_ryvw09HAUOI_HkOt7WDOI\" parent=\"1\"><mxGeometry x=\"670\" y=\"210\" width=\"140\" height=\"70\" as=\"geometry\"></mxGeometry></mxCell><mxCell id=\"logicalerd_2eniWbHxmU2_82enjh2uoNPZ\" style=\"edgeStyle=orthogonalEdgeStyle;html=1;fontStyle=1;fontSize=12;endArrow=none;endSize=8;editable=0;\" edge=\"1\" modelId=\"relationshipconnection_ByJ_R9rRI_8_HkOt7WDOI\" parent=\"1\" source=\"logicalerd_2eniWbHxmU2_52enjh2uhkPB\" target=\"logicalerd_2eniWbHxmU2_72enjh2uYoPB\"><mxGeometry x=\"-0.5\" relative=\"1\" as=\"geometry\"></mxGeometry></mxCell><mxCell id=\"logicalerd_2eniWbHxmU2_92enjh2uS61W\" style=\"edgeStyle=orthogonalEdgeStyle;html=1;fontStyle=1;fontSize=12;endArrow=none;endSize=8;editable=0;rounded=1;entryX=1;entryY=0.5;\" edge=\"1\" modelId=\"relationshipconnection_By8vAcH0LOL_HkOt7WDOI\" parent=\"1\" source=\"logicalerd_2eniWbHxmU2_72enjh2uYoPB\" target=\"logicalerd_2eniWbHxmU2_42enjh2uzqDO\"><mxGeometry x=\"0.5\" relative=\"1\" as=\"geometry\"></mxGeometry></mxCell><mxCell id=\"logicalerd_2eniWbHxmU2_102enjh2uw8y7\" style=\"edgeStyle=orthogonalEdgeStyle;rounded=1;html=1;endArrow=none;fontStyle=1;fontSize=12;editable=0;entryX=0;entryY=0.5;\" edge=\"1\" modelId=\"relationshipconnection_ryhwA5BR8OU_HkOt7WDOI\" parent=\"1\" source=\"logicalerd_2eniWbHxmU2_72enjh2uYoPB\" target=\"logicalerd_2eniWbHxmU2_62enjh2unbIU\"><mxGeometry x=\"0.5\" relative=\"1\" as=\"geometry\"></mxGeometry></mxCell><mxCell id=\"logicalerd_2eniWbHxmU2_112enjh2uyC41\" style=\"shape=triangle;whiteSpace=wrap;html=1;flipV=1;flipH=0;direction=south;hasHoverIcons=0;editable=0;\" vertex=\"1\" modelId=\"specialization_rk3_AqSALuI_HkOt7WDOI\" parent=\"1\"><mxGeometry x=\"120\" y=\"160\" width=\"80\" height=\"60\" as=\"geometry\"></mxGeometry></mxCell><mxCell id=\"logicalerd_2eniWbHxmU2_122enjh2u7lcQ\" style=\"edgeStyle=orthogonalEdgeStyle;html=1;exitX=0;exitY=0.5;exitDx=0;exitDy=0;jettySize=auto;orthogonalLoop=1;endArrow=none;editable=0;entryX=0;entryY=0.5;\" edge=\"1\" modelId=\"specializationconnection_HkoOA9r0IdI_HkOt7WDOI\" parent=\"1\" source=\"logicalerd_2eniWbHxmU2_112enjh2uyC41\" target=\"logicalerd_2eniWbHxmU2_22enjh2uilvi\"><mxGeometry relative=\"1\" as=\"geometry\"><mxPoint x=\"160\" y=\"100\" as=\"targetPoint\"></mxPoint><Array as=\"points\"><mxPoint x=\"160\" y=\"85\"></mxPoint></Array></mxGeometry></mxCell><mxCell id=\"logicalerd_2eniWbHxmU2_132enjh2uIof9\" style=\"edgeStyle=orthogonalEdgeStyle;html=1;entryX=1;entryY=0.5;exitDx=0;exitDy=0;jettySize=auto;orthogonalLoop=1;endArrow=none;editable=0;exitX=0.5;exitY=0;\" edge=\"1\" modelId=\"specializationconnection_HykKA5r0U_L_HkOt7WDOI\" parent=\"1\" source=\"logicalerd_2eniWbHxmU2_32enjh2u7MIg\" target=\"logicalerd_2eniWbHxmU2_112enjh2uyC41\"><mxGeometry relative=\"1\" as=\"geometry\"><mxPoint x=\"160\" y=\"280\" as=\"sourcePoint\"></mxPoint><Array as=\"points\"><mxPoint x=\"140\" y=\"250\"></mxPoint><mxPoint x=\"160\" y=\"250\"></mxPoint></Array></mxGeometry></mxCell><mxCell id=\"logicalerd_2eniWbHxmU2_142enjh2uLOYZ\" style=\"shape=triangle;whiteSpace=wrap;html=1;flipV=1;flipH=0;direction=south;hasHoverIcons=0;editable=0;\" vertex=\"1\" modelId=\"specialization_HJm_05H08d8_HkOt7WDOI\" parent=\"1\"><mxGeometry x=\"460\" y=\"150\" width=\"80\" height=\"60\" as=\"geometry\"></mxGeometry></mxCell><mxCell id=\"logicalerd_2eniWbHxmU2_152enjh2ucSeH\" style=\"edgeStyle=orthogonalEdgeStyle;html=1;exitX=0;exitY=0.5;exitDx=0;exitDy=0;jettySize=auto;orthogonalLoop=1;endArrow=none;editable=0;entryX=1;entryY=0.5;\" edge=\"1\" modelId=\"specializationconnection_r1M_CqrCU_8_HkOt7WDOI\" parent=\"1\" source=\"logicalerd_2eniWbHxmU2_142enjh2uLOYZ\" target=\"logicalerd_2eniWbHxmU2_22enjh2uilvi\"><mxGeometry relative=\"1\" as=\"geometry\"><mxPoint x=\"500\" y=\"90\" as=\"targetPoint\"></mxPoint><Array as=\"points\"><mxPoint x=\"500\" y=\"85\"></mxPoint></Array></mxGeometry></mxCell><mxCell id=\"logicalerd_2eniWbHxmU2_162enjh2vVaVU\" style=\"edgeStyle=orthogonalEdgeStyle;html=1;entryX=1;entryY=0.5;exitDx=0;exitDy=0;jettySize=auto;orthogonalLoop=1;endArrow=none;editable=0;exitX=0.5;exitY=0;\" edge=\"1\" modelId=\"specializationconnection_B1__RcrR8OL_HkOt7WDOI\" parent=\"1\" source=\"logicalerd_2eniWbHxmU2_42enjh2uzqDO\" target=\"logicalerd_2eniWbHxmU2_142enjh2uLOYZ\"><mxGeometry relative=\"1\" as=\"geometry\"><mxPoint x=\"500\" y=\"270\" as=\"sourcePoint\"></mxPoint><Array as=\"points\"><mxPoint x=\"540\" y=\"245\"></mxPoint><mxPoint x=\"500\" y=\"245\"></mxPoint></Array></mxGeometry></mxCell><mxCell id=\"logicalerd_2eniWbHxmU2_172enjh2vKAHm\" style=\"swimlane;html=1;fontStyle=0;childLayout=stackLayout;horizontal=1;startSize=26;horizontalStack=0;resizeParent=1;resizeParentMax=0;resizeLast=0;collapsible=0;marginBottom=0;swimlaneFillColor=#ffffff;\" vertex=\"1\" modelId=\"entity_rJw-RqrRLOU_HkOt7WDOI\" parent=\"1\"><mxGeometry x=\"560\" y=\"30\" width=\"140\" height=\"110\" as=\"geometry\"></mxGeometry></mxCell><mxCell id=\"logicalerd_2eniWbHxmU2_182enjh2vpO95\" style=\"shape=triangle;whiteSpace=wrap;html=1;flipV=1;flipH=0;direction=south;hasHoverIcons=0;editable=0;\" vertex=\"1\" modelId=\"specialization_HJMtRcS0IuL_HkOt7WDOI\" parent=\"1\"><mxGeometry x=\"550\" y=\"180\" width=\"80\" height=\"60\" as=\"geometry\"></mxGeometry></mxCell><mxCell id=\"logicalerd_2eniWbHxmU2_192enjh2vc7or\" style=\"edgeStyle=orthogonalEdgeStyle;html=1;exitX=0;exitY=0.5;exitDx=0;exitDy=0;jettySize=auto;orthogonalLoop=1;endArrow=none;editable=0;entryX=0.5;entryY=1;\" edge=\"1\" modelId=\"specializationconnection_rySKA9BRUOL_HkOt7WDOI\" parent=\"1\" source=\"logicalerd_2eniWbHxmU2_182enjh2vpO95\" target=\"logicalerd_2eniWbHxmU2_172enjh2vKAHm\"><mxGeometry relative=\"1\" as=\"geometry\"><mxPoint x=\"590\" y=\"120\" as=\"targetPoint\"></mxPoint><Array as=\"points\"><mxPoint x=\"590\" y=\"160\"></mxPoint><mxPoint x=\"630\" y=\"160\"></mxPoint></Array></mxGeometry></mxCell><mxCell id=\"logicalerd_2eniWbHxmU2_202enjh2vQfMe\" style=\"edgeStyle=orthogonalEdgeStyle;html=1;entryX=1;entryY=0.5;exitDx=0;exitDy=0;jettySize=auto;orthogonalLoop=1;endArrow=none;editable=0;exitX=0.75;exitY=0;\" edge=\"1\" modelId=\"specializationconnection_BkWtAcHRIOL_HkOt7WDOI\" parent=\"1\" source=\"logicalerd_2eniWbHxmU2_42enjh2uzqDO\" target=\"logicalerd_2eniWbHxmU2_182enjh2vpO95\"><mxGeometry relative=\"1\" as=\"geometry\"><mxPoint x=\"590\" y=\"300\" as=\"sourcePoint\"></mxPoint><Array as=\"points\"><mxPoint x=\"575\" y=\"260\"></mxPoint><mxPoint x=\"590\" y=\"260\"></mxPoint></Array></mxGeometry></mxCell><mxCell id=\"logicalerd_2eniWbHxmU2_412enji57JF6x\" style=\"rhombus;html=1;\" vertex=\"1\" modelId=\"relationship_HyFY05BRLuL_HkOt7WDOI\" parent=\"1\"><mxGeometry x=\"930\" y=\"125\" width=\"140\" height=\"70\" as=\"geometry\"></mxGeometry></mxCell><mxCell id=\"logicalerd_2eniWbHxmU2_422enji58J2W0\" style=\"edgeStyle=orthogonalEdgeStyle;html=1;fontStyle=1;fontSize=12;endArrow=none;endSize=8;editable=0;\" edge=\"1\" modelId=\"relationshipconnection_SyutC5SAL_U_HkOt7WDOI\" parent=\"1\" source=\"logicalerd_2eniWbHxmU2_52enjh2uhkPB\" target=\"logicalerd_2eniWbHxmU2_412enji57JF6x\"><mxGeometry x=\"-0.5\" relative=\"1\" as=\"geometry\"></mxGeometry></mxCell><mxCell id=\"logicalerd_2eniWbHxmU2_402enji55EF7X\" style=\"edgeStyle=orthogonalEdgeStyle;html=1;fontStyle=1;fontSize=12;endArrow=none;endSize=8;editable=0;rounded=1;\" edge=\"1\" modelId=\"relationshipconnection_BkCKC5HA8_U_HkOt7WDOI\" parent=\"1\" source=\"logicalerd_2eniWbHxmU2_412enji57JF6x\" target=\"logicalerd_2eniWbHxmU2_62enjh2unbIU\"><mxGeometry x=\"0.5\" relative=\"1\" as=\"geometry\"></mxGeometry></mxCell></root></mxGraphModel>","coreInfo":[{"modelType":"LogicalERD","lastModifiedUserId":"gbbguoxa@cn.ibm.com","description":"","lastModified":"2020-04-17T10:23:05Z","_id":"logicalerd_ByrDR9rC8OL_HkOt7WDOI","label":"erd"}]},"aodusagescenario_S11IAcr0UO8_HkOt7WDOI":{"uiInfo":"<mxGraphModel dx=\"1270\" dy=\"374\" grid=\"1\" gridSize=\"10\" guides=\"1\" tooltips=\"1\" connect=\"1\" arrows=\"1\" fold=\"1\" page=\"1\" pageScale=\"1\" pageWidth=\"1169\" pageHeight=\"827\" background=\"#ffffff\"><root><mxCell id=\"0\" modelId=\"aodusagescenario_S11IAcr0UO8_HkOt7WDOI\"></mxCell><mxCell id=\"1\" parent=\"0\"></mxCell><mxCell id=\"aodservices_r1gIR9BCLO8_22enZSQvaA5O\" style=\"swimlane;whiteSpace=wrap;html=1;align=left;swimlaneLine=0;verticalAlign=top;collapsible=0;\" vertex=\"1\" modelId=\"subsystem_r1QIRqrAIdU_HkOt7WDOI\" parent=\"1\"><mxGeometry x=\"170\" y=\"90\" width=\"200\" height=\"150\" as=\"geometry\"></mxGeometry></mxCell><mxCell id=\"aodservices_r1gIR9BCLO8_32enZSQvtJhG\" style=\"rounded=1;whiteSpace=wrap;html=1;\" vertex=\"1\" modelId=\"logicalcomponent_rJFW05BCId8_HkOt7WDOI\" parent=\"aodservices_r1gIR9BCLO8_22enZSQvaA5O\"><mxGeometry x=\"51\" y=\"45\" width=\"120\" height=\"60\" as=\"geometry\"></mxGeometry></mxCell><mxCell id=\"aodservices_r1gIR9BCLO8_42enZSQvZklf\" style=\"rounded=1;whiteSpace=wrap;html=1;\" vertex=\"1\" modelId=\"logicalcomponent_rJFW05BCId8_HkOt7WDOI\" parent=\"1\"><mxGeometry x=\"720\" y=\"30\" width=\"120\" height=\"60\" as=\"geometry\"></mxGeometry></mxCell><mxCell id=\"aodservices_r1gIR9BCLO8_52enZSQvi8Qj\" style=\"shape=umlActor;html=1;verticalLabelPosition=bottom;verticalAlign=top;\" vertex=\"1\" modelId=\"actor_By-C9BCUdL_HkOt7WDOI\" parent=\"1\"><mxGeometry x=\"520\" y=\"110\" width=\"35\" height=\"70\" as=\"geometry\"></mxGeometry></mxCell><mxCell id=\"aodservices_r1gIR9BCLO8_62enZSQwK4Ru\" style=\"edgeStyle=orthogonalEdgeStyle;rounded=0;html=1;entryX=0;entryY=0.3333333333333333;entryPerimeter=0;jettySize=auto;orthogonalLoop=1;\" edge=\"1\" modelId=\"logicalconnector_H1ZUA9BA8_I_HkOt7WDOI\" parent=\"1\" source=\"aodservices_r1gIR9BCLO8_32enZSQvtJhG\" target=\"aodservices_r1gIR9BCLO8_52enZSQvi8Qj\"><mxGeometry relative=\"1\" as=\"geometry\"></mxGeometry></mxCell><mxCell id=\"aodservices_r1gIR9BCLO8_72enZSQwn1Wp\" style=\"rounded=1;whiteSpace=wrap;html=1;\" vertex=\"1\" modelId=\"logicalcomponent_Sk2ZRqSRI_U_HkOt7WDOI\" parent=\"1\"><mxGeometry x=\"620\" y=\"190\" width=\"120\" height=\"60\" as=\"geometry\"></mxGeometry></mxCell><mxCell id=\"ui_rJHf4bv_L\" modelId=\"aodservices_r1gIR9BCLO8_HkOt7WDOI\" parent=\"1\"></mxCell><mxCell id=\"aodservices_r1gIR9BCLO8_912enZTjAT4Tw\" value=\"哈哈哈哈哈哈\" style=\"text;html=1;resizable=0;points=[];autosize=1;align=left;verticalAlign=top;spacingTop=-4;\" parent=\"1\" vertex=\"1\" owned=\"2\"><mxGeometry x=\"422\" y=\"319\" width=\"40\" height=\"20\" as=\"geometry\"></mxGeometry></mxCell><mxCell id=\"aodservices_r1gIR9BCLO8_922enZUblewtK\" value=\"太开心了\" style=\"text;html=1;resizable=0;points=[];autosize=1;align=left;verticalAlign=top;spacingTop=-4;\" parent=\"1\" vertex=\"1\" owned=\"2\"><mxGeometry x=\"303\" y=\"323\" width=\"40\" height=\"20\" as=\"geometry\"></mxGeometry></mxCell></root></mxGraphModel>","coreInfo":[{"modelType":"AODUsageScenario","lastModifiedUserId":"gbbguoxa@cn.ibm.com","description":"","lastModified":"2020-04-17T10:23:03Z","_id":"aodusagescenario_S11IAcr0UO8_HkOt7WDOI","label":"us-sv"},{"modelType":"UsageStep","description":"<ol><li>1 desc</li><li>2 desc</li><li style=\"text-align: center;\"><font color=\"#32bd73\"><b><i><u>3 desc</u></i></b></font></li><li style=\"text-align: center;\"><font color=\"#32bd73\"><b><i><u>4 desc1 desc</u></i></b></font></li><li style=\"text-align: center;\"><font color=\"#32bd73\"><b><i><u>2 desc</u></i></b></font></li><li style=\"text-align: center;\"><font color=\"#32bd73\"><b><i><u>3 desc</u></i></b></font></li></ol><div style=\"text-align: center;\"><font color=\"#32bd73\"><b><i><u>4 desc1 desc</u></i></b></font></div><div style=\"text-align: center;\"><font color=\"#32bd73\"><b><i><u>2 desc</u></i></b></font></div><div style=\"text-align: center;\"><font color=\"#32bd73\"><b><i><u>3 desc</u></i></b></font></div><div>4 desc1 desc</div><div><ul><li>2 desc</li><li>3 desc</li><li>4 desc1 desc</li></ul></div><div>2 desc</div><div>3 desc</div><div>4 desc</div>","_id":"usagestep_S1uUC9r0Lu8_HkOt7WDOI","label":"1","children":"logicalconnector_H1ZUA9BA8_I_HkOt7WDOI"},{"modelType":"AODServices","annotation":["{\"dx\":1062,\"dy\":613,\"grid\":1,\"gridSize\":10,\"guides\":1,\"tooltips\":1,\"connect\":1,\"arrows\":1,\"fold\":1,\"page\":1,\"pageScale\":1,\"pageWidth\":1169,\"pageHeight\":827,\"background\":\"#ffffff\"}","<mxCell id=\"aodservices_r1gIR9BCLO8_912enZTjAT4Tw\" value=\"哈哈哈哈哈哈\" style=\"text;html=1;resizable=0;points=[];autosize=1;align=left;verticalAlign=top;spacingTop=-4;\" parent=\"1\" vertex=\"1\" sequence=\"8\" geo=\"{&quot;x&quot;:422,&quot;y&quot;:319,&quot;width&quot;:40,&quot;height&quot;:20}\"><mxGeometry x=\"422\" y=\"319\" width=\"40\" height=\"20\" as=\"geometry\"></mxGeometry></mxCell>","<mxCell id=\"aodservices_r1gIR9BCLO8_922enZUblewtK\" value=\"太开心了\" style=\"text;html=1;resizable=0;points=[];autosize=1;align=left;verticalAlign=top;spacingTop=-4;\" parent=\"1\" vertex=\"1\" sequence=\"9\" geo=\"{&quot;x&quot;:303,&quot;y&quot;:323,&quot;width&quot;:40,&quot;height&quot;:20}\"><mxGeometry x=\"303\" y=\"323\" width=\"40\" height=\"20\" as=\"geometry\"></mxGeometry></mxCell>"],"lastModifiedUserId":"gbbguoxa@cn.ibm.com","description":"","lastModified":"2020-04-17T10:23:01Z","_id":"aodservices_r1gIR9BCLO8_HkOt7WDOI","label":"sv","children":"subsystem_r1QIRqrAIdU_HkOt7WDOI,logicalconnector_H1ZUA9BA8_I_HkOt7WDOI,logicalcomponent_Sk2ZRqSRI_U_HkOt7WDOI"},{"modelType":"SubSystem","description":"","_id":"subsystem_r1QIRqrAIdU_HkOt7WDOI","label":"SubSystem","children":"logicalcomponent_rJFW05BCId8_HkOt7WDOI"}],"additional":{"owneds":[]}},"cmdynamicview_rys3A5r08_U_HkOt7WDOI":{"uiInfo":"<mxGraphModel dx=\"1062\" dy=\"374\" grid=\"1\" gridSize=\"10\" guides=\"1\" tooltips=\"1\" connect=\"1\" arrows=\"1\" fold=\"1\" page=\"1\" pageScale=\"1\" pageWidth=\"1169\" pageHeight=\"827\" background=\"#ffffff\"><root><mxCell id=\"0\" modelId=\"cmdynamicview_rys3A5r08_U_HkOt7WDOI\"></mxCell><mxCell id=\"1\" parent=\"0\"></mxCell><mxCell id=\"cmdynamicview_2ennCKArupa_182eno4kn2liZ\" style=\"shape=umlLifeline;participant=umlActor;perimeter=lifelinePerimeter;whiteSpace=wrap;html=1;container=1;collapsible=0;recursiveResize=0;verticalAlign=top;spacingTop=36;labelBackgroundColor=#ffffff;outlineConnect=0;\" vertex=\"1\" modelId=\"timeline_ryBp05rRUuU_HkOt7WDOI\" parent=\"1\"><mxGeometry x=\"140\" y=\"90\" width=\"20\" height=\"300\" as=\"geometry\"></mxGeometry></mxCell><mxCell id=\"cmdynamicview_2ennCKArupa_192eno4kpiWTL\" modelId=\"actor_By-C9BCUdL_HkOt7WDOI\" parent=\"1\"></mxCell><mxCell id=\"cmdynamicview_2ennCKArupa_202eno51SZTd5\" style=\"shape=umlLifeline;participant=process;perimeter=lifelinePerimeter;whiteSpace=wrap;html=1;container=1;collapsible=0;recursiveResize=0;outlineConnect=0;\" vertex=\"1\" modelId=\"timeline_H1t6CcBC8uL_HkOt7WDOI\" parent=\"1\"><mxGeometry x=\"460\" y=\"80\" width=\"100\" height=\"300\" as=\"geometry\"></mxGeometry></mxCell><mxCell id=\"cmdynamicview_2ennCKArupa_212eno51TypSn\" modelId=\"actor_BkoCcBRUdU_HkOt7WDOI\" parent=\"1\"></mxCell><mxCell id=\"cmdynamicview_2ennCKArupa_222eno5E7mTqi\" style=\"shape=umlLifeline;participant=umlActor;perimeter=lifelinePerimeter;whiteSpace=wrap;html=1;container=1;collapsible=0;recursiveResize=0;verticalAlign=top;spacingTop=36;labelBackgroundColor=#ffffff;outlineConnect=0;\" vertex=\"1\" modelId=\"timeline_B1ZTRqHAUOL_HkOt7WDOI\" parent=\"1\"><mxGeometry x=\"310\" y=\"280\" width=\"20\" height=\"300\" as=\"geometry\"></mxGeometry></mxCell><mxCell id=\"cmdynamicview_2ennCKArupa_232eno5E8BnFV\" modelId=\"actor_By-C9BCUdL_HkOt7WDOI\" parent=\"1\"></mxCell><mxCell id=\"cmdynamicview_2ennCKArupa_242eno6CUKHnI\" style=\"shape=umlLifeline;rounded=1;perimeter=lifelinePerimeter;whiteSpace=wrap;html=1;container=1;collapsible=0;recursiveResize=0;outlineConnect=0;\" vertex=\"1\" modelId=\"timeline_HyJTR5BAL_L_HkOt7WDOI\" parent=\"1\"><mxGeometry x=\"790\" y=\"80\" width=\"100\" height=\"560\" as=\"geometry\"></mxGeometry></mxCell><mxCell id=\"cmdynamicview_2ennCKArupa_252eno6CVFrLB\" modelId=\"logicalcomponent_SkJGR5rCUdU_HkOt7WDOI\" parent=\"1\"></mxCell><mxCell id=\"cmdynamicview_2ennCKArupa_272eno93WaUqJ\" style=\"edgeStyle=orthogonalEdgeStyle;rounded=0;html=1;noLabel=0;jettySize=auto;orthogonalLoop=1;\" edge=\"1\" modelId=\"componentmessage_S1PpCqBC8u8_HkOt7WDOI\" parent=\"1\" source=\"cmdynamicview_2ennCKArupa_202eno51SZTd5\" target=\"cmdynamicview_2ennCKArupa_242eno6CUKHnI\"><mxGeometry relative=\"1\" as=\"geometry\"></mxGeometry></mxCell><mxCell id=\"cmdynamicview_2ennCKArupa_282enoap2vNzX\" style=\"edgeStyle=orthogonalEdgeStyle;rounded=0;html=1;noLabel=0;jettySize=auto;orthogonalLoop=1;\" edge=\"1\" modelId=\"componentmessage_rJQaCcSRLdI_HkOt7WDOI\" parent=\"1\" source=\"cmdynamicview_2ennCKArupa_182eno4kn2liZ\" target=\"cmdynamicview_2ennCKArupa_242eno6CUKHnI\"><mxGeometry relative=\"1\" as=\"geometry\"><Array as=\"points\"><mxPoint x=\"650\" y=\"170\"></mxPoint><mxPoint x=\"650\" y=\"170\"></mxPoint></Array></mxGeometry></mxCell><mxCell id=\"cmdynamicview_2ennCKArupa_292enocWJOTNf\" style=\"html=1;verticalAlign=bottom;endArrow=open;dashed=1;endSize=8;noLabel=0;\" edge=\"1\" modelId=\"componentmessage_Hy6hAcBC8u8_HkOt7WDOI\" parent=\"1\" source=\"cmdynamicview_2ennCKArupa_242eno6CUKHnI\" target=\"cmdynamicview_2ennCKArupa_222eno5E7mTqi\"><mxGeometry relative=\"1\" as=\"geometry\"><mxPoint x=\"580\" y=\"430\" as=\"sourcePoint\"></mxPoint><mxPoint x=\"500\" y=\"430\" as=\"targetPoint\"></mxPoint><Array as=\"points\"><mxPoint x=\"580\" y=\"500\"></mxPoint></Array></mxGeometry></mxCell></root></mxGraphModel>","coreInfo":[{"modelType":"CMDynamicView","lastModifiedUserId":"gbbguoxa@cn.ibm.com","description":"","lastModified":"2020-04-17T10:23:05Z","_id":"cmdynamicview_rys3A5r08_U_HkOt7WDOI","type":"Component Interaction Diagram","label":"dv"},{"modelType":"ComponentMessage","description":"","_id":"componentmessage_rJQaCcSRLdI_HkOt7WDOI","type":"Call","label":"Call"},{"modelType":"Timeline","_id":"timeline_HyJTR5BAL_L_HkOt7WDOI","children":"logicalcomponent_SkJGR5rCUdU_HkOt7WDOI"},{"modelType":"Timeline","_id":"timeline_ryBp05rRUuU_HkOt7WDOI","children":"actor_By-C9BCUdL_HkOt7WDOI"},{"modelType":"ComponentMessage","description":"","_id":"componentmessage_Hy6hAcBC8u8_HkOt7WDOI","type":"Return","label":"Return"},{"modelType":"Timeline","_id":"timeline_B1ZTRqHAUOL_HkOt7WDOI","children":"actor_By-C9BCUdL_HkOt7WDOI"},{"modelType":"ComponentMessage","description":"","_id":"componentmessage_S1PpCqBC8u8_HkOt7WDOI","type":"Call","label":"Call"},{"modelType":"Timeline","_id":"timeline_H1t6CcBC8uL_HkOt7WDOI","children":"actor_BkoCcBRUdU_HkOt7WDOI"}]},"aoditsystem_SJcLCqHRU_8_HkOt7WDOI":{"uiInfo":"<mxGraphModel dx=\"1062\" dy=\"374\" grid=\"1\" gridSize=\"10\" guides=\"1\" tooltips=\"1\" connect=\"1\" arrows=\"1\" fold=\"1\" page=\"1\" pageScale=\"1\" pageWidth=\"1169\" pageHeight=\"827\" background=\"#ffffff\"><root><mxCell id=\"0\" modelId=\"aoditsystem_SJcLCqHRU_8_HkOt7WDOI\"></mxCell><mxCell id=\"1\" parent=\"0\"></mxCell><mxCell id=\"aoditsystem_2enm73Vt9xH_112enm8tj0C6z\" style=\"whiteSpace=wrap;html=1;align=center;verticalAlign=top;strokeWidth=4;strokeColor=#CCCCCC;fillColor=none;\" vertex=\"1\" modelId=\"location_rkiLR9rA8uI_HkOt7WDOI\" parent=\"1\"><mxGeometry x=\"80\" y=\"30\" width=\"520\" height=\"260\" as=\"geometry\"></mxGeometry></mxCell><mxCell id=\"aoditsystem_2enm73Vt9xH_122enma8NM8xN\" style=\"shape=image;html=1;verticalLabelPosition=bottom;labelBackgroundColor=#ffffff;verticalAlign=top;imageAspect=0;image=/cogarch/assets/mxgraph/stencils/clipart/application component/mobile app.svg\" vertex=\"1\" modelId=\"logicalnode_HyEmC9BA8uL_HkOt7WDOI\" parent=\"1\"><mxGeometry x=\"110\" y=\"80\" width=\"60\" height=\"60\" as=\"geometry\"></mxGeometry></mxCell><mxCell id=\"aoditsystem_2enm73Vt9xH_132enmaA9FiBQ\" style=\"shape=image;html=1;verticalLabelPosition=bottom;labelBackgroundColor=#ffffff;verticalAlign=top;imageAspect=0;image=/cogarch/assets/mxgraph/stencils/clipart/application component/enterprise applications.svg\" vertex=\"1\" modelId=\"logicalnode_HyxQA5SR8OL_HkOt7WDOI\" parent=\"1\"><mxGeometry x=\"230\" y=\"100\" width=\"60\" height=\"60\" as=\"geometry\"></mxGeometry></mxCell><mxCell id=\"aoditsystem_2enm73Vt9xH_142enmb8pEeMu\" style=\"shape=image;html=1;verticalLabelPosition=bottom;labelBackgroundColor=#ffffff;verticalAlign=top;imageAspect=0;image=/cogarch/assets/mxgraph/stencils/clipart/application component/actionable insight.svg\" vertex=\"1\" modelId=\"logicalnode_rJOXCcr0IO8_HkOt7WDOI\" parent=\"1\"><mxGeometry x=\"330\" y=\"110\" width=\"60\" height=\"60\" as=\"geometry\"></mxGeometry></mxCell><mxCell id=\"aoditsystem_2enm73Vt9xH_152enmbPKQRH4\" style=\"shape=image;html=1;verticalLabelPosition=bottom;labelBackgroundColor=#ffffff;verticalAlign=top;imageAspect=0;image=/cogarch/assets/mxgraph/stencils/clipart/application component/visualization.svg\" vertex=\"1\" modelId=\"logicalnode_By8705BAUuU_HkOt7WDOI\" parent=\"1\"><mxGeometry x=\"450\" y=\"110\" width=\"60\" height=\"60\" as=\"geometry\"></mxGeometry></mxCell><mxCell id=\"aoditsystem_2enm73Vt9xH_162enmcudpOob\" style=\"shape=image;html=1;verticalLabelPosition=bottom;labelBackgroundColor=#ffffff;verticalAlign=top;imageAspect=0;image=/cogarch/assets/mxgraph/stencils/clipart/application component/microservices application.svg\" vertex=\"1\" modelId=\"logicalnode_ryhGA9BAIuU_HkOt7WDOI\" parent=\"1\"><mxGeometry x=\"110\" y=\"220\" width=\"60\" height=\"60\" as=\"geometry\"></mxGeometry></mxCell><mxCell id=\"aoditsystem_2enm73Vt9xH_172enmdF3KRMO\" style=\"shape=image;html=1;verticalLabelPosition=bottom;labelBackgroundColor=#ffffff;verticalAlign=top;imageAspect=0;image=/cogarch/assets/mxgraph/stencils/clipart/infrastructure services/edge services.svg\" vertex=\"1\" modelId=\"logicalnode_HkAf05rCIOU_HkOt7WDOI\" parent=\"1\"><mxGeometry x=\"220\" y=\"220\" width=\"60\" height=\"60\" as=\"geometry\"></mxGeometry></mxCell><mxCell id=\"aoditsystem_2enm73Vt9xH_182enmeyzx3QN\" style=\"shape=image;html=1;verticalLabelPosition=bottom;labelBackgroundColor=#ffffff;verticalAlign=top;imageAspect=0;image=/cogarch/assets/mxgraph/stencils/clipart/infrastructure services/cloud foundry.svg\" vertex=\"1\" modelId=\"logicalnode_Sy_zAqSAL_L_HkOt7WDOI\" parent=\"1\"><mxGeometry x=\"330\" y=\"230\" width=\"60\" height=\"60\" as=\"geometry\"></mxGeometry></mxCell><mxCell id=\"aoditsystem_2enm73Vt9xH_192enmf7BThJF\" style=\"shape=image;html=1;verticalLabelPosition=bottom;labelBackgroundColor=#ffffff;verticalAlign=top;imageAspect=0;image=/cogarch/assets/mxgraph/stencils/clipart/infrastructure services/openwhisk.svg\" vertex=\"1\" modelId=\"logicalnode_HkcGCcr0I_L_HkOt7WDOI\" parent=\"1\"><mxGeometry x=\"450\" y=\"230\" width=\"60\" height=\"60\" as=\"geometry\"></mxGeometry></mxCell></root></mxGraphModel>","coreInfo":[{"modelType":"AODITSystem","lastModifiedUserId":"gbbguoxa@cn.ibm.com","description":"","lastModified":"2020-04-17T10:23:02Z","_id":"aoditsystem_SJcLCqHRU_8_HkOt7WDOI","label":"itsv"},{"modelType":"Location","description":"","_id":"location_rkiLR9rA8uI_HkOt7WDOI","label":"Location","children":"logicalnode_HyEmC9BA8uL_HkOt7WDOI,logicalnode_By8705BAUuU_HkOt7WDOI,logicalnode_rJOXCcr0IO8_HkOt7WDOI,logicalnode_ryhGA9BAIuU_HkOt7WDOI,logicalnode_HyxQA5SR8OL_HkOt7WDOI,logicalnode_Sy_zAqSAL_L_HkOt7WDOI,logicalnode_HkAf05rCIOU_HkOt7WDOI,logicalnode_HkcGCcr0I_L_HkOt7WDOI"}]},"aodenterprise_rk1D05BRIOU_HkOt7WDOI":{"uiInfo":"<mxGraphModel dx=\"1062\" dy=\"374\" grid=\"1\" gridSize=\"10\" guides=\"1\" tooltips=\"1\" connect=\"1\" arrows=\"1\" fold=\"1\" page=\"1\" pageScale=\"1\" pageWidth=\"1169\" pageHeight=\"827\" background=\"#ffffff\"><root><mxCell id=\"0\" modelId=\"aodenterprise_rk1D05BRIOU_HkOt7WDOI\"></mxCell><mxCell id=\"1\" parent=\"0\"></mxCell><mxCell id=\"aodenterprise_2enkLLV9CEm_82enlYiUtC0i\" style=\"shape=umlActor;html=1;verticalLabelPosition=bottom;verticalAlign=top;\" vertex=\"1\" modelId=\"actor_By-C9BCUdL_HkOt7WDOI\" parent=\"1\"><mxGeometry x=\"100\" y=\"100\" width=\"35\" height=\"70\" as=\"geometry\"></mxGeometry></mxCell><mxCell id=\"aodenterprise_2enkLLV9CEm_92enlYEOiV7O\" style=\"shape=umlActor;html=1;verticalLabelPosition=bottom;verticalAlign=top;\" vertex=\"1\" modelId=\"actor_rJ1e0cB0LuI_HkOt7WDOI\" parent=\"1\"><mxGeometry x=\"210\" y=\"270\" width=\"35\" height=\"70\" as=\"geometry\"></mxGeometry></mxCell><mxCell id=\"aodenterprise_2enkLLV9CEm_102enlZ6XOY0K\" style=\"rounded=1;whiteSpace=wrap;html=1;\" vertex=\"1\" modelId=\"logicalcomponent_SkJGR5rCUdU_HkOt7WDOI\" parent=\"1\"><mxGeometry x=\"540\" y=\"20\" width=\"120\" height=\"60\" as=\"geometry\"></mxGeometry></mxCell><mxCell id=\"aodenterprise_2enkLLV9CEm_112enlZrgk3yR\" style=\"shape=mxgraph.aodenterprise.resource;whiteSpace=wrap;html=1;strokeWidth=1;\" vertex=\"1\" modelId=\"logicalcomponent_H1EfAcBRU_8_HkOt7WDOI\" parent=\"1\"><mxGeometry x=\"491\" y=\"180\" width=\"98\" height=\"60\" as=\"geometry\"></mxGeometry></mxCell><mxCell id=\"aodenterprise_2enkLLV9CEm_122enlZWqFRGG\" style=\"shape=image;html=1;verticalLabelPosition=bottom;labelBackgroundColor=#ffffff;verticalAlign=top;imageAspect=0;image=/cogarch/assets/mxgraph/stencils/clipart/aodenterprise/channel.svg\" vertex=\"1\" modelId=\"logicalcomponent_rJIfCqHA8_I_HkOt7WDOI\" parent=\"1\"><mxGeometry x=\"820\" y=\"245\" width=\"72\" height=\"50\" as=\"geometry\"></mxGeometry></mxCell><mxCell id=\"aodenterprise_2enkLLV9CEm_132enm136hgaz\" style=\"edgeStyle=orthogonalEdgeStyle;rounded=0;html=1;entryX=0;entryY=0.5;jettySize=auto;orthogonalLoop=1;\" edge=\"1\" modelId=\"logicalconnector_HyZPA5BCIOU_HkOt7WDOI\" parent=\"1\" source=\"aodenterprise_2enkLLV9CEm_112enlZrgk3yR\" target=\"aodenterprise_2enkLLV9CEm_122enlZWqFRGG\"><mxGeometry relative=\"1\" as=\"geometry\"></mxGeometry></mxCell></root></mxGraphModel>","coreInfo":[{"modelType":"AODEnterprise","lastModifiedUserId":"gbbguoxa@cn.ibm.com","description":"","lastModified":"2020-04-17T10:23:02Z","_id":"aodenterprise_rk1D05BRIOU_HkOt7WDOI","label":"ev"}]},"aodservices_r1gIR9BCLO8_HkOt7WDOI":{"uiInfo":"<mxGraphModel dx=\"1062\" dy=\"613\" grid=\"1\" gridSize=\"10\" guides=\"1\" tooltips=\"1\" connect=\"1\" arrows=\"1\" fold=\"1\" page=\"1\" pageScale=\"1\" pageWidth=\"1169\" pageHeight=\"827\" background=\"#ffffff\"><root><mxCell id=\"0\" modelId=\"aodservices_r1gIR9BCLO8_HkOt7WDOI\"></mxCell><mxCell id=\"1\" parent=\"0\"></mxCell><mxCell id=\"aodservices_r1gIR9BCLO8_22enZSQvaA5O\" style=\"swimlane;whiteSpace=wrap;html=1;align=left;swimlaneLine=0;verticalAlign=top;collapsible=0;\" vertex=\"1\" modelId=\"subsystem_r1QIRqrAIdU_HkOt7WDOI\" parent=\"1\"><mxGeometry x=\"170\" y=\"90\" width=\"200\" height=\"150\" as=\"geometry\"></mxGeometry></mxCell><mxCell id=\"aodservices_r1gIR9BCLO8_32enZSQvtJhG\" style=\"rounded=1;whiteSpace=wrap;html=1;\" vertex=\"1\" modelId=\"logicalcomponent_rJFW05BCId8_HkOt7WDOI\" parent=\"aodservices_r1gIR9BCLO8_22enZSQvaA5O\"><mxGeometry x=\"51\" y=\"45\" width=\"120\" height=\"60\" as=\"geometry\"></mxGeometry></mxCell><mxCell id=\"aodservices_r1gIR9BCLO8_42enZSQvZklf\" style=\"rounded=1;whiteSpace=wrap;html=1;\" vertex=\"1\" modelId=\"logicalcomponent_rJFW05BCId8_HkOt7WDOI\" parent=\"1\"><mxGeometry x=\"720\" y=\"30\" width=\"120\" height=\"60\" as=\"geometry\"></mxGeometry></mxCell><mxCell id=\"aodservices_r1gIR9BCLO8_52enZSQvi8Qj\" style=\"shape=umlActor;html=1;verticalLabelPosition=bottom;verticalAlign=top;\" vertex=\"1\" modelId=\"actor_By-C9BCUdL_HkOt7WDOI\" parent=\"1\"><mxGeometry x=\"520\" y=\"110\" width=\"35\" height=\"70\" as=\"geometry\"></mxGeometry></mxCell><mxCell id=\"aodservices_r1gIR9BCLO8_62enZSQwK4Ru\" style=\"edgeStyle=orthogonalEdgeStyle;rounded=0;html=1;entryX=0;entryY=0.3333333333333333;entryPerimeter=0;jettySize=auto;orthogonalLoop=1;\" edge=\"1\" modelId=\"logicalconnector_H1ZUA9BA8_I_HkOt7WDOI\" parent=\"1\" source=\"aodservices_r1gIR9BCLO8_32enZSQvtJhG\" target=\"aodservices_r1gIR9BCLO8_52enZSQvi8Qj\"><mxGeometry relative=\"1\" as=\"geometry\"></mxGeometry></mxCell><mxCell id=\"aodservices_r1gIR9BCLO8_72enZSQwn1Wp\" style=\"rounded=1;whiteSpace=wrap;html=1;\" vertex=\"1\" modelId=\"logicalcomponent_Sk2ZRqSRI_U_HkOt7WDOI\" parent=\"1\"><mxGeometry x=\"620\" y=\"190\" width=\"120\" height=\"60\" as=\"geometry\"></mxGeometry></mxCell><mxCell id=\"aodservices_r1gIR9BCLO8_912enZTjAT4Tw\" value=\"哈哈哈哈哈哈\" style=\"text;html=1;resizable=0;points=[];autosize=1;align=left;verticalAlign=top;spacingTop=-4;\" parent=\"1\" vertex=\"1\"><mxGeometry x=\"422\" y=\"319\" width=\"40\" height=\"20\" as=\"geometry\"></mxGeometry></mxCell><mxCell id=\"aodservices_r1gIR9BCLO8_922enZUblewtK\" value=\"太开心了\" style=\"text;html=1;resizable=0;points=[];autosize=1;align=left;verticalAlign=top;spacingTop=-4;\" parent=\"1\" vertex=\"1\"><mxGeometry x=\"303\" y=\"323\" width=\"40\" height=\"20\" as=\"geometry\"></mxGeometry></mxCell></root></mxGraphModel>","coreInfo":[{"modelType":"AODServices","lastModifiedUserId":"gbbguoxa@cn.ibm.com","description":"","lastModified":"2020-04-17T10:23:01Z","_id":"aodservices_r1gIR9BCLO8_HkOt7WDOI","label":"sv"},{"modelType":"SubSystem","description":"","_id":"subsystem_r1QIRqrAIdU_HkOt7WDOI","label":"SubSystem","children":"logicalcomponent_rJFW05BCId8_HkOt7WDOI"}]},"systemcontext_SkooCqrCLOI_HkOt7WDOI":{"uiInfo":"<mxGraphModel dx=\"762\" dy=\"661\" grid=\"1\" gridSize=\"10\" guides=\"1\" tooltips=\"1\" connect=\"1\" arrows=\"1\" fold=\"1\" page=\"1\" pageScale=\"1\" pageWidth=\"1169\" pageHeight=\"827\" background=\"#ffffff\"><root><mxCell id=\"0\" modelId=\"systemcontext_SkooCqrCLOI_HkOt7WDOI\"></mxCell><mxCell id=\"1\" parent=\"0\"></mxCell><mxCell id=\"systemcontext_2enghWCeCT0_22eniiuyRq3j\" style=\"ellipse;whiteSpace=wrap;html=1;\" vertex=\"1\" modelId=\"targetsystem_BJ6s0qH0LOU_HkOt7WDOI\" parent=\"1\"><mxGeometry x=\"270\" y=\"190\" width=\"140\" height=\"70\" as=\"geometry\"></mxGeometry></mxCell><mxCell id=\"systemcontext_2enghWCeCT0_32eniiuyOryZ\" style=\"shape=umlActor;html=1;verticalLabelPosition=bottom;verticalAlign=top;\" vertex=\"1\" modelId=\"actor_By-C9BCUdL_HkOt7WDOI\" parent=\"1\"><mxGeometry x=\"150\" y=\"350\" width=\"35\" height=\"70\" as=\"geometry\"></mxGeometry></mxCell><mxCell id=\"systemcontext_2enghWCeCT0_42eniiuyUgST\" style=\"shape=process;html=1;whiteSpace=wrap;\" vertex=\"1\" modelId=\"actor_BkoCcBRUdU_HkOt7WDOI\" parent=\"1\"><mxGeometry x=\"460\" y=\"355\" width=\"120\" height=\"60\" as=\"geometry\"></mxGeometry></mxCell><mxCell id=\"systemcontext_2enghWCeCT0_52eniiuygRS2\" style=\"edgeStyle=orthogonalEdgeStyle;rounded=0;html=1;jettySize=auto;orthogonalLoop=1;\" edge=\"1\" modelId=\"connector_rJ2i0qrCUdL_HkOt7WDOI\" parent=\"1\" source=\"systemcontext_2enghWCeCT0_22eniiuyRq3j\" target=\"systemcontext_2enghWCeCT0_42eniiuyUgST\"><mxGeometry relative=\"1\" as=\"geometry\"></mxGeometry></mxCell><mxCell id=\"systemcontext_2enghWCeCT0_62eniiuyukAB\" style=\"shape=umlActor;html=1;verticalLabelPosition=bottom;verticalAlign=top;\" vertex=\"1\" modelId=\"actor_rJ1e0cB0LuI_HkOt7WDOI\" parent=\"1\"><mxGeometry x=\"310\" y=\"414\" width=\"35\" height=\"70\" as=\"geometry\"></mxGeometry></mxCell><mxCell id=\"systemcontext_2enghWCeCT0_72eniiuyYI5Z\" value=\"这是一张图\" style=\"text;html=1;resizable=0;points=[];autosize=1;align=left;verticalAlign=top;spacingTop=-4;\" parent=\"1\" vertex=\"1\"><mxGeometry x=\"142\" y=\"167\" width=\"40\" height=\"20\" as=\"geometry\"></mxGeometry></mxCell></root></mxGraphModel>","coreInfo":[{"modelType":"SystemContext","lastModifiedUserId":"gbbguoxa@cn.ibm.com","description":"","lastModified":"2020-04-17T10:22:57Z","_id":"systemcontext_SkooCqrCLOI_HkOt7WDOI","label":"System Context"},{"modelType":"Connector","description":"","_id":"connector_rJ2i0qrCUdL_HkOt7WDOI","type":"function","label":""},{"modelType":"TargetSystem","description":"","_id":"targetsystem_BJ6s0qH0LOU_HkOt7WDOI","label":"Target System"}]},"cmstaticview_HyL305SR8uI_HkOt7WDOI":{"uiInfo":"<mxGraphModel dx=\"1062\" dy=\"374\" grid=\"1\" gridSize=\"10\" guides=\"1\" tooltips=\"1\" connect=\"1\" arrows=\"1\" fold=\"1\" page=\"1\" pageScale=\"1\" pageWidth=\"1169\" pageHeight=\"827\" background=\"#ffffff\"><root><mxCell id=\"0\" modelId=\"cmstaticview_HyL305SR8uI_HkOt7WDOI\"></mxCell><mxCell id=\"1\" parent=\"0\"></mxCell><mxCell id=\"cmstaticview_2enmzW5uwzO_122ennhxhpwfv\" style=\"shape=umlActor;html=1;verticalLabelPosition=bottom;verticalAlign=top;\" vertex=\"1\" modelId=\"actor_By-C9BCUdL_HkOt7WDOI\" parent=\"1\"><mxGeometry x=\"220\" y=\"110\" width=\"35\" height=\"70\" as=\"geometry\"></mxGeometry></mxCell><mxCell id=\"cmstaticview_2enmzW5uwzO_132enni8toAxv\" style=\"html=1;\" vertex=\"1\" modelId=\"logicalcomponent_SkJGR5rCUdU_HkOt7WDOI\" parent=\"1\"><mxGeometry x=\"520\" y=\"135\" width=\"180\" height=\"90\" as=\"geometry\"></mxGeometry></mxCell><mxCell id=\"cmstaticview_2enmzW5uwzO_142enni8tcn14\" value=\"\" style=\"shape=component;jettyWidth=8;jettyHeight=4;connectable=0;constituent=1;\" parent=\"cmstaticview_2enmzW5uwzO_132enni8toAxv\" vertex=\"1\"><mxGeometry x=\"1\" width=\"20\" height=\"20\" relative=\"1\" as=\"geometry\"><mxPoint x=\"-27\" y=\"7\" as=\"offset\"></mxPoint></mxGeometry></mxCell><mxCell id=\"cmstaticview_2enmzW5uwzO_152enniDfG6yM\" style=\"html=1;\" vertex=\"1\" modelId=\"logicalcomponent_Sk2ZRqSRI_U_HkOt7WDOI\" parent=\"1\"><mxGeometry x=\"450\" y=\"280\" width=\"180\" height=\"90\" as=\"geometry\"></mxGeometry></mxCell><mxCell id=\"cmstaticview_2enmzW5uwzO_162enniDfoSGf\" value=\"\" style=\"shape=component;jettyWidth=8;jettyHeight=4;connectable=0;constituent=1;\" parent=\"cmstaticview_2enmzW5uwzO_152enniDfG6yM\" vertex=\"1\"><mxGeometry x=\"1\" width=\"20\" height=\"20\" relative=\"1\" as=\"geometry\"><mxPoint x=\"-27\" y=\"7\" as=\"offset\"></mxPoint></mxGeometry></mxCell><mxCell id=\"cmstaticview_2enmzW5uwzO_172ennjpnOeKi\" style=\"edgeStyle=orthogonalEdgeStyle;rounded=0;html=1;dashed=1;entryX=0;entryY=0.5;jettySize=auto;orthogonalLoop=1;\" edge=\"1\" modelId=\"logicalconnector_SkO3C9rCUO8_HkOt7WDOI\" parent=\"1\" source=\"cmstaticview_2enmzW5uwzO_122ennhxhpwfv\" target=\"cmstaticview_2enmzW5uwzO_132enni8toAxv\"><mxGeometry relative=\"1\" as=\"geometry\"></mxGeometry></mxCell></root></mxGraphModel>","coreInfo":[{"modelType":"CMStaticView","lastModifiedUserId":"gbbguoxa@cn.ibm.com","description":"","lastModified":"2020-04-17T10:23:05Z","_id":"cmstaticview_HyL305SR8uI_HkOt7WDOI","type":"Component Relationship Diagram","label":"stv"}]}}},"textual":{"instances":{"executivesummary_S1V205rA8OU_HkOt7WDOI":{"coreInfo":[{"modelType":"ExecutiveSummary","lastModifiedUserId":"gbbguoxa@cn.ibm.com","description":"this is overview<div><img style=\"height:100px;\" src=\"/api/FileManagerAPIs/containers/cafiles/files/file_a1da30f5455c6769.png\"><br></div><div><br></div><img style=\"height:100px;\" src=\"/api/FileManagerAPIs/containers/cafiles/files/file_bbc916c7f119fd14.png\">","lastModified":"2020-04-17T10:22:57Z","_id":"executivesummary_S1V205rA8OU_HkOt7WDOI","label":""}]},"functionalrequirement_ByO9RcSC8uL_HkOt7WDOI":{"coreInfo":[{"modelType":"FunctionalRequirement","lastModifiedUserId":"gbbguoxa@cn.ibm.com","weight":"Low","lastModified":"2020-04-17T10:23:03Z","_id":"functionalrequirement_ByO9RcSC8uL_HkOt7WDOI","id":"fr1","label":"fr1"}]},"functionalrequirement_HJwqRqH0UdI_HkOt7WDOI":{"coreInfo":[{"modelType":"FunctionalRequirement","owner":"fr owner","reviewDate":"2019-10-22","impact":"fr impact","lastModifiedUserId":"gbbguoxa@cn.ibm.com","weight":"Low","description":"fr desc","lastModified":"2020-04-17T10:23:03Z","id":"fr","_id":"functionalrequirement_HJwqRqH0UdI_HkOt7WDOI","label":"fr"}]},"functionalrequirement_S1Yq0crR8_I_HkOt7WDOI":{"coreInfo":[{"modelType":"FunctionalRequirement","owner":"FR 1 gbb update","reviewDate":"Mon Nov 11 2019 00:00:00 GMT+0000 (UTC)","impact":"FR 1 impact","lastModifiedUserId":"gbbguoxa@cn.ibm.com","weight":"Medium","description":"FR 1 desc","lastModified":"2020-04-17T10:23:03Z","id":"FR 1 id update","_id":"functionalrequirement_S1Yq0crR8_I_HkOt7WDOI","label":"FR 1 name update"}]},"architecturaldecision_rJ9r0crCIO8_HkOt7WDOI":{"coreInfo":[{"modelType":"ArchitecturalDecision","lastUpdated":"2020-04-17","problemStatement":"","decision":"","motivation":"","lastModifiedUserId":"gbbguoxa@cn.ibm.com","justification":"","lastModified":"2020-04-17T10:22:57Z","_id":"architecturaldecision_rJ9r0crCIO8_HkOt7WDOI","assumptions":"","status":"proposed","label":"ad","ad_id":"ad","children":"du_ryn7C5rCIuL_HkOt7WDOI,logicalnode_SJ1ERcrRLO8_HkOt7WDOI,logicalcomponent_SkJGR5rCUdU_HkOt7WDOI"}]},"architecturaldecision_HyiSR5rCUuI_HkOt7WDOI":{"coreInfo":[{"modelType":"ArchitecturalDecision","implications":"AD 1 implication","problemStatement":"AD 1 issue","decision":"adalternative_ryTSC9BAUu8_HkOt7WDOI","motivation":"AD 1 motivation","derivedRequirements":"AD 1 requirement","relatedDecisions":"AD 1 related decision","assumptions":"AD 1 assump","lastUpdated":"Wed Nov 13 2019 00:00:00 GMT+0000 (UTC)","lastModifiedUserId":"gbbguoxa@cn.ibm.com","topic":"AD 1 topic","subjectArea":"AD 1 area","justification":"AD 1 justification","lastModified":"2020-04-17T10:22:57Z","_id":"architecturaldecision_HyiSR5rCUuI_HkOt7WDOI","status":"accepted","label":"AD 1 name update","ad_id":"AD 1 id update","children":"adalternative_HynSCcSALd8_HkOt7WDOI,adalternative_ryTSC9BAUu8_HkOt7WDOI"},{"modelType":"ADAlternative","description":"AD 2 decision desc","_id":"adalternative_HynSCcSALd8_HkOt7WDOI","label":"AD 2 decision"},{"modelType":"ADAlternative","contraindications":"AD 1 decision contraindication","bestApplied":"AD 1 decision best applied","description":"AD 1 decision desc","_id":"adalternative_ryTSC9BAUu8_HkOt7WDOI","label":"AD 1 decision"}]},"usecasetext_SJ2YQbvuL":{"coreInfo":[{"modelType":"UseCaseText","lastModifiedUserId":"gbbguoxa@cn.ibm.com","description":"","lastModified":"2020-04-17T10:22:59Z","_id":"usecasetext_SJ2YQbvuL","label":"这是一个uc_rJx3YmZPdU","children":"usecase_SkPlC5SAIOU_HkOt7WDOI"}]},"usecasetext_BJfnF7WPOI":{"coreInfo":[{"modelType":"UseCaseText","lastModifiedUserId":"gbbguoxa@cn.ibm.com","description":"","lastModified":"2020-04-17T10:22:59Z","_id":"usecasetext_BJfnF7WPOI","label":"use case_SyXnY7Wv_I","children":"usecase_SkrlC9BC8u8_HkOt7WDOI,association_HynqCcHR8_L_HkOt7WDOI,actor_rJ1e0cB0LuI_HkOt7WDOI"}]},"usecasetext_rkOhtXbvO8":{"coreInfo":[{"modelType":"UseCaseText","lastModifiedUserId":"gbbguoxa@cn.ibm.com","description":"","lastModified":"2020-04-17T10:23:00Z","_id":"usecasetext_rkOhtXbvO8","label":"copy of use case_ryKhYQbvuL","children":"usecase_BJXeRcSRL_L_HkOt7WDOI,actor_BkoCcBRUdU_HkOt7WDOI,association_HJ1i0cBCIOL_HkOt7WDOI"}]},"usecasetext_S1rnYmbwuU":{"coreInfo":[{"modelType":"UseCaseText","lastModifiedUserId":"gbbguoxa@cn.ibm.com","description":"UC 1 desc","lastModified":"2020-04-17T10:23:00Z","_id":"usecasetext_S1rnYmbwuU","label":"ud 1 name update_rJUhYmZwOU","children":"usecase_HJ6VR9B08uU_HkOt7WDOI"}]},"businesschallenge_Syzn0cB0Ld8_HkOt7WDOI":{"coreInfo":[{"modelType":"BusinessChallenge","lastModifiedUserId":"gbbguoxa@cn.ibm.com","description":"this is a bc<div><br></div><img style=\"height:100px;\" src=\"/api/FileManagerAPIs/containers/cafiles/files/file_12de28dbdf934bda.png\">","lastModified":"2020-04-17T10:22:57Z","_id":"businesschallenge_Syzn0cB0Ld8_HkOt7WDOI","label":""}]},"nonfunctionalrequirement_Hkrc05H0I_U_HkOt7WDOI":{"coreInfo":[{"modelType":"NonFunctionalRequirement","owner":"NFR 1 gbb","growthRate":"NFR 1 rate","description":"NFR 1 desc","source":"NFR 1 source","priority":"Critical","reference":"NFR 1 reference","acceptanceCriteria":"NFR 1 criteria","reviewDate":"Tue Nov 12 2019 00:00:00 GMT+0000 (UTC)","lastModifiedUserId":"gbbguoxa@cn.ibm.com","testMethod":"NFR 1 method","context":"NFR 1 context","theme":"Volumetrics","lastModified":"2020-04-17T10:22:57Z","_id":"nonfunctionalrequirement_Hkrc05H0I_U_HkOt7WDOI","value":"NFR 1 value","label":"NFR 1 name update","nfr_id":"NFR 1 id update"}]},"nonfunctionalrequirement_BkN9AqB0UuU_HkOt7WDOI":{"coreInfo":[{"modelType":"NonFunctionalRequirement","lastModifiedUserId":"gbbguoxa@cn.ibm.com","theme":"Performance","lastModified":"2020-04-17T10:22:57Z","_id":"nonfunctionalrequirement_BkN9AqB0UuU_HkOt7WDOI","priority":"Critical","label":"nfr","nfr_id":"nfr","children":"logicalnode_SJ1ERcrRLO8_HkOt7WDOI,logicalcomponent_SkJGR5rCUdU_HkOt7WDOI,du_ryn7C5rCIuL_HkOt7WDOI"}]},"risk_HkvC05S08uI_HkOt7WDOI":{"coreInfo":[{"modelType":"Risk","lastModifiedUserId":"gbbguoxa@cn.ibm.com","lastModified":"2020-04-17T10:22:57Z","_id":"risk_HkvC05S08uI_HkOt7WDOI","label":"r"}]},"risk_HJKACqH0IO8_HkOt7WDOI":{"coreInfo":[{"modelType":"Risk","reviewDate":"Thu Nov 14 2019 00:00:00 GMT+0000 (UTC)","personResponsible":"R 1 gbb update","probability":"High","impact":"Medium","lastModifiedUserId":"gbbguoxa@cn.ibm.com","isKey":true,"description":"R 1 desc","recommendation":"R 1 conting","effort":"R 1 effort","lastModified":"2020-04-17T10:22:57Z","_id":"risk_HJKACqH0IO8_HkOt7WDOI","label":"R 1 name update"}]},"risk_HJd0R9rALOL_HkOt7WDOI":{"coreInfo":[{"modelType":"Risk","personResponsible":"R 2 gbb update","reviewDate":"Thu Nov 14 2019 00:00:00 GMT+0000 (UTC)","probability":"Low","impact":"Low","isKey":false,"lastModifiedUserId":"gbbguoxa@cn.ibm.com","description":"R 2 desc","recommendation":"R 2 conting","effort":"R 2 effort","lastModified":"2020-04-17T10:22:57Z","_id":"risk_HJd0R9rALOL_HkOt7WDOI","label":"R 2 name update"}]},"dependency_SJSyeA5H08uI_HkOt7WDOI":{"coreInfo":[{"modelType":"Dependency","owner":"D 1 gbb","closedDate":"Fri Nov 22 2019 00:00:00 GMT+0000 (UTC)","lastModifiedUserId":"gbbguoxa@cn.ibm.com","isKey":false,"description":"D 1 desc","requiredByDate":"Thu Nov 21 2019 00:00:00 GMT+0000 (UTC)","effectOnPlan":"D 1 effort","lastModified":"2020-04-17T10:22:57Z","_id":"dependency_SJSyeA5H08uI_HkOt7WDOI","associatedRiskId":"D 1 risk","label":"D 1 name update"}]},"dependency_r1QkeRcH08dL_HkOt7WDOI":{"coreInfo":[{"modelType":"Dependency","lastModifiedUserId":"gbbguoxa@cn.ibm.com","lastModified":"2020-04-17T10:22:57Z","_id":"dependency_r1QkeRcH08dL_HkOt7WDOI","label":"d"}]},"dependency_SyVJxR9rRLd8_HkOt7WDOI":{"coreInfo":[{"modelType":"Dependency","owner":"D 2 gbb","closedDate":"Sun Nov 24 2019 00:00:00 GMT+0000 (UTC)","lastModifiedUserId":"gbbguoxa@cn.ibm.com","isKey":false,"description":"D 2 desc","requiredByDate":"Sat Nov 23 2019 00:00:00 GMT+0000 (UTC)","effectOnPlan":"D 2 effort","lastModified":"2020-04-17T10:22:57Z","_id":"dependency_SyVJxR9rRLd8_HkOt7WDOI","associatedRiskId":"D 2 risk","label":"D 2 name update"}]},"architectureprinciple_r1PyeCqr08_U_HkOt7WDOI":{"coreInfo":[{"modelType":"ArchitecturePrinciple","lastModifiedUserId":"gbbguoxa@cn.ibm.com","lastModified":"2020-04-17T10:22:57Z","_id":"architectureprinciple_r1PyeCqr08_U_HkOt7WDOI","label":"ap"}]},"architectureprinciple_SJOyeR5HRLOU_HkOt7WDOI":{"coreInfo":[{"modelType":"ArchitecturePrinciple","implications":"AP 1 implication update","lastModifiedUserId":"gbbguoxa@cn.ibm.com","description":"AP 1 desc update","metrics":"AP 1 metrics update","lastModified":"2020-04-17T10:22:57Z","_id":"architectureprinciple_SJOyeR5HRLOU_HkOt7WDOI","priority":"9","rationale":"AP 1 retionale update","label":"AP 1 name update"}]},"issue_B1nCCqr08OI_HkOt7WDOI":{"coreInfo":[{"modelType":"Issue","issueResponsibility":"I 2 responsible","reviewDate":"Wed Nov 20 2019 00:00:00 GMT+0000 (UTC)","lastModifiedUserId":"gbbguoxa@cn.ibm.com","isKey":true,"action":"Closed","description":"I 2 desc","lastModified":"2020-04-17T10:22:57Z","_id":"issue_B1nCCqr08OI_HkOt7WDOI","raisedBy":"I 2 gbb","priority":"Low","label":"I 2 name update"}]},"issue_BJsC0qBAUdU_HkOt7WDOI":{"coreInfo":[{"modelType":"Issue","lastModifiedUserId":"gbbguoxa@cn.ibm.com","lastModified":"2020-04-17T10:22:57Z","_id":"issue_BJsC0qBAUdU_HkOt7WDOI","label":"i"}]},"issue_SyaAAcr08OI_HkOt7WDOI":{"coreInfo":[{"modelType":"Issue","issueResponsibility":"I 1 responsible","reviewDate":"Tue Nov 19 2019 00:00:00 GMT+0000 (UTC)","lastModifiedUserId":"gbbguoxa@cn.ibm.com","isKey":true,"action":"Risk Change Reference","description":"I 1 desc","lastModified":"2020-04-17T10:22:57Z","_id":"issue_SyaAAcr08OI_HkOt7WDOI","priority":"Medium","raisedBy":"I 1 gbb update","label":"I 1 name update"}]},"assumption_rJeJgC5HCLuI_HkOt7WDOI":{"coreInfo":[{"modelType":"Assumption","confidenceLevel":"Medium","reviewDate":"Sun Nov 17 2019 00:00:00 GMT+0000 (UTC)","closedDate":"Mon Nov 18 2019 00:00:00 GMT+0000 (UTC)","impact":"Low","lastModifiedUserId":"gbbguoxa@cn.ibm.com","isKey":false,"description":"A 2 desc","lastModified":"2020-04-17T10:22:57Z","_id":"assumption_rJeJgC5HCLuI_HkOt7WDOI","identifiedBy":"A 2 gbb update","label":"A 2 name"}]},"assumption_Hy-JgR5HALOI_HkOt7WDOI":{"coreInfo":[{"modelType":"Assumption","confidenceLevel":"High","reviewDate":"Fri Nov 15 2019 00:00:00 GMT+0000 (UTC)","closedDate":"Sat Nov 16 2019 00:00:00 GMT+0000 (UTC)","impact":"Medium","lastModifiedUserId":"gbbguoxa@cn.ibm.com","isKey":false,"description":"A 1 desc","lastModified":"2020-04-17T10:22:57Z","_id":"assumption_Hy-JgR5HALOI_HkOt7WDOI","identifiedBy":"A 1 gbb update","label":"A 1 name"}]},"assumption_BkJke0cBC8dL_HkOt7WDOI":{"coreInfo":[{"modelType":"Assumption","lastModifiedUserId":"gbbguoxa@cn.ibm.com","lastModified":"2020-04-17T10:22:57Z","_id":"assumption_BkJke0cBC8dL_HkOt7WDOI","label":"a"}]},"notes_Hyc1eRcHR8OI_HkOt7WDOI":{"coreInfo":[{"modelType":"Notes","attachments":["https://tpylonsgpxy01.sl.bluecloud.ibm.com/cogarch/filemanager/api/FileManagerAPIs/containers/cafiles/files/file_bf62fd876fb2b9fe.xlsx#Excel import template (10).xlsx"],"lastModifiedUserId":"gbbguoxa@cn.ibm.com","lastModified":"2020-04-17T10:23:00Z","_id":"notes_Hyc1eRcHR8OI_HkOt7WDOI","content":"this is a note<div><img style=\"height:100px;\" src=\"/api/FileManagerAPIs/containers/cafiles/files/file_faa750680fa99679.png\"><br></div><div>dxfghjbvcfghjkm</div><div><br></div><div><br></div><img style=\"height:100px;\" src=\"/api/FileManagerAPIs/containers/cafiles/files/file_fc61e1fc7f77156a.png\">","label":"note"},{"modelType":"Label","description":"a","_id":"label_HyjJeRqS0U_I_HkOt7WDOI","userId":"gbbguoxa@cn.ibm.com","label":"a"},{"modelType":"Label","description":"note","_id":"label_r1hke0qrR8dL_HkOt7WDOI","userId":"gbbguoxa@cn.ibm.com","label":"note"},{"modelType":"Label","description":"label","_id":"label_B16kxRqSCIu8_HkOt7WDOI","userId":"gbbguoxa@cn.ibm.com","label":"label"}]}}},"solution_advisors":{},"auditLog":{"_id":"architectureauditentry_8I7BvO1EZ","archId":"arch_S1tF7WDuU","archChangeLog":[{"_id":"architecturechangelog_cEPrARMAYi","date":"2020-04-17T10:23:08.403Z","type":"CREATE","user":{"fullname":"Bei Bei Guo","email":"gbbguoxa@cn.ibm.com"}}]}}