{"_id":"arch_S1tF7WDuU","name":"smoke on 2020 0417-unpublished_import 1","type":"Solution","status":"Pending","created":"2020-04-17T10:22:57Z","lastModified":"2020-04-17T10:23:08Z","includedArtifacts":[{"_id":"art_r1a5KmWwuI","typeId":"assetartifact_componentmodel_dynamicview","artifactTypeId":"artifacttype_6e1239a1-6a68-3dae-ae87-b05ecf80d25b","type":"Dynamic View","globalTOCPosition":"5.3.2"},{"_id":"art_B139YQ-wdU","typeId":"assetartifact_usecase_ucdiagram","artifactTypeId":"artifacttype_cde39d5e-c892-3093-ab3d-bad448acb8a0","type":"Use Case Diagram","globalTOCPosition":"3.1.1"},{"_id":"art_S11g5K7Zwd8","typeId":"assetartifact_operationalmodel_logicaloperational","artifactTypeId":"artifacttype_5ca43d50-d7da-322f-a1b0-f65b0c12b2c8","type":"Logical Operational View","globalTOCPosition":"5.4.1"},{"_id":"art_B1C9FQ-vu8","typeId":"assetartifact_operationalmodel_physicaloperational","artifactTypeId":"artifacttype_7503dbb1-18f7-36ac-ad12-98d977ef3d0d","type":"Physical Operational View","globalTOCPosition":"5.4.2"},{"_id":"art_ryY9YXWvuI","typeId":"assetartifact_assumption","artifactTypeId":"artifacttype_2142b656-62ba-304d-95d4-77b1b144e5e1","type":"Assumptions","globalTOCPosition":"6.2"},{"_id":"art_SJOqtmZwdL","typeId":"assetartifact_risk","artifactTypeId":"artifacttype_94622837-e58f-34c3-9263-8260b69601c8","type":"Risks","globalTOCPosition":"6.1"},{"_id":"art_H1jqKQbP_U","typeId":"assetartifact_architectureoverview_usagescenario","artifactTypeId":"artifacttype_d118451c-0816-3aa5-8b89-3119feb4168a","type":"Usage Scenario","globalTOCPosition":"5.1.4"},{"_id":"art_rJc5KmbPu8","typeId":"assetartifact_usecase_uctext","artifactTypeId":"artifacttype_dde4b71c-82db-3f66-964a-3a04fbf56dff","type":"Use Case","globalTOCPosition":"3.1.2"},{"_id":"art_B1Bgqt7-Dd8","typeId":"assetartifact_logical_datamodel","artifactTypeId":"artifacttype_246bc46f-0286-3ad4-bf01-679592db59c7","type":"Logical Data Model","globalTOCPosition":"4.1"},{"_id":"art_H175FmbDdL","typeId":"assetartifact_nonfunctionalrequirement","artifactTypeId":"artifacttype_f0eebd79-15c9-3ebc-a73b-8efc3f634f59","type":"Non Functional Requirements","globalTOCPosition":"3.3"},{"_id":"art_rkM9KQWDuU","typeId":"assetartifact_architecture_principles","artifactTypeId":"artifacttype_92ccfc5d-c31a-349d-97c0-6d75c8841a8a","type":"Architectural Principles","globalTOCPosition":"7"},{"_id":"art_BkZqY7ZPOI","typeId":"assetartifact_issue","artifactTypeId":"artifacttype_f4d01807-f847-3ccd-87a2-32877074295e","type":"Issues","globalTOCPosition":"6.3"},{"_id":"art_S1ecFXZvd8","typeId":"assetartifact_dependency","artifactTypeId":"artifacttype_9c5463b3-5c9e-3790-86cb-9b8866cc062a","type":"Dependencies","globalTOCPosition":"6.4"},{"_id":"art_rJDqt7ZP_8","typeId":"assetartifact_executivesummary","artifactTypeId":"artifacttype_9edbd406-69fb-3a95-8b2e-58a0974b2710","type":"Overview","globalTOCPosition":"1"},{"_id":"art_S1L5FX-PuI","typeId":"assetartifact_notes","artifactTypeId":"artifacttype_02226b19-474e-37a6-ab39-d9bb31767fb5","type":"Notes","globalTOCPosition":"8"},{"_id":"art_ryH5YQZPu8","typeId":"assetartifact_architecturedecision","artifactTypeId":"artifacttype_fddae3fa-aafa-32af-94a4-bc3e1ed255cc","type":"Architectural Decisions","globalTOCPosition":"5.2"},{"_id":"art_BJE5tmbvuL","typeId":"assetartifact_functionalrequirement","artifactTypeId":"artifacttype_12eefe0a-435b-3176-8bbe-4dc928a2e4c3","type":"Functional Requirements","globalTOCPosition":"3.2"},{"_id":"art_rJ9KXbw_I","typeId":"assetartifact_businesschallenge","artifactTypeId":"artifacttype_d1ab4a95-e05f-3882-9f19-6500fc0d3b2b","type":"Business Challenge","globalTOCPosition":"2.1"},{"_id":"art_B1feqYmZDu8","typeId":"assetartifact_architectureoverview_itsystem","artifactTypeId":"artifacttype_355f72be-6566-3f48-8b15-c30f671d7c8f","type":"IT System View","globalTOCPosition":"5.1.3"},{"_id":"art_SJme9KQZDOU","typeId":"assetartifact_architectureoverview_enterprise","artifactTypeId":"artifacttype_16bfe592-ae95-371c-9f64-3a881b667707","type":"Enterprise View","globalTOCPosition":"5.1.2"},{"_id":"art_Byel9tXWD_L","typeId":"assetartifact_architectureoverview_aodservice","artifactTypeId":"artifacttype_2c548a13-6bd9-3edc-a496-0318af82f0d1","type":"Services View","globalTOCPosition":"5.1.1"},{"_id":"art_SJblqY7WPOU","typeId":"assetartifact_systemcontext","artifactTypeId":"artifacttype_8ca70362-e3d1-3b9c-91d1-f755d029a2e3","type":"System Context","globalTOCPosition":"2.2"},{"_id":"art_ByVx5YQbvOU","typeId":"assetartifact_componentmodel_staticview","artifactTypeId":"artifacttype_4a44b8fa-5057-3826-84d7-169a6fc1f2ed","type":"Static View","globalTOCPosition":"5.3.1"}],"industry":[{"_id":"industry_electronic","name":"Electronics"},{"_id":"industry_chemicals","name":"Chemical & Petroleum"},{"_id":"industry_consumer","name":"Consumer"},{"_id":"industry_cross","name":"Cross-Industry"},{"_id":"industry_banking","name":"Banking & FM"},{"_id":"industry_education","name":"Education"},{"_id":"industry_energy","name":"Energy & Utilities"},{"_id":"industry_aerospace","name":"Aerospace and Defense"}],"technology":[{"_id":"technology_analytics","name":"Analytics"},{"_id":"technology_cloud","name":"Cloud Computing"},{"_id":"technology_security","name":"Security"},{"_id":"technology_mobile","name":"Mobile Computing"},{"_id":"technology_conversation","name":"Conversational Services & Chatbots"},{"_id":"technology_blockchain","name":"Blockchain"},{"_id":"technology_cognitive","name":"Cognitive Computing"},{"_id":"technology_iot","name":"Internet of Things"}],"technicalCapability":[],"businessCapability":[],"taxonomies":["IT Costs","Vendor Lock-in","Project Delivery Time","Lack of IT Skills","Unreliable IT","Modernize ways of working","Grow the top line","Integrating apps & data","Reduce business costs","Become more digital","Be more responsive"],"template":{"_id":"template_company_ibm","name":"Solution Architecture Template","description":"Default ToC","isGlobalDefaultTemplate":true},"executiveSummary":"this is overview<div><img style=\"height:100px;\" src=\"/api/FileManagerAPIs/containers/cafiles/files/file_a1da30f5455c6769.png\"><br></div><div><br></div><img style=\"height:100px;\" src=\"/api/FileManagerAPIs/containers/cafiles/files/file_bbc916c7f119fd14.png\">","tag":[{"_id":"tag_transform_retail","name":"Transform Retail"},{"_id":"tag_industry_connected_vehicle","name":"Connected Vehicle"},{"_id":"tag_cognitive_manu_maintenance","name":"Cognitive Manufacturing & Maintenance"},{"_id":"tag_engineering_optimization","name":"Engineering Optimization"},{"_id":"tag_blockchain_for_operation","name":"Blockchain for Operations"},{"_id":"tag_avai_performance_optimization","name":"Availability and Performance Optimization"},{"_id":"tag_service_management_optimization","name":"Service Management Optimization"}],"schemaVersion":"1.2","appVersion":"2.8.2"}