{"toc":[{"globalTOCPosition":"1","artifactTypeName":"Overview","artifactType":"assetartifact_executivesummary","displayName":"Overview","format":"text","typeId":"1","_id":"artifacttype_9edbd406-69fb-3a95-8b2e-58a0974b2710","child":[],"hasContent":true},{"globalTOCPosition":"2","parentGroup":"","_id":"artifactgroup_7dc829db-0746-3ddc-816c-d07338d4eebf","displayName":"Scope","child":[{"globalTOCPosition":"2.1","artifactTypeName":"Business Challenge","artifactType":"assetartifact_businesschallenge","displayName":"Business Challenge","format":"text","typeId":"2.1","_id":"artifacttype_d1ab4a95-e05f-3882-9f19-6500fc0d3b2b","hasContent":false},{"globalTOCPosition":"2.2","artifactTypeName":"System Context","artifactType":"assetartifact_systemcontext","displayName":"System Context","format":"diagram","typeId":"2.2","_id":"artifacttype_8ca70362-e3d1-3b9c-91d1-f755d029a2e3","hasContent":true}]},{"globalTOCPosition":"3","parentGroup":"","_id":"artifactgroup_3b8700e6-c854-3ec9-af0e-9b2e600721ce","displayName":"Requirement","child":[{"globalTOCPosition":"3.1","parentGroup":"artifactgroup_3b8700e6-c854-3ec9-af0e-9b2e600721ce","_id":"artifactgroup_6e299154-751f-36ee-acb2-145c8af87481","displayName":"Use Case Model","child":[{"artifactTypeName":"Use Case Diagram","globalTOCPosition":"3.1.1","artifactType":"assetartifact_usecase_ucdiagram","displayName":"Use Case Diagram","format":"diagram","typeId":"3.1.1","_id":"artifacttype_cde39d5e-c892-3093-ab3d-bad448acb8a0","hasContent":false},{"globalTOCPosition":"3.1.2","artifactTypeName":"Use Case","artifactType":"assetartifact_usecase_uctext","displayName":"Use Case","format":"text","typeId":"3.1.2","_id":"artifacttype_dde4b71c-82db-3f66-964a-3a04fbf56dff","hasContent":false}]},{"globalTOCPosition":"3.2","artifactTypeName":"Functional Requirements","artifactType":"assetartifact_functionalrequirement","displayName":"Functional Requirements","format":"text","typeId":"3.2","_id":"artifacttype_12eefe0a-435b-3176-8bbe-4dc928a2e4c3","hasContent":false},{"artifactTypeName":"Non Functional Requirements","globalTOCPosition":"3.3","artifactType":"assetartifact_nonfunctionalrequirement","displayName":"Non Functional Requirements","format":"text","typeId":"3.3","_id":"artifacttype_f0eebd79-15c9-3ebc-a73b-8efc3f634f59","hasContent":false}]},{"globalTOCPosition":"4","parentGroup":"","_id":"artifactgroup_40044cbe-6c76-33a1-b9e0-eab8937d30ca","displayName":"Data Model","child":[{"artifactTypeName":"Logical Data Model","globalTOCPosition":"4.1","artifactType":"assetartifact_logical_datamodel","displayName":"Logical Data Model","format":"diagram","typeId":"4.1","_id":"artifacttype_246bc46f-0286-3ad4-bf01-679592db59c7","hasContent":false}]},{"globalTOCPosition":"5","parentGroup":"","_id":"artifactgroup_074a2b74-43d8-315a-b88b-c0b421754f02","displayName":"Architecture","child":[{"globalTOCPosition":"5.1","parentGroup":"artifactgroup_074a2b74-43d8-315a-b88b-c0b421754f02","_id":"artifactgroup_771e7b65-3b46-390d-bc41-3c88cfaf13ef","displayName":"Architecture Overview","child":[{"artifactTypeName":"Services View","globalTOCPosition":"5.1.1","artifactType":"assetartifact_architectureoverview_aodservice","displayName":"Services View","format":"diagram","typeId":"5.1.1","_id":"artifacttype_2c548a13-6bd9-3edc-a496-0318af82f0d1","hasContent":true},{"artifactTypeName":"Enterprise View","globalTOCPosition":"5.1.2","artifactType":"assetartifact_architectureoverview_enterprise","displayName":"Enterprise View","format":"diagram","typeId":"5.1.2","_id":"artifacttype_16bfe592-ae95-371c-9f64-3a881b667707","hasContent":false},{"globalTOCPosition":"5.1.3","artifactTypeName":"IT System View","artifactType":"assetartifact_architectureoverview_itsystem","displayName":"IT System View","format":"diagram","typeId":"5.1.3","_id":"artifacttype_355f72be-6566-3f48-8b15-c30f671d7c8f","hasContent":true},{"artifactTypeName":"Usage Scenario","globalTOCPosition":"5.1.4","artifactType":"assetartifact_architectureoverview_usagescenario","displayName":"Usage Scenario","format":"diagram","typeId":"5.1.4","_id":"artifacttype_d118451c-0816-3aa5-8b89-3119feb4168a","hasContent":false}]},{"globalTOCPosition":"5.2","artifactTypeName":"Architectural Decisions","artifactType":"assetartifact_architecturedecision","displayName":"Architectural Decisions","format":"text","typeId":"5.2","_id":"artifacttype_fddae3fa-aafa-32af-94a4-bc3e1ed255cc","parentGroup":"artifactgroup_074a2b74-43d8-315a-b88b-c0b421754f02","child":[],"hasContent":false},{"globalTOCPosition":"5.3","parentGroup":"artifactgroup_074a2b74-43d8-315a-b88b-c0b421754f02","_id":"artifactgroup_c848fca1-3956-3bb4-8c88-8815b99e00fc","displayName":"Component Model","child":[{"globalTOCPosition":"5.3.1","artifactTypeName":"Static View","artifactType":"assetartifact_componentmodel_staticview","displayName":"Static View","format":"diagram","typeId":"5.3.1","_id":"artifacttype_4a44b8fa-5057-3826-84d7-169a6fc1f2ed","hasContent":false},{"globalTOCPosition":"5.3.2","artifactTypeName":"Sequence View","artifactType":"assetartifact_componentmodel_dynamicview","displayName":"Sequence View","format":"diagram","typeId":"5.3.2","_id":"artifacttype_6e1239a1-6a68-3dae-ae87-b05ecf80d25b","hasContent":false},{"artifactTypeName":"Collaboration View","globalTOCPosition":"5.3.3","artifactType":"assetartifact_componentmodel_collaborationdiagram","displayName":"Collaboration View","format":"diagram","typeId":"5.3.3","_id":"artifacttype_217cdbd4-c76f-3355-a3b1-443b0a0d2651","hasContent":false}]},{"globalTOCPosition":"5.4","parentGroup":"artifactgroup_074a2b74-43d8-315a-b88b-c0b421754f02","_id":"artifactgroup_aef1c0cc-540d-31c6-8817-ac2b282f37d3","displayName":"Operational Model","child":[{"artifactTypeName":"Logical Operational View","globalTOCPosition":"5.4.1","artifactType":"assetartifact_operationalmodel_logicaloperational","displayName":"Logical Operational View","format":"diagram","typeId":"5.4.1","_id":"artifacttype_5ca43d50-d7da-322f-a1b0-f65b0c12b2c8","hasContent":false},{"artifactTypeName":"Prescribed Operational View","globalTOCPosition":"5.4.2","artifactType":"assetartifact_operationalmodel_physicaloperational","displayName":"Prescribed Operational View","format":"diagram","typeId":"5.4.2","_id":"artifacttype_7503dbb1-18f7-36ac-ad12-98d977ef3d0d","hasContent":false}]}]},{"globalTOCPosition":"6","parentGroup":"","_id":"artifactgroup_7cddcb3d-c508-3828-8893-128dc3d6c8b7","displayName":"RAID","child":[{"globalTOCPosition":"6.1","artifactTypeName":"Risks","artifactType":"assetartifact_risk","displayName":"Risks","format":"text","typeId":"6.1","_id":"artifacttype_94622837-e58f-34c3-9263-8260b69601c8","hasContent":false},{"globalTOCPosition":"6.2","artifactTypeName":"Assumptions","artifactType":"assetartifact_assumption","displayName":"Assumptions","format":"text","typeId":"6.2","_id":"artifacttype_2142b656-62ba-304d-95d4-77b1b144e5e1","hasContent":false},{"globalTOCPosition":"6.3","artifactTypeName":"Issues","artifactType":"assetartifact_issue","displayName":"Issues","format":"text","typeId":"6.3","_id":"artifacttype_f4d01807-f847-3ccd-87a2-32877074295e","hasContent":false},{"globalTOCPosition":"6.4","artifactTypeName":"Dependencies","artifactType":"assetartifact_dependency","displayName":"Dependencies","format":"text","typeId":"6.4","_id":"artifacttype_9c5463b3-5c9e-3790-86cb-9b8866cc062a","hasContent":false}]},{"globalTOCPosition":"7","artifactTypeName":"Architectural Principles","artifactType":"assetartifact_architecture_principles","displayName":"Architectural Principles","format":"text","typeId":"7","_id":"artifacttype_92ccfc5d-c31a-349d-97c0-6d75c8841a8a","child":[],"hasContent":false},{"artifactTypeName":"Misc Diagram","globalTOCPosition":"8","artifactType":"assetartifact_miscdiagram","displayName":"Misc Diagram","format":"diagram","typeId":"9","_id":"artifacttype_23219eb8-b210-3e5a-8621-9881bee93055","child":[],"hasContent":true},{"artifactTypeName":"Notes","globalTOCPosition":"9","artifactType":"assetartifact_notes","displayName":"Notes","format":"text","typeId":"8","_id":"artifacttype_02226b19-474e-37a6-ab39-d9bb31767fb5","child":[],"hasContent":false}],"toc_cards":{"systemContext":{"artifacttype_8ca70362-e3d1-3b9c-91d1-f755d029a2e3":[{"additionalInfo":{},"_id":"systemcontext_3nWwI3Mz8pU","name":"System Context","description":"","lastModifiedInfo":{"userId":"gbbguoxa@cn.ibm.com","date":"2022-05-16T02:50:00Z"}}]},"miscDiagram":{"artifacttype_23219eb8-b210-3e5a-8621-9881bee93055":[{"additionalInfo":{"labels":[]},"_id":"miscdiagram_3nWxmgdEcjv","name":"m","description":"","lastModifiedInfo":{"userId":"gbbguoxa@cn.ibm.com","date":"2022-05-16T02:52:41Z"}}]},"aodServices":{"artifacttype_2c548a13-6bd9-3edc-a496-0318af82f0d1":[{"additionalInfo":{},"_id":"aodservices_3nWwQH1zz7u","name":"sv-r","description":"","lastModifiedInfo":{"userId":"gbbguoxa@cn.ibm.com","date":"2022-05-16T02:51:52Z"}}]},"executivesummary":{"artifacttype_9edbd406-69fb-3a95-8b2e-58a0974b2710":["executivesummary_sHQ0LXBcy"]},"aodITSystems":{"artifacttype_355f72be-6566-3f48-8b15-c30f671d7c8f":[{"additionalInfo":{},"_id":"aoditsystem_rkgQhhV1P5","name":"m","description":"","lastModifiedInfo":{"userId":"gbbguoxa@cn.ibm.com","date":"2022-05-16T02:58:19Z"}}]},"businesschallenge":{"artifacttype_d1ab4a95-e05f-3882-9f19-6500fc0d3b2b":[]},"useCaseViews":{"artifacttype_cde39d5e-c892-3093-ab3d-bad448acb8a0":[]},"usecasetext":{"artifacttype_dde4b71c-82db-3f66-964a-3a04fbf56dff":[]},"functionalrequirement":{"artifacttype_12eefe0a-435b-3176-8bbe-4dc928a2e4c3":[]},"nonfunctionalrequirement":{"artifacttype_f0eebd79-15c9-3ebc-a73b-8efc3f634f59":[]},"logicalERD":{"artifacttype_246bc46f-0286-3ad4-bf01-679592db59c7":[]},"aodEnterprises":{"artifacttype_16bfe592-ae95-371c-9f64-3a881b667707":[]},"aodUsageScenarios":{"artifacttype_d118451c-0816-3aa5-8b89-3119feb4168a":[]},"architecturaldecision":{"artifacttype_fddae3fa-aafa-32af-94a4-bc3e1ed255cc":[]},"cmStaticViews":{"artifacttype_4a44b8fa-5057-3826-84d7-169a6fc1f2ed":[]},"cmDynamicViews":{"artifacttype_6e1239a1-6a68-3dae-ae87-b05ecf80d25b":[]},"cmCollaboration":{"artifacttype_217cdbd4-c76f-3355-a3b1-443b0a0d2651":[]},"lomViews":{"artifacttype_5ca43d50-d7da-322f-a1b0-f65b0c12b2c8":[]},"lomPhysicalViews":{"artifacttype_7503dbb1-18f7-36ac-ad12-98d977ef3d0d":[]},"risk":{"artifacttype_94622837-e58f-34c3-9263-8260b69601c8":[]},"assumption":{"artifacttype_2142b656-62ba-304d-95d4-77b1b144e5e1":[]},"issue":{"artifacttype_f4d01807-f847-3ccd-87a2-32877074295e":[]},"dependency":{"artifacttype_9c5463b3-5c9e-3790-86cb-9b8866cc062a":[]},"architectureprinciple":{"artifacttype_92ccfc5d-c31a-349d-97c0-6d75c8841a8a":[]},"notes":{"artifacttype_02226b19-474e-37a6-ab39-d9bb31767fb5":[]}},"combined":{"coreInfo":[{"name":"ha'h","description":"ha'h","_id":"label_HyDOR4Q66rL_Sycg--cUL_HyXAab5IU","userId":"gbbguoxa@cn.ibm.com","label":"ha'h","modelType":"Label"},{"name":"label","description":"label","_id":"label_SyUOgzAjuvpH","userId":"gbbguoxa@cn.ibm.com","label":"label","modelType":"Label"},{"name":"a","description":"a","_id":"label_HyawxqLLCFDH","userId":"gbbguoxa@cn.ibm.com","label":"a","modelType":"Label"},{"name":"a note","description":"a note","_id":"label_BkkOl58LAtDr","userId":"gbbguoxa@cn.ibm.com","label":"a note","modelType":"Label"},{"name":"hahah","description":"hahah","_id":"label_SkmOl9UI0YwH","userId":"gbbguoxa@cn.ibm.com","label":"hahah","modelType":"Label"},{"name":"Pass pen","description":"Pass pen","_id":"label_1xaDQwZ2QdS_ByPt8AH9E","userId":"gbbguoxa@cn.ibm.com","label":"Pass pen","modelType":"Label"},{"name":"Offline Editing","description":"Offline Editing","_id":"label_1y2091Ouadd_ByPt8AH9E","userId":"gbbguoxa@cn.ibm.com","label":"Offline Editing","modelType":"Label"},{"name":"Pass Pen","description":"Pass Pen","_id":"label_1y24G0LVQ7D_ByPt8AH9E","userId":"gbbguoxa@cn.ibm.com","label":"Pass Pen","modelType":"Label"},{"name":"a'a'a'a'a","description":"a'a'a'a'a","_id":"label_r1yoDGyO31I","userId":"gbbguoxa@cn.ibm.com","label":"a'a'a'a'a","modelType":"Label"},{"name":"aaaaa","description":"aaaaa","_id":"label_B1gsvMJ_2k8","userId":"gbbguoxa@cn.ibm.com","label":"aaaaa","modelType":"Label"},{"name":"a special label","description":"a special label","_id":"label_SkGiDf1d31U","userId":"gbbguoxa@cn.ibm.com","label":"a special label","modelType":"Label"},{"name":"note1","description":"note1","_id":"label_1L2WMjWbK4k_ByQlw1Zkr","userId":"gbbguoxa@cn.ibm.com","label":"note1","modelType":"Label"},{"name":"patch","description":"patch","_id":"label_1Phj7Y9HrAn_HJz4mg_fS","userId":"gbbguoxa@cn.ibm.com","label":"patch","modelType":"Label"},{"name":"2.4.1","description":"2.4.1","_id":"label_1Phj7Y9XdCz_HJz4mg_fS","userId":"gbbguoxa@cn.ibm.com","label":"2.4.1","modelType":"Label"},{"name":"dddd","description":"dddd","_id":"label_1UX0q6UGFyi_H1CQyRtwS","userId":"gbbguoxa@cn.ibm.com","label":"dddd","modelType":"Label"},{"name":"note","description":"note","_id":"label_2jVgK9fg3bA_SyQmL8Np8_HJNtuhdaL","userId":"gbbguoxa@cn.ibm.com","label":"note","modelType":"Label"},{"name":"image","description":"image","_id":"label_24tYxylsUsa_B1lmZgkZU","userId":"gbbguoxa@cn.ibm.com","label":"image","modelType":"Label"},{"name":"attach","description":"attach","_id":"label_24tYxylTtTA_B1lmZgkZU","userId":"gbbguoxa@cn.ibm.com","label":"attach","modelType":"Label"},{"name":" bvn","description":" bvn","_id":"label_2keZvMsTOrc_rkNEOadTL","userId":"gbbguoxa@cn.ibm.com","label":" bvn","modelType":"Label"},{"name":"bvnb'h'j","description":"bvnb'h'j","_id":"label_2keZvMsDmuy_rkNEOadTL","userId":"gbbguoxa@cn.ibm.com","label":"bvnb'h'j","modelType":"Label"},{"name":"bhjn'j","description":"bhjn'j","_id":"label_2keZvMsEYZd_rkNEOadTL","userId":"gbbguoxa@cn.ibm.com","label":"bhjn'j","modelType":"Label"},{"name":"nj","description":"nj","_id":"label_2keZvMsA9bG_rkNEOadTL","userId":"gbbguoxa@cn.ibm.com","label":"nj","modelType":"Label"},{"name":"is","description":"is","_id":"label_SyumbjO9GjBw","userId":"gbbguoxa@cn.ibm.com","label":"is","modelType":"Label"},{"name":"this","description":"this","_id":"label_rJKO5lu_Tvv","userId":"gbbguoxa@cn.ibm.com","label":"this","modelType":"Label"},{"name":"Notification","description":"Notification","_id":"label_SJidqguO6Pw","userId":"gbbguoxa@cn.ibm.com","label":"Notification","modelType":"Label"},{"name":"Workshop Jan. 2019","description":"Workshop Jan. 2019","_id":"label_Sy2OceOdTwD","userId":"gbbguoxa@cn.ibm.com","label":"Workshop Jan. 2019","modelType":"Label"},{"name":"New label","description":"New label","_id":"label_B19b-chPsOCP_B184bKKRw","userId":"gbbguoxa@cn.ibm.com","label":"New label","modelType":"Label"},{"name":"decwq","description":"decwq","_id":"label_2LiAP5jW5Dn_B1KGDHYS_","userId":"gbbguoxa@cn.ibm.com","label":"decwq","modelType":"Label"},{"name":"devcwdq","description":"devcwdq","_id":"label_2LiAP5jpzky_B1KGDHYS_","userId":"gbbguoxa@cn.ibm.com","label":"devcwdq","modelType":"Label"},{"name":"qdwcewdq","description":"qdwcewdq","_id":"label_2LiAP5jyHWl_B1KGDHYS_","userId":"gbbguoxa@cn.ibm.com","label":"qdwcewdq","modelType":"Label"},{"name":"CA","description":"CA","_id":"label_1OhKj1ilrmn_rkm6cR0-H_ryWjkER2B_B1KGDHYS_","userId":"gbbguoxa@cn.ibm.com","label":"CA","modelType":"Label"},{"name":"aaaaaa","_id":"label_HkWsnVyw9","userId":"gbbguoxa@cn.ibm.com","label":"aaaaaa","modelType":"Label"},{"modelType":"Actor","description":"","_id":"actor_3nWwJLYkFAf","type":"Human","label":"Human (Original)"},{"modelType":"GenericGroup","description":"Element unchanged in this phase or release.","_id":"genericgroup_H1FMwT_tAv","category":"Transition-Elements","type":"Pre-Defined","label":"unchanged"},{"modelType":"GenericGroup","description":"Element is modified or updated in this phase or release.","_id":"genericgroup_SkqGPaOFAP","category":"Transition-Elements","type":"Pre-Defined","label":"updated"},{"modelType":"GenericGroup","description":"Element being removed in this phase or release.","_id":"genericgroup_HJjMDTuYCD","category":"Transition-Elements","type":"Pre-Defined","label":"removed"},{"modelType":"GenericGroup","description":"Element being added in this phase or release.","_id":"genericgroup_Sy3zPTdYCw","type":"Pre-Defined","category":"Transition-Elements","label":"added"},{"modelType":"GenericGroup","description":"Element is being planned for some future phase or release.","_id":"genericgroup_ryaGP6OK0w","category":"Transition-Elements","type":"Pre-Defined","label":"planned"},{"modelType":"GenericGroup","description":"Either the security controls have not been specified or cannot be controlled.","_id":"genericgroup_B1zP6dFRw","type":"Pre-Defined","category":"Security-Zone","label":"none"},{"modelType":"GenericGroup","description":"Trusted security zone, all traffic and access is by known and trusted parties.","_id":"genericgroup_rJlMv6dt0P","type":"Pre-Defined","category":"Security-Zone","label":"trusted"},{"modelType":"GenericGroup","description":"Direct access to un-trusted network, no sensitive data. Controlled access to trusted zone.","_id":"genericgroup_BybzDTOK0v","type":"Pre-Defined","category":"Security-Zone","label":"dmz"},{"modelType":"GenericGroup","description":"Untrusted traffic, often public networks.","_id":"genericgroup_ByGMw6dYAP","type":"Pre-Defined","category":"Security-Zone","label":"un-trusted"},{"modelType":"GenericGroup","description":"Unmanaged entity.","_id":"genericgroup_S17GwadKCw","type":"Pre-Defined","category":"Management-Zone","label":"none"},{"modelType":"GenericGroup","description":"Fully managed.","_id":"genericgroup_rk4Gw6ut0D","type":"Pre-Defined","category":"Management-Zone","label":"full"},{"modelType":"GenericGroup","description":"Partially managed.","_id":"genericgroup_SyrMD6_KAP","category":"Management-Zone","type":"Pre-Defined","label":"limited"},{"modelType":"GenericGroup","description":"No direct management.","_id":"genericgroup_ByIfwpOF0v","category":"Management-Zone","type":"Pre-Defined","label":"no direct"},{"modelType":"GenericGroup","description":"High availability replica actively handling workload.","_id":"genericgroup_BywfvTuKAw","type":"Pre-Defined","category":"HA-Mode","label":"active"},{"modelType":"GenericGroup","description":"High availability replica not handling active workload.","_id":"genericgroup_ry_zw6utCv","type":"Pre-Defined","category":"HA-Mode","label":"passive"},{"modelType":"GenericGroup","description":"This group is derived from SubSystem named SubSystem.","_id":"genericgroup_3nWx9v2P2iz","type":"Auto-Generated","category":"SubSystem","label":"SubSystem"},{"modelType":"GenericGroup","description":"This group is derived from SubSystem named Copy of SubSystem.","_id":"genericgroup_3nWx9v3mO22","category":"SubSystem","type":"Auto-Generated","label":"Copy of SubSystem"},{"modelType":"LogicalComponent","Icon-Name":"bare-metal-server","level":"Application","Badge-Text":"","description":"","_id":"logicalcomponent_3nWx34PWsXL","label":"Logical Component"},{"modelType":"Actor","Icon-Name":"default","Badge-Text":"","description":"","_id":"actor_3nWx9uXtKdX","type":"Human","label":"Copy of da"},{"modelType":"Actor","Icon-Name":"default","Badge-Text":"","description":"","_id":"actor_3nWx34PSiKh","type":"Human","label":"da"},{"modelType":"Actor","Icon-Name":"default","Badge-Text":"","description":"","_id":"actor_3nWx34M9LON","type":"IT System","label":"IT System"},{"modelType":"LogicalConnector","description":"","_id":"logicalconnector_3nWx9v0HKF4","label":""},{"modelType":"Actor","Icon-Name":"default","Badge-Text":"","description":"","_id":"actor_3nWx9uV1AtK","type":"IT System","label":"Copy of IT System"},{"modelType":"Actor","Icon-Name":"cloud--auditing","Badge-Text":"","description":"","_id":"actor_3nWx9uU1wXn","type":"Human","label":"Copy of Human"},{"modelType":"Actor","Icon-Name":"cloud--auditing","Badge-Text":"","description":"","_id":"actor_3nWx34LoCZI","type":"Human","label":"Human"},{"modelType":"LogicalConnector","description":"","_id":"logicalconnector_3nWx9v1Hdje","label":""},{"modelType":"Actor","description":"","_id":"actor_3nWx9uW7rYO","type":"Human","label":"Copy of Human (Original)_1"},{"modelType":"Actor","description":"","_id":"actor_3nWx34OZAu3","type":"Human","label":"Copy of Human (Original)"},{"modelType":"LogicalConnector","description":"","_id":"logicalconnector_3nWx9v1kSVW","label":""},{"modelType":"LogicalComponent","Icon-Name":"bare-metal-server","level":"Application","Badge-Text":"","description":"","_id":"logicalcomponent_3nWx9uY5EgH","label":"Copy of Logical Component"}]},"diagram":{"instances":{"systemcontext_3nWwI3Mz8pU":{"uiInfo":"<mxGraphModel dx=\"838\" dy=\"565\" grid=\"1\" gridSize=\"8\" guides=\"1\" tooltips=\"1\" connect=\"1\" arrows=\"1\" fold=\"1\" page=\"1\" pageScale=\"1\" pageWidth=\"1169\" pageHeight=\"827\" background=\"#ffffff\"><root><mxCell id=\"0\" modelId=\"systemcontext_3nWwI3Mz8pU\"></mxCell><mxCell id=\"1\" parent=\"0\"></mxCell><mxCell id=\"_173nWwJlCdi2N\" style=\"shape=mxgraph.ibm.base;ibmType=target;ibmLayout=expanded;strokeColor=#0f62fe;html=1;whiteSpace=wrap;metaEdit=1;fontFamily=IBM Plex Sans Regular;fontSize=14;verticalLabelPosition=middle;labelPosition=center;verticalAlign=middle;align=center;spacing=0;spacingLeft=16;spacingRight=12;spacingTop=0;spacingBottom=0;metaEdit=1;strokeWidth=1;ibmNoIcon=1;fillColor=#edf5ff;fontColor=#000000;\" vertex=\"1\" modelId=\"targetsystem_3nWwJlDhvJi\" parent=\"1\"><mxGeometry x=\"128\" y=\"200\" width=\"144\" height=\"48\" as=\"geometry\"></mxGeometry></mxCell><mxCell id=\"_183nWwJLYGg5p\" style=\"shape=umlActor;html=1;verticalLabelPosition=bottom;verticalAlign=top;\" vertex=\"1\" modelId=\"actor_3nWwJLYkFAf\" parent=\"1\"><mxGeometry x=\"472\" y=\"96\" width=\"35\" height=\"70\" as=\"geometry\"></mxGeometry></mxCell><mxCell id=\"_193nWwKyp0y3L\" style=\"edgeStyle=orthogonalEdgeStyle;rounded=1;orthogonalLoop=1;jettySize=auto;html=1;jumpStyle=arc;jumpSize=8;entryX=0;entryY=0.3333333333333333;entryDx=0;entryDy=0;entryPerimeter=0;\" edge=\"1\" modelId=\"connector_3nWwKyrOK7N\" parent=\"1\" source=\"_173nWwJlCdi2N\" target=\"_183nWwJLYGg5p\"><mxGeometry relative=\"1\" as=\"geometry\"></mxGeometry></mxCell></root></mxGraphModel>","coreInfo":[{"modelType":"SystemContext","lastModifiedUserId":"gbbguoxa@cn.ibm.com","description":"","lastModified":"2022-05-16T02:50:00Z","_id":"systemcontext_3nWwI3Mz8pU","label":"System Context"},{"modelType":"Connector","description":"","_id":"connector_3nWwKyrOK7N","type":"function","label":""},{"modelType":"TargetSystem","Icon-Name":"default","Badge-Text":"","description":"","_id":"targetsystem_3nWwJlDhvJi","label":"Target System"}]},"miscdiagram_3nWxmgdEcjv":{"uiInfo":"<mxGraphModel dx=\"1138\" dy=\"512\" grid=\"1\" gridSize=\"8\" guides=\"1\" tooltips=\"1\" connect=\"1\" arrows=\"1\" fold=\"1\" page=\"1\" pageScale=\"1\" pageWidth=\"1169\" pageHeight=\"827\" background=\"#ffffff\"><root><mxCell id=\"0\" modelId=\"miscdiagram_3nWxmgdEcjv\"></mxCell><mxCell id=\"miscdiagram_3nWxmgdEcjv_23nWxr1cNXwy\" parent=\"0\"></mxCell><mxCell id=\"miscdiagram_3nWxmgdEcjv_33nWxr1cbGJo\" value=\"\" style=\"rounded=0;whiteSpace=wrap;html=1\" parent=\"miscdiagram_3nWxmgdEcjv_23nWxr1cNXwy\" vertex=\"1\"><mxGeometry x=\"72\" y=\"168\" width=\"120\" height=\"60\" as=\"geometry\"></mxGeometry></mxCell><mxCell id=\"miscdiagram_3nWxmgdEcjv_43nWxr1cwtwy\" value=\"&lt;h1&gt;Heading&lt;/h1&gt;&lt;p&gt;Lorem ipsum dolor sit amet, consectetur adipisicing elit, sed do eiusmod tempor incididunt ut labore et dolore magna aliqua.&lt;/p&gt;\" style=\"text;html=1;strokeColor=none;fillColor=none;spacing=5;spacingTop=-20;whiteSpace=wrap;overflow=hidden;rounded=0\" parent=\"miscdiagram_3nWxmgdEcjv_23nWxr1cNXwy\" vertex=\"1\"><mxGeometry x=\"296\" y=\"152\" width=\"190\" height=\"120\" as=\"geometry\"></mxGeometry></mxCell><UserObject placeholders=\"1\" label=\"collaborate\" Badge-Text=\"\" Icon-Name=\"collaborate\" id=\"miscdiagram_3nWxmgdEcjv_53nWxr1cduQO\"><mxCell style=\"shape=mxgraph.ibm.base;ibmType=nodel;ibmLayout=collapsed;strokeColor=#878d96;html=1;metaEdit=1;whiteSpace=wrap;fontFamily=IBM Plex Sans Regular;fontSize=12;align=center;verticalAlign=top;labelPosition=center;verticalLabelPosition=bottom;spacing=0;spacingLeft=16;spacingRight=16;spacingTop=0;spacingBottom=4;fontColor=#000000;fillColor=none\" parent=\"miscdiagram_3nWxmgdEcjv_23nWxr1cNXwy\" vertex=\"1\"><mxGeometry x=\"216\" y=\"304\" width=\"48\" height=\"48\" as=\"geometry\"></mxGeometry></mxCell></UserObject><UserObject placeholders=\"1\" label=\"user--settings\" Badge-Text=\"\" Icon-Name=\"user--settings\" id=\"miscdiagram_3nWxmgdEcjv_63nWxr1cBgo4\"><mxCell style=\"shape=mxgraph.ibm.base;ibmType=nodel;ibmLayout=collapsed;strokeColor=#878d96;html=1;metaEdit=1;whiteSpace=wrap;fontFamily=IBM Plex Sans Regular;fontSize=12;align=center;verticalAlign=top;labelPosition=center;verticalLabelPosition=bottom;spacing=0;spacingLeft=16;spacingRight=16;spacingTop=0;spacingBottom=4;fontColor=#000000;fillColor=none\" parent=\"miscdiagram_3nWxmgdEcjv_23nWxr1cNXwy\" vertex=\"1\"><mxGeometry x=\"400\" y=\"344\" width=\"48\" height=\"48\" as=\"geometry\"></mxGeometry></mxCell></UserObject><UserObject placeholders=\"1\" label=\"vehicle--api\" Badge-Text=\"\" Icon-Name=\"vehicle--api\" id=\"miscdiagram_3nWxmgdEcjv_73nWxr1cDH8Y\"><mxCell style=\"shape=mxgraph.ibm.base;ibmType=nodel;ibmLayout=collapsed;strokeColor=#878d96;html=1;metaEdit=1;whiteSpace=wrap;fontFamily=IBM Plex Sans Regular;fontSize=12;align=center;verticalAlign=top;labelPosition=center;verticalLabelPosition=bottom;spacing=0;spacingLeft=16;spacingRight=16;spacingTop=0;spacingBottom=4;fontColor=#000000;fillColor=none\" parent=\"miscdiagram_3nWxmgdEcjv_23nWxr1cNXwy\" vertex=\"1\"><mxGeometry x=\"537\" y=\"296\" width=\"48\" height=\"48\" as=\"geometry\"></mxGeometry></mxCell></UserObject><UserObject placeholders=\"1\" label=\"IBM Virtual Server\" Badge-Text=\"\" Icon-Name=\"instance--virtual\" id=\"miscdiagram_3nWxmgdEcjv_83nWxr1c8FnX\"><mxCell style=\"shape=mxgraph.ibm.base;ibmType=nodep;ibmLayout=expandedStack;strokeColor=#198038;fontColor=#000000;html=1;metaEdit=1;whiteSpace=wrap;fontFamily=IBM Plex Sans Regular;fontSize=12;align=left;verticalAlign=middle;labelPosition=center;verticalLabelPosition=middle;spacing=0;spacingLeft=16;spacingRight=16;spacingTop=0;spacingBottom=0;childLayout=stackLayout;horizontalStack=0;stackFill=1;marginLeft=16;marginRight=8;marginTop=64;marginBottom=8\" parent=\"miscdiagram_3nWxmgdEcjv_23nWxr1cNXwy\" vertex=\"1\"><mxGeometry x=\"128\" y=\"504\" width=\"276\" height=\"120\" as=\"geometry\"></mxGeometry></mxCell></UserObject><UserObject placeholders=\"1\" label=\"ibm-redhat-8-4-minimal-amd64-1\" Icon-Name=\"linux\" Badge-Text=\"\" id=\"miscdiagram_3nWxmgdEcjv_93nWxr1cBQu6\"><mxCell style=\"shape=mxgraph.ibm.base;ibmType=nodel;ibmLayout=itemIcon;strokeColor=#000000;fontColor=#000000;html=1;metaEdit=1;whiteSpace=wrap;fontFamily=IBM Plex Sans Regular;fontSize=12;align=left;verticalAlign=middle;labelPosition=center;verticalLabelPosition=middle;spacing=0;spacingLeft=0;spacingRight=0;spacingTop=0;spacingBottom=0\" parent=\"miscdiagram_3nWxmgdEcjv_83nWxr1c8FnX\" vertex=\"1\"><mxGeometry x=\"16\" y=\"64\" width=\"252\" height=\"16\" as=\"geometry\"></mxGeometry></mxCell></UserObject><UserObject placeholders=\"1\" label=\"cx2-2x4, 2 vCPU, 4 GiB, 4 Gbps\" Icon-Name=\"instance--cx\" Badge-Text=\"\" id=\"miscdiagram_3nWxmgdEcjv_103nWxr1ctAXF\"><mxCell style=\"shape=mxgraph.ibm.base;ibmType=nodel;ibmLayout=itemIcon;strokeColor=#000000;fontColor=#000000;html=1;metaEdit=1;whiteSpace=wrap;fontFamily=IBM Plex Sans Regular;fontSize=12;align=left;verticalAlign=middle;labelPosition=center;verticalLabelPosition=middle;spacing=0;spacingLeft=0;spacingRight=0;spacingTop=0;spacingBottom=0\" parent=\"miscdiagram_3nWxmgdEcjv_83nWxr1c8FnX\" vertex=\"1\"><mxGeometry x=\"16\" y=\"80\" width=\"252\" height=\"16\" as=\"geometry\"></mxGeometry></mxCell></UserObject><UserObject placeholders=\"1\" label=\"100 GB, 3000 IOPS\" Icon-Name=\"boot\" Badge-Text=\"\" id=\"miscdiagram_3nWxmgdEcjv_113nWxr1csY71\"><mxCell style=\"shape=mxgraph.ibm.base;ibmType=nodel;ibmLayout=itemIcon;strokeColor=#000000;fontColor=#000000;html=1;metaEdit=1;whiteSpace=wrap;fontFamily=IBM Plex Sans Regular;fontSize=12;align=left;verticalAlign=middle;labelPosition=center;verticalLabelPosition=middle;spacing=0;spacingLeft=0;spacingRight=0;spacingTop=0;spacingBottom=0\" parent=\"miscdiagram_3nWxmgdEcjv_83nWxr1c8FnX\" vertex=\"1\"><mxGeometry x=\"16\" y=\"96\" width=\"252\" height=\"16\" as=\"geometry\"></mxGeometry></mxCell></UserObject><UserObject placeholders=\"1\" label=\"Deployment Units\" Badge-Text=\"\" Icon-Name=\"undefined\" id=\"miscdiagram_3nWxmgdEcjv_123nWxr1cdqKf\"><mxCell style=\"shape=mxgraph.ibm.base;ibmType=nodel;ibmLayout=expandedStack;strokeColor=#878d96;fontColor=#000000;html=1;metaEdit=1;whiteSpace=wrap;fontFamily=IBM Plex Sans Regular;fontSize=12;ibmNoIcon=1;align=left;verticalAlign=middle;labelPosition=center;verticalLabelPosition=middle;spacing=0;spacingLeft=16;spacingRight=16;spacingTop=0;spacingBottom=0;childLayout=stackLayout;horizontalStack=0;stackFill=1;marginLeft=16;marginRight=8;marginTop=64;marginBottom=8\" parent=\"miscdiagram_3nWxmgdEcjv_23nWxr1cNXwy\" vertex=\"1\"><mxGeometry x=\"512\" y=\"456\" width=\"284\" height=\"200\" as=\"geometry\"></mxGeometry></mxCell></UserObject><UserObject placeholders=\"1\" label=\"Data\" Icon-Name=\"undefined\" id=\"miscdiagram_3nWxmgdEcjv_133nWxr1cyyT2\"><mxCell style=\"shape=mxgraph.ibm.unit;ibmType=unitd;html=1;metaEdit=1;whiteSpace=wrap;fontFamily=IBM Plex Sans Regular;fontSize=12;ibmNoIcon=1;align=left;verticalAlign=middle;spacing=0;spacingLeft=0;spacingRight=0;spacingTop=0;spacingBottom=0\" parent=\"miscdiagram_3nWxmgdEcjv_123nWxr1cdqKf\" vertex=\"1\"><mxGeometry x=\"16\" y=\"64\" width=\"260\" height=\"16\" as=\"geometry\"></mxGeometry></mxCell></UserObject><UserObject placeholders=\"1\" label=\"Execution\" Icon-Name=\"undefined\" id=\"miscdiagram_3nWxmgdEcjv_143nWxr1cOmuF\"><mxCell style=\"shape=mxgraph.ibm.unit;ibmType=unite;html=1;metaEdit=1;whiteSpace=wrap;fontFamily=IBM Plex Sans Regular;fontSize=12;ibmNoIcon=1;align=left;verticalAlign=middle;spacing=0;spacingLeft=0;spacingRight=0;spacingTop=0;spacingBottom=0\" parent=\"miscdiagram_3nWxmgdEcjv_123nWxr1cdqKf\" vertex=\"1\"><mxGeometry x=\"16\" y=\"80\" width=\"260\" height=\"16\" as=\"geometry\"></mxGeometry></mxCell></UserObject><UserObject placeholders=\"1\" label=\"Installation\" Icon-Name=\"undefined\" id=\"miscdiagram_3nWxmgdEcjv_153nWxr1cx0a1\"><mxCell style=\"shape=mxgraph.ibm.unit;ibmType=uniti;html=1;metaEdit=1;whiteSpace=wrap;fontFamily=IBM Plex Sans Regular;fontSize=12;ibmNoIcon=1;align=left;verticalAlign=middle;spacing=0;spacingLeft=0;spacingRight=0;spacingTop=0;spacingBottom=0\" parent=\"miscdiagram_3nWxmgdEcjv_123nWxr1cdqKf\" vertex=\"1\"><mxGeometry x=\"16\" y=\"96\" width=\"260\" height=\"16\" as=\"geometry\"></mxGeometry></mxCell></UserObject><UserObject placeholders=\"1\" label=\"Presentation\" Icon-Name=\"undefined\" id=\"miscdiagram_3nWxmgdEcjv_163nWxr1cAQq0\"><mxCell style=\"shape=mxgraph.ibm.unit;ibmType=unitp;html=1;metaEdit=1;whiteSpace=wrap;fontFamily=IBM Plex Sans Regular;fontSize=12;ibmNoIcon=1;align=left;verticalAlign=middle;spacing=0;spacingLeft=0;spacingRight=0;spacingTop=0;spacingBottom=0\" parent=\"miscdiagram_3nWxmgdEcjv_123nWxr1cdqKf\" vertex=\"1\"><mxGeometry x=\"16\" y=\"112\" width=\"260\" height=\"16\" as=\"geometry\"></mxGeometry></mxCell></UserObject><UserObject placeholders=\"1\" label=\"Technical Data\" Icon-Name=\"undefined\" id=\"miscdiagram_3nWxmgdEcjv_173nWxr1c2cog\"><mxCell style=\"shape=mxgraph.ibm.unit;ibmType=unittd;html=1;metaEdit=1;whiteSpace=wrap;fontFamily=IBM Plex Sans Regular;fontSize=12;ibmNoIcon=1;align=left;verticalAlign=middle;spacing=0;spacingLeft=0;spacingRight=0;spacingTop=0;spacingBottom=0\" parent=\"miscdiagram_3nWxmgdEcjv_123nWxr1cdqKf\" vertex=\"1\"><mxGeometry x=\"16\" y=\"128\" width=\"260\" height=\"16\" as=\"geometry\"></mxGeometry></mxCell></UserObject><UserObject placeholders=\"1\" label=\"Technical Execution\" Icon-Name=\"undefined\" id=\"miscdiagram_3nWxmgdEcjv_183nWxr1cTEm6\"><mxCell style=\"shape=mxgraph.ibm.unit;ibmType=unitte;html=1;metaEdit=1;whiteSpace=wrap;fontFamily=IBM Plex Sans Regular;fontSize=12;ibmNoIcon=1;align=left;verticalAlign=middle;spacing=0;spacingLeft=0;spacingRight=0;spacingTop=0;spacingBottom=0\" parent=\"miscdiagram_3nWxmgdEcjv_123nWxr1cdqKf\" vertex=\"1\"><mxGeometry x=\"16\" y=\"144\" width=\"260\" height=\"16\" as=\"geometry\"></mxGeometry></mxCell></UserObject><UserObject placeholders=\"1\" label=\"Technical Installation\" Icon-Name=\"undefined\" id=\"miscdiagram_3nWxmgdEcjv_193nWxr1cezN4\"><mxCell style=\"shape=mxgraph.ibm.unit;ibmType=unitti;html=1;metaEdit=1;whiteSpace=wrap;fontFamily=IBM Plex Sans Regular;fontSize=12;ibmNoIcon=1;align=left;verticalAlign=middle;spacing=0;spacingLeft=0;spacingRight=0;spacingTop=0;spacingBottom=0\" parent=\"miscdiagram_3nWxmgdEcjv_123nWxr1cdqKf\" vertex=\"1\"><mxGeometry x=\"16\" y=\"160\" width=\"260\" height=\"16\" as=\"geometry\"></mxGeometry></mxCell></UserObject><UserObject placeholders=\"1\" label=\"Technical Presentation\" Icon-Name=\"undefined\" id=\"miscdiagram_3nWxmgdEcjv_203nWxr1c1XKk\"><mxCell style=\"shape=mxgraph.ibm.unit;ibmType=unittp;html=1;metaEdit=1;whiteSpace=wrap;fontFamily=IBM Plex Sans Regular;fontSize=12;ibmNoIcon=1;align=left;verticalAlign=middle;spacing=0;spacingLeft=0;spacingRight=0;spacingTop=0;spacingBottom=0\" parent=\"miscdiagram_3nWxmgdEcjv_123nWxr1cdqKf\" vertex=\"1\"><mxGeometry x=\"16\" y=\"176\" width=\"260\" height=\"16\" as=\"geometry\"></mxGeometry></mxCell></UserObject><UserObject placeholders=\"1\" label=\"Color Legend\" id=\"miscdiagram_3nWxmgdEcjv_213nWxr1cWvsi\"><mxCell style=\"shape=mxgraph.ibm.legend;ibmType=legendv;strokeColor=#878d96;fontColor=#878d96;html=1;metaEdit=1;whiteSpace=wrap;fontFamily=IBM Plex Sans Regular;fontSize=12;ibmNoIcon=1;childLayout=stackLayout;stackUnitSize=16;resizeParent=1;resizeParentMax=0;resizeLast=0;allowGaps=0;horizontalStack=0;stackFill=1;stackSpacing=8;marginLeft=8;marginRight=8;marginTop=32;marginBottom=8;noLabel=0;container=1;collapsible=0;expand=0;recursiveResize=0\" parent=\"miscdiagram_3nWxmgdEcjv_23nWxr1cNXwy\" vertex=\"1\"><mxGeometry x=\"864\" y=\"168\" width=\"164\" height=\"272\" as=\"geometry\"></mxGeometry></mxCell></UserObject><UserObject placeholders=\"1\" label=\"Application\" Icon-Name=\"undefined\" Badge-Text=\"\" id=\"miscdiagram_3nWxmgdEcjv_223nWxr1cCx85\"><mxCell style=\"shape=mxgraph.ibm.base;ibmType=nodep;ibmLayout=itemColor;strokeColor=#a56eff;fontColor=#878d96;html=1;metaEdit=1;whiteSpace=wrap;fontFamily=IBM Plex Sans Regular;fontSize=12;align=left;verticalAlign=middle;labelPosition=center;verticalLabelPosition=middle;spacing=0;spacingLeft=0;spacingRight=0;spacingTop=0;spacingBottom=0\" parent=\"miscdiagram_3nWxmgdEcjv_213nWxr1cWvsi\" vertex=\"1\"><mxGeometry x=\"8\" y=\"32\" width=\"148\" height=\"16\" as=\"geometry\"></mxGeometry></mxCell></UserObject><UserObject placeholders=\"1\" label=\"Backend &amp; Location\" Icon-Name=\"undefined\" Badge-Text=\"\" id=\"miscdiagram_3nWxmgdEcjv_233nWxr1caxAu\"><mxCell style=\"shape=mxgraph.ibm.base;ibmType=nodep;ibmLayout=itemColor;strokeColor=#878d96;fontColor=#878d96;html=1;metaEdit=1;whiteSpace=wrap;fontFamily=IBM Plex Sans Regular;fontSize=12;align=left;verticalAlign=middle;labelPosition=center;verticalLabelPosition=middle;spacing=0;spacingLeft=0;spacingRight=0;spacingTop=0;spacingBottom=0\" parent=\"miscdiagram_3nWxmgdEcjv_213nWxr1cWvsi\" vertex=\"1\"><mxGeometry x=\"8\" y=\"56\" width=\"148\" height=\"16\" as=\"geometry\"></mxGeometry></mxCell></UserObject><UserObject placeholders=\"1\" label=\"Compute &amp; Services\" Icon-Name=\"undefined\" Badge-Text=\"\" id=\"miscdiagram_3nWxmgdEcjv_243nWxr1cLrvC\"><mxCell style=\"shape=mxgraph.ibm.base;ibmType=nodep;ibmLayout=itemColor;strokeColor=#198038;fontColor=#878d96;html=1;metaEdit=1;whiteSpace=wrap;fontFamily=IBM Plex Sans Regular;fontSize=12;align=left;verticalAlign=middle;labelPosition=center;verticalLabelPosition=middle;spacing=0;spacingLeft=0;spacingRight=0;spacingTop=0;spacingBottom=0\" parent=\"miscdiagram_3nWxmgdEcjv_213nWxr1cWvsi\" vertex=\"1\"><mxGeometry x=\"8\" y=\"80\" width=\"148\" height=\"16\" as=\"geometry\"></mxGeometry></mxCell></UserObject><UserObject placeholders=\"1\" label=\"Data &amp; Storage\" Icon-Name=\"undefined\" Badge-Text=\"\" id=\"miscdiagram_3nWxmgdEcjv_253nWxr1ciGIz\"><mxCell style=\"shape=mxgraph.ibm.base;ibmType=nodep;ibmLayout=itemColor;strokeColor=#0f62fe;fontColor=#878d96;html=1;metaEdit=1;whiteSpace=wrap;fontFamily=IBM Plex Sans Regular;fontSize=12;align=left;verticalAlign=middle;labelPosition=center;verticalLabelPosition=middle;spacing=0;spacingLeft=0;spacingRight=0;spacingTop=0;spacingBottom=0\" parent=\"miscdiagram_3nWxmgdEcjv_213nWxr1cWvsi\" vertex=\"1\"><mxGeometry x=\"8\" y=\"104\" width=\"148\" height=\"16\" as=\"geometry\"></mxGeometry></mxCell></UserObject><UserObject placeholders=\"1\" label=\"DevOps\" Icon-Name=\"undefined\" Badge-Text=\"\" id=\"miscdiagram_3nWxmgdEcjv_263nWxr1chyeb\"><mxCell style=\"shape=mxgraph.ibm.base;ibmType=nodep;ibmLayout=itemColor;strokeColor=#ee5396;fontColor=#878d96;html=1;metaEdit=1;whiteSpace=wrap;fontFamily=IBM Plex Sans Regular;fontSize=12;align=left;verticalAlign=middle;labelPosition=center;verticalLabelPosition=middle;spacing=0;spacingLeft=0;spacingRight=0;spacingTop=0;spacingBottom=0\" parent=\"miscdiagram_3nWxmgdEcjv_213nWxr1cWvsi\" vertex=\"1\"><mxGeometry x=\"8\" y=\"128\" width=\"148\" height=\"16\" as=\"geometry\"></mxGeometry></mxCell></UserObject><UserObject placeholders=\"1\" label=\"Industry\" Icon-Name=\"undefined\" Badge-Text=\"\" id=\"miscdiagram_3nWxmgdEcjv_273nWxr1cpUPo\"><mxCell style=\"shape=mxgraph.ibm.base;ibmType=nodep;ibmLayout=itemColor;strokeColor=#878d96;fontColor=#878d96;html=1;metaEdit=1;whiteSpace=wrap;fontFamily=IBM Plex Sans Regular;fontSize=12;align=left;verticalAlign=middle;labelPosition=center;verticalLabelPosition=middle;spacing=0;spacingLeft=0;spacingRight=0;spacingTop=0;spacingBottom=0\" parent=\"miscdiagram_3nWxmgdEcjv_213nWxr1cWvsi\" vertex=\"1\"><mxGeometry x=\"8\" y=\"152\" width=\"148\" height=\"16\" as=\"geometry\"></mxGeometry></mxCell></UserObject><UserObject placeholders=\"1\" label=\"Management\" Icon-Name=\"undefined\" Badge-Text=\"\" id=\"miscdiagram_3nWxmgdEcjv_283nWxr1cJoHP\"><mxCell style=\"shape=mxgraph.ibm.base;ibmType=nodep;ibmLayout=itemColor;strokeColor=#009d9a;fontColor=#878d96;html=1;metaEdit=1;whiteSpace=wrap;fontFamily=IBM Plex Sans Regular;fontSize=12;align=left;verticalAlign=middle;labelPosition=center;verticalLabelPosition=middle;spacing=0;spacingLeft=0;spacingRight=0;spacingTop=0;spacingBottom=0\" parent=\"miscdiagram_3nWxmgdEcjv_213nWxr1cWvsi\" vertex=\"1\"><mxGeometry x=\"8\" y=\"176\" width=\"148\" height=\"16\" as=\"geometry\"></mxGeometry></mxCell></UserObject><UserObject placeholders=\"1\" label=\"Network &amp; Group\" Icon-Name=\"undefined\" Badge-Text=\"\" id=\"miscdiagram_3nWxmgdEcjv_293nWxr1cfkyJ\"><mxCell style=\"shape=mxgraph.ibm.base;ibmType=nodep;ibmLayout=itemColor;strokeColor=#1192e8;fontColor=#878d96;html=1;metaEdit=1;whiteSpace=wrap;fontFamily=IBM Plex Sans Regular;fontSize=12;align=left;verticalAlign=middle;labelPosition=center;verticalLabelPosition=middle;spacing=0;spacingLeft=0;spacingRight=0;spacingTop=0;spacingBottom=0\" parent=\"miscdiagram_3nWxmgdEcjv_213nWxr1cWvsi\" vertex=\"1\"><mxGeometry x=\"8\" y=\"200\" width=\"148\" height=\"16\" as=\"geometry\"></mxGeometry></mxCell></UserObject><UserObject placeholders=\"1\" label=\"Security\" Icon-Name=\"undefined\" Badge-Text=\"\" id=\"miscdiagram_3nWxmgdEcjv_303nWxr1c6eBG\"><mxCell style=\"shape=mxgraph.ibm.base;ibmType=nodep;ibmLayout=itemColor;strokeColor=#fa4d56;fontColor=#878d96;html=1;metaEdit=1;whiteSpace=wrap;fontFamily=IBM Plex Sans Regular;fontSize=12;align=left;verticalAlign=middle;labelPosition=center;verticalLabelPosition=middle;spacing=0;spacingLeft=0;spacingRight=0;spacingTop=0;spacingBottom=0\" parent=\"miscdiagram_3nWxmgdEcjv_213nWxr1cWvsi\" vertex=\"1\"><mxGeometry x=\"8\" y=\"224\" width=\"148\" height=\"16\" as=\"geometry\"></mxGeometry></mxCell></UserObject><UserObject placeholders=\"1\" label=\"User\" Icon-Name=\"undefined\" Badge-Text=\"\" id=\"miscdiagram_3nWxmgdEcjv_313nWxr1cpsiX\"><mxCell style=\"shape=mxgraph.ibm.base;ibmType=nodep;ibmLayout=itemColor;strokeColor=#000000;fontColor=#878d96;html=1;metaEdit=1;whiteSpace=wrap;fontFamily=IBM Plex Sans Regular;fontSize=12;align=left;verticalAlign=middle;labelPosition=center;verticalLabelPosition=middle;spacing=0;spacingLeft=0;spacingRight=0;spacingTop=0;spacingBottom=0\" parent=\"miscdiagram_3nWxmgdEcjv_213nWxr1cWvsi\" vertex=\"1\"><mxGeometry x=\"8\" y=\"248\" width=\"148\" height=\"16\" as=\"geometry\"></mxGeometry></mxCell></UserObject><mxCell id=\"miscdiagram_3nWxmgdEcjv_323nWxr1cvZd4\" value=\"\" style=\"rounded=0;whiteSpace=wrap;html=1\" parent=\"miscdiagram_3nWxmgdEcjv_23nWxr1cNXwy\" vertex=\"1\"><mxGeometry x=\"72\" y=\"784\" width=\"120\" height=\"60\" as=\"geometry\"></mxGeometry></mxCell></root></mxGraphModel>","coreInfo":[{"modelType":"MiscDiagram","lastModifiedUserId":"gbbguoxa@cn.ibm.com","description":"","lastModified":"2022-05-16T02:52:41Z","_id":"miscdiagram_3nWxmgdEcjv","label":"m"}]},"aodservices_3nWwQH1zz7u":{"uiInfo":"<mxGraphModel dx=\"1138\" dy=\"512\" grid=\"1\" gridSize=\"8\" guides=\"1\" tooltips=\"1\" connect=\"1\" arrows=\"1\" fold=\"1\" page=\"1\" pageScale=\"1\" pageWidth=\"1169\" pageHeight=\"827\" background=\"#ffffff\"><root><mxCell id=\"0\" modelId=\"aodservices_3nWwQH1zz7u\"></mxCell><mxCell id=\"1\" parent=\"0\"></mxCell><mxCell id=\"aodservices_3nWwQH1zz7u_23nWx34M8CgJ\" style=\"shape=mxgraph.ibm.base;ibmType=actor;ibmLayout=collapsed;strokeColor=#0f62fe;html=1;whiteSpace=wrap;fontFamily=IBM Plex Sans;fontColor=#000000;fontSize=14;verticalAlign=top;align=center;spacing=0;spacingLeft=16;spacingRight=16;spacingTop=0;spacingBottom=4;verticalLabelPosition=bottom;labelPosition=center;metaEdit=1;strokeWidth=1;container=0;collapsible=0;recursiveResize=0;expand=0;fillColor=none;\" vertex=\"1\" modelId=\"actor_3nWx34LoCZI\" parent=\"1\"><mxGeometry x=\"114\" y=\"106\" width=\"48\" height=\"48\" as=\"geometry\"></mxGeometry></mxCell><mxCell id=\"aodservices_3nWwQH1zz7u_33nWx34MdiZ7\" style=\"shape=mxgraph.ibm.base;ibmType=actor;ibmLayout=collapsed;strokeColor=#0f62fe;html=1;whiteSpace=wrap;fontFamily=IBM Plex Sans;fontColor=#000000;fontSize=14;verticalAlign=top;align=center;spacing=0;spacingLeft=16;spacingRight=16;spacingTop=0;spacingBottom=4;verticalLabelPosition=bottom;labelPosition=center;metaEdit=1;strokeWidth=1;container=0;collapsible=0;recursiveResize=0;expand=0;fillColor=none;\" vertex=\"1\" modelId=\"actor_3nWx34M9LON\" parent=\"1\"><mxGeometry x=\"434\" y=\"218\" width=\"48\" height=\"48\" as=\"geometry\"></mxGeometry></mxCell><mxCell id=\"aodservices_3nWwQH1zz7u_43nWx34N8tnk\" style=\"shape=mxgraph.ibm.base;ibmType=groupp;ibmLayout=expanded;strokeColor=#0f62fe;html=1;whiteSpace=wrap;fontFamily=IBM Plex Sans;fontColor=#000000;fontSize=14;verticalAlign=middle;align=left;spacing=0;spacingLeft=12;spacingRight=16;spacingTop=0;spacingBottom=0;metaEdit=1;strokeWidth=1;fillColor=none;collapsible=0;recursiveResize=0;expand=0\" vertex=\"1\" modelId=\"subsystem_3nWx34NzvKa\" parent=\"1\"><mxGeometry x=\"666\" y=\"74\" width=\"240\" height=\"240\" as=\"geometry\"></mxGeometry></mxCell><mxCell id=\"aodservices_3nWwQH1zz7u_53nWx34OXml4\" style=\"shape=image;html=1;verticalLabelPosition=bottom;verticalAlign=top;image=/api/FileManagerAPIs/containers/cafiles/files/file_5874d428089c55c8.png;\" vertex=\"1\" modelId=\"actor_3nWx34OZAu3\" parent=\"1\"><mxGeometry x=\"522\" y=\"90\" width=\"65\" height=\"65\" as=\"geometry\"></mxGeometry></mxCell><mxCell id=\"aodservices_3nWwQH1zz7u_63nWx34PTDAi\" style=\"shape=mxgraph.ibm.base;ibmType=actor;ibmLayout=collapsed;strokeColor=#0f62fe;html=1;whiteSpace=wrap;fontFamily=IBM Plex Sans;fontColor=#000000;fontSize=14;verticalAlign=top;align=center;spacing=0;spacingLeft=16;spacingRight=16;spacingTop=0;spacingBottom=4;verticalLabelPosition=bottom;labelPosition=center;metaEdit=1;strokeWidth=1;container=0;collapsible=0;recursiveResize=0;expand=0;image=/api/FileManagerAPIs/containers/cafiles/files/file_5874d428089c55c8.png;iconImage=stencilIcon;fillColor=none;\" vertex=\"1\" modelId=\"actor_3nWx34PSiKh\" parent=\"1\"><mxGeometry x=\"978\" y=\"266\" width=\"48\" height=\"48\" as=\"geometry\"></mxGeometry></mxCell><mxCell id=\"aodservices_3nWwQH1zz7u_73nWx34Q0FbD\" style=\"shape=mxgraph.ibm.base;ibmType=compl;ibmLayout=expanded;strokeColor=#0f62fe;html=1;whiteSpace=wrap;fontFamily=IBM Plex Sans;fontColor=#000000;fontSize=14;verticalAlign=middle;align=left;spacing=0;spacingLeft=12;spacingRight=16;spacingTop=0;spacingBottom=0;metaEdit=1;strokeWidth=1;container=0;collapsible=0;recursiveResize=0;expand=0\" vertex=\"1\" modelId=\"logicalcomponent_3nWx34PWsXL\" parent=\"1\"><mxGeometry x=\"595\" y=\"386\" width=\"240\" height=\"48\" as=\"geometry\"></mxGeometry></mxCell><mxCell id=\"aodservices_3nWwQH1zz7u_23nWx9uVuQYl\" style=\"shape=mxgraph.ibm.base;ibmType=actor;ibmLayout=collapsed;strokeColor=#0f62fe;html=1;whiteSpace=wrap;fontFamily=IBM Plex Sans;fontColor=#000000;fontSize=14;verticalAlign=top;align=center;spacing=0;spacingLeft=16;spacingRight=16;spacingTop=0;spacingBottom=4;verticalLabelPosition=bottom;labelPosition=center;metaEdit=1;strokeWidth=1;container=0;collapsible=0;recursiveResize=0;expand=0;fillColor=none;\" vertex=\"1\" modelId=\"actor_3nWx9uU1wXn\" parent=\"1\"><mxGeometry x=\"89\" y=\"504\" width=\"48\" height=\"48\" as=\"geometry\"></mxGeometry></mxCell><mxCell id=\"aodservices_3nWwQH1zz7u_33nWx9uVmnvF\" style=\"shape=mxgraph.ibm.base;ibmType=actor;ibmLayout=collapsed;strokeColor=#0f62fe;html=1;whiteSpace=wrap;fontFamily=IBM Plex Sans;fontColor=#000000;fontSize=14;verticalAlign=top;align=center;spacing=0;spacingLeft=16;spacingRight=16;spacingTop=0;spacingBottom=4;verticalLabelPosition=bottom;labelPosition=center;metaEdit=1;strokeWidth=1;container=0;collapsible=0;recursiveResize=0;expand=0;fillColor=none;\" vertex=\"1\" modelId=\"actor_3nWx9uV1AtK\" parent=\"1\"><mxGeometry x=\"409\" y=\"616\" width=\"48\" height=\"48\" as=\"geometry\"></mxGeometry></mxCell><mxCell id=\"aodservices_3nWwQH1zz7u_43nWx9uWL76r\" style=\"shape=mxgraph.ibm.base;ibmType=groupp;ibmLayout=expanded;strokeColor=#0f62fe;html=1;whiteSpace=wrap;fontFamily=IBM Plex Sans;fontColor=#000000;fontSize=14;verticalAlign=middle;align=left;spacing=0;spacingLeft=12;spacingRight=16;spacingTop=0;spacingBottom=0;metaEdit=1;strokeWidth=1;fillColor=none;collapsible=0;recursiveResize=0;expand=0\" vertex=\"1\" modelId=\"subsystem_3nWx9uWovuU\" parent=\"1\"><mxGeometry x=\"641\" y=\"472\" width=\"240\" height=\"240\" as=\"geometry\"></mxGeometry></mxCell><mxCell id=\"aodservices_3nWwQH1zz7u_53nWx9uXR4dk\" style=\"shape=image;html=1;verticalLabelPosition=bottom;verticalAlign=top;image=/api/FileManagerAPIs/containers/cafiles/files/file_5874d428089c55c8.png;\" vertex=\"1\" modelId=\"actor_3nWx9uW7rYO\" parent=\"1\"><mxGeometry x=\"497\" y=\"488\" width=\"65\" height=\"65\" as=\"geometry\"></mxGeometry></mxCell><mxCell id=\"aodservices_3nWwQH1zz7u_63nWx9uXMwXj\" style=\"shape=mxgraph.ibm.base;ibmType=actor;ibmLayout=collapsed;strokeColor=#0f62fe;html=1;whiteSpace=wrap;fontFamily=IBM Plex Sans;fontColor=#000000;fontSize=14;verticalAlign=top;align=center;spacing=0;spacingLeft=16;spacingRight=16;spacingTop=0;spacingBottom=4;verticalLabelPosition=bottom;labelPosition=center;metaEdit=1;strokeWidth=1;container=0;collapsible=0;recursiveResize=0;expand=0;image=/api/FileManagerAPIs/containers/cafiles/files/file_5874d428089c55c8.png;iconImage=stencilIcon;fillColor=none;\" vertex=\"1\" modelId=\"actor_3nWx9uXtKdX\" parent=\"1\"><mxGeometry x=\"953\" y=\"664\" width=\"48\" height=\"48\" as=\"geometry\"></mxGeometry></mxCell><mxCell id=\"aodservices_3nWwQH1zz7u_73nWx9uYB6F5\" style=\"shape=mxgraph.ibm.base;ibmType=compl;ibmLayout=expanded;strokeColor=#0f62fe;html=1;whiteSpace=wrap;fontFamily=IBM Plex Sans;fontColor=#000000;fontSize=14;verticalAlign=middle;align=left;spacing=0;spacingLeft=12;spacingRight=16;spacingTop=0;spacingBottom=0;metaEdit=1;strokeWidth=1;container=0;collapsible=0;recursiveResize=0;expand=0\" vertex=\"1\" modelId=\"logicalcomponent_3nWx9uY5EgH\" parent=\"1\"><mxGeometry x=\"570\" y=\"784\" width=\"240\" height=\"48\" as=\"geometry\"></mxGeometry></mxCell><mxCell id=\"aodservices_3nWwQH1zz7u_83nWx9uZcY2r\" style=\"shape=mxgraph.ibm.base;ibmType=compl;ibmLayout=expanded;strokeColor=#0f62fe;html=1;whiteSpace=wrap;fontFamily=IBM Plex Sans;fontColor=#000000;fontSize=14;verticalAlign=middle;align=left;spacing=0;spacingLeft=12;spacingRight=16;spacingTop=0;spacingBottom=0;metaEdit=1;strokeWidth=1;container=0;collapsible=0;recursiveResize=0;expand=0\" vertex=\"1\" modelId=\"logicalcomponent_3nWx9uY5EgH\" parent=\"1\"><mxGeometry x=\"929\" y=\"560\" width=\"240\" height=\"48\" as=\"geometry\"></mxGeometry></mxCell><mxCell id=\"aodservices_3nWwQH1zz7u_93nWx9uZFiw6\" style=\"shape=mxgraph.ibm.base;ibmType=groupp;ibmLayout=expanded;strokeColor=#0f62fe;html=1;whiteSpace=wrap;fontFamily=IBM Plex Sans;fontColor=#000000;fontSize=14;verticalAlign=middle;align=left;spacing=0;spacingLeft=12;spacingRight=12;spacingTop=0;spacingBottom=0;metaEdit=1;strokeWidth=1;fillColor=none;collapsible=0;recursiveResize=0;expand=0;image=/api/FileManagerAPIs/containers/cafiles/files/file_a8cb9ae784706639.png;iconImage=imageIcon;verticalLabelPosition=middle;labelPosition=center\" vertex=\"1\" modelId=\"subsystem_3nWx9uZzAIL\" parent=\"1\"><mxGeometry x=\"177\" y=\"664\" width=\"240\" height=\"240\" as=\"geometry\"></mxGeometry></mxCell><mxCell id=\"aodservices_3nWwQH1zz7u_103nWx9v0CFed\" style=\"edgeStyle=orthogonalEdgeStyle;rounded=1;orthogonalLoop=1;jettySize=auto;html=1;jumpStyle=arc;jumpSize=8;entryX=0.5;entryY=0;entryDx=0;entryDy=0;entryPerimeter=0;\" edge=\"1\" modelId=\"logicalconnector_3nWx9v0HKF4\" parent=\"1\" source=\"aodservices_3nWwQH1zz7u_23nWx9uVuQYl\" target=\"aodservices_3nWwQH1zz7u_33nWx9uVmnvF\"><mxGeometry relative=\"1\" as=\"geometry\"></mxGeometry></mxCell><mxCell id=\"aodservices_3nWwQH1zz7u_113nWx9v1FOZ6\" style=\"edgeStyle=orthogonalEdgeStyle;rounded=1;orthogonalLoop=1;jettySize=auto;html=1;jumpStyle=arc;jumpSize=8;entryX=0;entryY=0.75;entryDx=0;entryDy=0;entryPerimeter=0;\" edge=\"1\" modelId=\"logicalconnector_3nWx9v1Hdje\" parent=\"1\" source=\"aodservices_3nWwQH1zz7u_53nWx9uXR4dk\" target=\"aodservices_3nWwQH1zz7u_43nWx9uWL76r\"><mxGeometry relative=\"1\" as=\"geometry\"></mxGeometry></mxCell><mxCell id=\"aodservices_3nWwQH1zz7u_123nWx9v13bwW\" style=\"edgeStyle=orthogonalEdgeStyle;rounded=1;orthogonalLoop=1;jettySize=auto;html=1;jumpStyle=arc;jumpSize=8;\" edge=\"1\" modelId=\"logicalconnector_3nWx9v1kSVW\" parent=\"1\" source=\"aodservices_3nWwQH1zz7u_73nWx9uYB6F5\" target=\"aodservices_3nWwQH1zz7u_83nWx9uZcY2r\"><mxGeometry relative=\"1\" as=\"geometry\"></mxGeometry></mxCell></root></mxGraphModel>","coreInfo":[{"modelType":"AODServices","lastModifiedUserId":"gbbguoxa@cn.ibm.com","description":"","lastModified":"2022-05-16T02:51:52Z","_id":"aodservices_3nWwQH1zz7u","label":"sv-r"},{"modelType":"SubSystem","Icon-Name":"default","Badge-Text":"","description":"","_id":"subsystem_3nWx9uZzAIL","label":"gf<div><br></div>"},{"modelType":"SubSystem","Icon-Name":"default","Badge-Text":"","description":"","_id":"subsystem_3nWx34NzvKa","label":"SubSystem"},{"modelType":"SubSystem","Icon-Name":"default","Badge-Text":"","description":"","_id":"subsystem_3nWx9uWovuU","label":"Copy of SubSystem"}]},"aoditsystem_rkgQhhV1P5":{"uiInfo":"<mxGraphModel dx=\"1138\" dy=\"516\" grid=\"1\" gridSize=\"8\" guides=\"1\" tooltips=\"1\" connect=\"1\" arrows=\"1\" fold=\"1\" page=\"1\" pageScale=\"1\" pageWidth=\"1169\" pageHeight=\"827\" background=\"#ffffff\"><root><mxCell id=\"0\" modelId=\"aoditsystem_rkgQhhV1P5\"></mxCell><mxCell id=\"1\" parent=\"0\"></mxCell><mxCell id=\"aoditsystem_rkgQhhV1P5_23nWyQOEnP8S\" style=\"shape=mxgraph.ibm.base;ibmType=groupp;ibmLayout=expanded;strokeColor=#0f62fe;html=1;whiteSpace=wrap;metaEdit=1;fontFamily=IBM Plex Sans Regular;fontSize=14;fontColor=#000000;verticalLabelPosition=middle;labelPosition=center;verticalAlign=middle;align=left;spacing=0;spacingLeft=16;spacingRight=16;spacingTop=0;spacingBottom=0;metaEdit=1;strokeWidth=1;container=0;collapsible=0;expand=0;recursiveResize=0;colorFillIcon=noColor;colorFillContainer=noColor;colorFillText=noColor;\" vertex=\"1\" modelId=\"location_3nWxHY5Sd7w\" parent=\"1\"><mxGeometry x=\"528\" y=\"64\" width=\"240\" height=\"240\" as=\"geometry\"></mxGeometry></mxCell><mxCell id=\"aoditsystem_rkgQhhV1P5_33nWyQOEdVEr\" value=\"\" style=\"rounded=0;whiteSpace=wrap;html=1\" parent=\"1\" vertex=\"1\"><mxGeometry x=\"72\" y=\"168\" width=\"120\" height=\"60\" as=\"geometry\"></mxGeometry></mxCell><mxCell id=\"aoditsystem_rkgQhhV1P5_43nWyQOE7FaE\" value=\"&lt;h1&gt;Heading&lt;/h1&gt;&lt;p&gt;Lorem ipsum dolor sit amet, consectetur adipisicing elit, sed do eiusmod tempor incididunt ut labore et dolore magna aliqua.&lt;/p&gt;\" style=\"text;html=1;strokeColor=none;fillColor=none;spacing=5;spacingTop=-20;whiteSpace=wrap;overflow=hidden;rounded=0\" parent=\"1\" vertex=\"1\"><mxGeometry x=\"296\" y=\"152\" width=\"190\" height=\"120\" as=\"geometry\"></mxGeometry></mxCell><UserObject placeholders=\"1\" label=\"collaborate\" Badge-Text=\"\" Icon-Name=\"collaborate\" id=\"aoditsystem_rkgQhhV1P5_53nWyQOETgU3\"><mxCell style=\"shape=mxgraph.ibm.base;ibmType=nodel;ibmLayout=collapsed;strokeColor=#878d96;html=1;metaEdit=1;whiteSpace=wrap;fontFamily=IBM Plex Sans Regular;fontSize=12;align=center;verticalAlign=top;labelPosition=center;verticalLabelPosition=bottom;spacing=0;spacingLeft=16;spacingRight=16;spacingTop=0;spacingBottom=4;fontColor=#000000;fillColor=none\" parent=\"1\" vertex=\"1\"><mxGeometry x=\"216\" y=\"304\" width=\"48\" height=\"48\" as=\"geometry\"></mxGeometry></mxCell></UserObject><UserObject placeholders=\"1\" label=\"user--settings\" Badge-Text=\"\" Icon-Name=\"user--settings\" id=\"aoditsystem_rkgQhhV1P5_63nWyQOEKbbS\"><mxCell style=\"shape=mxgraph.ibm.base;ibmType=nodel;ibmLayout=collapsed;strokeColor=#878d96;html=1;metaEdit=1;whiteSpace=wrap;fontFamily=IBM Plex Sans Regular;fontSize=12;align=center;verticalAlign=top;labelPosition=center;verticalLabelPosition=bottom;spacing=0;spacingLeft=16;spacingRight=16;spacingTop=0;spacingBottom=4;fontColor=#000000;fillColor=none\" parent=\"1\" vertex=\"1\"><mxGeometry x=\"400\" y=\"344\" width=\"48\" height=\"48\" as=\"geometry\"></mxGeometry></mxCell></UserObject><UserObject placeholders=\"1\" label=\"IBM Virtual Server\" Badge-Text=\"\" Icon-Name=\"instance--virtual\" id=\"aoditsystem_rkgQhhV1P5_83nWyQOEuNQ9\"><mxCell style=\"shape=mxgraph.ibm.base;ibmType=nodep;ibmLayout=expandedStack;strokeColor=#198038;fontColor=#000000;html=1;metaEdit=1;whiteSpace=wrap;fontFamily=IBM Plex Sans Regular;fontSize=12;align=left;verticalAlign=middle;labelPosition=center;verticalLabelPosition=middle;spacing=0;spacingLeft=16;spacingRight=16;spacingTop=0;spacingBottom=0;childLayout=stackLayout;horizontalStack=0;stackFill=1;marginLeft=16;marginRight=8;marginTop=64;marginBottom=8\" parent=\"1\" vertex=\"1\"><mxGeometry x=\"128\" y=\"504\" width=\"276\" height=\"120\" as=\"geometry\"></mxGeometry></mxCell></UserObject><UserObject placeholders=\"1\" label=\"ibm-redhat-8-4-minimal-amd64-1\" Icon-Name=\"linux\" Badge-Text=\"\" id=\"aoditsystem_rkgQhhV1P5_93nWyQOEkhAp\"><mxCell style=\"shape=mxgraph.ibm.base;ibmType=nodel;ibmLayout=itemIcon;strokeColor=#000000;fontColor=#000000;html=1;metaEdit=1;whiteSpace=wrap;fontFamily=IBM Plex Sans Regular;fontSize=12;align=left;verticalAlign=middle;labelPosition=center;verticalLabelPosition=middle;spacing=0;spacingLeft=0;spacingRight=0;spacingTop=0;spacingBottom=0\" parent=\"aoditsystem_rkgQhhV1P5_83nWyQOEuNQ9\" vertex=\"1\"><mxGeometry x=\"16\" y=\"64\" width=\"252\" height=\"16\" as=\"geometry\"></mxGeometry></mxCell></UserObject><UserObject placeholders=\"1\" label=\"cx2-2x4, 2 vCPU, 4 GiB, 4 Gbps\" Icon-Name=\"instance--cx\" Badge-Text=\"\" id=\"aoditsystem_rkgQhhV1P5_103nWyQOE0PVs\"><mxCell style=\"shape=mxgraph.ibm.base;ibmType=nodel;ibmLayout=itemIcon;strokeColor=#000000;fontColor=#000000;html=1;metaEdit=1;whiteSpace=wrap;fontFamily=IBM Plex Sans Regular;fontSize=12;align=left;verticalAlign=middle;labelPosition=center;verticalLabelPosition=middle;spacing=0;spacingLeft=0;spacingRight=0;spacingTop=0;spacingBottom=0\" parent=\"aoditsystem_rkgQhhV1P5_83nWyQOEuNQ9\" vertex=\"1\"><mxGeometry x=\"16\" y=\"80\" width=\"252\" height=\"16\" as=\"geometry\"></mxGeometry></mxCell></UserObject><UserObject placeholders=\"1\" label=\"100 GB, 3000 IOPS\" Icon-Name=\"boot\" Badge-Text=\"\" id=\"aoditsystem_rkgQhhV1P5_113nWyQOErJbx\"><mxCell style=\"shape=mxgraph.ibm.base;ibmType=nodel;ibmLayout=itemIcon;strokeColor=#000000;fontColor=#000000;html=1;metaEdit=1;whiteSpace=wrap;fontFamily=IBM Plex Sans Regular;fontSize=12;align=left;verticalAlign=middle;labelPosition=center;verticalLabelPosition=middle;spacing=0;spacingLeft=0;spacingRight=0;spacingTop=0;spacingBottom=0\" parent=\"aoditsystem_rkgQhhV1P5_83nWyQOEuNQ9\" vertex=\"1\"><mxGeometry x=\"16\" y=\"96\" width=\"252\" height=\"16\" as=\"geometry\"></mxGeometry></mxCell></UserObject><UserObject placeholders=\"1\" label=\"Deployment Units\" Badge-Text=\"\" Icon-Name=\"undefined\" id=\"aoditsystem_rkgQhhV1P5_123nWyQOENmwc\"><mxCell style=\"shape=mxgraph.ibm.base;ibmType=nodel;ibmLayout=expandedStack;strokeColor=#878d96;fontColor=#000000;html=1;metaEdit=1;whiteSpace=wrap;fontFamily=IBM Plex Sans Regular;fontSize=12;ibmNoIcon=1;align=left;verticalAlign=middle;labelPosition=center;verticalLabelPosition=middle;spacing=0;spacingLeft=16;spacingRight=16;spacingTop=0;spacingBottom=0;childLayout=stackLayout;horizontalStack=0;stackFill=1;marginLeft=16;marginRight=8;marginTop=64;marginBottom=8\" parent=\"1\" vertex=\"1\"><mxGeometry x=\"512\" y=\"456\" width=\"284\" height=\"200\" as=\"geometry\"></mxGeometry></mxCell></UserObject><UserObject placeholders=\"1\" label=\"Data\" Icon-Name=\"undefined\" id=\"aoditsystem_rkgQhhV1P5_133nWyQOEEWUg\"><mxCell style=\"shape=mxgraph.ibm.unit;ibmType=unitd;html=1;metaEdit=1;whiteSpace=wrap;fontFamily=IBM Plex Sans Regular;fontSize=12;ibmNoIcon=1;align=left;verticalAlign=middle;spacing=0;spacingLeft=0;spacingRight=0;spacingTop=0;spacingBottom=0\" parent=\"aoditsystem_rkgQhhV1P5_123nWyQOENmwc\" vertex=\"1\"><mxGeometry x=\"16\" y=\"64\" width=\"260\" height=\"16\" as=\"geometry\"></mxGeometry></mxCell></UserObject><UserObject placeholders=\"1\" label=\"Execution\" Icon-Name=\"undefined\" id=\"aoditsystem_rkgQhhV1P5_143nWyQOEHL7q\"><mxCell style=\"shape=mxgraph.ibm.unit;ibmType=unite;html=1;metaEdit=1;whiteSpace=wrap;fontFamily=IBM Plex Sans Regular;fontSize=12;ibmNoIcon=1;align=left;verticalAlign=middle;spacing=0;spacingLeft=0;spacingRight=0;spacingTop=0;spacingBottom=0\" parent=\"aoditsystem_rkgQhhV1P5_123nWyQOENmwc\" vertex=\"1\"><mxGeometry x=\"16\" y=\"80\" width=\"260\" height=\"16\" as=\"geometry\"></mxGeometry></mxCell></UserObject><UserObject placeholders=\"1\" label=\"Installation\" Icon-Name=\"undefined\" id=\"aoditsystem_rkgQhhV1P5_153nWyQOEb9ft\"><mxCell style=\"shape=mxgraph.ibm.unit;ibmType=uniti;html=1;metaEdit=1;whiteSpace=wrap;fontFamily=IBM Plex Sans Regular;fontSize=12;ibmNoIcon=1;align=left;verticalAlign=middle;spacing=0;spacingLeft=0;spacingRight=0;spacingTop=0;spacingBottom=0\" parent=\"aoditsystem_rkgQhhV1P5_123nWyQOENmwc\" vertex=\"1\"><mxGeometry x=\"16\" y=\"96\" width=\"260\" height=\"16\" as=\"geometry\"></mxGeometry></mxCell></UserObject><UserObject placeholders=\"1\" label=\"Presentation\" Icon-Name=\"undefined\" id=\"aoditsystem_rkgQhhV1P5_163nWyQOEYNri\"><mxCell style=\"shape=mxgraph.ibm.unit;ibmType=unitp;html=1;metaEdit=1;whiteSpace=wrap;fontFamily=IBM Plex Sans Regular;fontSize=12;ibmNoIcon=1;align=left;verticalAlign=middle;spacing=0;spacingLeft=0;spacingRight=0;spacingTop=0;spacingBottom=0\" parent=\"aoditsystem_rkgQhhV1P5_123nWyQOENmwc\" vertex=\"1\"><mxGeometry x=\"16\" y=\"112\" width=\"260\" height=\"16\" as=\"geometry\"></mxGeometry></mxCell></UserObject><UserObject placeholders=\"1\" label=\"Technical Data\" Icon-Name=\"undefined\" id=\"aoditsystem_rkgQhhV1P5_173nWyQOEnCGb\"><mxCell style=\"shape=mxgraph.ibm.unit;ibmType=unittd;html=1;metaEdit=1;whiteSpace=wrap;fontFamily=IBM Plex Sans Regular;fontSize=12;ibmNoIcon=1;align=left;verticalAlign=middle;spacing=0;spacingLeft=0;spacingRight=0;spacingTop=0;spacingBottom=0\" parent=\"aoditsystem_rkgQhhV1P5_123nWyQOENmwc\" vertex=\"1\"><mxGeometry x=\"16\" y=\"128\" width=\"260\" height=\"16\" as=\"geometry\"></mxGeometry></mxCell></UserObject><UserObject placeholders=\"1\" label=\"Technical Execution\" Icon-Name=\"undefined\" id=\"aoditsystem_rkgQhhV1P5_183nWyQOECeXj\"><mxCell style=\"shape=mxgraph.ibm.unit;ibmType=unitte;html=1;metaEdit=1;whiteSpace=wrap;fontFamily=IBM Plex Sans Regular;fontSize=12;ibmNoIcon=1;align=left;verticalAlign=middle;spacing=0;spacingLeft=0;spacingRight=0;spacingTop=0;spacingBottom=0\" parent=\"aoditsystem_rkgQhhV1P5_123nWyQOENmwc\" vertex=\"1\"><mxGeometry x=\"16\" y=\"144\" width=\"260\" height=\"16\" as=\"geometry\"></mxGeometry></mxCell></UserObject><UserObject placeholders=\"1\" label=\"Technical Installation\" Icon-Name=\"undefined\" id=\"aoditsystem_rkgQhhV1P5_193nWyQOEeRUI\"><mxCell style=\"shape=mxgraph.ibm.unit;ibmType=unitti;html=1;metaEdit=1;whiteSpace=wrap;fontFamily=IBM Plex Sans Regular;fontSize=12;ibmNoIcon=1;align=left;verticalAlign=middle;spacing=0;spacingLeft=0;spacingRight=0;spacingTop=0;spacingBottom=0\" parent=\"aoditsystem_rkgQhhV1P5_123nWyQOENmwc\" vertex=\"1\"><mxGeometry x=\"16\" y=\"160\" width=\"260\" height=\"16\" as=\"geometry\"></mxGeometry></mxCell></UserObject><UserObject placeholders=\"1\" label=\"Technical Presentation\" Icon-Name=\"undefined\" id=\"aoditsystem_rkgQhhV1P5_203nWyQOEjAWR\"><mxCell style=\"shape=mxgraph.ibm.unit;ibmType=unittp;html=1;metaEdit=1;whiteSpace=wrap;fontFamily=IBM Plex Sans Regular;fontSize=12;ibmNoIcon=1;align=left;verticalAlign=middle;spacing=0;spacingLeft=0;spacingRight=0;spacingTop=0;spacingBottom=0\" parent=\"aoditsystem_rkgQhhV1P5_123nWyQOENmwc\" vertex=\"1\"><mxGeometry x=\"16\" y=\"176\" width=\"260\" height=\"16\" as=\"geometry\"></mxGeometry></mxCell></UserObject><UserObject placeholders=\"1\" label=\"Color Legend\" id=\"aoditsystem_rkgQhhV1P5_213nWyQOEZqGG\"><mxCell style=\"shape=mxgraph.ibm.legend;ibmType=legendv;strokeColor=#878d96;fontColor=#878d96;html=1;metaEdit=1;whiteSpace=wrap;fontFamily=IBM Plex Sans Regular;fontSize=12;ibmNoIcon=1;childLayout=stackLayout;stackUnitSize=16;resizeParent=1;resizeParentMax=0;resizeLast=0;allowGaps=0;horizontalStack=0;stackFill=1;stackSpacing=8;marginLeft=8;marginRight=8;marginTop=32;marginBottom=8;noLabel=0;container=1;collapsible=0;expand=0;recursiveResize=0\" parent=\"1\" vertex=\"1\"><mxGeometry x=\"864\" y=\"168\" width=\"164\" height=\"272\" as=\"geometry\"></mxGeometry></mxCell></UserObject><UserObject placeholders=\"1\" label=\"Application\" Icon-Name=\"undefined\" Badge-Text=\"\" id=\"aoditsystem_rkgQhhV1P5_223nWyQOE7FYk\"><mxCell style=\"shape=mxgraph.ibm.base;ibmType=nodep;ibmLayout=itemColor;strokeColor=#a56eff;fontColor=#878d96;html=1;metaEdit=1;whiteSpace=wrap;fontFamily=IBM Plex Sans Regular;fontSize=12;align=left;verticalAlign=middle;labelPosition=center;verticalLabelPosition=middle;spacing=0;spacingLeft=0;spacingRight=0;spacingTop=0;spacingBottom=0\" parent=\"aoditsystem_rkgQhhV1P5_213nWyQOEZqGG\" vertex=\"1\"><mxGeometry x=\"8\" y=\"32\" width=\"148\" height=\"16\" as=\"geometry\"></mxGeometry></mxCell></UserObject><UserObject placeholders=\"1\" label=\"Backend &amp; Location\" Icon-Name=\"undefined\" Badge-Text=\"\" id=\"aoditsystem_rkgQhhV1P5_233nWyQOED9e0\"><mxCell style=\"shape=mxgraph.ibm.base;ibmType=nodep;ibmLayout=itemColor;strokeColor=#878d96;fontColor=#878d96;html=1;metaEdit=1;whiteSpace=wrap;fontFamily=IBM Plex Sans Regular;fontSize=12;align=left;verticalAlign=middle;labelPosition=center;verticalLabelPosition=middle;spacing=0;spacingLeft=0;spacingRight=0;spacingTop=0;spacingBottom=0\" parent=\"aoditsystem_rkgQhhV1P5_213nWyQOEZqGG\" vertex=\"1\"><mxGeometry x=\"8\" y=\"56\" width=\"148\" height=\"16\" as=\"geometry\"></mxGeometry></mxCell></UserObject><UserObject placeholders=\"1\" label=\"Compute &amp; Services\" Icon-Name=\"undefined\" Badge-Text=\"\" id=\"aoditsystem_rkgQhhV1P5_243nWyQOELyou\"><mxCell style=\"shape=mxgraph.ibm.base;ibmType=nodep;ibmLayout=itemColor;strokeColor=#198038;fontColor=#878d96;html=1;metaEdit=1;whiteSpace=wrap;fontFamily=IBM Plex Sans Regular;fontSize=12;align=left;verticalAlign=middle;labelPosition=center;verticalLabelPosition=middle;spacing=0;spacingLeft=0;spacingRight=0;spacingTop=0;spacingBottom=0\" parent=\"aoditsystem_rkgQhhV1P5_213nWyQOEZqGG\" vertex=\"1\"><mxGeometry x=\"8\" y=\"80\" width=\"148\" height=\"16\" as=\"geometry\"></mxGeometry></mxCell></UserObject><UserObject placeholders=\"1\" label=\"Data &amp; Storage\" Icon-Name=\"undefined\" Badge-Text=\"\" id=\"aoditsystem_rkgQhhV1P5_253nWyQOE8oM4\"><mxCell style=\"shape=mxgraph.ibm.base;ibmType=nodep;ibmLayout=itemColor;strokeColor=#0f62fe;fontColor=#878d96;html=1;metaEdit=1;whiteSpace=wrap;fontFamily=IBM Plex Sans Regular;fontSize=12;align=left;verticalAlign=middle;labelPosition=center;verticalLabelPosition=middle;spacing=0;spacingLeft=0;spacingRight=0;spacingTop=0;spacingBottom=0\" parent=\"aoditsystem_rkgQhhV1P5_213nWyQOEZqGG\" vertex=\"1\"><mxGeometry x=\"8\" y=\"104\" width=\"148\" height=\"16\" as=\"geometry\"></mxGeometry></mxCell></UserObject><UserObject placeholders=\"1\" label=\"DevOps\" Icon-Name=\"undefined\" Badge-Text=\"\" id=\"aoditsystem_rkgQhhV1P5_263nWyQOE8jhe\"><mxCell style=\"shape=mxgraph.ibm.base;ibmType=nodep;ibmLayout=itemColor;strokeColor=#ee5396;fontColor=#878d96;html=1;metaEdit=1;whiteSpace=wrap;fontFamily=IBM Plex Sans Regular;fontSize=12;align=left;verticalAlign=middle;labelPosition=center;verticalLabelPosition=middle;spacing=0;spacingLeft=0;spacingRight=0;spacingTop=0;spacingBottom=0\" parent=\"aoditsystem_rkgQhhV1P5_213nWyQOEZqGG\" vertex=\"1\"><mxGeometry x=\"8\" y=\"128\" width=\"148\" height=\"16\" as=\"geometry\"></mxGeometry></mxCell></UserObject><UserObject placeholders=\"1\" label=\"Industry\" Icon-Name=\"undefined\" Badge-Text=\"\" id=\"aoditsystem_rkgQhhV1P5_273nWyQOEF3XL\"><mxCell style=\"shape=mxgraph.ibm.base;ibmType=nodep;ibmLayout=itemColor;strokeColor=#878d96;fontColor=#878d96;html=1;metaEdit=1;whiteSpace=wrap;fontFamily=IBM Plex Sans Regular;fontSize=12;align=left;verticalAlign=middle;labelPosition=center;verticalLabelPosition=middle;spacing=0;spacingLeft=0;spacingRight=0;spacingTop=0;spacingBottom=0\" parent=\"aoditsystem_rkgQhhV1P5_213nWyQOEZqGG\" vertex=\"1\"><mxGeometry x=\"8\" y=\"152\" width=\"148\" height=\"16\" as=\"geometry\"></mxGeometry></mxCell></UserObject><UserObject placeholders=\"1\" label=\"Management\" Icon-Name=\"undefined\" Badge-Text=\"\" id=\"aoditsystem_rkgQhhV1P5_283nWyQOEBg8B\"><mxCell style=\"shape=mxgraph.ibm.base;ibmType=nodep;ibmLayout=itemColor;strokeColor=#009d9a;fontColor=#878d96;html=1;metaEdit=1;whiteSpace=wrap;fontFamily=IBM Plex Sans Regular;fontSize=12;align=left;verticalAlign=middle;labelPosition=center;verticalLabelPosition=middle;spacing=0;spacingLeft=0;spacingRight=0;spacingTop=0;spacingBottom=0\" parent=\"aoditsystem_rkgQhhV1P5_213nWyQOEZqGG\" vertex=\"1\"><mxGeometry x=\"8\" y=\"176\" width=\"148\" height=\"16\" as=\"geometry\"></mxGeometry></mxCell></UserObject><UserObject placeholders=\"1\" label=\"Network &amp; Group\" Icon-Name=\"undefined\" Badge-Text=\"\" id=\"aoditsystem_rkgQhhV1P5_293nWyQOE5ddQ\"><mxCell style=\"shape=mxgraph.ibm.base;ibmType=nodep;ibmLayout=itemColor;strokeColor=#1192e8;fontColor=#878d96;html=1;metaEdit=1;whiteSpace=wrap;fontFamily=IBM Plex Sans Regular;fontSize=12;align=left;verticalAlign=middle;labelPosition=center;verticalLabelPosition=middle;spacing=0;spacingLeft=0;spacingRight=0;spacingTop=0;spacingBottom=0\" parent=\"aoditsystem_rkgQhhV1P5_213nWyQOEZqGG\" vertex=\"1\"><mxGeometry x=\"8\" y=\"200\" width=\"148\" height=\"16\" as=\"geometry\"></mxGeometry></mxCell></UserObject><UserObject placeholders=\"1\" label=\"Security\" Icon-Name=\"undefined\" Badge-Text=\"\" id=\"aoditsystem_rkgQhhV1P5_303nWyQOEQc2W\"><mxCell style=\"shape=mxgraph.ibm.base;ibmType=nodep;ibmLayout=itemColor;strokeColor=#fa4d56;fontColor=#878d96;html=1;metaEdit=1;whiteSpace=wrap;fontFamily=IBM Plex Sans Regular;fontSize=12;align=left;verticalAlign=middle;labelPosition=center;verticalLabelPosition=middle;spacing=0;spacingLeft=0;spacingRight=0;spacingTop=0;spacingBottom=0\" parent=\"aoditsystem_rkgQhhV1P5_213nWyQOEZqGG\" vertex=\"1\"><mxGeometry x=\"8\" y=\"224\" width=\"148\" height=\"16\" as=\"geometry\"></mxGeometry></mxCell></UserObject><UserObject placeholders=\"1\" label=\"User\" Icon-Name=\"undefined\" Badge-Text=\"\" id=\"aoditsystem_rkgQhhV1P5_313nWyQOEFaZe\"><mxCell style=\"shape=mxgraph.ibm.base;ibmType=nodep;ibmLayout=itemColor;strokeColor=#000000;fontColor=#878d96;html=1;metaEdit=1;whiteSpace=wrap;fontFamily=IBM Plex Sans Regular;fontSize=12;align=left;verticalAlign=middle;labelPosition=center;verticalLabelPosition=middle;spacing=0;spacingLeft=0;spacingRight=0;spacingTop=0;spacingBottom=0\" parent=\"aoditsystem_rkgQhhV1P5_213nWyQOEZqGG\" vertex=\"1\"><mxGeometry x=\"8\" y=\"248\" width=\"148\" height=\"16\" as=\"geometry\"></mxGeometry></mxCell></UserObject><mxCell id=\"aoditsystem_rkgQhhV1P5_323nWyQOEeAqE\" value=\"\" style=\"rounded=0;whiteSpace=wrap;html=1\" parent=\"1\" vertex=\"1\"><mxGeometry x=\"72\" y=\"784\" width=\"120\" height=\"60\" as=\"geometry\"></mxGeometry></mxCell></root></mxGraphModel>","coreInfo":[{"modelType":"AODITSystem","lastModifiedUserId":"gbbguoxa@cn.ibm.com","description":"","lastModified":"2022-05-16T02:58:19Z","_id":"aoditsystem_rkgQhhV1P5","label":"m"},{"modelType":"Location","Icon-Name":"default","Badge-Text":"","description":"","_id":"location_3nWxHY5Sd7w","label":"Location"}]}}},"textual":{"instances":{"executivesummary_sHQ0LXBcy":{"coreInfo":[{"modelType":"ExecutiveSummary","lastModifiedUserId":"gbbguoxa@cn.ibm.com","description":"<img style=\"height:100px;\" src=\"/api/FileManagerAPIs/containers/cafiles/files/file_5874d428089c55c8.png\">","lastModified":"2022-05-16T02:49:42Z","_id":"executivesummary_sHQ0LXBcy","label":""}]}}},"solution_advisors":{},"iconPalettes":[],"auditLog":{"_id":"architectureauditentry_5VbJj5CRW","archId":"arch_S1IsjV1vc","archChangeLog":[{"_id":"architecturechangelog_7Lkpt9Fo6","date":"2022-05-16T02:58:46.181Z","type":"PEN_GET","user":{"email":"cogarch@us.ibm.com"}},{"_id":"architecturechangelog_Ga5bB9HNn","date":"2022-05-16T02:58:39.673Z","type":"INVITE","user":{"fullname":"Bei Bei Guo","email":"gbbguoxa@cn.ibm.com"},"viewer":[{"fullname":"JUN YI DU","email":"dujunyi@cn.ibm.com"}],"editor":[],"admin":[]},{"_id":"architecturechangelog_p8bsGLkrd","date":"2022-05-16T02:53:31.003Z","type":"CREATE_INST","user":{"fullname":"Bei Bei Guo","email":"gbbguoxa@cn.ibm.com"},"artifactTypeId":"artifacttype_355f72be-6566-3f48-8b15-c30f671d7c8f","instanceName":"m"},{"_id":"architecturechangelog_RZlPriwxz","date":"2022-05-16T02:52:20.891Z","type":"CREATE_INST","user":{"fullname":"Bei Bei Guo","email":"gbbguoxa@cn.ibm.com"},"artifactTypeId":"artifacttype_23219eb8-b210-3e5a-8621-9881bee93055","instanceName":"m","instanceId":"miscdiagram_3nWxmgdEcjv"},{"_id":"architecturechangelog_mqk9ueB_n","date":"2022-05-16T02:52:11.671Z","type":"DELETE_INST","user":{"fullname":"Bei Bei Guo","email":"gbbguoxa@cn.ibm.com"},"artifactTypeId":"artifacttype_2c548a13-6bd9-3edc-a496-0318af82f0d1","instanceName":"sv-c","instanceId":"aodservices_ryo824kP9"},{"_id":"architecturechangelog_04pobA6_b","date":"2022-05-16T02:52:03.664Z","type":"CREATE_INST","user":{"fullname":"Bei Bei Guo","email":"gbbguoxa@cn.ibm.com"},"artifactTypeId":"artifacttype_2c548a13-6bd9-3edc-a496-0318af82f0d1","instanceName":"sv-c","instanceId":"aodservices_ryo824kP9","option":"CREATE_FROM_COPY: aodservices_3nWwQH1zz7u"},{"_id":"architecturechangelog_cFaFEBq3W","date":"2022-05-16T02:50:19.484Z","type":"CREATE_INST","user":{"fullname":"Bei Bei Guo","email":"gbbguoxa@cn.ibm.com"},"artifactTypeId":"artifacttype_2c548a13-6bd9-3edc-a496-0318af82f0d1","instanceName":"sv","instanceId":"aodservices_3nWwQH1zz7u"},{"_id":"architecturechangelog_kv7ccfw1M","date":"2022-05-16T02:50:00.474Z","type":"CREATE_INST","user":{"fullname":"Bei Bei Guo","email":"gbbguoxa@cn.ibm.com"},"artifactTypeId":"artifacttype_8ca70362-e3d1-3b9c-91d1-f755d029a2e3","instanceName":"System Context","instanceId":"systemcontext_3nWwI3Mz8pU"},{"_id":"architecturechangelog_guBwEIY9G","date":"2022-05-16T02:49:42.225Z","type":"CREATE_INST","user":{"fullname":"Bei Bei Guo","email":"gbbguoxa@cn.ibm.com"},"artifactTypeId":"artifacttype_9edbd406-69fb-3a95-8b2e-58a0974b2710","instanceName":"","instanceId":"executivesummary_sHQ0LXBcy"},{"_id":"architecturechangelog_nUdsl1cneN","date":"2022-05-16T02:49:02.298Z","type":"CREATE","user":{"fullname":"Bei Bei Guo","email":"gbbguoxa@cn.ibm.com"}}]}}