{"_id":"copied_SyRuuYLeO","name":"ftvgbhnj","type":"Solution","status":"Pending","created":"2021-02-02T08:08:22Z","lastModified":"2021-02-02T08:08:22Z","includedArtifacts":[{"globalTOCPosition":"3.2","typeId":"assetartifact_functionalrequirement","_id":"copied_rJlCduYIed","artifactTypeId":"artifacttype_12eefe0a-435b-3176-8bbe-4dc928a2e4c3","type":"Functional Requirements"},{"globalTOCPosition":"5.1.4","typeId":"assetartifact_architectureoverview_usagescenario","_id":"copied_ByublyYOK8gO","artifactTypeId":"artifacttype_d118451c-0816-3aa5-8b89-3119feb4168a","type":"Usage Scenario"},{"globalTOCPosition":"1","typeId":"assetartifact_executivesummary","_id":"copied_Sy8-xyt_FLl_","artifactTypeId":"artifacttype_9edbd406-69fb-3a95-8b2e-58a0974b2710","type":"Overview"},{"globalTOCPosition":"5.1.1","typeId":"assetartifact_architectureoverview_aodservice","_id":"copied_SJreRu_KLgu","artifactTypeId":"artifacttype_2c548a13-6bd9-3edc-a496-0318af82f0d1","type":"Services View"},{"globalTOCPosition":"2.1","typeId":"assetartifact_businesschallenge","_id":"copied_H14bg1KOFIxd","artifactTypeId":"artifacttype_d1ab4a95-e05f-3882-9f19-6500fc0d3b2b","type":"Business Challenge"},{"globalTOCPosition":"5.1.3","typeId":"assetartifact_architectureoverview_itsystem","_id":"copied_Skvq1Y_F8l_","artifactTypeId":"artifacttype_355f72be-6566-3f48-8b15-c30f671d7c8f","type":"IT System View"}],"industry":[{"name":"Cross-Industry","_id":"industry_cross"}],"technology":[{"name":"Analytics","_id":"technology_analytics"},{"name":"Cognitive Computing","_id":"technology_cognitive"}],"technicalCapability":[{"name":"Integration","_id":"tech_capability_integration"}],"businessCapability":[],"client":[],"taxonomies":["Grow the top line","Modernize ways of working","Integrating apps & data"],"template":{"name":"Solution Architecture Template","description":"Default ToC","_id":"template_company_ibm","isGlobalDefaultTemplate":true},"executiveSummary":"When it comes to data, the rules of the game have changed forever. Value has shifted from how data is stored to how easily it is accessed, analyzed, and presented. The goal is to gain insights from your most valuable asset: your data.\n\nThe data and analytics architecture covers the entire data lifecycle and ensures that data is secure at every step:\n\n<br><br><b>Preparing your data</b>\n\n<br>You can prepare your data by gathering, enhancing, and migrating it by using leading-edge cognitive tools. The data can be transactional in nature. It can be structured, such as demographic or financial data, or unstructured, such as audio, video, or documentation.\n\n<br><br><b>Storing your data</b>\n\n<br>Choose the storage option that is best suited to your data. You can choose a traditional relational database management system (RDBMS) or one of several types of NoSQL databases.\n\n<br><br><b>Analyzing your data</b>\n\n<br>Solve your toughest data challenges by using the best tools and the latest expertise. Clients do not want to invest in hardware and software procurement to try out new analytics. They are looking for a low upfront cost and a broad catalog of services that can fulfill most of their requirements. Tools like IBM Data Science Experience, IBM Watson Analytics, and IBM SPSS provide a way to analyze data to gain insights, identify patterns and trends, and mine answers from volumes of data.\n\n<br><br><b>Creating your app</b>\n<br>\nBuild smarter applications with embedded intelligence so that you can make decisions based on insights that are formulated by machine learning and cognitive functions.  <br><br>For additional resources associated with the source of this asset, see - https://www.ibm.com/devops/method/content/architecture/dataAnalyticsArchitecture.","tag":[{"name":"Analytics","_id":"tag_tech_analytics"},{"name":"Data","_id":"tag_tech_data"}],"schemaVersion":"1.4","lastModifiedUser":{"_id":"glcraig@us.ibm.com","fullname":"Gary Craig","notesId":"Gary Craig","jobResponsibilities":"Consultant -- Technical Enablement","avatar":"https://w3-services1.w3-969.ibm.com/myw3/unified-profile-photo/v1/image/glcraig@us.ibm.com?def=avatar","privacyConstent":{"isAccept":true,"country":"US","acceptedDate":"2017-12-29T13:49:15.365Z"},"lastLoginDate":"2021-02-02T01:04:26.410Z","bookmarkedArchList":["copied_e46c1250_ad56_11e7_9df4_2b1f6b893765_COPY_architecture_6ce61071_8d01_11e7_a90b_697746ae2b06","architecture_ce773461_818d_11e7_88e7_21ec9eeb2850","arch_H1XLTgYRz","copied_0050ba20_ad57_11e7_971d_1dbaf50a3a74_COPY_architecture_ab8c2831_a7e8_11e7_8703_cf7fc382471f","architecture_BJpFTNPnQ","arch_SkSV-wOWV","copied_c7d6c370_a427_11e7_9030_55bdb397af46_COPY_architecture_a3903cc1_8db7_11e7_a90b_697746ae2b06","architecture_e7926e01_8ea9_11e7_931e_555f613a0ec4","copied_17e0e030_a428_11e7_b2b8_47a1ea2c680b_COPY_architecture_6dd14e01_8db5_11e7_a90b_697746ae2b06","copied_f5982c40_a427_11e7_9b2d_bf96ebf8b1f3_COPY_architecture_33869491_8dbe_11e7_a90b_697746ae2b06","copied_02fe75c0_a427_11e7_b7a9_bbced10d30d5_COPY_architecture_9abc5771_8d1a_11e7_a90b_697746ae2b06","copied_8db51540_cad1_11e7_8f42_7f117783a7ba_COPY_architecture_34a2f5f1_ca57_11e7_9424_ffa19ec0555b","copied_5d1851e0_cad1_11e7_aac7_6137b9852910_COPY_architecture_0fd89a11_c9b0_11e7_9424_ffa19ec0555b"],"chatbotToken":"f0bdad7fac6c4410845e538772982e3b","username":"glcraig@us.ibm.com","email":"glcraig@us.ibm.com","userPreference":{"defaultTemplate":"template_company_ibm","defaultGithubInfo":{"_id":null,"repoUrl":"git@github.ibm.com:glcraig/CogArch-Archives.git"}},"geographyList":["897"],"businessUnitList":["GLMKT"],"collaborationGroupList":["5b75ceb39ed6be0008efd9fd","5cdd7a31142df200086b2666","5cefa5cad2224300087412ce","5cfe3e84d222430008741419","5d136b3a81dbc100085a295f","5f3d4fd1e378d50008b62380"]},"owner":{"_id":"gbbguoxa@cn.ibm.com","fullname":"Bei Bei Guo","notesId":"Bei Bei JG Guo","jobResponsibilities":"Test Specialist","avatar":"https://w3-services1.w3-969.ibm.com/myw3/unified-profile-photo/v1/image/gbbguoxa@cn.ibm.com?def=avatar","privacyConstent":{"isAccept":true,"country":"CN","acceptedDate":"2018-10-15T06:03:35.756Z"},"lastLoginDate":"2021-02-02T08:26:48.056Z","bookmarkedArchList":["architecture_ba218421_818d_11e7_88e7_21ec9eeb2850","copied_e46c1250_ad56_11e7_9df4_2b1f6b893765_COPY_architecture_6ce61071_8d01_11e7_a90b_697746ae2b06","copied_67d74de0_a428_11e7_9d8f_c7a28270726d_COPY_architecture_96d45bf1_8d27_11e7_a90b_697746ae2b06","copied_61f15ed0_aca1_11e7_b764_25075a75175c_COPY_architecture_43936131_a941_11e7_8703_cf7fc382471f"],"chatbotToken":"d8f82972a89e48c291a082eb2d99d8fa","username":"gbbguoxa@cn.ibm.com","email":"gbbguoxa@cn.ibm.com","userPreference":{"defaultTemplate":"template_company_ibm","defaultGithubInfo":{"_id":null,"repoUrl":"git@github.com:guoliabei/ca-public.git"}},"collaborationGroupList":["5d03635081dbc100085a27d7","5f55cb36e378d50008b6248e"],"businessUnit":{"_id":"GLMKT","name":"IBM Global Markets","description":""},"geography":{"_id":"672","iot":"GCG IOT","imt_market":"Peoples Rep of China","country":"China"}},"appVersion":"3.2.0"}