{"_id":"arch_BJeB06KB1P","name":"CA_Donot_Edit_LOMResourceCopyTestSource_Cabuild","type":"Solution","status":"Pending","created":"2020-07-10T06:42:21Z","lastModified":"2020-07-10T06:42:23Z","includedArtifacts":[{"globalTOCPosition":"1","typeId":"assetartifact_executivesummary","_id":"art_rkfICaYBkv","artifactTypeId":"artifacttype_BycHOLqmI","type":"Overview"},{"globalTOCPosition":"6.1","typeId":"assetartifact_risk","_id":"art_BJb8AaKS1w","artifactTypeId":"artifacttype_S1le5HOI5XI","type":"Risks"},{"globalTOCPosition":"6.2","typeId":"assetartifact_assumption","_id":"art_Byl8CTYSJw","artifactTypeId":"artifacttype_rJbl5BOIcmU","type":"Assumptions"},{"globalTOCPosition":"5.4.1","typeId":"assetartifact_operationalmodel_logicaloperational","_id":"art_H1QI0TFByv","artifactTypeId":"artifacttype_HJ0cB_L9Q8","type":"Logical Operational View"},{"globalTOCPosition":"5.2","typeId":"assetartifact_architecturedecision","_id":"art_HJ8ApYrJw","artifactTypeId":"artifacttype_BJj5H_U9Q8","type":"Architectural Decisions"}],"industry":[{"name":"Banking & FM","_id":"industry_banking"}],"technology":[{"name":"Cloud Computing","_id":"technology_cloud"}],"technicalCapability":[],"businessCapability":[],"client":[],"taxonomies":[],"template":{"name":"Solution Architecture Template","description":"Default ToC","_id":"template_company_ibm","isGlobalDefaultTemplate":true},"executiveSummary":"cgJD11ca9a14V1D0AA6t9v17j4e","tag":[{"name":"IBM Maintenance Optimization (IMO)","_id":"tag_imo"}],"schemaVersion":"1.2","lastModifiedUser":{"_id":"xierulei@cn.ibm.com","fullname":"Rulei Xie","privacyConstent":{"isAccept":true,"country":"CN","acceptedDate":"2020-02-19T07:24:02.956Z"},"lastLoginDate":"2020-07-10T02:07:46.755Z","bookmarkedArchList":[],"username":"xierulei@cn.ibm.com","email":"xierulei@cn.ibm.com","userPreference":{"defaultTemplate":"template_company_ibm","defaultGithubInfo":{"repoUrl":"git@github.com:guoliabei/ca-public.git"}},"geographyList":[],"businessUnitList":[],"collaborationGroupList":["5e4ce7d0e9741d000726da0d"]},"owner":{"_id":"xierulei@cn.ibm.com","fullname":"Rulei Xie","privacyConstent":{"isAccept":true,"country":"CN","acceptedDate":"2020-02-19T07:24:02.956Z"},"lastLoginDate":"2020-07-10T02:07:46.755Z","bookmarkedArchList":[],"username":"xierulei@cn.ibm.com","email":"xierulei@cn.ibm.com","userPreference":{"defaultTemplate":"template_company_ibm","defaultGithubInfo":{"repoUrl":"git@github.com:guoliabei/ca-public.git"}},"collaborationGroupList":["5e4ce7d0e9741d000726da0d"]},"appVersion":"2.9.1"}