{"toc":[{"artifactTypeName":"Overview","globalTOCPosition":"1","format":"text","artifactType":"assetartifact_executivesummary","_id":"artifacttype_BycHOLqmI","displayName":"Overview","child":[],"hasContent":true},{"globalTOCPosition":"2","parentGroup":"","_id":"artifactgroup_H1_b8uUqmI","displayName":"Scope","child":[{"globalTOCPosition":"2.1","artifactTypeName":"Business Challenge","format":"text","artifactType":"assetartifact_businesschallenge","_id":"artifacttype_Hkx5SuLcQL","displayName":"Business Challenge","hasContent":false},{"artifactTypeName":"System Context","globalTOCPosition":"2.2","format":"diagram","artifactType":"assetartifact_systemcontext","_id":"artifacttype_Bk-9ruLc7L","displayName":"System Context","hasContent":false}]},{"globalTOCPosition":"3","parentGroup":"","_id":"artifactgroup_r1KZ8OUc78","displayName":"Requirement","child":[{"globalTOCPosition":"3.1","parentGroup":"artifactgroup_r1KZ8OUc78","_id":"artifactgroup_HkqbIdUq7L","displayName":"Use Case Model","child":[{"globalTOCPosition":"3.1.1","artifactTypeName":"Use Case Diagram","format":"diagram","artifactType":"assetartifact_usecase_ucdiagram","_id":"artifacttype_B1zqruL5mL","displayName":"Use Case Diagram","hasContent":false},{"artifactTypeName":"Use Case","globalTOCPosition":"3.1.2","format":"text","artifactType":"assetartifact_usecase_uctext","_id":"artifacttype_rJX9SuIqXU","displayName":"Use Case","hasContent":false}]},{"globalTOCPosition":"3.2","artifactTypeName":"Functional Requirements","format":"text","artifactType":"assetartifact_functionalrequirement","_id":"artifacttype_SJV5SOUqmU","displayName":"Functional Requirements","hasContent":false},{"globalTOCPosition":"3.3","artifactTypeName":"Non Functional Requirements","format":"text","artifactType":"assetartifact_nonfunctionalrequirement","_id":"artifacttype_ryH9BOU9m8","displayName":"Non Functional Requirements","hasContent":false}]},{"globalTOCPosition":"4","parentGroup":"","_id":"artifactgroup_BJi-LuUcQ8","displayName":"Data Model","child":[{"globalTOCPosition":"4.1","artifactTypeName":"Logical Data Model","format":"diagram","artifactType":"assetartifact_logical_datamodel","_id":"artifacttype_HJU9B_UcQI","displayName":"Logical Data Model","hasContent":false}]},{"globalTOCPosition":"5","parentGroup":"","_id":"artifactgroup_B1NWLdUcXI","displayName":"Architecture","child":[{"globalTOCPosition":"5.1","parentGroup":"artifactgroup_B1NWLdUcXI","_id":"artifactgroup_rkSZIO8cQU","displayName":"Architecture Overview","child":[{"artifactTypeName":"Services View","globalTOCPosition":"5.1.1","format":"diagram","artifactType":"assetartifact_architectureoverview_aodservice","_id":"artifacttype_Hkv5SOLc78","displayName":"Services View","hasContent":false},{"artifactTypeName":"Enterprise View","globalTOCPosition":"5.1.2","format":"diagram","artifactType":"assetartifact_architectureoverview_enterprise","_id":"artifacttype_ryucruL5m8","displayName":"Enterprise View","hasContent":false},{"artifactTypeName":"IT System View","globalTOCPosition":"5.1.3","format":"diagram","artifactType":"assetartifact_architectureoverview_itsystem","_id":"artifacttype_S1tcBdLqQL","displayName":"IT System View","hasContent":false},{"artifactTypeName":"Usage Scenario","globalTOCPosition":"5.1.4","format":"diagram","artifactType":"assetartifact_architectureoverview_usagescenario","_id":"artifacttype_HJ5qB_LqXI","displayName":"Usage Scenario","hasContent":false}]},{"globalTOCPosition":"5.2","artifactTypeName":"Architectural Decisions","format":"text","artifactType":"assetartifact_architecturedecision","_id":"artifacttype_BJj5H_U9Q8","displayName":"Architectural Decisions","parentGroup":"artifactgroup_B1NWLdUcXI","child":[],"hasContent":true},{"globalTOCPosition":"5.3","parentGroup":"artifactgroup_B1NWLdUcXI","_id":"artifactgroup_BkvbL_U5Q8","displayName":"Component Model","child":[{"artifactTypeName":"Static View","globalTOCPosition":"5.3.1","format":"diagram","artifactType":"assetartifact_componentmodel_staticview","_id":"artifacttype_Hkn5HO8qQI","displayName":"Static View","hasContent":false},{"artifactTypeName":"Dynamic View","globalTOCPosition":"5.3.2","format":"diagram","artifactType":"assetartifact_componentmodel_dynamicview","_id":"artifacttype_rJ6qSdI5QU","displayName":"Dynamic View","hasContent":false}]},{"globalTOCPosition":"5.4","parentGroup":"artifactgroup_B1NWLdUcXI","_id":"artifactgroup_HyeW8u89QI","displayName":"Operational Model","child":[{"globalTOCPosition":"5.4.1","artifactTypeName":"Logical Operational View","format":"diagram","artifactType":"assetartifact_operationalmodel_logicaloperational","_id":"artifacttype_HJ0cB_L9Q8","displayName":"Logical Operational View","hasContent":true},{"globalTOCPosition":"5.4.2","artifactTypeName":"Physical Operational View","format":"diagram","artifactType":"assetartifact_operationalmodel_physicaloperational","_id":"artifacttype_BkyeqBdIcQL","displayName":"Physical Operational View","hasContent":false}]}]},{"globalTOCPosition":"6","parentGroup":"","_id":"artifactgroup_HkZbIOUc7L","displayName":"RAID","child":[{"artifactTypeName":"Risks","globalTOCPosition":"6.1","format":"text","artifactType":"assetartifact_risk","_id":"artifacttype_S1le5HOI5XI","displayName":"Risks","hasContent":true},{"artifactTypeName":"Assumptions","globalTOCPosition":"6.2","format":"text","artifactType":"assetartifact_assumption","_id":"artifacttype_rJbl5BOIcmU","displayName":"Assumptions","hasContent":true},{"artifactTypeName":"Issues","globalTOCPosition":"6.3","format":"text","artifactType":"assetartifact_issue","_id":"artifacttype_S1Gx5B_LqQU","displayName":"Issues","hasContent":false},{"globalTOCPosition":"6.4","artifactTypeName":"assetartifact_dependency","format":"text","artifactType":"assetartifact_dependency","_id":"artifacttype_rJmx9HdIqX8","displayName":"Dependencies","hasContent":false}]},{"globalTOCPosition":"7","artifactTypeName":"Architectural Principles","format":"text","artifactType":"assetartifact_architecture_principles","_id":"artifacttype_ryVeqr_8qX8","displayName":"Architectural Principles","child":[],"hasContent":false},{"artifactTypeName":"Notes","globalTOCPosition":"8","format":"text","artifactType":"assetartifact_notes","_id":"artifacttype_SJrxcH_8qQI","displayName":"Notes","child":[],"hasContent":false}],"toc_cards":{"executivesummary":{"artifacttype_BycHOLqmI":["executivesummary_HyeBAR86WB_BJBCTtHkw"]},"assumption":{"artifacttype_rJbl5BOIcmU":["assumption_rye2BWRBqS_BJBCTtHkw"]},"risk":{"artifacttype_S1le5HOI5XI":["risk_rkxth9qPer_BJBCTtHkw"]},"lomViews":{"artifacttype_HJ0cB_L9Q8":[{"additionalInfo":{},"_id":"lomview_1MXKuDJtNbP_BJBCTtHkw","name":"ResourceCopy_LOM","description":"","lastModifiedInfo":{"userId":"xierulei@cn.ibm.com","date":"2020-07-10T06:42:22Z"}}]},"architecturaldecision":{"artifacttype_BJj5H_U9Q8":["architecturaldecision_Syl273SraS_BJBCTtHkw"]},"businesschallenge":{"artifacttype_Hkx5SuLcQL":[]},"systemContext":{"artifacttype_Bk-9ruLc7L":[]},"useCaseViews":{"artifacttype_B1zqruL5mL":[]},"usecasetext":{"artifacttype_rJX9SuIqXU":[]},"functionalrequirement":{"artifacttype_SJV5SOUqmU":[]},"nonfunctionalrequirement":{"artifacttype_ryH9BOU9m8":[]},"logicalERD":{"artifacttype_HJU9B_UcQI":[]},"aodServices":{"artifacttype_Hkv5SOLc78":[]},"aodEnterprises":{"artifacttype_ryucruL5m8":[]},"aodITSystems":{"artifacttype_S1tcBdLqQL":[]},"aodUsageScenarios":{"artifacttype_HJ5qB_LqXI":[]},"cmStaticViews":{"artifacttype_Hkn5HO8qQI":[]},"cmDynamicViews":{"artifacttype_rJ6qSdI5QU":[]},"lomPhysicalViews":{"artifacttype_BkyeqBdIcQL":[]},"issue":{"artifacttype_S1Gx5B_LqQU":[]},"dependency":{"artifacttype_rJmx9HdIqX8":[]},"architectureprinciple":{"artifacttype_ryVeqr_8qX8":[]},"notes":{"artifacttype_SJrxcH_8qQI":[]}},"combined":{"coreInfo":[{"modelType":"DU","description":"","_id":"du_1MXKGCf3ZIY_BJBCTtHkw","type":"Executable","level":"Functional","label":"2_DU_ResourceCopy","children":"logicalcomponent_1MXKLjrQ8yb_BJBCTtHkw"},{"modelType":"LogicalComponent","description":"","_id":"logicalcomponent_1MXKLjrQ8yb_BJBCTtHkw","level":"Application","label":"3_LC_ResourceCopy"},{"modelType":"OMLocation","description":"","_id":"omlocation_1MXKACibHGB_BJBCTtHkw","cardinality":"1","label":"OMLocation","children":"logicalnode_1MXKBfj5Cmm_BJBCTtHkw"},{"modelType":"LogicalNode","description":"","_id":"logicalnode_1MXKBfj5Cmm_BJBCTtHkw","cardinality":"1","label":"1_LN_ResourceCopy","children":"du_1MXKGCf3ZIY_BJBCTtHkw"}]},"textual":{"instances":{"executivesummary_HyeBAR86WB_BJBCTtHkw":{"coreInfo":[{"modelType":"ExecutiveSummary","lastModifiedUserId":"xierulei@cn.ibm.com","description":"cgJD11ca9a14V1D0AA6t9v17j4e","_id":"executivesummary_HyeBAR86WB_BJBCTtHkw","lastModified":"2020-07-10T06:42:21Z","label":""}]},"assumption_rye2BWRBqS_BJBCTtHkw":{"coreInfo":[{"modelType":"Assumption","lastModifiedUserId":"xierulei@cn.ibm.com","lastModified":"2020-07-10T06:42:21Z","_id":"assumption_rye2BWRBqS_BJBCTtHkw","label":"jmVEc"}]},"risk_rkxth9qPer_BJBCTtHkw":{"coreInfo":[{"modelType":"Risk","lastModifiedUserId":"xierulei@cn.ibm.com","lastModified":"2020-07-10T06:42:21Z","_id":"risk_rkxth9qPer_BJBCTtHkw","label":"9iyO1"}]},"architecturaldecision_Syl273SraS_BJBCTtHkw":{"coreInfo":[{"modelType":"ArchitecturalDecision","lastUpdated":"2019-12-04","lastModifiedUserId":"xierulei@cn.ibm.com","_id":"architecturaldecision_Syl273SraS_BJBCTtHkw","lastModified":"2020-07-10T06:42:21Z","status":"proposed","label":"i0P3g","ad_id":"eMR"}]}}},"diagram":{"instances":{"lomview_1MXKuDJtNbP_BJBCTtHkw":{"uiInfo":"<mxGraphModel dx=\"881\" dy=\"506\" grid=\"1\" gridSize=\"10\" guides=\"1\" tooltips=\"1\" connect=\"1\" arrows=\"1\" fold=\"1\" page=\"1\" pageScale=\"1\" pageWidth=\"1169\" pageHeight=\"827\" background=\"#ffffff\"><root><mxCell id=\"0\" modelId=\"lomview_1MXKuDJtNbP_BJBCTtHkw\"></mxCell><mxCell id=\"1\" parent=\"0\"></mxCell><mxCell id=\"lomview_1MXKuDJtNbP_21MXKCanroEF\" style=\"shape=corner;whiteSpace=wrap;html=1;fillColor=none;container=1;align=center;verticalAlign=top;strokeWidth=4;strokeColor=#CCCCCC;dx=450;dy=300;\" vertex=\"1\" modelId=\"omlocation_1MXKACibHGB_BJBCTtHkw\" parent=\"1\"><mxGeometry x=\"300\" y=\"300\" width=\"450\" height=\"300\" as=\"geometry\"></mxGeometry></mxCell><mxCell id=\"lomview_1MXKuDJtNbP_31MXKCanIA5d\" style=\"swimlane;fontStyle=0;childLayout=stackLayout;horizontal=1;startSize=26;horizontalStack=0;resizeParent=1;resizeParentMax=0;resizeLast=0;collapsible=1;marginBottom=0;swimlaneFillColor=#ffffff;\" vertex=\"1\" modelId=\"logicalnode_1MXKBfj5Cmm_BJBCTtHkw\" parent=\"lomview_1MXKuDJtNbP_21MXKCanroEF\"><mxGeometry x=\"50\" y=\"50\" width=\"140\" height=\"50\" as=\"geometry\"></mxGeometry></mxCell></root></mxGraphModel>","coreInfo":[{"modelType":"LOMView","lastModifiedUserId":"xierulei@cn.ibm.com","description":"","_id":"lomview_1MXKuDJtNbP_BJBCTtHkw","lastModified":"2020-07-10T06:42:22Z","label":"ResourceCopy_LOM"},{"modelType":"OMLocation","description":"","_id":"omlocation_1MXKACibHGB_BJBCTtHkw","cardinality":"1","label":"OMLocation","children":"logicalnode_1MXKBfj5Cmm_BJBCTtHkw"}]}}},"solution_advisors":{},"auditLog":{"_id":"architectureauditentry_oZLoynS8e","archId":"arch_BJeB06KB1P","archChangeLog":[{"_id":"architecturechangelog_VZ6noj0KB2","date":"2020-07-10T06:42:24.105Z","type":"CREATE","user":{"fullname":"Rulei Xie","email":"xierulei@cn.ibm.com"}}]}}