{"_id":"arch_rk_50jfAP","name":"arch 0106","type":"Solution","status":"Pending","created":"2021-01-06T03:29:20Z","lastModified":"2021-01-06T07:54:30Z","includedArtifacts":[{"globalTOCPosition":"8","typeId":"assetartifact_miscdiagram","_id":"art_BkzkKqpGRw","artifactTypeId":"artifacttype_23219eb8-b210-3e5a-8621-9881bee93055","type":"Misc Diagram"},{"globalTOCPosition":"4.1","typeId":"assetartifact_logical_datamodel","_id":"art_BJeyFqTGCP","artifactTypeId":"artifacttype_246bc46f-0286-3ad4-bf01-679592db59c7","type":"Logical Data Model"},{"globalTOCPosition":"5.3.1","typeId":"assetartifact_componentmodel_staticview","_id":"art_SynC_qafRw","artifactTypeId":"artifacttype_4a44b8fa-5057-3826-84d7-169a6fc1f2ed","type":"Static View"},{"globalTOCPosition":"5.4.2","typeId":"assetartifact_operationalmodel_physicaloperational","_id":"art_HyIROcpGRP","artifactTypeId":"artifacttype_7503dbb1-18f7-36ac-ad12-98d977ef3d0d","type":"Prescribed Operational View"},{"globalTOCPosition":"5.4.1","typeId":"assetartifact_operationalmodel_logicaloperational","_id":"art_B1PpO5pGCD","artifactTypeId":"artifacttype_5ca43d50-d7da-322f-a1b0-f65b0c12b2c8","type":"Logical Operational View"},{"globalTOCPosition":"3.2","typeId":"assetartifact_functionalrequirement","_id":"art_HkQKu5TGRP","artifactTypeId":"artifacttype_12eefe0a-435b-3176-8bbe-4dc928a2e4c3","type":"Functional Requirements"},{"globalTOCPosition":"5.1.4","typeId":"assetartifact_architectureoverview_usagescenario","_id":"art_SJZdd5azCP","artifactTypeId":"artifacttype_d118451c-0816-3aa5-8b89-3119feb4168a","type":"Usage Scenario"},{"globalTOCPosition":"5.1.3","typeId":"assetartifact_architectureoverview_itsystem","_id":"art_ryJ456GRD","artifactTypeId":"artifacttype_355f72be-6566-3f48-8b15-c30f671d7c8f","type":"IT System View"},{"globalTOCPosition":"5.1.2","typeId":"assetartifact_architectureoverview_enterprise","_id":"art_SJgA75TzAP","artifactTypeId":"artifacttype_16bfe592-ae95-371c-9f64-3a881b667707","type":"Enterprise View"},{"globalTOCPosition":"5.1.1","typeId":"assetartifact_architectureoverview_aodservice","_id":"art_ByESMq6MAP","artifactTypeId":"artifacttype_2c548a13-6bd9-3edc-a496-0318af82f0d1","type":"Services View"},{"globalTOCPosition":"3.1.1","typeId":"assetartifact_usecase_ucdiagram","_id":"art_HyBlrWqTfAv","artifactTypeId":"artifacttype_cde39d5e-c892-3093-ab3d-bad448acb8a0","type":"Use Case Diagram"},{"globalTOCPosition":"3.1.2","typeId":"assetartifact_usecase_uctext","_id":"art_BJ-Eg9pGRw","artifactTypeId":"artifacttype_dde4b71c-82db-3f66-964a-3a04fbf56dff","type":"Use Case"},{"globalTOCPosition":"5.2","typeId":"assetartifact_architecturedecision","_id":"art_r1Lx2yqazRP","artifactTypeId":"artifacttype_fddae3fa-aafa-32af-94a4-bc3e1ed255cc","type":"Architectural Decisions"},{"globalTOCPosition":"7","typeId":"assetartifact_architecture_principles","_id":"art_rJfl3y9TfCw","artifactTypeId":"artifacttype_92ccfc5d-c31a-349d-97c0-6d75c8841a8a","type":"Architectural Principles"},{"globalTOCPosition":"3.3","typeId":"assetartifact_nonfunctionalrequirement","_id":"art_r1A3k5af0v","artifactTypeId":"artifacttype_f0eebd79-15c9-3ebc-a73b-8efc3f634f59","type":"Non Functional Requirements"},{"globalTOCPosition":"1","typeId":"assetartifact_executivesummary","_id":"art_r1j3y5TM0v","artifactTypeId":"artifacttype_9edbd406-69fb-3a95-8b2e-58a0974b2710","type":"Overview"},{"globalTOCPosition":"2.1","typeId":"assetartifact_businesschallenge","_id":"art_Synkqaf0v","artifactTypeId":"artifacttype_d1ab4a95-e05f-3882-9f19-6500fc0d3b2b","type":"Business Challenge"},{"globalTOCPosition":"6.1","typeId":"assetartifact_risk","_id":"art_SyVjy9afAv","artifactTypeId":"artifacttype_94622837-e58f-34c3-9263-8260b69601c8","type":"Risks"},{"globalTOCPosition":"2.2","typeId":"assetartifact_systemcontext","_id":"art_HJfsyqTf0w","artifactTypeId":"artifacttype_8ca70362-e3d1-3b9c-91d1-f755d029a2e3","type":"System Context"},{"globalTOCPosition":"6.3","typeId":"assetartifact_issue","_id":"art_ryZjkc6GAv","artifactTypeId":"artifacttype_f4d01807-f847-3ccd-87a2-32877074295e","type":"Issues"},{"globalTOCPosition":"6.4","typeId":"assetartifact_dependency","_id":"art_r1esk5Tf0w","artifactTypeId":"artifacttype_9c5463b3-5c9e-3790-86cb-9b8866cc062a","type":"Dependencies"},{"globalTOCPosition":"6.2","typeId":"assetartifact_assumption","_id":"art_rki15Tf0w","artifactTypeId":"artifacttype_2142b656-62ba-304d-95d4-77b1b144e5e1","type":"Assumptions"},{"globalTOCPosition":"9","typeId":"assetartifact_notes","_id":"art_HkIiRozRw","artifactTypeId":"artifacttype_02226b19-474e-37a6-ab39-d9bb31767fb5","type":"Notes"}],"industry":[{"name":"Aerospace and Defense","_id":"industry_aerospace"}],"technology":[{"name":"Cloud Computing","_id":"technology_cloud"},{"name":"Analytics","_id":"technology_analytics"}],"technicalCapability":[],"businessCapability":[],"client":[],"taxonomies":["Reduce business costs","Grow the top line","IT Costs","Unreliable IT"],"template":{"name":"Solution Architecture Template","description":"Default ToC","_id":"template_company_ibm","isGlobalDefaultTemplate":true},"executiveSummary":"COVID-19 Critical Care Consortium<br><div><br></div><div>In response to the COVID-19 outbreak and to assist in pandemic planning globally, a research collaborative has been assembled with the objective to rapidly deliver the most valuable parameters to the hands of front line health workers, which would include key clinical features important to assist in clinical decision-making. The aim is to equip doctors worldwide with the most up to date and in-depth knowledge in their fight against COVID-19.</div><div><br></div><div>The COVID-19 Critical Care Consortium is the largest international consortium into the study of ICU COVID-19 patient data and is run out of Brisbane, Australia.</div><div><br></div><div>The COVID-19 Critical Care Consortium study is led by the Critical Care Research Group, based at The University of Queensland and The Prince Charles Hospital. It is supported by The Prince Charles Hospital Foundation, The Wesley Medical Research, Queensland Health and ISARIC (International Severe Acute Respiratory and emerging Infection Consortium).</div><div><br></div><div>University of Queensland researcher Professor John Fraser, a pre-eminent specialist at The Prince Charles Hospital and Director of ICU at Brisbane’s St Andrews Hospital, is leading the study.<br></div><br>The consortium currently consists of over 300 hospitals and centres from 45 countries spanning six continents, and the study is now collecting key data to monitor respiratory, cardiac, renal and neurological function of patients in ICU and clinicians’ use of a variety of interventions.<br><div><br></div><div>To date, the study has been delivering data visualisation to Researchers using a capability created by University of Queensland's Faculty of Science. The analytics tool enabled data analysts to create predictive models and easily access information to guide medical workers on ICU treatments for the most vulnerable patients. This tool exhibited limitations with respect to deployment (desktop installation) and user types &amp; uses (researchers at workstations) making it unsuitable for global delivery to a different user cohort (clinicians) seeking consumable insights in a mobile setting, warranting a new application delivery approach.<br></div><div><br></div><div>Additionally, the consortium currently includes IBM Global Business Services (GBS) for the provision of an an interactive data visualisation tool to support the display of existing patient data to ICU clinicians and Amazon are providing the delivery of Alexa data-ingestion devices for data capture.</div><div><br></div><div>GBS has undertaken an analysis of  users needs and developed a wire frame to guide application development. is currently developing the data visualisation tool as a mobile application. <br></div><div><br></div><div>The initiative has now moved to the next stage - the development of the reimagined applications for clinicians.<br></div><div><br></div><div>Through the new visualisation tool, intensive care clinicians will be able to access real-time data on ICU patients, with researchers aiming to analyse potentially tens of thousands of patients on six continents, to see which COVID-19 treatments work best. Clinicians will use the new tool to quickly record and share key clinical features, including a range of pulmonary, cardiological, neurological and renal measures, as well as the use of mechanical ventilation and ECMO (artificial heart/lung machine), duration of stay in ICU, and survival rates.</div><div><br></div><div>A future phase is for the UQ 'researcher' system to be modernised within a broadened clinician system to cater for the needs of both user cohorts.<br></div><div><br></div><div>Common is the source of the data. For the above visualisation tools, data for the system is managed by University of Queensland. Data is sourced from across the globe, with the initial data set being supplied by Oxford University, form which UQ extracts a subset.</div><div><br></div>","tag":[{"name":"Cognitive Products and Services","_id":"tag_cognitive_products_services"},{"name":"Channel Transformation","_id":"tag_channell_transformation"},{"name":"Financial Crimes Prevention","_id":"tag_financial_crimes_prevention"},{"name":"Customer understanding & interactive engagement","_id":"tag_customer_understanding_interactive_engagement"}],"schemaVersion":"1.4","lastModifiedUser":{"_id":"xierulei@cn.ibm.com","fullname":"RU LEI XIE","notesId":"Ru Lei Xie","jobResponsibilities":"STAFF SOFTWARE ENGINEER","avatar":"https://w3-services1.w3-969.ibm.com/myw3/unified-profile-photo/v1/image/xierulei@cn.ibm.com?def=avatar","privacyConstent":{"isAccept":true,"country":"CN","acceptedDate":"2019-06-06T03:02:25.804Z"},"lastLoginDate":"2021-01-06T06:12:55.104Z","bookmarkedArchList":["arch_SkSV-wOWV","architecture_BJpFTNPnQ","architecture_HJjqOxbZw"],"chatbotToken":"5405a57a295149c1b613cab21a80f481","username":"xierulei@cn.ibm.com","email":"xierulei@cn.ibm.com","userPreference":{"defaultTemplate":"template_company_ibm","defaultGithubInfo":{"_id":null,"repoUrl":"https://github.com/guoliabei/ca-public.git"}},"geographyList":["672"],"businessUnitList":["GBS"],"collaborationGroupList":["5ede41230ad2e20008c6c7bf"]},"owner":{"_id":"xierulei@cn.ibm.com","fullname":"RU LEI XIE","notesId":"Ru Lei Xie","jobResponsibilities":"STAFF SOFTWARE ENGINEER","avatar":"https://w3-services1.w3-969.ibm.com/myw3/unified-profile-photo/v1/image/xierulei@cn.ibm.com?def=avatar","privacyConstent":{"isAccept":true,"country":"CN","acceptedDate":"2019-06-06T03:02:25.804Z"},"lastLoginDate":"2021-01-06T06:12:55.104Z","bookmarkedArchList":["arch_SkSV-wOWV","architecture_BJpFTNPnQ","architecture_HJjqOxbZw"],"chatbotToken":"5405a57a295149c1b613cab21a80f481","username":"xierulei@cn.ibm.com","email":"xierulei@cn.ibm.com","userPreference":{"defaultTemplate":"template_company_ibm","defaultGithubInfo":{"_id":null,"repoUrl":"https://github.com/guoliabei/ca-public.git"}},"collaborationGroupList":["5ede41230ad2e20008c6c7bf"],"businessUnit":{"_id":"GBS","name":"Global Business Services","description":""},"geography":{"_id":"672","iot":"GCG IOT","imt_market":"Peoples Rep of China","country":"China"}},"appVersion":"3.1.0"}