{"_id":"arch_rkKVJ_tHO","name":"TeamSD on prod","type":"Solution","status":"Pending","created":"2021-04-06T05:18:40Z","lastModified":"2021-04-06T05:25:52Z","includedArtifacts":[{"globalTOCPosition":"2","typeId":"assetartifact_miscdiagram","_id":"art_SyGZCJOtSO","artifactTypeId":"artifacttype_c43b64af-1b18-3e14-8033-aa29aeaf90a2","type":"Persona"},{"globalTOCPosition":"8","typeId":"assetartifact_miscdiagram","_id":"art_Byx-A1uKrO","artifactTypeId":"artifacttype_7c9d89b3-8aae-3437-9700-4a66b5646209","type":"Misc Diagram"},{"globalTOCPosition":"4.1","typeId":"assetartifact_functionalrequirement","_id":"art_HkSxRJOYHd","artifactTypeId":"artifacttype_f4a501fb-3d89-3d52-b0a8-0efddb076746","type":"Functional Requirements (req matrix)"},{"globalTOCPosition":"5.1.3","typeId":"assetartifact_architectureoverview_usagescenario","_id":"art_rJZlCkOYHd","artifactTypeId":"artifacttype_ea08aa06-5f07-393a-89ee-945b86f0106d","type":"Usage Scenario"},{"globalTOCPosition":"5.1.2","typeId":"assetartifact_architectureoverview_itsystem","_id":"art_H1jRpkOFS_","artifactTypeId":"artifacttype_f0c104d0-8416-3d81-94bf-ef7a718b8080","type":"AOD - IT System View (Operational)"},{"globalTOCPosition":"5.1.1","typeId":"assetartifact_architectureoverview_aodservice","_id":"art_Sk9nT1_FHu","artifactTypeId":"artifacttype_ea2c1eeb-ed45-366c-b5ca-ab3f49c74ed9","type":"AOD - Service View (Functional)"},{"globalTOCPosition":"9","typeId":"assetartifact_notes","_id":"art_B1Qn6yOtrO","artifactTypeId":"artifacttype_96d41fb8-af74-3500-a978-545cd8dc3aa7","type":"Notes (Other)"},{"globalTOCPosition":"6.1","typeId":"assetartifact_notes","_id":"art_Hy-hpydKrd","artifactTypeId":"artifacttype_e937804b-b1c8-3c00-a620-44246386b736","type":"Ideation - Prioritization Grid - Hills"},{"globalTOCPosition":"6.2","typeId":"assetartifact_notes","_id":"art_BJ26kOYHd","artifactTypeId":"artifacttype_5dcb2d23-cf75-38de-9a3a-3b3c09223793","type":"Playback 0"},{"globalTOCPosition":"1","typeId":"assetartifact_executivesummary","_id":"art_Hyo9p1OKH_","artifactTypeId":"artifacttype_f24cb85a-9d21-3240-9576-735be791ce70","type":"Overview"},{"globalTOCPosition":"5.2","typeId":"assetartifact_architecturedecision","_id":"art_BkY961_FSd","artifactTypeId":"artifacttype_e3f3b237-9ae3-31d6-805e-bcd37e7dc06c","type":"Architectural Decisions"},{"globalTOCPosition":"4.2","typeId":"assetartifact_nonfunctionalrequirement","_id":"art_rJvqaJdFB_","artifactTypeId":"artifacttype_19718d5e-83d2-3b28-8ce0-1f9598f36fa5","type":"NFRs"},{"globalTOCPosition":"7.4","typeId":"assetartifact_dependency","_id":"art_BkS9T1OYB_","artifactTypeId":"artifacttype_700e2120-84d2-30d4-8fe7-af9d0f87befb","type":"Dependencies"},{"globalTOCPosition":"7.3","typeId":"assetartifact_issue","_id":"art_rJX5ayOFr_","artifactTypeId":"artifacttype_68fbaa55-fcf6-3ea8-b663-3643fbeeec47","type":"Issues"},{"globalTOCPosition":"7.2","typeId":"assetartifact_assumption","_id":"art_rkx961_tHu","artifactTypeId":"artifacttype_9fe69540-b788-3775-81eb-66856ebd79a9","type":"Assumptions"},{"globalTOCPosition":"3.2","typeId":"assetartifact_systemcontext","_id":"art_BkqTJOtS_","artifactTypeId":"artifacttype_085159e8-8f8c-3ace-827f-064d0f0f88a2","type":"System Context"},{"globalTOCPosition":"7.1","typeId":"assetartifact_risk","_id":"art_S1LF61dtS_","artifactTypeId":"artifacttype_cd02d8d6-20f6-3ed5-987a-7aca5d1a4f34","type":"Risks"},{"globalTOCPosition":"3.1","typeId":"assetartifact_businesschallenge","_id":"art_SkSKpyOKHd","artifactTypeId":"artifacttype_e95983f2-057a-3339-a2f5-647dd4d82ad8","type":"Business Challenge"}],"industry":[{"name":"Aerospace and Defense","_id":"industry_aerospace"}],"technology":[{"name":"Analytics","_id":"technology_analytics"}],"technicalCapability":[],"businessCapability":[],"client":[{"name":"cew","_id":"client_H1bt4kuYHu"}],"taxonomies":["Integrating apps & data","Be more responsive","Become more digital","IT Costs"],"template":{"name":"TeamSD Small T-Shirt","description":"UKI Tech Team TeamSD for Small projects","_id":"template_3fba63d0-6784-3423-b0b9-eebf831b5f68","isGlobalDefaultTemplate":false},"executiveSummary":"<div>ov</div><div><img style=\"height:100px;\" src=\"/api/FileManagerAPIs/containers/cafiles/files/file_7278c2e754486ce0.png\">g vhbjn<br></div><table style=\"width:100%\"><tbody><tr><td style=\"height:42px;border: 1px solid #979797;padding:5px;width:33.333333333333336%\"> </td><td style=\"height:42px;border: 1px solid #979797;padding:5px;width:33.333333333333336%\"> </td><td style=\"height:42px;border: 1px solid #979797;padding:5px;width:33.333333333333336%\"> </td></tr><tr><td style=\"height: 42px; border: 1px solid rgb(151, 151, 151); padding: 5px; width: 33.3333%; background-color: rgb(50, 189, 115);\"> </td><td style=\"height:42px;border: 1px solid #979797;padding:5px;width:33.333333333333336%\"> fdwq</td><td style=\"height:42px;border: 1px solid #979797;padding:5px;width:33.333333333333336%\"> ecwq</td></tr><tr><td style=\"height:42px;border: 1px solid #979797;padding:5px;width:33.333333333333336%\"> </td><td style=\"height:42px;border: 1px solid #979797;padding:5px;width:33.333333333333336%\"> </td><td style=\"height:42px;border: 1px solid #979797;padding:5px;width:33.333333333333336%\"> </td></tr><tr><td style=\"height:42px;border: 1px solid #979797;padding:5px;width:33.333333333333336%\"> </td><td style=\"height:42px;border: 1px solid #979797;padding:5px;width:33.333333333333336%\"> </td><td style=\"height:42px;border: 1px solid #979797;padding:5px;width:33.333333333333336%\"> </td></tr><tr><td style=\"height:42px;border: 1px solid #979797;padding:5px;width:33.333333333333336%\"> </td><td style=\"height:42px;border: 1px solid #979797;padding:5px;width:33.333333333333336%\"> </td><td style=\"height:42px;border: 1px solid #979797;padding:5px;width:33.333333333333336%\"> </td></tr></tbody></table><br>","tag":[{"name":"Availability and Performance Optimization","_id":"tag_avai_performance_optimization"}],"schemaVersion":"1.4","clientName":"cew","lastModifiedUser":{"_id":"gbbguoxa@cn.ibm.com","fullname":"Bei Bei Guo","notesId":"Bei Bei JG Guo","jobResponsibilities":"Test Specialist","avatar":"https://w3-services1.w3-969.ibm.com/myw3/unified-profile-photo/v1/image/gbbguoxa@cn.ibm.com?def=avatar","privacyConstent":{"isAccept":true,"country":"CN","acceptedDate":"2018-10-15T06:03:35.756Z"},"lastLoginDate":"2021-04-06T05:06:45.196Z","bookmarkedArchList":["architecture_ba218421_818d_11e7_88e7_21ec9eeb2850","copied_e46c1250_ad56_11e7_9df4_2b1f6b893765_COPY_architecture_6ce61071_8d01_11e7_a90b_697746ae2b06","copied_67d74de0_a428_11e7_9d8f_c7a28270726d_COPY_architecture_96d45bf1_8d27_11e7_a90b_697746ae2b06","copied_61f15ed0_aca1_11e7_b764_25075a75175c_COPY_architecture_43936131_a941_11e7_8703_cf7fc382471f","arch_Sk2KBCU7D"],"chatbotToken":"d8f82972a89e48c291a082eb2d99d8fa","username":"gbbguoxa@cn.ibm.com","email":"gbbguoxa@cn.ibm.com","userPreference":{"defaultTemplate":"template_company_ibm","defaultGithubInfo":{"_id":null,"repoUrl":"git@github.com:guoliabei/ca-public.git"}},"geographyList":["672"],"businessUnitList":["GLMKT"],"collaborationGroupList":["5d03635081dbc100085a27d7","5f55cb36e378d50008b6248e"]},"owner":{"_id":"gbbguoxa@cn.ibm.com","fullname":"Bei Bei Guo","notesId":"Bei Bei JG Guo","jobResponsibilities":"Test Specialist","avatar":"https://w3-services1.w3-969.ibm.com/myw3/unified-profile-photo/v1/image/gbbguoxa@cn.ibm.com?def=avatar","privacyConstent":{"isAccept":true,"country":"CN","acceptedDate":"2018-10-15T06:03:35.756Z"},"lastLoginDate":"2021-04-06T05:06:45.196Z","bookmarkedArchList":["architecture_ba218421_818d_11e7_88e7_21ec9eeb2850","copied_e46c1250_ad56_11e7_9df4_2b1f6b893765_COPY_architecture_6ce61071_8d01_11e7_a90b_697746ae2b06","copied_67d74de0_a428_11e7_9d8f_c7a28270726d_COPY_architecture_96d45bf1_8d27_11e7_a90b_697746ae2b06","copied_61f15ed0_aca1_11e7_b764_25075a75175c_COPY_architecture_43936131_a941_11e7_8703_cf7fc382471f","arch_Sk2KBCU7D"],"chatbotToken":"d8f82972a89e48c291a082eb2d99d8fa","username":"gbbguoxa@cn.ibm.com","email":"gbbguoxa@cn.ibm.com","userPreference":{"defaultTemplate":"template_company_ibm","defaultGithubInfo":{"_id":null,"repoUrl":"git@github.com:guoliabei/ca-public.git"}},"collaborationGroupList":["5d03635081dbc100085a27d7","5f55cb36e378d50008b6248e"],"businessUnit":{"_id":"GLMKT","name":"IBM Global Markets","description":""},"geography":{"_id":"672","iot":"GCG IOT","imt_market":"Peoples Rep of China","country":"China"}},"appVersion":"3.2.3"}