{"toc":[{"artifactTypeName":"Overview","globalTOCPosition":"1","format":"text","artifactType":"assetartifact_executivesummary","_id":"artifacttype_f24cb85a-9d21-3240-9576-735be791ce70","displayName":"Overview","child":[],"hasContent":true},{"artifactTypeName":"Misc Diagram","globalTOCPosition":"2","format":"text","artifactType":"assetartifact_miscdiagram","_id":"artifacttype_c43b64af-1b18-3e14-8033-aa29aeaf90a2","displayName":"Persona","child":[],"hasContent":true},{"globalTOCPosition":"3","displayName":"Scope","_id":"artifactgroup_2a6c4c3b-e158-39fe-bd8f-5121ef7cba7e","child":[{"artifactTypeName":"Business Challenge","globalTOCPosition":"3.1","format":"text","artifactType":"assetartifact_businesschallenge","_id":"artifacttype_e95983f2-057a-3339-a2f5-647dd4d82ad8","displayName":"Business Challenge","hasContent":true},{"artifactTypeName":"System Context","globalTOCPosition":"3.2","format":"diagram","artifactType":"assetartifact_systemcontext","_id":"artifacttype_085159e8-8f8c-3ace-827f-064d0f0f88a2","displayName":"System Context","hasContent":true}]},{"globalTOCPosition":"4","displayName":"Requirements","_id":"artifactgroup_e1852403-302c-3530-aee2-ea5e3d21bea6","child":[{"artifactTypeName":"Functional Requirements","globalTOCPosition":"4.1","format":"text","artifactType":"assetartifact_functionalrequirement","_id":"artifacttype_f4a501fb-3d89-3d52-b0a8-0efddb076746","displayName":"Functional Requirements (req matrix)","hasContent":true},{"artifactTypeName":"Non Functional Requirements","globalTOCPosition":"4.2","format":"text","artifactType":"assetartifact_nonfunctionalrequirement","_id":"artifacttype_19718d5e-83d2-3b28-8ce0-1f9598f36fa5","displayName":"NFRs","hasContent":true}]},{"globalTOCPosition":"5","displayName":"Architecture","_id":"artifactgroup_cbfc4f51-b2d6-37ad-9faa-4ef5186535ed","child":[{"globalTOCPosition":"5.1","parentGroup":"artifactgroup_cbfc4f51-b2d6-37ad-9faa-4ef5186535ed","_id":"artifactgroup_62db8e10-9d40-3047-abde-cde530018f5e","displayName":"Architecture Overview","child":[{"artifactTypeName":"Services View","globalTOCPosition":"5.1.1","format":"diagram","artifactType":"assetartifact_architectureoverview_aodservice","_id":"artifacttype_ea2c1eeb-ed45-366c-b5ca-ab3f49c74ed9","displayName":"AOD - Service View (Functional)","hasContent":true},{"artifactTypeName":"IT System View","globalTOCPosition":"5.1.2","format":"diagram","artifactType":"assetartifact_architectureoverview_itsystem","_id":"artifacttype_f0c104d0-8416-3d81-94bf-ef7a718b8080","displayName":"AOD - IT System View (Operational)","hasContent":true},{"artifactTypeName":"Usage Scenario","globalTOCPosition":"5.1.3","format":"diagram","artifactType":"assetartifact_architectureoverview_usagescenario","_id":"artifacttype_ea08aa06-5f07-393a-89ee-945b86f0106d","displayName":"Usage Scenario","hasContent":true}]},{"artifactTypeName":"Architectural Decisions","globalTOCPosition":"5.2","format":"text","artifactType":"assetartifact_architecturedecision","_id":"artifacttype_e3f3b237-9ae3-31d6-805e-bcd37e7dc06c","displayName":"Architectural Decisions","hasContent":true}]},{"globalTOCPosition":"6","displayName":"MVP Scope","_id":"artifactgroup_1f629a6e-0125-3ff2-9000-8474c186076b","child":[{"artifactTypeName":"Notes","globalTOCPosition":"6.1","format":"text","artifactType":"assetartifact_notes","_id":"artifacttype_e937804b-b1c8-3c00-a620-44246386b736","displayName":"Ideation - Prioritization Grid - Hills","hasContent":true},{"artifactTypeName":"Notes","globalTOCPosition":"6.2","format":"text","artifactType":"assetartifact_notes","_id":"artifacttype_5dcb2d23-cf75-38de-9a3a-3b3c09223793","displayName":"Playback 0","hasContent":true}]},{"globalTOCPosition":"7","displayName":"Viability Assessment (RAID)","_id":"artifactgroup_54fbb3c5-2d3b-3b47-83d6-46c8d902b636","child":[{"artifactTypeName":"Risks","globalTOCPosition":"7.1","format":"text","artifactType":"assetartifact_risk","_id":"artifacttype_cd02d8d6-20f6-3ed5-987a-7aca5d1a4f34","displayName":"Risks","hasContent":true},{"artifactTypeName":"Assumptions","globalTOCPosition":"7.2","format":"text","artifactType":"assetartifact_assumption","_id":"artifacttype_9fe69540-b788-3775-81eb-66856ebd79a9","displayName":"Assumptions","hasContent":true},{"artifactTypeName":"Issues","globalTOCPosition":"7.3","format":"text","artifactType":"assetartifact_issue","_id":"artifacttype_68fbaa55-fcf6-3ea8-b663-3643fbeeec47","displayName":"Issues","hasContent":true},{"artifactTypeName":"Dependencies","globalTOCPosition":"7.4","format":"text","artifactType":"assetartifact_dependency","_id":"artifacttype_700e2120-84d2-30d4-8fe7-af9d0f87befb","displayName":"Dependencies","hasContent":true}]},{"artifactTypeName":"Misc Diagram","globalTOCPosition":"8","format":"text","artifactType":"assetartifact_miscdiagram","_id":"artifacttype_7c9d89b3-8aae-3437-9700-4a66b5646209","displayName":"Misc Diagram","child":[],"hasContent":true},{"artifactTypeName":"Notes","globalTOCPosition":"9","format":"text","artifactType":"assetartifact_notes","_id":"artifacttype_96d41fb8-af74-3500-a978-545cd8dc3aa7","displayName":"Notes (Other)","child":[],"hasContent":true}],"toc_cards":{"miscDiagram":{"artifacttype_c43b64af-1b18-3e14-8033-aa29aeaf90a2":[{"additionalInfo":{"labels":[]},"_id":"miscdiagram_H1Hxx-XrO_rJKp1uFSd","name":"2 persona (misc 2)","description":"","lastModifiedInfo":{"userId":"gbbguoxa@cn.ibm.com","date":"2021-04-06T05:21:12Z"}},{"additionalInfo":{"labels":[]},"_id":"miscdiagram_2LirHXxnt4o_rJKp1uFSd","name":"2. Persona (misc)","description":"","lastModifiedInfo":{"userId":"gbbguoxa@cn.ibm.com","date":"2021-04-06T05:21:12Z"}}],"artifacttype_7c9d89b3-8aae-3437-9700-4a66b5646209":[{"additionalInfo":{"labels":[]},"_id":"miscdiagram_2LiBukL4JVA_rJKp1uFSd","name":"8 misc","description":"","lastModifiedInfo":{"userId":"gbbguoxa@cn.ibm.com","date":"2021-04-06T05:21:12Z"}}]},"functionalrequirement":{"artifacttype_f4a501fb-3d89-3d52-b0a8-0efddb076746":["functionalrequirement_HkeTHpl7rd_rJKp1uFSd","functionalrequirement_rkqn7W7rd_rJKp1uFSd"]},"notes":{"artifacttype_5dcb2d23-cf75-38de-9a3a-3b3c09223793":["notes_rygODUZ7rO_rJKp1uFSd","notes_H1HYLbmrO_rJKp1uFSd"],"artifacttype_96d41fb8-af74-3500-a978-545cd8dc3aa7":["notes_B1eGEvWXrO_rJKp1uFSd"],"artifacttype_e937804b-b1c8-3c00-a620-44246386b736":["notes_HygrSUbQBd_rJKp1uFSd","notes_r1aLI-7Bd_rJKp1uFSd"]},"architecturaldecision":{"artifacttype_e3f3b237-9ae3-31d6-805e-bcd37e7dc06c":["architecturaldecision_SJlkxHbXHd_rJKp1uFSd","architecturaldecision_ByKXrW7Bd_rJKp1uFSd"]},"nonfunctionalrequirement":{"artifacttype_19718d5e-83d2-3b28-8ce0-1f9598f36fa5":["nonfunctionalrequirement_BygHJ4-mS__rJKp1uFSd","nonfunctionalrequirement_r1Ag4WmSO_rJKp1uFSd"]},"aodServices":{"artifacttype_ea2c1eeb-ed45-366c-b5ca-ab3f49c74ed9":[{"additionalInfo":{},"_id":"aodservices_ryX1UZXru_rJKp1uFSd","name":"5.1.1 sv2","description":"","lastModifiedInfo":{"userId":"gbbguoxa@cn.ibm.com","date":"2021-04-06T05:21:08Z"}},{"additionalInfo":{},"_id":"aodservices_r1t1bdtrO","name":"d'c's'x","description":"","lastModifiedInfo":{"userId":"gbbguoxa@cn.ibm.com","date":"2021-04-06T05:25:52Z"}}]},"executivesummary":{"artifacttype_f24cb85a-9d21-3240-9576-735be791ce70":["executivesummary_Hkl-k0gmSO_rJKp1uFSd"]},"aodITSystems":{"artifacttype_f0c104d0-8416-3d81-94bf-ef7a718b8080":[{"additionalInfo":{},"_id":"aoditsystem_2LizOV51vd7_rJKp1uFSd","name":"5.1.2 itsv","description":"","lastModifiedInfo":{"userId":"gbbguoxa@cn.ibm.com","date":"2021-04-06T05:21:09Z"}},{"additionalInfo":{},"_id":"aoditsystem_SyMg8WXHO_rJKp1uFSd","name":"5.1.2 itsv2","description":"","lastModifiedInfo":{"userId":"gbbguoxa@cn.ibm.com","date":"2021-04-06T05:21:10Z"}}]},"aodUsageScenarios":{"artifacttype_ea08aa06-5f07-393a-89ee-945b86f0106d":[{"additionalInfo":{"refType":"AODITSystem","refName":"5.1.2 itsv"},"_id":"aodusagescenario_2LiAvFPKloE_rJKp1uFSd","name":"5.1.3 us-itsv","description":"","lastModifiedInfo":{"userId":"gbbguoxa@cn.ibm.com","date":"2021-04-06T05:21:11Z"}}]},"risk":{"artifacttype_cd02d8d6-20f6-3ed5-987a-7aca5d1a4f34":["risk_SJxkqLW7r__rJKp1uFSd","risk_SkJj8bQB__rJKp1uFSd"]},"dependency":{"artifacttype_700e2120-84d2-30d4-8fe7-af9d0f87befb":["dependency_HyxOlD-7rd_rJKp1uFSd","dependency_ryZZPbmSO_rJKp1uFSd"]},"businesschallenge":{"artifacttype_e95983f2-057a-3339-a2f5-647dd4d82ad8":["businesschallenge_H1xK7m-mHO_rJKp1uFSd"]},"systemContext":{"artifacttype_085159e8-8f8c-3ace-827f-064d0f0f88a2":[{"additionalInfo":{},"_id":"systemcontext_2LixjJkOXpQ_rJKp1uFSd","name":"System Context","description":"","lastModifiedInfo":{"userId":"gbbguoxa@cn.ibm.com","date":"2021-04-06T05:21:05Z"}}]},"issue":{"artifacttype_68fbaa55-fcf6-3ea8-b663-3643fbeeec47":["issue_SygH1PW7rd_rJKp1uFSd","issue_H1CJv-XHd_rJKp1uFSd"]},"assumption":{"artifacttype_9fe69540-b788-3775-81eb-66856ebd79a9":["assumption_SkxE28ZXHO_rJKp1uFSd","assumption_B1ua8b7Su_rJKp1uFSd"]}},"combined":{"coreInfo":[{"name":"hah","description":"hah","_id":"label_SJcOtRsYdgH_H1NUhdn18","userId":"gbbguoxa@cn.ibm.com","label":"hah","modelType":"Label"},{"name":"ha'h","description":"ha'h","_id":"label_HyDOR4Q66rL_Sycg--cUL_HyXAab5IU","userId":"gbbguoxa@cn.ibm.com","label":"ha'h","modelType":"Label"},{"name":"label","description":"label","_id":"label_SyUOgzAjuvpH","userId":"gbbguoxa@cn.ibm.com","label":"label","modelType":"Label"},{"name":"a","description":"a","_id":"label_HyawxqLLCFDH","userId":"gbbguoxa@cn.ibm.com","label":"a","modelType":"Label"},{"name":"a note","description":"a note","_id":"label_BkkOl58LAtDr","userId":"gbbguoxa@cn.ibm.com","label":"a note","modelType":"Label"},{"name":"hahah","description":"hahah","_id":"label_SkmOl9UI0YwH","userId":"gbbguoxa@cn.ibm.com","label":"hahah","modelType":"Label"},{"name":"Pass pen","description":"Pass pen","_id":"label_1xaDQwZ2QdS_ByPt8AH9E","userId":"gbbguoxa@cn.ibm.com","label":"Pass pen","modelType":"Label"},{"name":"Offline Editing","description":"Offline Editing","_id":"label_1y2091Ouadd_ByPt8AH9E","userId":"gbbguoxa@cn.ibm.com","label":"Offline Editing","modelType":"Label"},{"name":"Pass Pen","description":"Pass Pen","_id":"label_1y24G0LVQ7D_ByPt8AH9E","userId":"gbbguoxa@cn.ibm.com","label":"Pass Pen","modelType":"Label"},{"name":"a'a'a'a'a","description":"a'a'a'a'a","_id":"label_r1yoDGyO31I","userId":"gbbguoxa@cn.ibm.com","label":"a'a'a'a'a","modelType":"Label"},{"name":"aaaaa","description":"aaaaa","_id":"label_B1gsvMJ_2k8","userId":"gbbguoxa@cn.ibm.com","label":"aaaaa","modelType":"Label"},{"name":"a special label","description":"a special label","_id":"label_SkGiDf1d31U","userId":"gbbguoxa@cn.ibm.com","label":"a special label","modelType":"Label"},{"name":"note1","description":"note1","_id":"label_1L2WMjWbK4k_ByQlw1Zkr","userId":"gbbguoxa@cn.ibm.com","label":"note1","modelType":"Label"},{"name":"patch","description":"patch","_id":"label_1Phj7Y9HrAn_HJz4mg_fS","userId":"gbbguoxa@cn.ibm.com","label":"patch","modelType":"Label"},{"name":"2.4.1","description":"2.4.1","_id":"label_1Phj7Y9XdCz_HJz4mg_fS","userId":"gbbguoxa@cn.ibm.com","label":"2.4.1","modelType":"Label"},{"name":"dddd","description":"dddd","_id":"label_1UX0q6UGFyi_H1CQyRtwS","userId":"gbbguoxa@cn.ibm.com","label":"dddd","modelType":"Label"},{"name":"note","description":"note","_id":"label_2jVgK9fg3bA_SyQmL8Np8_HJNtuhdaL","userId":"gbbguoxa@cn.ibm.com","label":"note","modelType":"Label"},{"name":"image","description":"image","_id":"label_24tYxylsUsa_B1lmZgkZU","userId":"gbbguoxa@cn.ibm.com","label":"image","modelType":"Label"},{"name":"attach","description":"attach","_id":"label_24tYxylTtTA_B1lmZgkZU","userId":"gbbguoxa@cn.ibm.com","label":"attach","modelType":"Label"},{"name":" bvn","description":" bvn","_id":"label_2keZvMsTOrc_rkNEOadTL","userId":"gbbguoxa@cn.ibm.com","label":" bvn","modelType":"Label"},{"name":"bvnb'h'j","description":"bvnb'h'j","_id":"label_2keZvMsDmuy_rkNEOadTL","userId":"gbbguoxa@cn.ibm.com","label":"bvnb'h'j","modelType":"Label"},{"name":"bhjn'j","description":"bhjn'j","_id":"label_2keZvMsEYZd_rkNEOadTL","userId":"gbbguoxa@cn.ibm.com","label":"bhjn'j","modelType":"Label"},{"name":"nj","description":"nj","_id":"label_2keZvMsA9bG_rkNEOadTL","userId":"gbbguoxa@cn.ibm.com","label":"nj","modelType":"Label"},{"name":"is","description":"is","_id":"label_SyumbjO9GjBw","userId":"gbbguoxa@cn.ibm.com","label":"is","modelType":"Label"},{"name":"this","description":"this","_id":"label_rJKO5lu_Tvv","userId":"gbbguoxa@cn.ibm.com","label":"this","modelType":"Label"},{"name":"Notification","description":"Notification","_id":"label_SJidqguO6Pw","userId":"gbbguoxa@cn.ibm.com","label":"Notification","modelType":"Label"},{"name":"Workshop Jan. 2019","description":"Workshop Jan. 2019","_id":"label_Sy2OceOdTwD","userId":"gbbguoxa@cn.ibm.com","label":"Workshop Jan. 2019","modelType":"Label"},{"name":"New label","description":"New label","_id":"label_B19b-chPsOCP_B184bKKRw","userId":"gbbguoxa@cn.ibm.com","label":"New label","modelType":"Label"},{"name":"decwq","description":"decwq","_id":"label_2LiAP5jW5Dn_B1KGDHYS_","userId":"gbbguoxa@cn.ibm.com","label":"decwq","modelType":"Label"},{"name":"devcwdq","description":"devcwdq","_id":"label_2LiAP5jpzky_B1KGDHYS_","userId":"gbbguoxa@cn.ibm.com","label":"devcwdq","modelType":"Label"},{"name":"qdwcewdq","description":"qdwcewdq","_id":"label_2LiAP5jyHWl_B1KGDHYS_","userId":"gbbguoxa@cn.ibm.com","label":"qdwcewdq","modelType":"Label"},{"name":"CA","description":"CA","_id":"label_1OhKj1ilrmn_rkm6cR0-H_ryWjkER2B_B1KGDHYS_","userId":"gbbguoxa@cn.ibm.com","label":"CA","modelType":"Label"},{"modelType":"LogicalComponent","description":"dvcwq","_id":"logicalcomponent_2LiyOX1sv39_rJKp1uFSd","level":"Application","label":"Logical Component","children":"implementation_2LiyWkIj0RP_rJKp1uFSd","taxonomies":"business automation | business modeling"},{"modelType":"Actor","description":"","_id":"actor_2LixlQnRYYO_rJKp1uFSd","type":"Human","label":"Human"},{"modelType":"Implementation","description":"","_id":"implementation_2LiyWkIj0RP_rJKp1uFSd","url":"pcling","label":"pc"},{"modelType":"LogicalConnector","description":"","_id":"logicalconnector_BJbYyWdYH_","label":""},{"modelType":"Actor","description":" efvcdwqdc","_id":"actor_2Lixlprh9BE_rJKp1uFSd","type":"IT System","label":"IT System"},{"modelType":"GenericGroup","description":"Element unchanged in this phase or release.","_id":"genericgroup_H1FMwT_tAv","category":"Transition-Elements","type":"Pre-Defined","label":"unchanged"},{"modelType":"GenericGroup","description":"Element is modified or updated in this phase or release.","_id":"genericgroup_SkqGPaOFAP","category":"Transition-Elements","type":"Pre-Defined","label":"updated","children":"logicalcomponent_2LiyOX1sv39_rJKp1uFSd,actor_2Lixlprh9BE_rJKp1uFSd"},{"modelType":"GenericGroup","description":"Element being removed in this phase or release.","_id":"genericgroup_HJjMDTuYCD","category":"Transition-Elements","type":"Pre-Defined","label":"removed","children":"logicalnode_2LizSe7rLGe_rJKp1uFSd,logicalconnection_2LizUoPhCBF_rJKp1uFSd"},{"modelType":"GenericGroup","description":"Element being added in this phase or release.","_id":"genericgroup_Sy3zPTdYCw","type":"Pre-Defined","category":"Transition-Elements","label":"added"},{"modelType":"GenericGroup","description":"Element is being planned for some future phase or release.","_id":"genericgroup_ryaGP6OK0w","category":"Transition-Elements","type":"Pre-Defined","label":"planned"},{"modelType":"GenericGroup","description":"Either the security controls have not been specified or cannot be controlled.","_id":"genericgroup_B1zP6dFRw","type":"Pre-Defined","category":"Security-Zone","label":"none"},{"modelType":"GenericGroup","description":"Trusted security zone, all traffic and access is by known and trusted parties.","_id":"genericgroup_rJlMv6dt0P","type":"Pre-Defined","category":"Security-Zone","label":"trusted"},{"modelType":"GenericGroup","description":"Direct access to un-trusted network, no sensitive data. Controlled access to trusted zone.","_id":"genericgroup_BybzDTOK0v","type":"Pre-Defined","category":"Security-Zone","label":"dmz"},{"modelType":"GenericGroup","description":"Untrusted traffic, often public networks.","_id":"genericgroup_ByGMw6dYAP","type":"Pre-Defined","category":"Security-Zone","label":"un-trusted"},{"modelType":"GenericGroup","description":"Unmanaged entity.","_id":"genericgroup_S17GwadKCw","type":"Pre-Defined","category":"Management-Zone","label":"none"},{"modelType":"GenericGroup","description":"Fully managed.","_id":"genericgroup_rk4Gw6ut0D","type":"Pre-Defined","category":"Management-Zone","label":"full"},{"modelType":"GenericGroup","description":"Partially managed.","_id":"genericgroup_SyrMD6_KAP","category":"Management-Zone","type":"Pre-Defined","label":"limited"},{"modelType":"GenericGroup","description":"No direct management.","_id":"genericgroup_ByIfwpOF0v","category":"Management-Zone","type":"Pre-Defined","label":"no direct"},{"modelType":"GenericGroup","description":"High availability replica actively handling workload.","_id":"genericgroup_BywfvTuKAw","type":"Pre-Defined","category":"HA-Mode","label":"active","children":"logicalcomponent_2LiyOX1sv39_rJKp1uFSd"},{"modelType":"GenericGroup","description":"High availability replica not handling active workload.","_id":"genericgroup_ry_zw6utCv","type":"Pre-Defined","category":"HA-Mode","label":"passive"},{"modelType":"GenericGroup","description":"This group is derived from SubSystem named SubSystem.","_id":"genericgroup_2LiyOt2jX1L_rJKp1uFSd","type":"Auto-Generated","category":"SubSystem","children":"logicalcomponent_2LiyOX1sv39_rJKp1uFSd","label":"SubSystem"},{"modelType":"GenericGroup","description":"","_id":"genericgroup_2LiFJ2HUZbJ_rJKp1uFSd","type":"User-Defined","category":"vrewws","children":"","label":"vrefcdwxsa"},{"description":"cwdq","_id":"du_2LiyTUVpKh3_rJKp1uFSd","type":"Executable","level":"Technical","modelType":"DU","label":"du","children":"logicalcomponent_2LiyOX1sv39_rJKp1uFSd"},{"description":"This was derived from the logical node in the IT System View","_id":"du_2LizXceYsAk_rJKp1uFSd","type":"Executable","level":"Functional","modelType":"DU","label":"SYS_DU_2LizXce6LvM","children":"logicalcomponent_2LizXcfmMA1_rJKp1uFSd"},{"modelType":"LogicalConnector","description":"","_id":"logicalconnector_rJlQy8-Qr__rJKp1uFSd","label":""},{"modelType":"LogicalNode","description":" fedw","_id":"logicalnode_2LizSe7rLGe_rJKp1uFSd","defaultStyle":"image=/cogarch/assets/mxgraph/stencils/clipart/others/generic.svg;","cardinality":"1","label":"Generic Node","children":"du_2LizXceYsAk_rJKp1uFSd","taxonomies":"analytic & ai"},{"modelType":"LogicalComponent","description":"This was derived from the deployment unit in the IT System View","_id":"logicalcomponent_2LizXcfmMA1_rJKp1uFSd","level":"Application","label":"SYS_LC_2LizXce6LvM","children":"implementation_2LiyWkIj0RP_rJKp1uFSd"},{"modelType":"Actor","description":"","_id":"actor_2LizTwob6Ui_rJKp1uFSd","type":"IT System","label":"ewqd"}]},"diagram":{"instances":{"miscdiagram_2LiBukL4JVA_rJKp1uFSd":{"uiInfo":"<mxGraphModel dx=\"1138\" dy=\"487\" grid=\"1\" gridSize=\"10\" guides=\"1\" tooltips=\"1\" connect=\"1\" arrows=\"1\" fold=\"1\" page=\"1\" pageScale=\"1\" pageWidth=\"1169\" pageHeight=\"827\" background=\"#ffffff\"><root><mxCell id=\"0\" modelId=\"miscdiagram_2LiBukL4JVA_rJKp1uFSd\"></mxCell><mxCell id=\"1\" parent=\"0\"></mxCell><UserObject placeholders=\"1\" label=\"Region\" Icon-Name=\"flag\" id=\"miscdiagram_2LiBukL4JVA_22LiBvED9Wks\"><mxCell style=\"shape=mxgraph.ibm2mondrian.base;shapeType=actor;html=1;whiteSpace=wrap;fontFamily=IBM Plex Sans;fontColor=#000000;fontSize=14;verticalAlign=top;align=center;spacing=0;spacingLeft=0;spacingRight=0;spacingTop=8;spacingBottom=0;shapeLayout=collapsed;verticalLabelPosition=bottom;labelPosition=center;positionText=bottom;metaEdit=0;strokeWidth=1;colorFamily=gray;container=0;collapsible=0;recursiveResize=0;image=;\" parent=\"1\" vertex=\"1\"><mxGeometry x=\"130\" y=\"240\" width=\"48\" height=\"48\" as=\"geometry\"></mxGeometry></mxCell></UserObject><UserObject placeholders=\"1\" label=\"Endpoints\" Icon-Name=\"default\" id=\"miscdiagram_2LiBukL4JVA_32LiBvX60PpE\"><mxCell style=\"shape=mxgraph.ibm2mondrian.base;shapeType=actor;html=1;whiteSpace=wrap;fontFamily=IBM Plex Sans;fontColor=#000000;fontSize=14;verticalAlign=top;align=center;spacing=0;spacingLeft=0;spacingRight=0;spacingTop=8;spacingBottom=0;shapeLayout=collapsed;verticalLabelPosition=bottom;labelPosition=center;positionText=bottom;metaEdit=0;strokeWidth=1;colorFamily=green;container=0;collapsible=0;recursiveResize=0;image=;\" parent=\"1\" vertex=\"1\"><mxGeometry x=\"450\" y=\"170\" width=\"48\" height=\"48\" as=\"geometry\"></mxGeometry></mxCell></UserObject><UserObject placeholders=\"1\" label=\"Users\" Icon-Name=\"group\" id=\"miscdiagram_2LiBukL4JVA_42LiBwzORdEi\"><mxCell style=\"shape=mxgraph.ibm2mondrian.base;shapeType=pn;html=1;whiteSpace=wrap;fontFamily=IBM Plex Sans;fontColor=#000000;fontSize=14;verticalAlign=middle;align=left;spacing=8;spacingLeft=12;spacingRight=16;spacingTop=0;spacingBottom=0;shapeLayout=expanded;metaEdit=0;strokeWidth=1;colorFamily=black;container=1;collapsible=0;recursiveResize=0;image=;\" parent=\"1\" vertex=\"1\"><mxGeometry x=\"190\" y=\"360\" width=\"240\" height=\"48\" as=\"geometry\"></mxGeometry></mxCell></UserObject><UserObject placeholders=\"1\" label=\"Users\" Icon-Name=\"group\" id=\"miscdiagram_2LiBukL4JVA_52LiBxazS5be\"><mxCell style=\"shape=mxgraph.ibm2mondrian.base;shapeType=group;html=1;whiteSpace=wrap;fontFamily=IBM Plex Sans;fontColor=#000000;fontSize=14;verticalAlign=middle;align=left;spacing=8;spacingLeft=12;spacingRight=16;spacingTop=0;spacingBottom=0;shapeLayout=expanded;metaEdit=0;strokeWidth=1;colorFamily=black;container=1;collapsible=0;recursiveResize=0;image=;\" parent=\"1\" vertex=\"1\"><mxGeometry x=\"680\" y=\"240\" width=\"240\" height=\"240\" as=\"geometry\"></mxGeometry></mxCell></UserObject><UserObject placeholders=\"1\" label=\"Users\" Icon-Name=\"group\" id=\"miscdiagram_2LiBukL4JVA_62LiBxEL45fL\"><mxCell style=\"shape=mxgraph.ibm2mondrian.base;shapeType=lc;html=1;whiteSpace=wrap;fontFamily=IBM Plex Sans;fontColor=#000000;fontSize=14;verticalAlign=middle;align=left;spacing=8;spacingLeft=12;spacingRight=16;spacingTop=0;spacingBottom=0;shapeLayout=expanded;metaEdit=0;strokeWidth=1;colorFamily=black;container=0;collapsible=0;recursiveResize=0;image=;\" parent=\"1\" vertex=\"1\"><mxGeometry x=\"154\" y=\"90\" width=\"240\" height=\"48\" as=\"geometry\"></mxGeometry></mxCell></UserObject><UserObject placeholders=\"1\" label=\"VPN Gateway\" Icon-Name=\"default\" id=\"miscdiagram_2LiBukL4JVA_72LiBypJGK7h\"><mxCell style=\"shape=mxgraph.ibm2mondrian.base;shapeType=group;html=1;whiteSpace=wrap;fontFamily=IBM Plex Sans;fontColor=#000000;fontSize=14;verticalAlign=middle;align=left;spacing=8;spacingLeft=12;spacingRight=16;spacingTop=0;spacingBottom=0;shapeLayout=expanded;metaEdit=0;strokeWidth=1;colorFamily=red;container=1;collapsible=0;recursiveResize=0;image=;\" parent=\"1\" vertex=\"1\"><mxGeometry x=\"610\" y=\"30\" width=\"240\" height=\"240\" as=\"geometry\"></mxGeometry></mxCell></UserObject><UserObject placeholders=\"1\" label=\"Object Storage Slicestor\" Icon-Name=\"default\" id=\"miscdiagram_2LiBukL4JVA_82LiBz16x8Hq\"><mxCell style=\"shape=mxgraph.ibm2mondrian.base;shapeType=ln;html=1;whiteSpace=wrap;fontFamily=IBM Plex Sans;fontColor=#000000;fontSize=14;verticalAlign=middle;align=left;spacing=8;spacingLeft=12;spacingRight=16;spacingTop=0;spacingBottom=0;shapeLayout=expanded;metaEdit=0;strokeWidth=1;colorFamily=blue;container=1;collapsible=0;recursiveResize=0;image=;\" parent=\"1\" vertex=\"1\"><mxGeometry x=\"370\" y=\"280\" width=\"240\" height=\"48\" as=\"geometry\"></mxGeometry></mxCell></UserObject></root></mxGraphModel>","coreInfo":[{"modelType":"MiscDiagram","lastModifiedUserId":"gbbguoxa@cn.ibm.com","description":"","lastModified":"2021-04-06T05:21:12Z","_id":"miscdiagram_2LiBukL4JVA_rJKp1uFSd","label":"8 misc"}]},"miscdiagram_2LirHXxnt4o_rJKp1uFSd":{"uiInfo":"<mxGraphModel dx=\"1138\" dy=\"119\" grid=\"1\" gridSize=\"10\" guides=\"1\" tooltips=\"1\" connect=\"1\" arrows=\"1\" fold=\"1\" page=\"1\" pageScale=\"1\" pageWidth=\"1169\" pageHeight=\"827\" background=\"#ffffff\"><root><mxCell id=\"0\" modelId=\"miscdiagram_2LirHXxnt4o_rJKp1uFSd\"></mxCell><mxCell id=\"1\" parent=\"0\"></mxCell><mxCell id=\"miscdiagram_2LirHXxnt4o_22LirWCpopPe\" value=\"\" style=\"shape=table;html=1;whiteSpace=wrap;startSize=0;container=1;collapsible=0;childLayout=tableLayout;columnLines=0;rowLines=0;\" parent=\"1\" vertex=\"1\"><mxGeometry x=\"250\" y=\"130\" width=\"180\" height=\"120\" as=\"geometry\"></mxGeometry></mxCell><mxCell id=\"miscdiagram_2LirHXxnt4o_32LirWCpWjg9\" value=\"\" style=\"shape=partialRectangle;html=1;whiteSpace=wrap;collapsible=0;dropTarget=0;pointerEvents=0;fillColor=none;top=0;left=0;bottom=0;right=0;points=[[0,0.5],[1,0.5]];portConstraint=eastwest;\" parent=\"miscdiagram_2LirHXxnt4o_22LirWCpopPe\" vertex=\"1\"><mxGeometry width=\"180\" height=\"40\" as=\"geometry\"></mxGeometry></mxCell><mxCell id=\"miscdiagram_2LirHXxnt4o_42LirWCpweQU\" value=\"Value 1\" style=\"shape=partialRectangle;html=1;whiteSpace=wrap;connectable=0;fillColor=none;top=0;left=0;bottom=0;right=0;overflow=hidden;\" parent=\"miscdiagram_2LirHXxnt4o_32LirWCpWjg9\" vertex=\"1\"><mxGeometry width=\"60\" height=\"40\" as=\"geometry\"></mxGeometry></mxCell><mxCell id=\"miscdiagram_2LirHXxnt4o_52LirWCpWkuS\" value=\"Value 2\" style=\"shape=partialRectangle;html=1;whiteSpace=wrap;connectable=0;fillColor=none;top=0;left=0;bottom=0;right=0;overflow=hidden;\" parent=\"miscdiagram_2LirHXxnt4o_32LirWCpWjg9\" vertex=\"1\"><mxGeometry x=\"60\" width=\"60\" height=\"40\" as=\"geometry\"></mxGeometry></mxCell><mxCell id=\"miscdiagram_2LirHXxnt4o_62LirWCppiBF\" value=\"Value 3\" style=\"shape=partialRectangle;html=1;whiteSpace=wrap;connectable=0;fillColor=none;top=0;left=0;bottom=0;right=0;overflow=hidden;\" parent=\"miscdiagram_2LirHXxnt4o_32LirWCpWjg9\" vertex=\"1\"><mxGeometry x=\"120\" width=\"60\" height=\"40\" as=\"geometry\"></mxGeometry></mxCell><mxCell id=\"miscdiagram_2LirHXxnt4o_72LirWCpkri6\" value=\"\" style=\"shape=partialRectangle;html=1;whiteSpace=wrap;collapsible=0;dropTarget=0;pointerEvents=0;fillColor=none;top=0;left=0;bottom=0;right=0;points=[[0,0.5],[1,0.5]];portConstraint=eastwest;\" parent=\"miscdiagram_2LirHXxnt4o_22LirWCpopPe\" vertex=\"1\"><mxGeometry y=\"40\" width=\"180\" height=\"40\" as=\"geometry\"></mxGeometry></mxCell><mxCell id=\"miscdiagram_2LirHXxnt4o_82LirWCpJRs1\" value=\"Value 4\" style=\"shape=partialRectangle;html=1;whiteSpace=wrap;connectable=0;fillColor=none;top=0;left=0;bottom=0;right=0;overflow=hidden;\" parent=\"miscdiagram_2LirHXxnt4o_72LirWCpkri6\" vertex=\"1\"><mxGeometry width=\"60\" height=\"40\" as=\"geometry\"></mxGeometry></mxCell><mxCell id=\"miscdiagram_2LirHXxnt4o_92LirWCphPBa\" value=\"Value 5\" style=\"shape=partialRectangle;html=1;whiteSpace=wrap;connectable=0;fillColor=none;top=0;left=0;bottom=0;right=0;overflow=hidden;\" parent=\"miscdiagram_2LirHXxnt4o_72LirWCpkri6\" vertex=\"1\"><mxGeometry x=\"60\" width=\"60\" height=\"40\" as=\"geometry\"></mxGeometry></mxCell><mxCell id=\"miscdiagram_2LirHXxnt4o_102LirWCpPajE\" value=\"Value 6\" style=\"shape=partialRectangle;html=1;whiteSpace=wrap;connectable=0;fillColor=none;top=0;left=0;bottom=0;right=0;overflow=hidden;\" parent=\"miscdiagram_2LirHXxnt4o_72LirWCpkri6\" vertex=\"1\"><mxGeometry x=\"120\" width=\"60\" height=\"40\" as=\"geometry\"></mxGeometry></mxCell><mxCell id=\"miscdiagram_2LirHXxnt4o_112LirWCpDrzg\" value=\"\" style=\"shape=partialRectangle;html=1;whiteSpace=wrap;collapsible=0;dropTarget=0;pointerEvents=0;fillColor=none;top=0;left=0;bottom=0;right=0;points=[[0,0.5],[1,0.5]];portConstraint=eastwest;\" parent=\"miscdiagram_2LirHXxnt4o_22LirWCpopPe\" vertex=\"1\"><mxGeometry y=\"80\" width=\"180\" height=\"40\" as=\"geometry\"></mxGeometry></mxCell><mxCell id=\"miscdiagram_2LirHXxnt4o_122LirWCpOjBU\" value=\"Value 7\" style=\"shape=partialRectangle;html=1;whiteSpace=wrap;connectable=0;fillColor=none;top=0;left=0;bottom=0;right=0;overflow=hidden;\" parent=\"miscdiagram_2LirHXxnt4o_112LirWCpDrzg\" vertex=\"1\"><mxGeometry width=\"60\" height=\"40\" as=\"geometry\"></mxGeometry></mxCell><mxCell id=\"miscdiagram_2LirHXxnt4o_132LirWCpRY7w\" value=\"Value 8\" style=\"shape=partialRectangle;html=1;whiteSpace=wrap;connectable=0;fillColor=none;top=0;left=0;bottom=0;right=0;overflow=hidden;\" parent=\"miscdiagram_2LirHXxnt4o_112LirWCpDrzg\" vertex=\"1\"><mxGeometry x=\"60\" width=\"60\" height=\"40\" as=\"geometry\"></mxGeometry></mxCell><mxCell id=\"miscdiagram_2LirHXxnt4o_142LirWCpsrnZ\" value=\"Value 9\" style=\"shape=partialRectangle;html=1;whiteSpace=wrap;connectable=0;fillColor=none;top=0;left=0;bottom=0;right=0;overflow=hidden;\" parent=\"miscdiagram_2LirHXxnt4o_112LirWCpDrzg\" vertex=\"1\"><mxGeometry x=\"120\" width=\"60\" height=\"40\" as=\"geometry\"></mxGeometry></mxCell><mxCell id=\"miscdiagram_2LirHXxnt4o_152LirWTSzJ4k\" value=\"\" style=\"shape=ext;double=1;whiteSpace=wrap;html=1;aspect=fixed;\" parent=\"1\" vertex=\"1\"><mxGeometry x=\"210\" y=\"360\" width=\"80\" height=\"80\" as=\"geometry\"></mxGeometry></mxCell><UserObject placeholders=\"1\" label=\"Cloud Groups\" Icon-Name=\"ibm-cloud\" id=\"miscdiagram_2LirHXxnt4o_162LirXWMQbkB\"><mxCell style=\"shape=mxgraph.ibm2mondrian.base;shapeType=actor;html=1;whiteSpace=wrap;fontFamily=IBM Plex Sans;fontColor=#000000;fontSize=14;verticalAlign=top;align=center;spacing=0;spacingLeft=0;spacingRight=0;spacingTop=8;spacingBottom=0;shapeLayout=collapsed;verticalLabelPosition=bottom;labelPosition=center;positionText=bottom;metaEdit=0;strokeWidth=1;colorFamily=gray;container=0;collapsible=0;recursiveResize=0;image=;\" parent=\"1\" vertex=\"1\"><mxGeometry x=\"630\" y=\"230\" width=\"48\" height=\"48\" as=\"geometry\"></mxGeometry></mxCell></UserObject><UserObject placeholders=\"1\" label=\"VPC\" Icon-Name=\"virtual-private-cloud\" id=\"miscdiagram_2LirHXxnt4o_172LirYD6r1v9\"><mxCell style=\"shape=mxgraph.ibm2mondrian.base;shapeType=actor;html=1;whiteSpace=wrap;fontFamily=IBM Plex Sans;fontColor=#000000;fontSize=14;verticalAlign=top;align=center;spacing=0;spacingLeft=0;spacingRight=0;spacingTop=8;spacingBottom=0;shapeLayout=collapsed;verticalLabelPosition=bottom;labelPosition=center;positionText=bottom;metaEdit=0;strokeWidth=1;colorFamily=green;container=0;collapsible=0;recursiveResize=0;image=;\" parent=\"1\" vertex=\"1\"><mxGeometry x=\"500\" y=\"390\" width=\"48\" height=\"48\" as=\"geometry\"></mxGeometry></mxCell></UserObject><UserObject placeholders=\"1\" label=\"Classic Infrastructure\" Icon-Name=\"default\" id=\"miscdiagram_2LirHXxnt4o_182LirZ4Evszq\"><mxCell style=\"shape=mxgraph.ibm2mondrian.base;shapeType=actor;html=1;whiteSpace=wrap;fontFamily=IBM Plex Sans;fontColor=#000000;fontSize=14;verticalAlign=top;align=center;spacing=0;spacingLeft=0;spacingRight=0;spacingTop=8;spacingBottom=0;shapeLayout=collapsed;verticalLabelPosition=bottom;labelPosition=center;positionText=bottom;metaEdit=0;strokeWidth=1;colorFamily=blue;container=0;collapsible=0;recursiveResize=0;image=;\" parent=\"1\" vertex=\"1\"><mxGeometry x=\"860\" y=\"300\" width=\"48\" height=\"48\" as=\"geometry\"></mxGeometry></mxCell></UserObject><UserObject placeholders=\"1\" label=\"IBM Cloud\" Icon-Name=\"ibm-cloud\" id=\"miscdiagram_2LirHXxnt4o_192Lis04D8cAl\"><mxCell style=\"shape=mxgraph.ibm2mondrian.base;shapeType=ts;html=1;whiteSpace=wrap;fontFamily=IBM Plex Sans;fontColor=#000000;fontSize=14;verticalAlign=middle;align=left;spacing=8;spacingLeft=12;spacingRight=16;spacingTop=0;spacingBottom=0;shapeLayout=expanded;metaEdit=0;strokeWidth=1;colorFamily=blue;container=0;collapsible=0;recursiveResize=0;image=;\" parent=\"1\" vertex=\"1\"><mxGeometry x=\"740\" y=\"102\" width=\"240\" height=\"48\" as=\"geometry\"></mxGeometry></mxCell></UserObject></root></mxGraphModel>","coreInfo":[{"modelType":"MiscDiagram","lastModifiedUserId":"gbbguoxa@cn.ibm.com","description":"","lastModified":"2021-04-06T05:21:12Z","_id":"miscdiagram_2LirHXxnt4o_rJKp1uFSd","label":"2. Persona (misc)"}]},"miscdiagram_H1Hxx-XrO_rJKp1uFSd":{"uiInfo":"<mxGraphModel dx=\"1138\" dy=\"523\" grid=\"1\" gridSize=\"10\" guides=\"1\" tooltips=\"1\" connect=\"1\" arrows=\"1\" fold=\"1\" page=\"1\" pageScale=\"1\" pageWidth=\"1169\" pageHeight=\"827\" background=\"#ffffff\"><root><mxCell id=\"0\" modelId=\"miscdiagram_H1Hxx-XrO_rJKp1uFSd\"></mxCell><mxCell id=\"1\" parent=\"0\"></mxCell><mxCell id=\"miscdiagram_H1Hxx-XrO_22Liwdan1gpP\" value=\"\" style=\"shape=table;html=1;whiteSpace=wrap;startSize=0;container=1;collapsible=0;childLayout=tableLayout;columnLines=0;rowLines=0;\" parent=\"1\" vertex=\"1\"><mxGeometry x=\"250\" y=\"130\" width=\"180\" height=\"120\" as=\"geometry\"></mxGeometry></mxCell><mxCell id=\"miscdiagram_H1Hxx-XrO_32LiwdanMLaT\" value=\"\" style=\"shape=partialRectangle;html=1;whiteSpace=wrap;collapsible=0;dropTarget=0;pointerEvents=0;fillColor=none;top=0;left=0;bottom=0;right=0;points=[[0,0.5],[1,0.5]];portConstraint=eastwest;\" parent=\"miscdiagram_H1Hxx-XrO_22Liwdan1gpP\" vertex=\"1\"><mxGeometry width=\"180\" height=\"40\" as=\"geometry\"></mxGeometry></mxCell><mxCell id=\"miscdiagram_H1Hxx-XrO_42LiwdanRJ66\" value=\"Value 1\" style=\"shape=partialRectangle;html=1;whiteSpace=wrap;connectable=0;fillColor=none;top=0;left=0;bottom=0;right=0;overflow=hidden;\" parent=\"miscdiagram_H1Hxx-XrO_32LiwdanMLaT\" vertex=\"1\"><mxGeometry width=\"60\" height=\"40\" as=\"geometry\"></mxGeometry></mxCell><mxCell id=\"miscdiagram_H1Hxx-XrO_52LiwdanbKib\" value=\"Value 2\" style=\"shape=partialRectangle;html=1;whiteSpace=wrap;connectable=0;fillColor=none;top=0;left=0;bottom=0;right=0;overflow=hidden;\" parent=\"miscdiagram_H1Hxx-XrO_32LiwdanMLaT\" vertex=\"1\"><mxGeometry x=\"60\" width=\"60\" height=\"40\" as=\"geometry\"></mxGeometry></mxCell><mxCell id=\"miscdiagram_H1Hxx-XrO_62LiwdanvibX\" value=\"Value 3\" style=\"shape=partialRectangle;html=1;whiteSpace=wrap;connectable=0;fillColor=none;top=0;left=0;bottom=0;right=0;overflow=hidden;\" parent=\"miscdiagram_H1Hxx-XrO_32LiwdanMLaT\" vertex=\"1\"><mxGeometry x=\"120\" width=\"60\" height=\"40\" as=\"geometry\"></mxGeometry></mxCell><mxCell id=\"miscdiagram_H1Hxx-XrO_72Liwdangd4K\" value=\"\" style=\"shape=partialRectangle;html=1;whiteSpace=wrap;collapsible=0;dropTarget=0;pointerEvents=0;fillColor=none;top=0;left=0;bottom=0;right=0;points=[[0,0.5],[1,0.5]];portConstraint=eastwest;\" parent=\"miscdiagram_H1Hxx-XrO_22Liwdan1gpP\" vertex=\"1\"><mxGeometry y=\"40\" width=\"180\" height=\"40\" as=\"geometry\"></mxGeometry></mxCell><mxCell id=\"miscdiagram_H1Hxx-XrO_82LiwdanW86m\" value=\"Value 4\" style=\"shape=partialRectangle;html=1;whiteSpace=wrap;connectable=0;fillColor=none;top=0;left=0;bottom=0;right=0;overflow=hidden;\" parent=\"miscdiagram_H1Hxx-XrO_72Liwdangd4K\" vertex=\"1\"><mxGeometry width=\"60\" height=\"40\" as=\"geometry\"></mxGeometry></mxCell><mxCell id=\"miscdiagram_H1Hxx-XrO_92LiwdanGf2E\" value=\"Value 5\" style=\"shape=partialRectangle;html=1;whiteSpace=wrap;connectable=0;fillColor=none;top=0;left=0;bottom=0;right=0;overflow=hidden;\" parent=\"miscdiagram_H1Hxx-XrO_72Liwdangd4K\" vertex=\"1\"><mxGeometry x=\"60\" width=\"60\" height=\"40\" as=\"geometry\"></mxGeometry></mxCell><mxCell id=\"miscdiagram_H1Hxx-XrO_102Liwdan6Hf5\" value=\"Value 6\" style=\"shape=partialRectangle;html=1;whiteSpace=wrap;connectable=0;fillColor=none;top=0;left=0;bottom=0;right=0;overflow=hidden;\" parent=\"miscdiagram_H1Hxx-XrO_72Liwdangd4K\" vertex=\"1\"><mxGeometry x=\"120\" width=\"60\" height=\"40\" as=\"geometry\"></mxGeometry></mxCell><mxCell id=\"miscdiagram_H1Hxx-XrO_112LiwdanHGWZ\" value=\"\" style=\"shape=partialRectangle;html=1;whiteSpace=wrap;collapsible=0;dropTarget=0;pointerEvents=0;fillColor=none;top=0;left=0;bottom=0;right=0;points=[[0,0.5],[1,0.5]];portConstraint=eastwest;\" parent=\"miscdiagram_H1Hxx-XrO_22Liwdan1gpP\" vertex=\"1\"><mxGeometry y=\"80\" width=\"180\" height=\"40\" as=\"geometry\"></mxGeometry></mxCell><mxCell id=\"miscdiagram_H1Hxx-XrO_122LiwdanyIHE\" value=\"Value 7\" style=\"shape=partialRectangle;html=1;whiteSpace=wrap;connectable=0;fillColor=none;top=0;left=0;bottom=0;right=0;overflow=hidden;\" parent=\"miscdiagram_H1Hxx-XrO_112LiwdanHGWZ\" vertex=\"1\"><mxGeometry width=\"60\" height=\"40\" as=\"geometry\"></mxGeometry></mxCell><mxCell id=\"miscdiagram_H1Hxx-XrO_132LiwdanF6OR\" value=\"Value 8\" style=\"shape=partialRectangle;html=1;whiteSpace=wrap;connectable=0;fillColor=none;top=0;left=0;bottom=0;right=0;overflow=hidden;\" parent=\"miscdiagram_H1Hxx-XrO_112LiwdanHGWZ\" vertex=\"1\"><mxGeometry x=\"60\" width=\"60\" height=\"40\" as=\"geometry\"></mxGeometry></mxCell><mxCell id=\"miscdiagram_H1Hxx-XrO_142Liwdan27h8\" value=\"Value 9\" style=\"shape=partialRectangle;html=1;whiteSpace=wrap;connectable=0;fillColor=none;top=0;left=0;bottom=0;right=0;overflow=hidden;\" parent=\"miscdiagram_H1Hxx-XrO_112LiwdanHGWZ\" vertex=\"1\"><mxGeometry x=\"120\" width=\"60\" height=\"40\" as=\"geometry\"></mxGeometry></mxCell><mxCell id=\"miscdiagram_H1Hxx-XrO_152Liwdaoo7Y6\" value=\"\" style=\"shape=ext;double=1;whiteSpace=wrap;html=1;aspect=fixed;\" parent=\"1\" vertex=\"1\"><mxGeometry x=\"210\" y=\"360\" width=\"80\" height=\"80\" as=\"geometry\"></mxGeometry></mxCell><UserObject placeholders=\"1\" label=\"Cloud Groups\" Icon-Name=\"ibm-cloud\" id=\"miscdiagram_H1Hxx-XrO_162Liwdap9f5l\"><mxCell style=\"shape=mxgraph.ibm2mondrian.base;shapeType=actor;html=1;whiteSpace=wrap;fontFamily=IBM Plex Sans;fontColor=#000000;fontSize=14;verticalAlign=top;align=center;spacing=0;spacingLeft=0;spacingRight=0;spacingTop=8;spacingBottom=0;shapeLayout=collapsed;verticalLabelPosition=bottom;labelPosition=center;positionText=bottom;metaEdit=0;strokeWidth=1;colorFamily=gray;container=0;collapsible=0;recursiveResize=0;image=;\" parent=\"1\" vertex=\"1\"><mxGeometry x=\"630\" y=\"230\" width=\"48\" height=\"48\" as=\"geometry\"></mxGeometry></mxCell></UserObject><UserObject placeholders=\"1\" label=\"VPC\" Icon-Name=\"virtual-private-cloud\" id=\"miscdiagram_H1Hxx-XrO_172LiwdapoH1A\"><mxCell style=\"shape=mxgraph.ibm2mondrian.base;shapeType=actor;html=1;whiteSpace=wrap;fontFamily=IBM Plex Sans;fontColor=#000000;fontSize=14;verticalAlign=top;align=center;spacing=0;spacingLeft=0;spacingRight=0;spacingTop=8;spacingBottom=0;shapeLayout=collapsed;verticalLabelPosition=bottom;labelPosition=center;positionText=bottom;metaEdit=0;strokeWidth=1;colorFamily=green;container=0;collapsible=0;recursiveResize=0;image=;\" parent=\"1\" vertex=\"1\"><mxGeometry x=\"500\" y=\"390\" width=\"48\" height=\"48\" as=\"geometry\"></mxGeometry></mxCell></UserObject><UserObject placeholders=\"1\" label=\"Classic Infrastructure\" Icon-Name=\"default\" id=\"miscdiagram_H1Hxx-XrO_182Liwdapcj53\"><mxCell style=\"shape=mxgraph.ibm2mondrian.base;shapeType=actor;html=1;whiteSpace=wrap;fontFamily=IBM Plex Sans;fontColor=#000000;fontSize=14;verticalAlign=top;align=center;spacing=0;spacingLeft=0;spacingRight=0;spacingTop=8;spacingBottom=0;shapeLayout=collapsed;verticalLabelPosition=bottom;labelPosition=center;positionText=bottom;metaEdit=0;strokeWidth=1;colorFamily=blue;container=0;collapsible=0;recursiveResize=0;image=;\" parent=\"1\" vertex=\"1\"><mxGeometry x=\"860\" y=\"300\" width=\"48\" height=\"48\" as=\"geometry\"></mxGeometry></mxCell></UserObject><UserObject placeholders=\"1\" label=\"IBM Cloud\" Icon-Name=\"ibm-cloud\" id=\"miscdiagram_H1Hxx-XrO_192Liwdap4qD4\"><mxCell style=\"shape=mxgraph.ibm2mondrian.base;shapeType=ts;html=1;whiteSpace=wrap;fontFamily=IBM Plex Sans;fontColor=#000000;fontSize=14;verticalAlign=middle;align=left;spacing=8;spacingLeft=12;spacingRight=16;spacingTop=0;spacingBottom=0;shapeLayout=expanded;metaEdit=0;strokeWidth=1;colorFamily=blue;container=0;collapsible=0;recursiveResize=0;image=;\" parent=\"1\" vertex=\"1\"><mxGeometry x=\"740\" y=\"102\" width=\"240\" height=\"48\" as=\"geometry\"></mxGeometry></mxCell></UserObject></root></mxGraphModel>","coreInfo":[{"modelType":"MiscDiagram","lastModifiedUserId":"gbbguoxa@cn.ibm.com","description":"","lastModified":"2021-04-06T05:21:12Z","_id":"miscdiagram_H1Hxx-XrO_rJKp1uFSd","label":"2 persona (misc 2)"}]},"aodservices_r1t1bdtrO":{"uiInfo":"<mxGraphModel dx=\"1138\" dy=\"487\" grid=\"1\" gridSize=\"10\" guides=\"1\" tooltips=\"1\" connect=\"1\" arrows=\"1\" fold=\"1\" page=\"1\" pageScale=\"1\" pageWidth=\"1169\" pageHeight=\"827\" background=\"#ffffff\"><root><mxCell id=\"0\" modelId=\"aodservices_r1t1bdtrO\"></mxCell><mxCell id=\"1\" parent=\"0\"></mxCell><mxCell id=\"aodservices_2Lir4Juwsva_22LizKJM3hYI\" style=\"shape=umlActor;html=1;verticalLabelPosition=bottom;verticalAlign=top;\" vertex=\"1\" modelId=\"actor_2LixlQnRYYO_rJKp1uFSd\" parent=\"1\"><mxGeometry x=\"190\" y=\"70\" width=\"35\" height=\"70\" as=\"geometry\"></mxGeometry></mxCell><mxCell id=\"aodservices_2Lir4Juwsva_32LizKJMk9g2\" style=\"shape=process;html=1;whiteSpace=wrap;\" vertex=\"1\" modelId=\"actor_2Lixlprh9BE_rJKp1uFSd\" parent=\"1\"><mxGeometry x=\"350\" y=\"180\" width=\"120\" height=\"60\" as=\"geometry\"></mxGeometry></mxCell><mxCell id=\"aodservices_2Lir4Juwsva_42LizKJMt4Sn\" style=\"swimlane;whiteSpace=wrap;html=1;align=left;swimlaneLine=0;verticalAlign=top;collapsible=0;\" vertex=\"1\" modelId=\"subsystem_HketkWuKBd\" parent=\"1\"><mxGeometry x=\"150\" y=\"350\" width=\"200\" height=\"150\" as=\"geometry\"></mxGeometry></mxCell><mxCell id=\"aodservices_2Lir4Juwsva_52LizKJMzx8D\" style=\"rounded=1;whiteSpace=wrap;html=1;\" vertex=\"1\" modelId=\"logicalcomponent_2LiyOX1sv39_rJKp1uFSd\" parent=\"aodservices_2Lir4Juwsva_42LizKJMt4Sn\"><mxGeometry x=\"30\" y=\"20\" width=\"120\" height=\"60\" as=\"geometry\"></mxGeometry></mxCell><mxCell id=\"aodservices_2Lir4Juwsva_62LizKJMhfsd\" style=\"edgeStyle=orthogonalEdgeStyle;rounded=0;html=1;jettySize=auto;orthogonalLoop=1;\" edge=\"1\" modelId=\"logicalconnector_BJbYyWdYH_\" parent=\"1\" source=\"aodservices_2Lir4Juwsva_32LizKJMk9g2\" target=\"aodservices_2Lir4Juwsva_52LizKJMzx8D\"><mxGeometry relative=\"1\" as=\"geometry\"></mxGeometry></mxCell></root></mxGraphModel>","coreInfo":[{"modelType":"AODServices","lastModifiedUserId":"gbbguoxa@cn.ibm.com","description":"","lastModified":"2021-04-06T05:25:52Z","_id":"aodservices_r1t1bdtrO","label":"d'c's'x"},{"modelType":"SubSystem","description":"","_id":"subsystem_HketkWuKBd","label":"SubSystem","children":"logicalcomponent_2LiyOX1sv39_rJKp1uFSd"}]},"aodservices_ryX1UZXru_rJKp1uFSd":{"uiInfo":"<mxGraphModel dx=\"1138\" dy=\"487\" grid=\"1\" gridSize=\"10\" guides=\"1\" tooltips=\"1\" connect=\"1\" arrows=\"1\" fold=\"1\" page=\"1\" pageScale=\"1\" pageWidth=\"1169\" pageHeight=\"827\" background=\"#ffffff\"><root><mxCell id=\"0\" modelId=\"aodservices_ryX1UZXru_rJKp1uFSd\"></mxCell><mxCell id=\"1\" parent=\"0\"></mxCell><mxCell id=\"aodservices_2Lir4Juwsva_22LizKJM3hYI\" style=\"shape=umlActor;html=1;verticalLabelPosition=bottom;verticalAlign=top;\" vertex=\"1\" modelId=\"actor_2LixlQnRYYO_rJKp1uFSd\" parent=\"1\"><mxGeometry x=\"190\" y=\"70\" width=\"35\" height=\"70\" as=\"geometry\"></mxGeometry></mxCell><mxCell id=\"aodservices_2Lir4Juwsva_32LizKJMk9g2\" style=\"shape=process;html=1;whiteSpace=wrap;\" vertex=\"1\" modelId=\"actor_2Lixlprh9BE_rJKp1uFSd\" parent=\"1\"><mxGeometry x=\"350\" y=\"180\" width=\"120\" height=\"60\" as=\"geometry\"></mxGeometry></mxCell><mxCell id=\"aodservices_2Lir4Juwsva_42LizKJMt4Sn\" style=\"swimlane;whiteSpace=wrap;html=1;align=left;swimlaneLine=0;verticalAlign=top;collapsible=0;\" vertex=\"1\" modelId=\"subsystem_SJ-71L-7H__rJKp1uFSd\" parent=\"1\"><mxGeometry x=\"150\" y=\"350\" width=\"200\" height=\"150\" as=\"geometry\"></mxGeometry></mxCell><mxCell id=\"aodservices_2Lir4Juwsva_52LizKJMzx8D\" style=\"rounded=1;whiteSpace=wrap;html=1;\" vertex=\"1\" modelId=\"logicalcomponent_2LiyOX1sv39_rJKp1uFSd\" parent=\"aodservices_2Lir4Juwsva_42LizKJMt4Sn\"><mxGeometry x=\"30\" y=\"20\" width=\"120\" height=\"60\" as=\"geometry\"></mxGeometry></mxCell><mxCell id=\"aodservices_2Lir4Juwsva_62LizKJMhfsd\" style=\"edgeStyle=orthogonalEdgeStyle;rounded=0;html=1;jettySize=auto;orthogonalLoop=1;\" edge=\"1\" modelId=\"logicalconnector_rJlQy8-Qr__rJKp1uFSd\" parent=\"1\" source=\"aodservices_2Lir4Juwsva_32LizKJMk9g2\" target=\"aodservices_2Lir4Juwsva_52LizKJMzx8D\"><mxGeometry relative=\"1\" as=\"geometry\"></mxGeometry></mxCell></root></mxGraphModel>","coreInfo":[{"modelType":"AODServices","lastModifiedUserId":"gbbguoxa@cn.ibm.com","description":"","lastModified":"2021-04-06T05:21:08Z","_id":"aodservices_ryX1UZXru_rJKp1uFSd","label":"5.1.1 sv2"},{"modelType":"SubSystem","description":"","_id":"subsystem_SJ-71L-7H__rJKp1uFSd","label":"SubSystem","children":"logicalcomponent_2LiyOX1sv39_rJKp1uFSd"}]},"aoditsystem_SyMg8WXHO_rJKp1uFSd":{"uiInfo":"<mxGraphModel dx=\"1138\" dy=\"487\" grid=\"1\" gridSize=\"10\" guides=\"1\" tooltips=\"1\" connect=\"1\" arrows=\"1\" fold=\"1\" page=\"1\" pageScale=\"1\" pageWidth=\"1169\" pageHeight=\"827\" background=\"#ffffff\"><root><mxCell id=\"0\" modelId=\"aoditsystem_SyMg8WXHO_rJKp1uFSd\"></mxCell><mxCell id=\"1\" parent=\"0\"></mxCell><mxCell id=\"aoditsystem_2LizOV51vd7_302LizRKtT1vp\" style=\"whiteSpace=wrap;html=1;align=center;verticalAlign=top;strokeWidth=4;strokeColor=#CCCCCC;fillColor=none;\" vertex=\"1\" modelId=\"location_SyeQl8bmSu_rJKp1uFSd\" parent=\"1\"><mxGeometry x=\"210\" y=\"100\" width=\"250\" height=\"200\" as=\"geometry\"></mxGeometry></mxCell><mxCell id=\"aoditsystem_2LizOV51vd7_312LizSe69r39\" style=\"shape=image;html=1;verticalLabelPosition=bottom;labelBackgroundColor=#ffffff;verticalAlign=top;imageAspect=0;image=/cogarch/assets/mxgraph/stencils/clipart/others/generic.svg\" vertex=\"1\" modelId=\"logicalnode_2LizSe7rLGe_rJKp1uFSd\" parent=\"1\"><mxGeometry x=\"280\" y=\"150\" width=\"60\" height=\"60\" as=\"geometry\"></mxGeometry></mxCell><mxCell id=\"aoditsystem_2LizOV51vd7_322LizSZxMCmv\" style=\"shape=umlActor;html=1;verticalLabelPosition=bottom;verticalAlign=top;\" vertex=\"1\" modelId=\"actor_2LixlQnRYYO_rJKp1uFSd\" parent=\"1\"><mxGeometry x=\"530\" y=\"350\" width=\"35\" height=\"70\" as=\"geometry\"></mxGeometry></mxCell><mxCell id=\"aoditsystem_2LizOV51vd7_332LizTwoKBmv\" style=\"shape=process;html=1;whiteSpace=wrap;\" vertex=\"1\" modelId=\"actor_2LizTwob6Ui_rJKp1uFSd\" parent=\"1\"><mxGeometry x=\"720\" y=\"130\" width=\"120\" height=\"60\" as=\"geometry\"></mxGeometry></mxCell><mxCell id=\"aoditsystem_2LizOV51vd7_342LizUoOlsyh\" style=\"edgeStyle=orthogonalEdgeStyle;rounded=0;html=1;entryX=0;entryY=0.5;jettySize=auto;orthogonalLoop=1;\" edge=\"1\" modelId=\"logicalconnection_S1mgIZmru_rJKp1uFSd\" parent=\"1\" source=\"aoditsystem_2LizOV51vd7_312LizSe69r39\" target=\"aoditsystem_2LizOV51vd7_332LizTwoKBmv\"><mxGeometry relative=\"1\" as=\"geometry\"></mxGeometry></mxCell></root></mxGraphModel>","coreInfo":[{"modelType":"AODITSystem","lastModifiedUserId":"gbbguoxa@cn.ibm.com","description":"","lastModified":"2021-04-06T05:21:10Z","_id":"aoditsystem_SyMg8WXHO_rJKp1uFSd","label":"5.1.2 itsv2"},{"modelType":"Location","description":"","_id":"location_SyeQl8bmSu_rJKp1uFSd","label":"Location","children":"logicalnode_2LizSe7rLGe_rJKp1uFSd"},{"modelType":"LogicalConnection","description":"","_id":"logicalconnection_S1mgIZmru_rJKp1uFSd","flowType":"not specified","label":""}]},"aoditsystem_2LizOV51vd7_rJKp1uFSd":{"uiInfo":"<mxGraphModel dx=\"1138\" dy=\"487\" grid=\"1\" gridSize=\"10\" guides=\"1\" tooltips=\"1\" connect=\"1\" arrows=\"1\" fold=\"1\" page=\"1\" pageScale=\"1\" pageWidth=\"1169\" pageHeight=\"827\" background=\"#ffffff\"><root><mxCell id=\"0\" modelId=\"aoditsystem_2LizOV51vd7_rJKp1uFSd\"></mxCell><mxCell id=\"1\" parent=\"0\"></mxCell><mxCell id=\"aoditsystem_2LizOV51vd7_302LizRKtT1vp\" style=\"whiteSpace=wrap;html=1;align=center;verticalAlign=top;strokeWidth=4;strokeColor=#CCCCCC;fillColor=none;\" vertex=\"1\" modelId=\"location_2LizRKuPynU_rJKp1uFSd\" parent=\"1\"><mxGeometry x=\"210\" y=\"100\" width=\"250\" height=\"200\" as=\"geometry\"></mxGeometry></mxCell><mxCell id=\"aoditsystem_2LizOV51vd7_312LizSe69r39\" style=\"shape=image;html=1;verticalLabelPosition=bottom;labelBackgroundColor=#ffffff;verticalAlign=top;imageAspect=0;image=/cogarch/assets/mxgraph/stencils/clipart/others/generic.svg\" vertex=\"1\" modelId=\"logicalnode_2LizSe7rLGe_rJKp1uFSd\" parent=\"1\"><mxGeometry x=\"280\" y=\"150\" width=\"60\" height=\"60\" as=\"geometry\"></mxGeometry></mxCell><mxCell id=\"aoditsystem_2LizOV51vd7_322LizSZxMCmv\" style=\"shape=umlActor;html=1;verticalLabelPosition=bottom;verticalAlign=top;\" vertex=\"1\" modelId=\"actor_2LixlQnRYYO_rJKp1uFSd\" parent=\"1\"><mxGeometry x=\"530\" y=\"350\" width=\"35\" height=\"70\" as=\"geometry\"></mxGeometry></mxCell><mxCell id=\"aoditsystem_2LizOV51vd7_332LizTwoKBmv\" style=\"shape=process;html=1;whiteSpace=wrap;\" vertex=\"1\" modelId=\"actor_2LizTwob6Ui_rJKp1uFSd\" parent=\"1\"><mxGeometry x=\"720\" y=\"130\" width=\"120\" height=\"60\" as=\"geometry\"></mxGeometry></mxCell><mxCell id=\"aoditsystem_2LizOV51vd7_342LizUoOlsyh\" style=\"edgeStyle=orthogonalEdgeStyle;rounded=0;html=1;entryX=0;entryY=0.5;jettySize=auto;orthogonalLoop=1;\" edge=\"1\" modelId=\"logicalconnection_2LizUoPhCBF_rJKp1uFSd\" parent=\"1\" source=\"aoditsystem_2LizOV51vd7_312LizSe69r39\" target=\"aoditsystem_2LizOV51vd7_332LizTwoKBmv\"><mxGeometry relative=\"1\" as=\"geometry\"></mxGeometry></mxCell></root></mxGraphModel>","coreInfo":[{"modelType":"AODITSystem","lastModifiedUserId":"gbbguoxa@cn.ibm.com","description":"","lastModified":"2021-04-06T05:21:09Z","_id":"aoditsystem_2LizOV51vd7_rJKp1uFSd","label":"5.1.2 itsv"},{"modelType":"LogicalConnection","description":"","_id":"logicalconnection_2LizUoPhCBF_rJKp1uFSd","flowType":"not specified","label":""},{"modelType":"Location","description":"","_id":"location_2LizRKuPynU_rJKp1uFSd","label":"Location","children":"logicalnode_2LizSe7rLGe_rJKp1uFSd"}]},"aodusagescenario_2LiAvFPKloE_rJKp1uFSd":{"uiInfo":"<mxGraphModel dx=\"1346\" dy=\"487\" grid=\"1\" gridSize=\"10\" guides=\"1\" tooltips=\"1\" connect=\"1\" arrows=\"1\" fold=\"1\" page=\"1\" pageScale=\"1\" pageWidth=\"1169\" pageHeight=\"827\" background=\"#ffffff\"><root><mxCell id=\"0\" modelId=\"aodusagescenario_2LiAvFPKloE_rJKp1uFSd\"></mxCell><mxCell id=\"1\" parent=\"0\"></mxCell><mxCell id=\"aoditsystem_2LizOV51vd7_302LizRKtT1vp\" style=\"whiteSpace=wrap;html=1;align=center;verticalAlign=top;strokeWidth=4;strokeColor=#CCCCCC;fillColor=none;\" vertex=\"1\" modelId=\"location_2LizRKuPynU_rJKp1uFSd\" parent=\"1\"><mxGeometry x=\"210\" y=\"100\" width=\"250\" height=\"200\" as=\"geometry\"></mxGeometry></mxCell><mxCell id=\"aoditsystem_2LizOV51vd7_312LizSe69r39\" style=\"shape=image;html=1;verticalLabelPosition=bottom;labelBackgroundColor=#ffffff;verticalAlign=top;imageAspect=0;image=/cogarch/assets/mxgraph/stencils/clipart/others/generic.svg\" vertex=\"1\" modelId=\"logicalnode_2LizSe7rLGe_rJKp1uFSd\" parent=\"1\"><mxGeometry x=\"280\" y=\"150\" width=\"60\" height=\"60\" as=\"geometry\"></mxGeometry></mxCell><mxCell id=\"aoditsystem_2LizOV51vd7_322LizSZxMCmv\" style=\"shape=umlActor;html=1;verticalLabelPosition=bottom;verticalAlign=top;\" vertex=\"1\" modelId=\"actor_2LixlQnRYYO_rJKp1uFSd\" parent=\"1\"><mxGeometry x=\"530\" y=\"350\" width=\"35\" height=\"70\" as=\"geometry\"></mxGeometry></mxCell><mxCell id=\"aoditsystem_2LizOV51vd7_332LizTwoKBmv\" style=\"shape=process;html=1;whiteSpace=wrap;\" vertex=\"1\" modelId=\"actor_2LizTwob6Ui_rJKp1uFSd\" parent=\"1\"><mxGeometry x=\"720\" y=\"130\" width=\"120\" height=\"60\" as=\"geometry\"></mxGeometry></mxCell><mxCell id=\"aoditsystem_2LizOV51vd7_342LizUoOlsyh\" style=\"edgeStyle=orthogonalEdgeStyle;rounded=0;html=1;entryX=0;entryY=0.5;jettySize=auto;orthogonalLoop=1;\" edge=\"1\" modelId=\"logicalconnection_2LizUoPhCBF_rJKp1uFSd\" parent=\"1\" source=\"aoditsystem_2LizOV51vd7_312LizSe69r39\" target=\"aoditsystem_2LizOV51vd7_332LizTwoKBmv\"><mxGeometry relative=\"1\" as=\"geometry\"></mxGeometry></mxCell><mxCell id=\"ui_BJqlzdKBu\" modelId=\"aoditsystem_2LizOV51vd7_rJKp1uFSd\" parent=\"1\"></mxCell></root></mxGraphModel>","coreInfo":[{"modelType":"AODUsageScenario","lastModifiedUserId":"gbbguoxa@cn.ibm.com","description":"","lastModified":"2021-04-06T05:21:11Z","_id":"aodusagescenario_2LiAvFPKloE_rJKp1uFSd","label":"5.1.3 us-itsv"},{"modelType":"LogicalConnection","description":"","_id":"logicalconnection_2LizUoPhCBF_rJKp1uFSd","flowType":"not specified","label":""},{"modelType":"UsageStep","description":"","_id":"usagestep_2LiAyBYUMJe_rJKp1uFSd","label":"3","children":"location_2LizRKuPynU_rJKp1uFSd"},{"modelType":"AODITSystem","annotation":["{\"dx\":1138,\"dy\":487,\"grid\":1,\"gridSize\":10,\"guides\":1,\"tooltips\":1,\"connect\":1,\"arrows\":1,\"fold\":1,\"page\":1,\"pageScale\":1,\"pageWidth\":1169,\"pageHeight\":827,\"background\":\"#ffffff\"}"],"lastModifiedUserId":"gbbguoxa@cn.ibm.com","description":"","lastModified":"2021-04-06T05:21:09Z","_id":"aoditsystem_2LizOV51vd7_rJKp1uFSd","label":"5.1.2 itsv","children":"logicalconnection_2LizUoPhCBF_rJKp1uFSd,actor_2LixlQnRYYO_rJKp1uFSd,location_2LizRKuPynU_rJKp1uFSd"},{"modelType":"Location","description":"","_id":"location_2LizRKuPynU_rJKp1uFSd","label":"Location","children":"logicalnode_2LizSe7rLGe_rJKp1uFSd"}],"additional":{"owneds":[]}},"systemcontext_2LixjJkOXpQ_rJKp1uFSd":{"uiInfo":"<mxGraphModel dx=\"838\" dy=\"540\" grid=\"1\" gridSize=\"10\" guides=\"1\" tooltips=\"1\" connect=\"1\" arrows=\"1\" fold=\"1\" page=\"1\" pageScale=\"1\" pageWidth=\"1169\" pageHeight=\"827\" background=\"#ffffff\"><root><mxCell id=\"0\" modelId=\"systemcontext_2LixjJkOXpQ_rJKp1uFSd\"></mxCell><mxCell id=\"1\" parent=\"0\"></mxCell><mxCell id=\"_172Lixl3h2oGR\" style=\"ellipse;whiteSpace=wrap;html=1;\" vertex=\"1\" modelId=\"targetsystem_2Lixl3h8alV_rJKp1uFSd\" parent=\"1\"><mxGeometry x=\"270\" y=\"100\" width=\"140\" height=\"70\" as=\"geometry\"></mxGeometry></mxCell><mxCell id=\"_182Lixlpr4TkD\" style=\"shape=process;html=1;whiteSpace=wrap;\" vertex=\"1\" modelId=\"actor_2Lixlprh9BE_rJKp1uFSd\" parent=\"1\"><mxGeometry x=\"140\" y=\"350\" width=\"120\" height=\"60\" as=\"geometry\"></mxGeometry></mxCell><mxCell id=\"_192LixlQnNvTL\" style=\"shape=umlActor;html=1;verticalLabelPosition=bottom;verticalAlign=top;\" vertex=\"1\" modelId=\"actor_2LixlQnRYYO_rJKp1uFSd\" parent=\"1\"><mxGeometry x=\"540\" y=\"380\" width=\"35\" height=\"70\" as=\"geometry\"></mxGeometry></mxCell><mxCell id=\"_202LixmvJLfxB\" style=\"edgeStyle=orthogonalEdgeStyle;rounded=0;html=1;jettySize=auto;orthogonalLoop=1;\" edge=\"1\" modelId=\"connector_2LixmvLAscP_rJKp1uFSd\" parent=\"1\" source=\"_172Lixl3h2oGR\" target=\"_182Lixlpr4TkD\"><mxGeometry relative=\"1\" as=\"geometry\"></mxGeometry></mxCell></root></mxGraphModel>","coreInfo":[{"modelType":"SystemContext","lastModifiedUserId":"gbbguoxa@cn.ibm.com","description":"","lastModified":"2021-04-06T05:21:05Z","_id":"systemcontext_2LixjJkOXpQ_rJKp1uFSd","label":"System Context"},{"modelType":"Connector","description":"","_id":"connector_2LixmvLAscP_rJKp1uFSd","type":"function","label":""},{"modelType":"TargetSystem","description":"","_id":"targetsystem_2Lixl3h8alV_rJKp1uFSd","label":"Target System"}]}}},"textual":{"instances":{"functionalrequirement_HkeTHpl7rd_rJKp1uFSd":{"coreInfo":[{"modelType":"FunctionalRequirement","owner":"wxq","reviewDate":"1899-12-04","impact":"ecdwxqec","lastModifiedUserId":"gbbguoxa@cn.ibm.com","description":"fvecwdqec fdcwx","weight":"Low","id":"4 1 fr req matrix fr 01 id","lastModified":"2021-04-06T05:21:12Z","_id":"functionalrequirement_HkeTHpl7rd_rJKp1uFSd","label":"4 1 fr req matrix fr 01 name","children":"logicalcomponent_2LiyOX1sv39_rJKp1uFSd"}]},"functionalrequirement_rkqn7W7rd_rJKp1uFSd":{"coreInfo":[{"modelType":"FunctionalRequirement","lastModifiedUserId":"gbbguoxa@cn.ibm.com","weight":"Low","id":"4 1 fr req matrix fr 02 id","lastModified":"2021-04-06T05:21:12Z","_id":"functionalrequirement_rkqn7W7rd_rJKp1uFSd","label":"4 1 fr req matrix fr 02 name"}]},"notes_r1aLI-7Bd_rJKp1uFSd":{"coreInfo":[{"modelType":"Notes","lastModifiedUserId":"gbbguoxa@cn.ibm.com","attachments":["https://tpylonsgpxy01.sl.bluecloud.ibm.com/cogarch/filemanager/api/FileManagerAPIs/containers/cafiles/files/file_7278c2e754486ce0.png#--.png"],"lastModified":"2021-04-06T05:21:08Z","_id":"notes_r1aLI-7Bd_rJKp1uFSd","content":"evwdqs","label":"6.1 Ideation note2"},{"modelType":"Label","description":"CA","_id":"label_1OhKj1ilrmn_rkm6cR0-H_ryWjkER2B_B1KGDHYS_","userId":"gbbguoxa@cn.ibm.com","label":"CA"}]},"notes_HygrSUbQBd_rJKp1uFSd":{"coreInfo":[{"modelType":"Notes","lastModifiedUserId":"gbbguoxa@cn.ibm.com","attachments":["https://tpylonsgpxy01.sl.bluecloud.ibm.com/cogarch/filemanager/api/FileManagerAPIs/containers/cafiles/files/file_7278c2e754486ce0.png#--.png"],"lastModified":"2021-04-06T05:21:08Z","_id":"notes_HygrSUbQBd_rJKp1uFSd","content":"evwdqs","label":"6.1 Ideation note"},{"modelType":"Label","description":"CA","_id":"label_1OhKj1ilrmn_rkm6cR0-H_ryWjkER2B_B1KGDHYS_","userId":"gbbguoxa@cn.ibm.com","label":"CA"}]},"notes_rygODUZ7rO_rJKp1uFSd":{"coreInfo":[{"modelType":"Notes","lastModifiedUserId":"gbbguoxa@cn.ibm.com","attachments":[],"lastModified":"2021-04-06T05:21:08Z","_id":"notes_rygODUZ7rO_rJKp1uFSd","content":"<div>vfecwdqcd</div><div><img style=\"height:100px;\" src=\"/api/FileManagerAPIs/containers/cafiles/files/file_aece4a4f43ff019c.png\"><br></div>","label":"6.2 Playback note"},{"modelType":"Label","description":"devcwdq","_id":"label_2LiAP5jpzky_B1KGDHYS_","userId":"gbbguoxa@cn.ibm.com","label":"devcwdq"},{"modelType":"Label","description":"decwq","_id":"label_2LiAP5jW5Dn_B1KGDHYS_","userId":"gbbguoxa@cn.ibm.com","label":"decwq"},{"modelType":"Label","description":"qdwcewdq","_id":"label_2LiAP5jyHWl_B1KGDHYS_","userId":"gbbguoxa@cn.ibm.com","label":"qdwcewdq"}]},"notes_B1eGEvWXrO_rJKp1uFSd":{"coreInfo":[{"modelType":"Notes","lastModifiedUserId":"gbbguoxa@cn.ibm.com","attachments":[],"lastModified":"2021-04-06T05:21:08Z","_id":"notes_B1eGEvWXrO_rJKp1uFSd","content":"<blockquote>evrwdqsxsq<br>wxqs<br><br></blockquote>","label":"9 note other"}]},"notes_H1HYLbmrO_rJKp1uFSd":{"coreInfo":[{"modelType":"Notes","lastModifiedUserId":"gbbguoxa@cn.ibm.com","attachments":[],"lastModified":"2021-04-06T05:21:08Z","_id":"notes_H1HYLbmrO_rJKp1uFSd","content":"<div>vfecwdqcd</div><div><img style=\"height:100px;\" src=\"/api/FileManagerAPIs/containers/cafiles/files/file_aece4a4f43ff019c.png\"><br></div>","label":"6.2 Playback note2"},{"modelType":"Label","description":"decwq","_id":"label_2LiAP5jW5Dn_B1KGDHYS_","userId":"gbbguoxa@cn.ibm.com","label":"decwq"},{"modelType":"Label","description":"qdwcewdq","_id":"label_2LiAP5jyHWl_B1KGDHYS_","userId":"gbbguoxa@cn.ibm.com","label":"qdwcewdq"},{"modelType":"Label","description":"devcwdq","_id":"label_2LiAP5jpzky_B1KGDHYS_","userId":"gbbguoxa@cn.ibm.com","label":"devcwdq"}]},"architecturaldecision_SJlkxHbXHd_rJKp1uFSd":{"coreInfo":[{"modelType":"ArchitecturalDecision","implications":" sxa","decision":"adalternative_2Lizkc1jXBP_rJKp1uFSd","problemStatement":"cewdq","motivation":"dcwxsq","derivedRequirements":"d sa","relatedDecisions":" dsx","assumptions":"cedw","lastUpdated":"2021-04-01","lastModifiedUserId":"gbbguoxa@cn.ibm.com","topic":"cdwxq","subjectArea":"dcs","justification":"sa","lastModified":"2021-04-06T05:21:05Z","_id":"architecturaldecision_SJlkxHbXHd_rJKp1uFSd","status":"proposed","label":"5 2 ad 1 name","ad_id":"5 2 ad 1 id","children":"du_2LiyTUVpKh3_rJKp1uFSd,logicalcomponent_2LiyOX1sv39_rJKp1uFSd,logicalnode_2LizSe7rLGe_rJKp1uFSd"},{"modelType":"ADAlternative","description":"al 1 desc","contraindications":"cdesx","_id":"adalternative_2Lizkc1jXBP_rJKp1uFSd","bestApplied":"<blockquote>dwsq</blockquote>","label":"al 1"}]},"architecturaldecision_ByKXrW7Bd_rJKp1uFSd":{"coreInfo":[{"modelType":"ArchitecturalDecision","implications":" sxa","problemStatement":"cewdq","decision":"","motivation":"dcwxsq","derivedRequirements":"d sa","relatedDecisions":" dsx","assumptions":"cedw","lastUpdated":"2021-04-01","lastModifiedUserId":"gbbguoxa@cn.ibm.com","topic":"cdwxq","subjectArea":"dcs","justification":"sa","lastModified":"2021-04-06T05:21:05Z","_id":"architecturaldecision_ByKXrW7Bd_rJKp1uFSd","status":"proposed","label":"5 2 ad 2 name","ad_id":"5 2 ad 2 id","children":"du_2LiyTUVpKh3_rJKp1uFSd,logicalcomponent_2LiyOX1sv39_rJKp1uFSd"},{"modelType":"ADAlternative","description":"al3","contraindications":"","_id":"adalternative_2LizuCVe7KE_rJKp1uFSd","bestApplied":"","label":"al2"},{"modelType":"ADAlternative","description":"al 1 desc","contraindications":"cdesx","_id":"adalternative_B1ltXHbQSd_rJKp1uFSd","bestApplied":"<blockquote>dwsq</blockquote>","label":"al 1"}]},"nonfunctionalrequirement_r1Ag4WmSO_rJKp1uFSd":{"coreInfo":[{"modelType":"NonFunctionalRequirement","lastModifiedUserId":"gbbguoxa@cn.ibm.com","theme":"Performance","lastModified":"2021-04-06T05:21:05Z","_id":"nonfunctionalrequirement_r1Ag4WmSO_rJKp1uFSd","priority":"Critical","label":"4 2 NFRs nfr 02 name","nfr_id":"4 2 NFRs nfr 02 id","children":"du_2LiyTUVpKh3_rJKp1uFSd,logicalnode_2LizSe7rLGe_rJKp1uFSd"}]},"nonfunctionalrequirement_BygHJ4-mS__rJKp1uFSd":{"coreInfo":[{"modelType":"NonFunctionalRequirement","owner":"muytrew","growthRate":"vecd","description":"evcdwxsq","source":" ds","priority":"Critical","reference":"ew","acceptanceCriteria":"evfcdw","reviewDate":"2021-04-27","lastModifiedUserId":"gbbguoxa@cn.ibm.com","testMethod":"cdvtryn","context":" sda","theme":"Performance","lastModified":"2021-04-06T05:21:05Z","_id":"nonfunctionalrequirement_BygHJ4-mS__rJKp1uFSd","value":" fed","label":"4 2 NFRs nfr 01 name","nfr_id":"4 2 NFRs nfr 01 id","children":"du_2LiyTUVpKh3_rJKp1uFSd,logicalcomponent_2LiyOX1sv39_rJKp1uFSd,logicalnode_2LizSe7rLGe_rJKp1uFSd,logicalconnection_2LizUoPhCBF_rJKp1uFSd"}]},"executivesummary_Hkl-k0gmSO_rJKp1uFSd":{"coreInfo":[{"modelType":"ExecutiveSummary","lastModifiedUserId":"gbbguoxa@cn.ibm.com","description":"<div>ov</div><div><img style=\"height:100px;\" src=\"/api/FileManagerAPIs/containers/cafiles/files/file_7278c2e754486ce0.png\">g vhbjn<br></div><table style=\"width:100%\"><tbody><tr><td style=\"height:42px;border: 1px solid #979797;padding:5px;width:33.333333333333336%\"> </td><td style=\"height:42px;border: 1px solid #979797;padding:5px;width:33.333333333333336%\"> </td><td style=\"height:42px;border: 1px solid #979797;padding:5px;width:33.333333333333336%\"> </td></tr><tr><td style=\"height: 42px; border: 1px solid rgb(151, 151, 151); padding: 5px; width: 33.3333%; background-color: rgb(50, 189, 115);\"> </td><td style=\"height:42px;border: 1px solid #979797;padding:5px;width:33.333333333333336%\"> fdwq</td><td style=\"height:42px;border: 1px solid #979797;padding:5px;width:33.333333333333336%\"> ecwq</td></tr><tr><td style=\"height:42px;border: 1px solid #979797;padding:5px;width:33.333333333333336%\"> </td><td style=\"height:42px;border: 1px solid #979797;padding:5px;width:33.333333333333336%\"> </td><td style=\"height:42px;border: 1px solid #979797;padding:5px;width:33.333333333333336%\"> </td></tr><tr><td style=\"height:42px;border: 1px solid #979797;padding:5px;width:33.333333333333336%\"> </td><td style=\"height:42px;border: 1px solid #979797;padding:5px;width:33.333333333333336%\"> </td><td style=\"height:42px;border: 1px solid #979797;padding:5px;width:33.333333333333336%\"> </td></tr><tr><td style=\"height:42px;border: 1px solid #979797;padding:5px;width:33.333333333333336%\"> </td><td style=\"height:42px;border: 1px solid #979797;padding:5px;width:33.333333333333336%\"> </td><td style=\"height:42px;border: 1px solid #979797;padding:5px;width:33.333333333333336%\"> </td></tr></tbody></table><br>","lastModified":"2021-04-06T05:21:05Z","_id":"executivesummary_Hkl-k0gmSO_rJKp1uFSd","label":""}]},"risk_SJxkqLW7r__rJKp1uFSd":{"coreInfo":[{"modelType":"Risk","probability":"Medium","impact":"High","lastModifiedUserId":"gbbguoxa@cn.ibm.com","description":"cwq","recommendation":"cwx","lastModified":"2021-04-06T05:21:05Z","_id":"risk_SJxkqLW7r__rJKp1uFSd","label":"7.1 risk1"}]},"risk_SkJj8bQB__rJKp1uFSd":{"coreInfo":[{"modelType":"Risk","reviewDate":"2021-04-12","probability":"High","impact":"Low","lastModifiedUserId":"gbbguoxa@cn.ibm.com","isKey":true,"description":"cwq","recommendation":"cwx","lastModified":"2021-04-06T05:21:05Z","_id":"risk_SkJj8bQB__rJKp1uFSd","label":"7.1 risk2"}]},"dependency_ryZZPbmSO_rJKp1uFSd":{"coreInfo":[{"modelType":"Dependency","lastModifiedUserId":"gbbguoxa@cn.ibm.com","lastModified":"2021-04-06T05:21:05Z","_id":"dependency_ryZZPbmSO_rJKp1uFSd","label":"7.4 depend 2"}]},"dependency_HyxOlD-7rd_rJKp1uFSd":{"coreInfo":[{"modelType":"Dependency","lastModifiedUserId":"gbbguoxa@cn.ibm.com","lastModified":"2021-04-06T05:21:05Z","_id":"dependency_HyxOlD-7rd_rJKp1uFSd","label":"7.4 depend 1"}]},"businesschallenge_H1xK7m-mHO_rJKp1uFSd":{"coreInfo":[{"modelType":"BusinessChallenge","lastModifiedUserId":"gbbguoxa@cn.ibm.com","description":"<ul><li><b><font size=\"5\" color=\"#32BD73\">bhjnekcwd</font></b></li><li><b><font size=\"5\" color=\"#32BD73\"><br></font></b></li><li><b><font size=\"5\" color=\"#32BD73\">ecdwq</font></b></li><li><b><font size=\"5\" color=\"#32BD73\"><br></font></b></li><li><b><font size=\"5\" color=\"#32BD73\">cewq</font></b></li><li><b><font size=\"5\" color=\"#32BD73\"><img style=\"height:100px;\" src=\"/api/FileManagerAPIs/containers/cafiles/files/file_08dfa58c1b691457.png\"></font></b></li><li><b><font size=\"5\" color=\"#32BD73\"><br></font><table style=\"width:100%\"><tbody><tr><td style=\"height:42px;border: 1px solid #979797;padding:5px;width:33.333333333333336%\"> </td><td style=\"height:42px;border: 1px solid #979797;padding:5px;width:33.333333333333336%\"> cdwq吃的啥a<br><br>cwsq<br></td><td style=\"height:42px;border: 1px solid #979797;padding:5px;width:33.333333333333336%\"> </td></tr><tr><td style=\"height:42px;border: 1px solid #979797;padding:5px;width:33.333333333333336%\"> cds</td><td style=\"height:42px;border: 1px solid #979797;padding:5px;width:33.333333333333336%\"> </td><td style=\"height:42px;border: 1px solid #979797;padding:5px;width:33.333333333333336%\"> </td></tr><tr><td style=\"height:42px;border: 1px solid #979797;padding:5px;width:33.333333333333336%\"> </td><td style=\"height:42px;border: 1px solid #979797;padding:5px;width:33.333333333333336%\"> </td><td style=\"height:42px;border: 1px solid #979797;padding:5px;width:33.333333333333336%\"> </td></tr><tr><td style=\"height:42px;border: 1px solid #979797;padding:5px;width:33.333333333333336%\"> </td><td style=\"height:42px;border: 1px solid #979797;padding:5px;width:33.333333333333336%\"> </td><td style=\"height:42px;border: 1px solid #979797;padding:5px;width:33.333333333333336%\"> </td></tr><tr><td style=\"height:42px;border: 1px solid #979797;padding:5px;width:33.333333333333336%\"> </td><td style=\"height:42px;border: 1px solid #979797;padding:5px;width:33.333333333333336%\"> </td><td style=\"height:42px;border: 1px solid #979797;padding:5px;width:33.333333333333336%\"> </td></tr></tbody></table><br></b></li><li><b><font size=\"5\" color=\"#32BD73\"><br></font></b></li></ul>","lastModified":"2021-04-06T05:21:05Z","_id":"businesschallenge_H1xK7m-mHO_rJKp1uFSd","label":""}]},"issue_SygH1PW7rd_rJKp1uFSd":{"coreInfo":[{"modelType":"Issue","lastModifiedUserId":"gbbguoxa@cn.ibm.com","lastModified":"2021-04-06T05:21:05Z","_id":"issue_SygH1PW7rd_rJKp1uFSd","label":"7.3 issu 1"}]},"issue_H1CJv-XHd_rJKp1uFSd":{"coreInfo":[{"modelType":"Issue","lastModifiedUserId":"gbbguoxa@cn.ibm.com","lastModified":"2021-04-06T05:21:05Z","_id":"issue_H1CJv-XHd_rJKp1uFSd","label":"7.3 issu2"}]},"assumption_B1ua8b7Su_rJKp1uFSd":{"coreInfo":[{"modelType":"Assumption","confidenceLevel":"Low","closedDate":"2021-04-19","impact":"Medium","lastModifiedUserId":"gbbguoxa@cn.ibm.com","isKey":false,"description":"cweq verf2","lastModified":"2021-04-06T05:21:05Z","_id":"assumption_B1ua8b7Su_rJKp1uFSd","identifiedBy":"ecw","label":"7.2 assu 2"}]},"assumption_SkxE28ZXHO_rJKp1uFSd":{"coreInfo":[{"modelType":"Assumption","confidenceLevel":"High","impact":"High","lastModifiedUserId":"gbbguoxa@cn.ibm.com","isKey":true,"description":"cweq","lastModified":"2021-04-06T05:21:05Z","_id":"assumption_SkxE28ZXHO_rJKp1uFSd","identifiedBy":"ecw","label":"7.2 assu 1"}]}}},"solution_advisors":{},"auditLog":{"_id":"architectureauditentry_V4xstrh0c","archId":"arch_rkKVJ_tHO","archChangeLog":[{"_id":"architecturechangelog_9P9iQM5Cm","date":"2021-04-06T05:29:56.362Z","type":"CREATE_INST","user":{"fullname":"Bei Bei Guo","email":"gbbguoxa@cn.ibm.com"},"artifactTypeId":"artifacttype_ea2c1eeb-ed45-366c-b5ca-ab3f49c74ed9","instanceName":"d'c's'x","instanceId":"aodservices_r1t1bdtrO","option":"CREATE_FROM_COPY: aodservices_ryX1UZXru_rJKp1uFSd"},{"_id":"architecturechangelog_jU6IHFe8G","date":"2021-04-06T05:21:12.954Z","type":"UPDATE","user":{"fullname":"Bei Bei Guo","email":"gbbguoxa@cn.ibm.com"}},{"_id":"architecturechangelog_mmUTe-4SNX","date":"2021-04-06T05:18:41.494Z","type":"CREATE","user":{"fullname":"Bei Bei Guo","email":"gbbguoxa@cn.ibm.com"}}]}}