{"toc":[{"globalTOCPosition":"1","artifactTypeName":"Overview","artifactType":"assetartifact_executivesummary","displayName":"Overview","format":"text","typeId":"1","_id":"artifacttype_9edbd406-69fb-3a95-8b2e-58a0974b2710","child":[],"hasContent":false},{"globalTOCPosition":"2","parentGroup":"","_id":"artifactgroup_7dc829db-0746-3ddc-816c-d07338d4eebf","displayName":"Scope","child":[{"globalTOCPosition":"2.1","artifactTypeName":"Business Challenge","artifactType":"assetartifact_businesschallenge","displayName":"Business Challenge","format":"text","typeId":"2.1","_id":"artifacttype_d1ab4a95-e05f-3882-9f19-6500fc0d3b2b","hasContent":false},{"globalTOCPosition":"2.2","artifactTypeName":"System Context","artifactType":"assetartifact_systemcontext","displayName":"System Context","format":"diagram","typeId":"2.2","_id":"artifacttype_8ca70362-e3d1-3b9c-91d1-f755d029a2e3","hasContent":false}]},{"globalTOCPosition":"3","parentGroup":"","_id":"artifactgroup_3b8700e6-c854-3ec9-af0e-9b2e600721ce","displayName":"Requirement","child":[{"globalTOCPosition":"3.1","parentGroup":"artifactgroup_3b8700e6-c854-3ec9-af0e-9b2e600721ce","_id":"artifactgroup_6e299154-751f-36ee-acb2-145c8af87481","displayName":"Use Case Model","child":[{"artifactTypeName":"Use Case Diagram","globalTOCPosition":"3.1.1","artifactType":"assetartifact_usecase_ucdiagram","displayName":"Use Case Diagram","format":"diagram","typeId":"3.1.1","_id":"artifacttype_cde39d5e-c892-3093-ab3d-bad448acb8a0","hasContent":false},{"globalTOCPosition":"3.1.2","artifactTypeName":"Use Case","artifactType":"assetartifact_usecase_uctext","displayName":"Use Case","format":"text","typeId":"3.1.2","_id":"artifacttype_dde4b71c-82db-3f66-964a-3a04fbf56dff","hasContent":false}]},{"globalTOCPosition":"3.2","artifactTypeName":"Functional Requirements","artifactType":"assetartifact_functionalrequirement","displayName":"Functional Requirements","format":"text","typeId":"3.2","_id":"artifacttype_12eefe0a-435b-3176-8bbe-4dc928a2e4c3","hasContent":false},{"artifactTypeName":"Non Functional Requirements","globalTOCPosition":"3.3","artifactType":"assetartifact_nonfunctionalrequirement","displayName":"Non Functional Requirements","format":"text","typeId":"3.3","_id":"artifacttype_f0eebd79-15c9-3ebc-a73b-8efc3f634f59","hasContent":false}]},{"globalTOCPosition":"4","parentGroup":"","_id":"artifactgroup_40044cbe-6c76-33a1-b9e0-eab8937d30ca","displayName":"Data Model","child":[{"artifactTypeName":"Logical Data Model","globalTOCPosition":"4.1","artifactType":"assetartifact_logical_datamodel","displayName":"Logical Data Model","format":"diagram","typeId":"4.1","_id":"artifacttype_246bc46f-0286-3ad4-bf01-679592db59c7","hasContent":false}]},{"globalTOCPosition":"5","parentGroup":"","_id":"artifactgroup_074a2b74-43d8-315a-b88b-c0b421754f02","displayName":"Architecture","child":[{"globalTOCPosition":"5.1","parentGroup":"artifactgroup_074a2b74-43d8-315a-b88b-c0b421754f02","_id":"artifactgroup_771e7b65-3b46-390d-bc41-3c88cfaf13ef","displayName":"Architecture Overview","child":[{"artifactTypeName":"Services View","globalTOCPosition":"5.1.1","artifactType":"assetartifact_architectureoverview_aodservice","displayName":"Services View","format":"diagram","typeId":"5.1.1","_id":"artifacttype_2c548a13-6bd9-3edc-a496-0318af82f0d1","hasContent":false},{"artifactTypeName":"Enterprise View","globalTOCPosition":"5.1.2","artifactType":"assetartifact_architectureoverview_enterprise","displayName":"Enterprise View","format":"diagram","typeId":"5.1.2","_id":"artifacttype_16bfe592-ae95-371c-9f64-3a881b667707","hasContent":false},{"globalTOCPosition":"5.1.3","artifactTypeName":"IT System View","artifactType":"assetartifact_architectureoverview_itsystem","displayName":"IT System View","format":"diagram","typeId":"5.1.3","_id":"artifacttype_355f72be-6566-3f48-8b15-c30f671d7c8f","hasContent":true},{"artifactTypeName":"Usage Scenario","globalTOCPosition":"5.1.4","artifactType":"assetartifact_architectureoverview_usagescenario","displayName":"Usage Scenario","format":"diagram","typeId":"5.1.4","_id":"artifacttype_d118451c-0816-3aa5-8b89-3119feb4168a","hasContent":true}]},{"globalTOCPosition":"5.2","artifactTypeName":"Architectural Decisions","artifactType":"assetartifact_architecturedecision","displayName":"Architectural Decisions","format":"text","typeId":"5.2","_id":"artifacttype_fddae3fa-aafa-32af-94a4-bc3e1ed255cc","parentGroup":"artifactgroup_074a2b74-43d8-315a-b88b-c0b421754f02","child":[],"hasContent":false},{"globalTOCPosition":"5.3","parentGroup":"artifactgroup_074a2b74-43d8-315a-b88b-c0b421754f02","_id":"artifactgroup_c848fca1-3956-3bb4-8c88-8815b99e00fc","displayName":"Component Model","child":[{"globalTOCPosition":"5.3.1","artifactTypeName":"Static View","artifactType":"assetartifact_componentmodel_staticview","displayName":"Static View","format":"diagram","typeId":"5.3.1","_id":"artifacttype_4a44b8fa-5057-3826-84d7-169a6fc1f2ed","hasContent":false},{"globalTOCPosition":"5.3.2","artifactTypeName":"Sequence View","artifactType":"assetartifact_componentmodel_dynamicview","displayName":"Sequence View","format":"diagram","typeId":"5.3.2","_id":"artifacttype_6e1239a1-6a68-3dae-ae87-b05ecf80d25b","hasContent":false},{"artifactTypeName":"Collaboration View","globalTOCPosition":"5.3.3","artifactType":"assetartifact_componentmodel_collaborationdiagram","displayName":"Collaboration View","format":"diagram","typeId":"5.3.3","_id":"artifacttype_217cdbd4-c76f-3355-a3b1-443b0a0d2651","hasContent":false}]},{"globalTOCPosition":"5.4","parentGroup":"artifactgroup_074a2b74-43d8-315a-b88b-c0b421754f02","_id":"artifactgroup_aef1c0cc-540d-31c6-8817-ac2b282f37d3","displayName":"Operational Model","child":[{"artifactTypeName":"Logical Operational View","globalTOCPosition":"5.4.1","artifactType":"assetartifact_operationalmodel_logicaloperational","displayName":"Logical Operational View","format":"diagram","typeId":"5.4.1","_id":"artifacttype_5ca43d50-d7da-322f-a1b0-f65b0c12b2c8","hasContent":true},{"artifactTypeName":"Prescribed Operational View","globalTOCPosition":"5.4.2","artifactType":"assetartifact_operationalmodel_physicaloperational","displayName":"Prescribed Operational View","format":"diagram","typeId":"5.4.2","_id":"artifacttype_7503dbb1-18f7-36ac-ad12-98d977ef3d0d","hasContent":true}]}]},{"globalTOCPosition":"6","parentGroup":"","_id":"artifactgroup_7cddcb3d-c508-3828-8893-128dc3d6c8b7","displayName":"RAID","child":[{"globalTOCPosition":"6.1","artifactTypeName":"Risks","artifactType":"assetartifact_risk","displayName":"Risks","format":"text","typeId":"6.1","_id":"artifacttype_94622837-e58f-34c3-9263-8260b69601c8","hasContent":false},{"globalTOCPosition":"6.2","artifactTypeName":"Assumptions","artifactType":"assetartifact_assumption","displayName":"Assumptions","format":"text","typeId":"6.2","_id":"artifacttype_2142b656-62ba-304d-95d4-77b1b144e5e1","hasContent":false},{"globalTOCPosition":"6.3","artifactTypeName":"Issues","artifactType":"assetartifact_issue","displayName":"Issues","format":"text","typeId":"6.3","_id":"artifacttype_f4d01807-f847-3ccd-87a2-32877074295e","hasContent":false},{"globalTOCPosition":"6.4","artifactTypeName":"Dependencies","artifactType":"assetartifact_dependency","displayName":"Dependencies","format":"text","typeId":"6.4","_id":"artifacttype_9c5463b3-5c9e-3790-86cb-9b8866cc062a","hasContent":false}]},{"globalTOCPosition":"7","artifactTypeName":"Architectural Principles","artifactType":"assetartifact_architecture_principles","displayName":"Architectural Principles","format":"text","typeId":"7","_id":"artifacttype_92ccfc5d-c31a-349d-97c0-6d75c8841a8a","child":[],"hasContent":false},{"artifactTypeName":"Misc Diagram","globalTOCPosition":"8","artifactType":"assetartifact_miscdiagram","displayName":"Misc Diagram","format":"diagram","typeId":"9","_id":"artifacttype_23219eb8-b210-3e5a-8621-9881bee93055","child":[],"hasContent":false},{"artifactTypeName":"Notes","globalTOCPosition":"9","artifactType":"assetartifact_notes","displayName":"Notes","format":"text","typeId":"8","_id":"artifacttype_02226b19-474e-37a6-ab39-d9bb31767fb5","child":[],"hasContent":false}],"toc_cards":{"lomViews":{"artifacttype_5ca43d50-d7da-322f-a1b0-f65b0c12b2c8":[{"additionalInfo":{"refType":"POMView","refName":"pom1"},"_id":"lomview_3uPktwdUlFM","name":"lom","description":"","lastModifiedInfo":{"userId":"gbbguoxa@cn.ibm.com","date":"2022-07-28T02:53:23Z"}}]},"lomPhysicalViews":{"artifacttype_7503dbb1-18f7-36ac-ad12-98d977ef3d0d":[{"additionalInfo":{},"_id":"pomview_3uPkwcAv9h7","name":"pom","description":"","lastModifiedInfo":{"userId":"gbbguoxa@cn.ibm.com","date":"2022-07-28T02:53:23Z"}},{"additionalInfo":{"refType":"LOMView","refName":"lom"},"_id":"pomview_3uPoi3EC9Fy","name":"pom1","description":"","lastModifiedInfo":{"userId":"gbbguoxa@cn.ibm.com","date":"2022-07-28T02:54:34Z"}}]},"aodITSystems":{"artifacttype_355f72be-6566-3f48-8b15-c30f671d7c8f":[{"additionalInfo":{},"_id":"aoditsystem_3ugYO1D9Lze_rJrihDJaq","name":"itsv","description":"","lastModifiedInfo":{"userId":"gbbguoxa@cn.ibm.com","date":"2022-07-28T02:53:23Z"}}]},"aodUsageScenarios":{"artifacttype_d118451c-0816-3aa5-8b89-3119feb4168a":[{"additionalInfo":{"refType":"AODITSystem","refName":"itsv"},"_id":"aodusagescenario_3ugYVgxSUgd_rJrihDJaq","name":"us","description":"","lastModifiedInfo":{"userId":"gbbguoxa@cn.ibm.com","date":"2022-07-28T02:53:23Z"}}]},"executivesummary":{"artifacttype_9edbd406-69fb-3a95-8b2e-58a0974b2710":[]},"businesschallenge":{"artifacttype_d1ab4a95-e05f-3882-9f19-6500fc0d3b2b":[]},"systemContext":{"artifacttype_8ca70362-e3d1-3b9c-91d1-f755d029a2e3":[]},"useCaseViews":{"artifacttype_cde39d5e-c892-3093-ab3d-bad448acb8a0":[]},"usecasetext":{"artifacttype_dde4b71c-82db-3f66-964a-3a04fbf56dff":[]},"functionalrequirement":{"artifacttype_12eefe0a-435b-3176-8bbe-4dc928a2e4c3":[]},"nonfunctionalrequirement":{"artifacttype_f0eebd79-15c9-3ebc-a73b-8efc3f634f59":[]},"logicalERD":{"artifacttype_246bc46f-0286-3ad4-bf01-679592db59c7":[]},"aodServices":{"artifacttype_2c548a13-6bd9-3edc-a496-0318af82f0d1":[]},"aodEnterprises":{"artifacttype_16bfe592-ae95-371c-9f64-3a881b667707":[]},"architecturaldecision":{"artifacttype_fddae3fa-aafa-32af-94a4-bc3e1ed255cc":[]},"cmStaticViews":{"artifacttype_4a44b8fa-5057-3826-84d7-169a6fc1f2ed":[]},"cmDynamicViews":{"artifacttype_6e1239a1-6a68-3dae-ae87-b05ecf80d25b":[]},"cmCollaboration":{"artifacttype_217cdbd4-c76f-3355-a3b1-443b0a0d2651":[]},"risk":{"artifacttype_94622837-e58f-34c3-9263-8260b69601c8":[]},"assumption":{"artifacttype_2142b656-62ba-304d-95d4-77b1b144e5e1":[]},"issue":{"artifacttype_f4d01807-f847-3ccd-87a2-32877074295e":[]},"dependency":{"artifacttype_9c5463b3-5c9e-3790-86cb-9b8866cc062a":[]},"architectureprinciple":{"artifacttype_92ccfc5d-c31a-349d-97c0-6d75c8841a8a":[]},"miscDiagram":{"artifacttype_23219eb8-b210-3e5a-8621-9881bee93055":[]},"notes":{"artifacttype_02226b19-474e-37a6-ab39-d9bb31767fb5":[]}},"combined":{"coreInfo":[{"name":"hah","description":"hah","_id":"label_SJcOtRsYdgH_H1NUhdn18","userId":"gbbguoxa@cn.ibm.com","label":"hah","modelType":"Label"},{"name":"ha'h","description":"ha'h","_id":"label_HyDOR4Q66rL_Sycg--cUL_HyXAab5IU","userId":"gbbguoxa@cn.ibm.com","label":"ha'h","modelType":"Label"},{"name":"label","description":"label","_id":"label_SyUOgzAjuvpH","userId":"gbbguoxa@cn.ibm.com","label":"label","modelType":"Label"},{"name":"a","description":"a","_id":"label_HyawxqLLCFDH","userId":"gbbguoxa@cn.ibm.com","label":"a","modelType":"Label"},{"name":"a note","description":"a note","_id":"label_BkkOl58LAtDr","userId":"gbbguoxa@cn.ibm.com","label":"a note","modelType":"Label"},{"name":"hahah","description":"hahah","_id":"label_SkmOl9UI0YwH","userId":"gbbguoxa@cn.ibm.com","label":"hahah","modelType":"Label"},{"name":"Pass pen","description":"Pass pen","_id":"label_1xaDQwZ2QdS_ByPt8AH9E","userId":"gbbguoxa@cn.ibm.com","label":"Pass pen","modelType":"Label"},{"name":"Offline Editing","description":"Offline Editing","_id":"label_1y2091Ouadd_ByPt8AH9E","userId":"gbbguoxa@cn.ibm.com","label":"Offline Editing","modelType":"Label"},{"name":"Pass Pen","description":"Pass Pen","_id":"label_1y24G0LVQ7D_ByPt8AH9E","userId":"gbbguoxa@cn.ibm.com","label":"Pass Pen","modelType":"Label"},{"name":"a'a'a'a'a","description":"a'a'a'a'a","_id":"label_r1yoDGyO31I","userId":"gbbguoxa@cn.ibm.com","label":"a'a'a'a'a","modelType":"Label"},{"name":"aaaaa","description":"aaaaa","_id":"label_B1gsvMJ_2k8","userId":"gbbguoxa@cn.ibm.com","label":"aaaaa","modelType":"Label"},{"name":"a special label","description":"a special label","_id":"label_SkGiDf1d31U","userId":"gbbguoxa@cn.ibm.com","label":"a special label","modelType":"Label"},{"name":"note1","description":"note1","_id":"label_1L2WMjWbK4k_ByQlw1Zkr","userId":"gbbguoxa@cn.ibm.com","label":"note1","modelType":"Label"},{"name":"patch","description":"patch","_id":"label_1Phj7Y9HrAn_HJz4mg_fS","userId":"gbbguoxa@cn.ibm.com","label":"patch","modelType":"Label"},{"name":"2.4.1","description":"2.4.1","_id":"label_1Phj7Y9XdCz_HJz4mg_fS","userId":"gbbguoxa@cn.ibm.com","label":"2.4.1","modelType":"Label"},{"name":"dddd","description":"dddd","_id":"label_1UX0q6UGFyi_H1CQyRtwS","userId":"gbbguoxa@cn.ibm.com","label":"dddd","modelType":"Label"},{"name":"note","description":"note","_id":"label_2jVgK9fg3bA_SyQmL8Np8_HJNtuhdaL","userId":"gbbguoxa@cn.ibm.com","label":"note","modelType":"Label"},{"name":"image","description":"image","_id":"label_24tYxylsUsa_B1lmZgkZU","userId":"gbbguoxa@cn.ibm.com","label":"image","modelType":"Label"},{"name":"attach","description":"attach","_id":"label_24tYxylTtTA_B1lmZgkZU","userId":"gbbguoxa@cn.ibm.com","label":"attach","modelType":"Label"},{"name":" bvn","description":" bvn","_id":"label_2keZvMsTOrc_rkNEOadTL","userId":"gbbguoxa@cn.ibm.com","label":" bvn","modelType":"Label"},{"name":"bvnb'h'j","description":"bvnb'h'j","_id":"label_2keZvMsDmuy_rkNEOadTL","userId":"gbbguoxa@cn.ibm.com","label":"bvnb'h'j","modelType":"Label"},{"name":"bhjn'j","description":"bhjn'j","_id":"label_2keZvMsEYZd_rkNEOadTL","userId":"gbbguoxa@cn.ibm.com","label":"bhjn'j","modelType":"Label"},{"name":"nj","description":"nj","_id":"label_2keZvMsA9bG_rkNEOadTL","userId":"gbbguoxa@cn.ibm.com","label":"nj","modelType":"Label"},{"name":"is","description":"is","_id":"label_SyumbjO9GjBw","userId":"gbbguoxa@cn.ibm.com","label":"is","modelType":"Label"},{"name":"this","description":"this","_id":"label_rJKO5lu_Tvv","userId":"gbbguoxa@cn.ibm.com","label":"this","modelType":"Label"},{"name":"Notification","description":"Notification","_id":"label_SJidqguO6Pw","userId":"gbbguoxa@cn.ibm.com","label":"Notification","modelType":"Label"},{"name":"Workshop Jan. 2019","description":"Workshop Jan. 2019","_id":"label_Sy2OceOdTwD","userId":"gbbguoxa@cn.ibm.com","label":"Workshop Jan. 2019","modelType":"Label"},{"name":"New label","description":"New label","_id":"label_B19b-chPsOCP_B184bKKRw","userId":"gbbguoxa@cn.ibm.com","label":"New label","modelType":"Label"},{"name":"decwq","description":"decwq","_id":"label_2LiAP5jW5Dn_B1KGDHYS_","userId":"gbbguoxa@cn.ibm.com","label":"decwq","modelType":"Label"},{"name":"devcwdq","description":"devcwdq","_id":"label_2LiAP5jpzky_B1KGDHYS_","userId":"gbbguoxa@cn.ibm.com","label":"devcwdq","modelType":"Label"},{"name":"qdwcewdq","description":"qdwcewdq","_id":"label_2LiAP5jyHWl_B1KGDHYS_","userId":"gbbguoxa@cn.ibm.com","label":"qdwcewdq","modelType":"Label"},{"name":"CA","description":"CA","_id":"label_1OhKj1ilrmn_rkm6cR0-H_ryWjkER2B_B1KGDHYS_","userId":"gbbguoxa@cn.ibm.com","label":"CA","modelType":"Label"},{"modelType":"GenericGroup","description":"Element unchanged in this phase or release.","_id":"genericgroup_H1FMwT_tAv","category":"Transition-Elements","type":"Pre-Defined","label":"unchanged"},{"modelType":"GenericGroup","description":"Element is modified or updated in this phase or release.","_id":"genericgroup_SkqGPaOFAP","category":"Transition-Elements","type":"Pre-Defined","label":"updated"},{"modelType":"GenericGroup","description":"Element being removed in this phase or release.","_id":"genericgroup_HJjMDTuYCD","category":"Transition-Elements","type":"Pre-Defined","label":"removed"},{"modelType":"GenericGroup","description":"Element being added in this phase or release.","_id":"genericgroup_Sy3zPTdYCw","type":"Pre-Defined","category":"Transition-Elements","label":"added"},{"modelType":"GenericGroup","description":"Element is being planned for some future phase or release.","_id":"genericgroup_ryaGP6OK0w","category":"Transition-Elements","type":"Pre-Defined","label":"planned"},{"modelType":"GenericGroup","description":"Either the security controls have not been specified or cannot be controlled.","_id":"genericgroup_B1zP6dFRw","type":"Pre-Defined","category":"Security-Zone","label":"none"},{"modelType":"GenericGroup","description":"Trusted security zone, all traffic and access is by known and trusted parties.","_id":"genericgroup_rJlMv6dt0P","type":"Pre-Defined","category":"Security-Zone","label":"trusted"},{"modelType":"GenericGroup","description":"Direct access to un-trusted network, no sensitive data. Controlled access to trusted zone.","_id":"genericgroup_BybzDTOK0v","type":"Pre-Defined","category":"Security-Zone","label":"dmz"},{"modelType":"GenericGroup","description":"Untrusted traffic, often public networks.","_id":"genericgroup_ByGMw6dYAP","type":"Pre-Defined","category":"Security-Zone","label":"un-trusted"},{"modelType":"GenericGroup","description":"Unmanaged entity.","_id":"genericgroup_S17GwadKCw","type":"Pre-Defined","category":"Management-Zone","label":"none"},{"modelType":"GenericGroup","description":"Fully managed.","_id":"genericgroup_rk4Gw6ut0D","type":"Pre-Defined","category":"Management-Zone","label":"full"},{"modelType":"GenericGroup","description":"Partially managed.","_id":"genericgroup_SyrMD6_KAP","category":"Management-Zone","type":"Pre-Defined","label":"limited"},{"modelType":"GenericGroup","description":"No direct management.","_id":"genericgroup_ByIfwpOF0v","category":"Management-Zone","type":"Pre-Defined","label":"no direct"},{"modelType":"GenericGroup","description":"High availability replica actively handling workload.","_id":"genericgroup_BywfvTuKAw","type":"Pre-Defined","category":"HA-Mode","label":"active"},{"modelType":"GenericGroup","description":"High availability replica not handling active workload.","_id":"genericgroup_ry_zw6utCv","type":"Pre-Defined","category":"HA-Mode","label":"passive"},{"modelType":"GenericGroup","children":"logicalnode_3ugYQKA77Gd_rJrihDJaq,actor_3uhe39WHa0i_rJrihDJaq","description":"This group is derived from Zone named Zone.","_id":"genericgroup_3ugYOLbSsIv_rJrihDJaq","type":"Auto-Generated","category":"Zone","label":"Zone"},{"modelType":"LogicalNode","Icon-Name":"default","Badge-Text":"","description":"","_id":"logicalnode_3ugYQKA77Gd_rJrihDJaq","cardinality":"1","label":"Generic Node"},{"modelType":"Actor","description":"","_id":"actor_3uhe39WHa0i_rJrihDJaq","type":"Human","label":"Human (Original)"},{"modelType":"Actor","Icon-Name":"user","Badge-Text":"","description":"","_id":"actor_3ugYPaKZBaV_rJrihDJaq","type":"Human","label":"Human"}]},"diagram":{"instances":{"lomview_3uPktwdUlFM":{"uiInfo":"<mxGraphModel dx=\"838\" dy=\"661\" grid=\"1\" gridSize=\"10\" guides=\"1\" tooltips=\"1\" connect=\"1\" arrows=\"1\" fold=\"1\" page=\"1\" pageScale=\"1\" pageWidth=\"1169\" pageHeight=\"827\" background=\"#ffffff\"><root><mxCell id=\"0\" modelId=\"lomview_3uPktwdUlFM\"></mxCell><mxCell id=\"1\" parent=\"0\"></mxCell></root></mxGraphModel>","coreInfo":[{"modelType":"LOMView","lastModifiedUserId":"gbbguoxa@cn.ibm.com","description":"","lastModified":"2022-07-28T02:53:23Z","_id":"lomview_3uPktwdUlFM","label":"lom"}]},"pomview_3uPoi3EC9Fy":{"uiInfo":"<mxGraphModel dx=\"838\" dy=\"661\" grid=\"1\" gridSize=\"10\" guides=\"1\" tooltips=\"1\" connect=\"1\" arrows=\"1\" fold=\"1\" page=\"1\" pageScale=\"1\" pageWidth=\"1169\" pageHeight=\"827\" background=\"#ffffff\"><root><mxCell id=\"0\" modelId=\"pomview_3uPoi3EC9Fy\"></mxCell><mxCell id=\"1\" parent=\"0\"></mxCell></root></mxGraphModel>","coreInfo":[{"modelType":"POMView","lastModifiedUserId":"gbbguoxa@cn.ibm.com","description":"","lastModified":"2022-07-28T02:54:34Z","_id":"pomview_3uPoi3EC9Fy","label":"pom1"}]},"pomview_3uPkwcAv9h7":{"uiInfo":"<mxGraphModel dx=\"838\" dy=\"661\" grid=\"1\" gridSize=\"10\" guides=\"1\" tooltips=\"1\" connect=\"1\" arrows=\"1\" fold=\"1\" page=\"1\" pageScale=\"1\" pageWidth=\"1169\" pageHeight=\"827\" background=\"#ffffff\"><root><mxCell id=\"0\" modelId=\"pomview_3uPkwcAv9h7\"></mxCell><mxCell id=\"1\" parent=\"0\"></mxCell></root></mxGraphModel>","coreInfo":[{"modelType":"POMView","lastModifiedUserId":"gbbguoxa@cn.ibm.com","description":"","lastModified":"2022-07-28T02:53:23Z","_id":"pomview_3uPkwcAv9h7","label":"pom"}]},"aoditsystem_3ugYO1D9Lze_rJrihDJaq":{"uiInfo":"<mxGraphModel dx=\"1186\" dy=\"614\" grid=\"1\" gridSize=\"8\" guides=\"1\" tooltips=\"1\" connect=\"1\" arrows=\"1\" fold=\"1\" page=\"1\" pageScale=\"1\" pageWidth=\"1169\" pageHeight=\"827\" background=\"#ffffff\"><root><mxCell id=\"0\" modelId=\"aoditsystem_3ugYO1D9Lze_rJrihDJaq\"></mxCell><mxCell id=\"1\" parent=\"0\"></mxCell><mxCell id=\"aoditsystem_3ugYO1D9Lze_23uh2QMJX73M\" style=\"shape=mxgraph.ibm.base;ibmType=groupp;ibmLayout=expanded;strokeColor=#0f62fe;html=1;whiteSpace=wrap;metaEdit=1;fontFamily=IBM Plex Sans Regular;fontSize=14;fontColor=#000000;verticalLabelPosition=middle;labelPosition=center;verticalAlign=middle;align=left;spacing=0;spacingLeft=16;spacingRight=16;spacingTop=0;spacingBottom=0;metaEdit=1;strokeWidth=1;container=0;collapsible=0;expand=0;recursiveResize=0;colorFillIcon=noColor;colorFillContainer=noColor;colorFillText=noColor;\" vertex=\"1\" modelId=\"location_3ugYPG5HXek_rJrihDJaq\" parent=\"1\"><mxGeometry x=\"64\" y=\"32\" width=\"680\" height=\"528\" as=\"geometry\"></mxGeometry></mxCell><mxCell id=\"aoditsystem_3ugYO1D9Lze_33uh2QMJmwxE\" style=\"shape=mxgraph.ibm.base;ibmType=zone;ibmLayout=expanded;strokeColor=#0f62fe;html=1;whiteSpace=wrap;metaEdit=1;fontFamily=IBM Plex Sans Regular;fontSize=14;fontColor=#000000;verticalLabelPosition=middle;labelPosition=center;verticalAlign=middle;align=left;spacing=0;spacingLeft=16;spacingRight=16;spacingTop=0;spacingBottom=0;metaEdit=1;strokeWidth=2;fillColor=none;\" vertex=\"1\" modelId=\"zone_3ugYOLdafoV_rJrihDJaq\" parent=\"1\"><mxGeometry x=\"168\" y=\"176\" width=\"376\" height=\"272\" as=\"geometry\"></mxGeometry></mxCell><mxCell id=\"aoditsystem_3ugYO1D9Lze_43uh2QMJxCLs\" style=\"shape=mxgraph.ibm.base;ibmType=actor;ibmLayout=collapsed;strokeColor=#0f62fe;html=1;whiteSpace=wrap;metaEdit=1;fontFamily=IBM Plex Sans Regular;fontSize=14;fontColor=#000000;fillColor=none;verticalLabelPosition=bottom;labelPosition=center;verticalAlign=top;align=center;spacing=0;spacingLeft=16;spacingRight=16;spacingTop=0;spacingBottom=4;metaEdit=1;strokeWidth=1;\" vertex=\"1\" modelId=\"actor_3ugYPaKZBaV_rJrihDJaq\" parent=\"1\"><mxGeometry x=\"216\" y=\"168\" width=\"48\" height=\"48\" as=\"geometry\"></mxGeometry></mxCell><mxCell id=\"aoditsystem_3ugYO1D9Lze_53uh2QMJizUz\" style=\"shape=mxgraph.ibm.base;ibmType=nodel;ibmLayout=collapsed;strokeColor=#0f62fe;html=1;whiteSpace=wrap;metaEdit=1;fontFamily=IBM Plex Sans Regular;fontSize=14;fontColor=#000000;fillColor=none;verticalLabelPosition=bottom;labelPosition=center;verticalAlign=top;align=center;spacing=0;spacingLeft=16;spacingRight=16;spacingTop=0;spacingBottom=4;metaEdit=1;strokeWidth=1;container=1;collapsible=0;expand=0;recursiveResize=0;\" vertex=\"1\" modelId=\"logicalnode_3ugYQKA77Gd_rJrihDJaq\" parent=\"1\"><mxGeometry x=\"376\" y=\"216\" width=\"48\" height=\"48\" as=\"geometry\"></mxGeometry></mxCell><mxCell id=\"aoditsystem_3ugYO1D9Lze_63uh2QMJfsMb\" style=\"edgeStyle=orthogonalEdgeStyle;rounded=1;orthogonalLoop=1;jettySize=auto;html=1;jumpStyle=arc;jumpSize=8;entryX=0.542;entryY=-0.062;entryDx=0;entryDy=0;entryPerimeter=0;\" edge=\"1\" modelId=\"logicalconnection_3ugYT0NNFBz_rJrihDJaq\" parent=\"1\" source=\"aoditsystem_3ugYO1D9Lze_43uh2QMJxCLs\" target=\"aoditsystem_3ugYO1D9Lze_53uh2QMJizUz\"><mxGeometry relative=\"1\" as=\"geometry\"></mxGeometry></mxCell><mxCell id=\"aoditsystem_3ugYO1D9Lze_263uhe39WLrVA\" style=\"shape=umlActor;html=1;verticalLabelPosition=bottom;verticalAlign=top;\" vertex=\"1\" modelId=\"actor_3uhe39WHa0i_rJrihDJaq\" parent=\"1\"><mxGeometry x=\"240\" y=\"344\" width=\"35\" height=\"70\" as=\"geometry\"></mxGeometry></mxCell><mxCell id=\"aoditsystem_3ugYO1D9Lze_273uhe5FSPT8A\" style=\"edgeStyle=orthogonalEdgeStyle;rounded=1;orthogonalLoop=1;jettySize=auto;html=1;jumpStyle=arc;jumpSize=8;\" edge=\"1\" modelId=\"logicalconnection_3uhe5FTz5lG_rJrihDJaq\" parent=\"1\" source=\"aoditsystem_3ugYO1D9Lze_263uhe39WLrVA\" target=\"aoditsystem_3ugYO1D9Lze_53uh2QMJizUz\"><mxGeometry relative=\"1\" as=\"geometry\"></mxGeometry></mxCell></root></mxGraphModel>","coreInfo":[{"modelType":"AODITSystem","lastModifiedUserId":"gbbguoxa@cn.ibm.com","description":"","lastModified":"2022-07-28T02:53:23Z","_id":"aoditsystem_3ugYO1D9Lze_rJrihDJaq","label":"itsv"},{"modelType":"LogicalConnection","description":"","_id":"logicalconnection_3uhe5FTz5lG_rJrihDJaq","flowType":"not specified","label":""},{"modelType":"Zone","Icon-Name":"default","Badge-Text":"","description":"","_id":"zone_3ugYOLdafoV_rJrihDJaq","label":"Zone"},{"modelType":"LogicalConnection","description":"","_id":"logicalconnection_3ugYT0NNFBz_rJrihDJaq","flowType":"not specified","label":""},{"modelType":"Location","Icon-Name":"default","Badge-Text":"","description":"","_id":"location_3ugYPG5HXek_rJrihDJaq","label":"ecw","children":"actor_3uhe39WHa0i_rJrihDJaq,actor_3ugYPaKZBaV_rJrihDJaq,logicalnode_3ugYQKA77Gd_rJrihDJaq"}]},"aodusagescenario_3ugYVgxSUgd_rJrihDJaq":{"uiInfo":"<mxGraphModel dx=\"1394\" dy=\"667\" grid=\"1\" gridSize=\"8\" guides=\"1\" tooltips=\"1\" connect=\"1\" arrows=\"1\" fold=\"1\" page=\"1\" pageScale=\"1\" pageWidth=\"1169\" pageHeight=\"827\" background=\"#ffffff\"><root><mxCell id=\"0\" modelId=\"aodusagescenario_3ugYVgxSUgd_rJrihDJaq\"></mxCell><mxCell id=\"1\" parent=\"0\"></mxCell><mxCell id=\"aoditsystem_3ugYO1D9Lze_23uh2QMJX73M\" style=\"shape=mxgraph.ibm.base;ibmType=groupp;ibmLayout=expanded;strokeColor=#0f62fe;html=1;whiteSpace=wrap;metaEdit=1;fontFamily=IBM Plex Sans Regular;fontSize=14;fontColor=#000000;verticalLabelPosition=middle;labelPosition=center;verticalAlign=middle;align=left;spacing=0;spacingLeft=16;spacingRight=16;spacingTop=0;spacingBottom=0;metaEdit=1;strokeWidth=1;container=0;collapsible=0;expand=0;recursiveResize=0;colorFillIcon=noColor;colorFillContainer=noColor;colorFillText=noColor;\" vertex=\"1\" modelId=\"location_3ugYPG5HXek_rJrihDJaq\" parent=\"1\"><mxGeometry x=\"64\" y=\"32\" width=\"680\" height=\"528\" as=\"geometry\"></mxGeometry></mxCell><mxCell id=\"aoditsystem_3ugYO1D9Lze_33uh2QMJmwxE\" style=\"shape=mxgraph.ibm.base;ibmType=zone;ibmLayout=expanded;strokeColor=#0f62fe;html=1;whiteSpace=wrap;metaEdit=1;fontFamily=IBM Plex Sans Regular;fontSize=14;fontColor=#000000;verticalLabelPosition=middle;labelPosition=center;verticalAlign=middle;align=left;spacing=0;spacingLeft=16;spacingRight=16;spacingTop=0;spacingBottom=0;metaEdit=1;strokeWidth=2;fillColor=none;\" vertex=\"1\" modelId=\"zone_3ugYOLdafoV_rJrihDJaq\" parent=\"1\"><mxGeometry x=\"168\" y=\"176\" width=\"376\" height=\"272\" as=\"geometry\"></mxGeometry></mxCell><mxCell id=\"aoditsystem_3ugYO1D9Lze_43uh2QMJxCLs\" style=\"shape=mxgraph.ibm.base;ibmType=actor;ibmLayout=collapsed;strokeColor=#0f62fe;html=1;whiteSpace=wrap;metaEdit=1;fontFamily=IBM Plex Sans Regular;fontSize=14;fontColor=#000000;fillColor=none;verticalLabelPosition=bottom;labelPosition=center;verticalAlign=top;align=center;spacing=0;spacingLeft=16;spacingRight=16;spacingTop=0;spacingBottom=4;metaEdit=1;strokeWidth=1;\" vertex=\"1\" modelId=\"actor_3ugYPaKZBaV_rJrihDJaq\" parent=\"1\"><mxGeometry x=\"216\" y=\"168\" width=\"48\" height=\"48\" as=\"geometry\"></mxGeometry></mxCell><mxCell id=\"aoditsystem_3ugYO1D9Lze_53uh2QMJizUz\" style=\"shape=mxgraph.ibm.base;ibmType=nodel;ibmLayout=collapsed;strokeColor=#0f62fe;html=1;whiteSpace=wrap;metaEdit=1;fontFamily=IBM Plex Sans Regular;fontSize=14;fontColor=#000000;fillColor=none;verticalLabelPosition=bottom;labelPosition=center;verticalAlign=top;align=center;spacing=0;spacingLeft=16;spacingRight=16;spacingTop=0;spacingBottom=4;metaEdit=1;strokeWidth=1;container=1;collapsible=0;expand=0;recursiveResize=0;\" vertex=\"1\" modelId=\"logicalnode_3ugYQKA77Gd_rJrihDJaq\" parent=\"1\"><mxGeometry x=\"376\" y=\"216\" width=\"48\" height=\"48\" as=\"geometry\"></mxGeometry></mxCell><mxCell id=\"aoditsystem_3ugYO1D9Lze_63uh2QMJfsMb\" style=\"edgeStyle=orthogonalEdgeStyle;rounded=1;orthogonalLoop=1;jettySize=auto;html=1;jumpStyle=arc;jumpSize=8;entryX=0.542;entryY=-0.062;entryDx=0;entryDy=0;entryPerimeter=0;\" edge=\"1\" modelId=\"logicalconnection_3ugYT0NNFBz_rJrihDJaq\" parent=\"1\" source=\"aoditsystem_3ugYO1D9Lze_43uh2QMJxCLs\" target=\"aoditsystem_3ugYO1D9Lze_53uh2QMJizUz\"><mxGeometry relative=\"1\" as=\"geometry\"></mxGeometry></mxCell><mxCell id=\"aoditsystem_3ugYO1D9Lze_263uhe39WLrVA\" style=\"shape=umlActor;html=1;verticalLabelPosition=bottom;verticalAlign=top;\" vertex=\"1\" modelId=\"actor_3uhe39WHa0i_rJrihDJaq\" parent=\"1\"><mxGeometry x=\"240\" y=\"344\" width=\"35\" height=\"70\" as=\"geometry\"></mxGeometry></mxCell><mxCell id=\"aoditsystem_3ugYO1D9Lze_273uhe5FSPT8A\" style=\"edgeStyle=orthogonalEdgeStyle;rounded=1;orthogonalLoop=1;jettySize=auto;html=1;jumpStyle=arc;jumpSize=8;\" edge=\"1\" modelId=\"logicalconnection_3uhe5FTz5lG_rJrihDJaq\" parent=\"1\" source=\"aoditsystem_3ugYO1D9Lze_263uhe39WLrVA\" target=\"aoditsystem_3ugYO1D9Lze_53uh2QMJizUz\"><mxGeometry relative=\"1\" as=\"geometry\"></mxGeometry></mxCell></root></mxGraphModel>","coreInfo":[{"modelType":"AODUsageScenario","lastModifiedUserId":"gbbguoxa@cn.ibm.com","description":"","lastModified":"2022-07-28T02:53:23Z","_id":"aodusagescenario_3ugYVgxSUgd_rJrihDJaq","label":"us"},{"modelType":"UsageStep","description":"","_id":"usagestep_3ugYWNC23Z7_rJrihDJaq","label":"2","children":"zone_3ugYOLdafoV_rJrihDJaq"},{"modelType":"UsageStep","description":"fvecdwqsewd<div><br></div><table style=\"width:100%\" id=\"tableInRichEditor_1658468444681\"><tbody><tr><td class=\"border-normal\" style=\"height: 42px; width: 16%;\" id=\"0-0\" colspan=\"1\"> </td><td class=\"border-normal\" style=\"height:42px;width:16%\" rowspan=\"1\" colspan=\"1\" id=\"0-1\"> d c w s q</td><td class=\"border-normal\" style=\"height:42px;width:33%\" id=\"0-2\"> dcsxq</td><td class=\"border-normal\" style=\"height:42px;width:33%\" id=\"0-3\"> </td></tr><tr><td class=\"border-normal\" style=\"height:42px;width:33%\" id=\"1-0\" colspan=\"2\" rowspan=\"3\"> d f c s w q<br> <br> </td><td class=\"border-normal\" style=\"height:42px;width:33%\" id=\"1-2\"> </td><td class=\"border-normal\" style=\"height:42px;width:33%\" id=\"1-3\"> </td></tr><tr><td class=\"border-normal\" style=\"height:42px;width:33%\" id=\"2-2\">cdsx </td><td class=\"border-normal\" style=\"height:42px;width:33%\" id=\"2-3\"> </td></tr><tr><td class=\"border-normal\" style=\"height:42px;width:33%\" id=\"3-2\"> </td><td class=\"border-normal\" style=\"height:42px;width:33%\" id=\"3-3\"> </td></tr><tr><td class=\"border-normal\" style=\"height:42px;width:33%\" id=\"4-0\" colspan=\"2\"> </td><td class=\"border-normal\" style=\"height:42px;width:33%\" id=\"4-2\"> </td><td class=\"border-normal\" style=\"height:42px;width:33%\" id=\"4-3\"> </td></tr></tbody></table><br>","_id":"usagestep_3ugYW6TJjOj_rJrihDJaq","label":"1","children":"zone_3ugYOLdafoV_rJrihDJaq"},{"modelType":"AODITSystem","annotation":["{\"dx\":1186,\"dy\":614,\"grid\":1,\"gridSize\":8,\"guides\":1,\"tooltips\":1,\"connect\":1,\"arrows\":1,\"fold\":1,\"page\":1,\"pageScale\":1,\"pageWidth\":1169,\"pageHeight\":827,\"background\":\"#ffffff\"}","<mxCell id=\"1\" parent=\"0\" sequence=\"1\"></mxCell>"],"lastModifiedUserId":"gbbguoxa@cn.ibm.com","description":"","lastModified":"2022-07-28T02:53:23Z","_id":"aoditsystem_3ugYO1D9Lze_rJrihDJaq","label":"itsv","children":"logicalconnection_3uhe5FTz5lG_rJrihDJaq,zone_3ugYOLdafoV_rJrihDJaq,logicalconnection_3ugYT0NNFBz_rJrihDJaq,location_3ugYPG5HXek_rJrihDJaq"},{"modelType":"Zone","Icon-Name":"default","Badge-Text":"","description":"","_id":"zone_3ugYOLdafoV_rJrihDJaq","label":"Zone"},{"modelType":"LogicalConnection","description":"","_id":"logicalconnection_3uhe5FTz5lG_rJrihDJaq","flowType":"not specified","label":""},{"modelType":"LogicalConnection","description":"","_id":"logicalconnection_3ugYT0NNFBz_rJrihDJaq","flowType":"not specified","label":""},{"modelType":"Location","Icon-Name":"default","Badge-Text":"","description":"","_id":"location_3ugYPG5HXek_rJrihDJaq","label":"ecw","children":"actor_3uhe39WHa0i_rJrihDJaq,actor_3ugYPaKZBaV_rJrihDJaq,logicalnode_3ugYQKA77Gd_rJrihDJaq"}],"additional":{"owneds":[]}}}},"textual":{"instances":{}},"solution_advisors":{},"iconPalettes":[],"auditLog":{"_id":"architectureauditentry_U84GxeDef","archId":"arch_rJxro3vy65","archChangeLog":[{"_id":"architecturechangelog_fiZcXBmfN","date":"2022-07-28T02:54:34.710Z","type":"CREATE_INST","user":{"fullname":"Bei Bei Guo","email":"gbbguoxa@cn.ibm.com"},"artifactTypeId":"artifacttype_7503dbb1-18f7-36ac-ad12-98d977ef3d0d","instanceName":"pom1","instanceId":"pomview_3uPoi3EC9Fy"},{"_id":"architecturechangelog_vW1yEdIpx","date":"2022-07-28T02:53:23.777Z","type":"UPDATE","user":{"fullname":"Bei Bei Guo","email":"gbbguoxa@cn.ibm.com"}},{"_id":"architecturechangelog_mUWUNJOhn","date":"2022-07-28T02:52:49.462Z","type":"DOWNLOAD","user":{"fullname":"Bei Bei Guo","email":"gbbguoxa@cn.ibm.com"},"appVersion":"3.11.0","dataVersion":"1.5"},{"_id":"architecturechangelog_736rK9LHk","date":"2022-07-28T02:39:58.681Z","type":"DOWNLOAD","user":{"fullname":"Bei Bei Guo","email":"gbbguoxa@cn.ibm.com"},"appVersion":"3.11.0","dataVersion":"1.5"},{"_id":"architecturechangelog_me6TMBN6o","date":"2022-07-28T02:39:35.839Z","type":"CREATE_INST","user":{"fullname":"Bei Bei Guo","email":"gbbguoxa@cn.ibm.com"},"artifactTypeId":"artifacttype_7503dbb1-18f7-36ac-ad12-98d977ef3d0d","instanceName":"pom","instanceId":"pomview_3uPkwcAv9h7"},{"_id":"architecturechangelog_mv4X79y5U","date":"2022-07-28T02:39:25.452Z","type":"CREATE_INST","user":{"fullname":"Bei Bei Guo","email":"gbbguoxa@cn.ibm.com"},"artifactTypeId":"artifacttype_5ca43d50-d7da-322f-a1b0-f65b0c12b2c8","instanceName":"lom","instanceId":"lomview_3uPktwdUlFM"},{"_id":"architecturechangelog_g9i-bREy8L","date":"2022-07-28T01:55:41.999Z","type":"CREATE","user":{"fullname":"Bei Bei Guo","email":"gbbguoxa@cn.ibm.com"},"option":"CREATE_FROM_OFFLINE"}]}}