{"_id":"arch_HJtHHYYCP","name":"arch0111","type":"Solution","status":"Pending","created":"2021-01-11T07:58:56Z","lastModified":"2021-01-11T09:54:00Z","includedArtifacts":[{"globalTOCPosition":"8","typeId":"assetartifact_miscdiagram","_id":"art_r1l6h1itCw","artifactTypeId":"artifacttype_23219eb8-b210-3e5a-8621-9881bee93055","type":"Misc Diagram"},{"globalTOCPosition":"3.1.1","typeId":"assetartifact_usecase_ucdiagram","_id":"art_BJeyRicK0w","artifactTypeId":"artifacttype_cde39d5e-c892-3093-ab3d-bad448acb8a0","type":"Use Case Diagram"},{"globalTOCPosition":"3.1.2","typeId":"assetartifact_usecase_uctext","_id":"art_By9ZMDO9FRD","artifactTypeId":"artifacttype_dde4b71c-82db-3f66-964a-3a04fbf56dff","type":"Use Case"},{"globalTOCPosition":"7","typeId":"assetartifact_architecture_principles","_id":"art_HkrfP_9KAw","artifactTypeId":"artifacttype_92ccfc5d-c31a-349d-97c0-6d75c8841a8a","type":"Architectural Principles"},{"globalTOCPosition":"3.2","typeId":"assetartifact_functionalrequirement","_id":"art_rk_lMwd5Y0D","artifactTypeId":"artifacttype_12eefe0a-435b-3176-8bbe-4dc928a2e4c3","type":"Functional Requirements"},{"globalTOCPosition":"5.2","typeId":"assetartifact_architecturedecision","_id":"art_rkS-Mv_ctCD","artifactTypeId":"artifacttype_fddae3fa-aafa-32af-94a4-bc3e1ed255cc","type":"Architectural Decisions"},{"globalTOCPosition":"6.3","typeId":"assetartifact_issue","_id":"art_By-xzvuqY0v","artifactTypeId":"artifacttype_f4d01807-f847-3ccd-87a2-32877074295e","type":"Issues"},{"globalTOCPosition":"3.3","typeId":"assetartifact_nonfunctionalrequirement","_id":"art_HyogGPOqF0v","artifactTypeId":"artifacttype_f0eebd79-15c9-3ebc-a73b-8efc3f634f59","type":"Non Functional Requirements"},{"globalTOCPosition":"6.4","typeId":"assetartifact_dependency","_id":"art_ryHxGD_qtRw","artifactTypeId":"artifacttype_9c5463b3-5c9e-3790-86cb-9b8866cc062a","type":"Dependencies"},{"globalTOCPosition":"6.2","typeId":"assetartifact_assumption","_id":"art_ryhGvdcYAw","artifactTypeId":"artifacttype_2142b656-62ba-304d-95d4-77b1b144e5e1","type":"Assumptions"},{"globalTOCPosition":"6.1","typeId":"assetartifact_risk","_id":"art_SJ_zP_5tCP","artifactTypeId":"artifacttype_94622837-e58f-34c3-9263-8260b69601c8","type":"Risks"},{"globalTOCPosition":"2.2","typeId":"assetartifact_systemcontext","_id":"art_ryfvru5t0D","artifactTypeId":"artifacttype_8ca70362-e3d1-3b9c-91d1-f755d029a2e3","type":"System Context"},{"globalTOCPosition":"2.1","typeId":"assetartifact_businesschallenge","_id":"art_rynGI9tRv","artifactTypeId":"artifacttype_d1ab4a95-e05f-3882-9f19-6500fc0d3b2b","type":"Business Challenge"},{"globalTOCPosition":"1","typeId":"assetartifact_executivesummary","_id":"art_r12OHKtAw","artifactTypeId":"artifacttype_9edbd406-69fb-3a95-8b2e-58a0974b2710","type":"Overview"}],"industry":[{"name":"Banking & FM","_id":"industry_banking"}],"technology":[{"name":"Mobile Computing","_id":"technology_mobile"},{"name":"Conversational Services & Chatbots","_id":"technology_conversation"}],"technicalCapability":[],"businessCapability":[],"client":[{"name":"Xie","_id":"client_By-yEaatDS"}],"taxonomies":["IT Costs","Become more digital"],"template":{"name":"Solution Architecture Template","description":"Default ToC","_id":"template_company_ibm","isGlobalDefaultTemplate":true},"executiveSummary":"<div align=\"center\"><ul><li><u><i><b><font size=\"3\" face=\"Arial Black\" color=\"#32BD73\">a as</font></b></i></u></li><li><u><i><b><font size=\"3\" face=\"Arial Black\" color=\"#32BD73\">f</font></b></i></u></li><li><u><i><b><font size=\"3\" face=\"Arial Black\" color=\"#32BD73\">dsa</font></b></i></u></li><li><u><i><b><font size=\"3\" face=\"Arial Black\" color=\"#32BD73\">f</font></b></i></u></li><li><u><i><b><font size=\"3\" face=\"Arial Black\" color=\"#32BD73\">dsa</font></b></i></u></li><li><u><i><b><font size=\"3\" face=\"Arial Black\" color=\"#32BD73\">f</font></b></i></u></li></ul></div><div>dsf</div><div><br></div><div><br></div><table style=\"width:100%\"><tbody><tr><td style=\"height:42px;border: 1px solid #979797;padding:5px;width:33.333333333333336%\"> </td><td style=\"height:42px;border: 1px solid #979797;padding:5px;width:33.333333333333336%\"> </td><td style=\"height:42px;border: 1px solid #979797;padding:5px;width:33.333333333333336%\"> </td></tr><tr><td style=\"height:42px;border: 1px solid #979797;padding:5px;width:33.333333333333336%\"> d</td><td style=\"height:42px;border: 1px solid #979797;padding:5px;width:33.333333333333336%\"> d</td><td style=\"height:42px;border: 1px solid #979797;padding:5px;width:33.333333333333336%\"> </td></tr><tr><td style=\"height:42px;border: 1px solid #979797;padding:5px;width:33.333333333333336%\"> </td><td style=\"height:42px;border: 1px solid #979797;padding:5px;width:33.333333333333336%\"> </td><td style=\"height:42px;border: 1px solid #979797;padding:5px;width:33.333333333333336%\"> e</td></tr><tr><td style=\"height:42px;border: 1px solid #979797;padding:5px;width:33.333333333333336%\"> </td><td style=\"height:42px;border: 1px solid #979797;padding:5px;width:33.333333333333336%\"> </td><td style=\"height:42px;border: 1px solid #979797;padding:5px;width:33.333333333333336%\"> r</td></tr><tr><td style=\"height:42px;border: 1px solid #979797;padding:5px;width:33.333333333333336%\"> </td><td style=\"height:42px;border: 1px solid #979797;padding:5px;width:33.333333333333336%\"> </td><td style=\"height:42px;border: 1px solid #979797;padding:5px;width:33.333333333333336%\"> </td></tr></tbody></table><div><img style=\"height:100px;\" src=\"/api/FileManagerAPIs/containers/cafiles/files/file_674559bfc5f64740.jpg\"></div><div><br></div><div><br></div><div>但是发萨菲<br></div><br>","tag":[{"name":"Back Office & Security","_id":"tag_back_office_security"},{"name":"B2B Commerce","_id":"tag_b2b_commerce"},{"name":"Backup and Archive Pattern","_id":"tag_backup_and_archive_pattern"}],"schemaVersion":"1.4","clientName":"Xie","lastModifiedUser":{"_id":"xierulei@cn.ibm.com","fullname":"RU LEI XIE","notesId":"Ru Lei Xie","jobResponsibilities":"STAFF SOFTWARE ENGINEER","avatar":"https://w3-services1.w3-969.ibm.com/myw3/unified-profile-photo/v1/image/xierulei@cn.ibm.com?def=avatar","privacyConstent":{"isAccept":true,"country":"CN","acceptedDate":"2019-06-06T03:02:25.804Z"},"lastLoginDate":"2021-01-11T09:32:46.237Z","bookmarkedArchList":["arch_SkSV-wOWV","architecture_BJpFTNPnQ","architecture_HJjqOxbZw"],"chatbotToken":"5405a57a295149c1b613cab21a80f481","username":"xierulei@cn.ibm.com","email":"xierulei@cn.ibm.com","userPreference":{"defaultTemplate":"template_company_ibm","defaultGithubInfo":{"_id":null,"repoUrl":"https://github.com/guoliabei/ca-public.git"}},"geographyList":["672"],"businessUnitList":["GBS"],"collaborationGroupList":["5ede41230ad2e20008c6c7bf"]},"owner":{"_id":"xierulei@cn.ibm.com","fullname":"RU LEI XIE","notesId":"Ru Lei Xie","jobResponsibilities":"STAFF SOFTWARE ENGINEER","avatar":"https://w3-services1.w3-969.ibm.com/myw3/unified-profile-photo/v1/image/xierulei@cn.ibm.com?def=avatar","privacyConstent":{"isAccept":true,"country":"CN","acceptedDate":"2019-06-06T03:02:25.804Z"},"lastLoginDate":"2021-01-11T09:32:46.237Z","bookmarkedArchList":["arch_SkSV-wOWV","architecture_BJpFTNPnQ","architecture_HJjqOxbZw"],"chatbotToken":"5405a57a295149c1b613cab21a80f481","username":"xierulei@cn.ibm.com","email":"xierulei@cn.ibm.com","userPreference":{"defaultTemplate":"template_company_ibm","defaultGithubInfo":{"_id":null,"repoUrl":"https://github.com/guoliabei/ca-public.git"}},"collaborationGroupList":["5ede41230ad2e20008c6c7bf"],"businessUnit":{"_id":"GBS","name":"Global Business Services","description":""},"geography":{"_id":"672","iot":"GCG IOT","imt_market":"Peoples Rep of China","country":"China"}},"appVersion":"3.1.0"}