{"toc":[{"globalTOCPosition":"1","artifactTypeName":"Overview","artifactType":"assetartifact_executivesummary","displayName":"Overview","format":"text","typeId":"1","_id":"artifacttype_9edbd406-69fb-3a95-8b2e-58a0974b2710","child":[],"hasContent":true},{"globalTOCPosition":"2","parentGroup":"","_id":"artifactgroup_7dc829db-0746-3ddc-816c-d07338d4eebf","displayName":"Scope","child":[{"globalTOCPosition":"2.1","artifactTypeName":"Business Challenge","artifactType":"assetartifact_businesschallenge","displayName":"Business Challenge","format":"text","typeId":"2.1","_id":"artifacttype_d1ab4a95-e05f-3882-9f19-6500fc0d3b2b","hasContent":true},{"globalTOCPosition":"2.2","artifactTypeName":"System Context","artifactType":"assetartifact_systemcontext","displayName":"System Context","format":"diagram","typeId":"2.2","_id":"artifacttype_8ca70362-e3d1-3b9c-91d1-f755d029a2e3","hasContent":true}]},{"globalTOCPosition":"3","parentGroup":"","_id":"artifactgroup_3b8700e6-c854-3ec9-af0e-9b2e600721ce","displayName":"Requirement","child":[{"globalTOCPosition":"3.1","parentGroup":"artifactgroup_3b8700e6-c854-3ec9-af0e-9b2e600721ce","_id":"artifactgroup_6e299154-751f-36ee-acb2-145c8af87481","displayName":"Use Case Model","child":[{"artifactTypeName":"Use Case Diagram","globalTOCPosition":"3.1.1","artifactType":"assetartifact_usecase_ucdiagram","displayName":"Use Case Diagram","format":"diagram","typeId":"3.1.1","_id":"artifacttype_cde39d5e-c892-3093-ab3d-bad448acb8a0","hasContent":true},{"globalTOCPosition":"3.1.2","artifactTypeName":"Use Case","artifactType":"assetartifact_usecase_uctext","displayName":"Use Case","format":"text","typeId":"3.1.2","_id":"artifacttype_dde4b71c-82db-3f66-964a-3a04fbf56dff","hasContent":true}]},{"globalTOCPosition":"3.2","artifactTypeName":"Functional Requirements","artifactType":"assetartifact_functionalrequirement","displayName":"Functional Requirements","format":"text","typeId":"3.2","_id":"artifacttype_12eefe0a-435b-3176-8bbe-4dc928a2e4c3","hasContent":true},{"artifactTypeName":"Non Functional Requirements","globalTOCPosition":"3.3","artifactType":"assetartifact_nonfunctionalrequirement","displayName":"Non Functional Requirements","format":"text","typeId":"3.3","_id":"artifacttype_f0eebd79-15c9-3ebc-a73b-8efc3f634f59","hasContent":true}]},{"globalTOCPosition":"4","parentGroup":"","_id":"artifactgroup_40044cbe-6c76-33a1-b9e0-eab8937d30ca","displayName":"Data Model","child":[{"artifactTypeName":"Logical Data Model","globalTOCPosition":"4.1","artifactType":"assetartifact_logical_datamodel","displayName":"Logical Data Model","format":"diagram","typeId":"4.1","_id":"artifacttype_246bc46f-0286-3ad4-bf01-679592db59c7","hasContent":false}]},{"globalTOCPosition":"5","parentGroup":"","_id":"artifactgroup_074a2b74-43d8-315a-b88b-c0b421754f02","displayName":"Architecture","child":[{"globalTOCPosition":"5.1","parentGroup":"artifactgroup_074a2b74-43d8-315a-b88b-c0b421754f02","_id":"artifactgroup_771e7b65-3b46-390d-bc41-3c88cfaf13ef","displayName":"Architecture Overview","child":[{"artifactTypeName":"Services View","globalTOCPosition":"5.1.1","artifactType":"assetartifact_architectureoverview_aodservice","displayName":"Services View","format":"diagram","typeId":"5.1.1","_id":"artifacttype_2c548a13-6bd9-3edc-a496-0318af82f0d1","hasContent":false},{"artifactTypeName":"Enterprise View","globalTOCPosition":"5.1.2","artifactType":"assetartifact_architectureoverview_enterprise","displayName":"Enterprise View","format":"diagram","typeId":"5.1.2","_id":"artifacttype_16bfe592-ae95-371c-9f64-3a881b667707","hasContent":false},{"globalTOCPosition":"5.1.3","artifactTypeName":"IT System View","artifactType":"assetartifact_architectureoverview_itsystem","displayName":"IT System View","format":"diagram","typeId":"5.1.3","_id":"artifacttype_355f72be-6566-3f48-8b15-c30f671d7c8f","hasContent":false},{"artifactTypeName":"Usage Scenario","globalTOCPosition":"5.1.4","artifactType":"assetartifact_architectureoverview_usagescenario","displayName":"Usage Scenario","format":"diagram","typeId":"5.1.4","_id":"artifacttype_d118451c-0816-3aa5-8b89-3119feb4168a","hasContent":false}]},{"globalTOCPosition":"5.2","artifactTypeName":"Architectural Decisions","artifactType":"assetartifact_architecturedecision","displayName":"Architectural Decisions","format":"text","typeId":"5.2","_id":"artifacttype_fddae3fa-aafa-32af-94a4-bc3e1ed255cc","parentGroup":"artifactgroup_074a2b74-43d8-315a-b88b-c0b421754f02","child":[],"hasContent":true},{"globalTOCPosition":"5.3","parentGroup":"artifactgroup_074a2b74-43d8-315a-b88b-c0b421754f02","_id":"artifactgroup_c848fca1-3956-3bb4-8c88-8815b99e00fc","displayName":"Component Model","child":[{"globalTOCPosition":"5.3.1","artifactTypeName":"Static View","artifactType":"assetartifact_componentmodel_staticview","displayName":"Static View","format":"diagram","typeId":"5.3.1","_id":"artifacttype_4a44b8fa-5057-3826-84d7-169a6fc1f2ed","hasContent":false},{"globalTOCPosition":"5.3.2","artifactTypeName":"Dynamic View","artifactType":"assetartifact_componentmodel_dynamicview","displayName":"Dynamic View","format":"diagram","typeId":"5.3.2","_id":"artifacttype_6e1239a1-6a68-3dae-ae87-b05ecf80d25b","hasContent":false}]},{"globalTOCPosition":"5.4","parentGroup":"artifactgroup_074a2b74-43d8-315a-b88b-c0b421754f02","_id":"artifactgroup_aef1c0cc-540d-31c6-8817-ac2b282f37d3","displayName":"Operational Model","child":[{"artifactTypeName":"Logical Operational View","globalTOCPosition":"5.4.1","artifactType":"assetartifact_operationalmodel_logicaloperational","displayName":"Logical Operational View","format":"diagram","typeId":"5.4.1","_id":"artifacttype_5ca43d50-d7da-322f-a1b0-f65b0c12b2c8","hasContent":false},{"artifactTypeName":"Prescribed Operational View","globalTOCPosition":"5.4.2","artifactType":"assetartifact_operationalmodel_physicaloperational","displayName":"Prescribed Operational View","format":"diagram","typeId":"5.4.2","_id":"artifacttype_7503dbb1-18f7-36ac-ad12-98d977ef3d0d","hasContent":false}]}]},{"globalTOCPosition":"6","parentGroup":"","_id":"artifactgroup_7cddcb3d-c508-3828-8893-128dc3d6c8b7","displayName":"RAID","child":[{"globalTOCPosition":"6.1","artifactTypeName":"Risks","artifactType":"assetartifact_risk","displayName":"Risks","format":"text","typeId":"6.1","_id":"artifacttype_94622837-e58f-34c3-9263-8260b69601c8","hasContent":true},{"globalTOCPosition":"6.2","artifactTypeName":"Assumptions","artifactType":"assetartifact_assumption","displayName":"Assumptions","format":"text","typeId":"6.2","_id":"artifacttype_2142b656-62ba-304d-95d4-77b1b144e5e1","hasContent":true},{"globalTOCPosition":"6.3","artifactTypeName":"Issues","artifactType":"assetartifact_issue","displayName":"Issues","format":"text","typeId":"6.3","_id":"artifacttype_f4d01807-f847-3ccd-87a2-32877074295e","hasContent":true},{"globalTOCPosition":"6.4","artifactTypeName":"Dependencies","artifactType":"assetartifact_dependency","displayName":"Dependencies","format":"text","typeId":"6.4","_id":"artifacttype_9c5463b3-5c9e-3790-86cb-9b8866cc062a","hasContent":true}]},{"globalTOCPosition":"7","artifactTypeName":"Architectural Principles","artifactType":"assetartifact_architecture_principles","displayName":"Architectural Principles","format":"text","typeId":"7","_id":"artifacttype_92ccfc5d-c31a-349d-97c0-6d75c8841a8a","child":[],"hasContent":true},{"artifactTypeName":"Misc Diagram","globalTOCPosition":"8","artifactType":"assetartifact_miscdiagram","displayName":"Misc Diagram","format":"diagram","typeId":"9","_id":"artifacttype_23219eb8-b210-3e5a-8621-9881bee93055","child":[],"hasContent":true},{"artifactTypeName":"Notes","globalTOCPosition":"9","artifactType":"assetartifact_notes","displayName":"Notes","format":"text","typeId":"8","_id":"artifacttype_02226b19-474e-37a6-ab39-d9bb31767fb5","child":[],"hasContent":false}],"toc_cards":{"usecasetext":{"artifacttype_dde4b71c-82db-3f66-964a-3a04fbf56dff":["usecasetext_H1ghUn9K0v","usecasetext_S1fvdcK0D","usecasetext_HkbfPOct0D","usecasetext_rkmzvO5tAw"]},"useCaseViews":{"artifacttype_cde39d5e-c892-3093-ab3d-bad448acb8a0":[{"additionalInfo":{},"_id":"usecasediagram_2DL3aRsSIlw","name":"UCD","description":"","lastModifiedInfo":{"userId":"xierulei@cn.ibm.com","date":"2021-01-11T09:35:35Z"}}]},"miscDiagram":{"artifacttype_23219eb8-b210-3e5a-8621-9881bee93055":[{"additionalInfo":{"labels":[]},"_id":"miscdiagram_2DL7dzggEEL","name":"MISC","description":"","lastModifiedInfo":{"userId":"xierulei@cn.ibm.com","date":"2021-01-11T09:51:26Z"}},{"additionalInfo":{"labels":[{"name":"CA","description":"CA","_id":"label_1OhKj1ilrmn_rkm6cR0-H","userId":"xierulei@cn.ibm.com"},{"name":"Workshop Jan. 2019","description":"Workshop Jan. 2019","_id":"label_BJ8tZUYH2jH_ry5whAtI8","userId":"xierulei@cn.ibm.com"},{"name":"Notification","description":"Notification","_id":"label_SJrK-8tr2iH_ry5whAtI8","userId":"xierulei@cn.ibm.com"}]},"_id":"miscdiagram_SJ2C1sFCD","name":"MISC2","description":"","lastModifiedInfo":{"userId":"xierulei@cn.ibm.com","date":"2021-01-11T09:53:17Z"}}]},"architecturaldecision":{"artifacttype_fddae3fa-aafa-32af-94a4-bc3e1ed255cc":["architecturaldecision_HQUKUJR8pN-","architecturaldecision_MAQ_DBaO3GR","architecturaldecision_rXeCpRS9HM0","architecturaldecision_aobCK-6kf-I","architecturaldecision_6UVusQjwfnQ"]},"systemContext":{"artifacttype_8ca70362-e3d1-3b9c-91d1-f755d029a2e3":[{"additionalInfo":{},"_id":"systemcontext_2DKZaPKvKoN","name":"System Context","description":"","lastModifiedInfo":{"userId":"xierulei@cn.ibm.com","date":"2021-01-11T09:19:59Z"}}]},"dependency":{"artifacttype_9c5463b3-5c9e-3790-86cb-9b8866cc062a":["dependency_7rsDOasDKl2","dependency_yrjSt7fUJdg","dependency_2VlKX2vFlJo"]},"assumption":{"artifacttype_2142b656-62ba-304d-95d4-77b1b144e5e1":["assumption_xgud9Gf9b-J","assumption_P2E8005xvce","assumption_F4M-qnuCWH_","assumption_l_2WtkCs2z_","assumption_Fwq-sbch0QC"]},"architectureprinciple":{"artifacttype_92ccfc5d-c31a-349d-97c0-6d75c8841a8a":["architectureprinciple_GtWoyoC3tv","architectureprinciple_KjJJck3_Uy","architectureprinciple_j8rzNB9hPM"]},"functionalrequirement":{"artifacttype_12eefe0a-435b-3176-8bbe-4dc928a2e4c3":["functionalrequirement_svIYNt3NC8n","functionalrequirement_EuTRYcs5pOu","functionalrequirement_d_bPUHHHOrK"]},"risk":{"artifacttype_94622837-e58f-34c3-9263-8260b69601c8":["risk_gwzAjrTsEnL","risk_-GyidMylzRH","risk_uLXQRDYMPIu","risk_xZlPun9eAV6"]},"issue":{"artifacttype_f4d01807-f847-3ccd-87a2-32877074295e":["issue_1Xzs-LJJ-Fq","issue_vt0TfkPg6bY","issue_n_yS29LSSmc","issue_vaqr5jJ9GAG"]},"nonfunctionalrequirement":{"artifacttype_f0eebd79-15c9-3ebc-a73b-8efc3f634f59":["nonfunctionalrequirement_F-0TNwhGFpA","nonfunctionalrequirement_pl_IcqUZtaf","nonfunctionalrequirement_vfPbNUbc2RZ","nonfunctionalrequirement_QHhFeNL1xsO","nonfunctionalrequirement_jlKg4VLf5yk","nonfunctionalrequirement_krhaR3CuDOf","nonfunctionalrequirement_1f9a7mPj_SE","nonfunctionalrequirement_6yP29EkZdxd","nonfunctionalrequirement_fytlYm9LM8z","nonfunctionalrequirement_3GleDe81doR"]},"businesschallenge":{"artifacttype_d1ab4a95-e05f-3882-9f19-6500fc0d3b2b":["businesschallenge_Skxnf85FAD"]},"executivesummary":{"artifacttype_9edbd406-69fb-3a95-8b2e-58a0974b2710":["executivesummary_SJgnuBYKRv"]},"logicalERD":{"artifacttype_246bc46f-0286-3ad4-bf01-679592db59c7":[]},"aodServices":{"artifacttype_2c548a13-6bd9-3edc-a496-0318af82f0d1":[]},"aodEnterprises":{"artifacttype_16bfe592-ae95-371c-9f64-3a881b667707":[]},"aodITSystems":{"artifacttype_355f72be-6566-3f48-8b15-c30f671d7c8f":[]},"aodUsageScenarios":{"artifacttype_d118451c-0816-3aa5-8b89-3119feb4168a":[]},"cmStaticViews":{"artifacttype_4a44b8fa-5057-3826-84d7-169a6fc1f2ed":[]},"cmDynamicViews":{"artifacttype_6e1239a1-6a68-3dae-ae87-b05ecf80d25b":[]},"lomViews":{"artifacttype_5ca43d50-d7da-322f-a1b0-f65b0c12b2c8":[]},"lomPhysicalViews":{"artifacttype_7503dbb1-18f7-36ac-ad12-98d977ef3d0d":[]},"notes":{"artifacttype_02226b19-474e-37a6-ab39-d9bb31767fb5":[]}},"combined":{"coreInfo":[{"_id":"actor_bXyomiQKtBQ","name":"Actor 1","description":"Actor Description 1: Human","type":"Human","label":"Actor 1","modelType":"Actor"},{"_id":"logicalcomponent_d-XfHJWdSsn","name":"Lc 10","description":"LC Description 10","level":"Application","label":"Lc 10","modelType":"LogicalComponent"},{"_id":"logicalcomponent_FVIkR_eKJJ5","name":"Lc 53","description":"LC Description 53","level":"Application","label":"Lc 53","modelType":"LogicalComponent"},{"_id":"logicalcomponent_sMrfdmCV5dw","name":"Lc 86","description":"LC Description 86","level":"Application","label":"Lc 86","modelType":"LogicalComponent"},{"_id":"logicalcomponent_NNGOuH_UR7j","name":"Lc 72","description":"LC Description 72","level":"Application","label":"Lc 72","modelType":"LogicalComponent"},{"_id":"logicalcomponent_fXAEC4Y25JH","name":"Lc 23","description":"LC Description 23","level":"Application","label":"Lc 23","modelType":"LogicalComponent"},{"_id":"logicalcomponent_B-bFyicMlbP","name":"Lc 71","description":"LC Description 71","level":"Application","label":"Lc 71","modelType":"LogicalComponent"},{"_id":"logicalcomponent_cfqK_7Vbubm","name":"Lc 43","description":"LC Description 43","level":"Application","label":"Lc 43","modelType":"LogicalComponent"},{"_id":"logicalcomponent_qatkgG9jDY9","name":"Lc 76","description":"LC Description 76","level":"Application","label":"Lc 76","modelType":"LogicalComponent"},{"_id":"logicalcomponent_3AjVgLbBVWV","name":"Lc 84","description":"LC Description 84","level":"Application","label":"Lc 84","modelType":"LogicalComponent"},{"_id":"logicalcomponent_F4P2QbYgcz-","name":"Lc 58","description":"LC Description 58","level":"Application","label":"Lc 58","modelType":"LogicalComponent"},{"_id":"logicalcomponent_zep_nIb6Cwh","name":"Lc 75","description":"LC Description 75","level":"Application","label":"Lc 75","modelType":"LogicalComponent"},{"_id":"logicalcomponent_SnNvuPvT97k","name":"Lc 65","description":"LC Description 65","level":"Application","label":"Lc 65","modelType":"LogicalComponent"},{"_id":"logicalcomponent_Ey50ulDN5Nh","name":"Lc 64","description":"LC Description 64","level":"Application","label":"Lc 64","modelType":"LogicalComponent"},{"_id":"logicalcomponent_XSEesZQvHd6","name":"Lc 99","description":"LC Description 99","level":"Application","label":"Lc 99","modelType":"LogicalComponent"},{"_id":"logicalcomponent_BQPoKuMP0Dt","name":"Lc 63","description":"LC Description 63","level":"Application","label":"Lc 63","modelType":"LogicalComponent"},{"_id":"logicalcomponent_4OI3MP9hDbI","name":"Lc 6","description":"LC Description 6","level":"Application","label":"Lc 6","modelType":"LogicalComponent"},{"_id":"logicalcomponent_fgW2HOQpfxt","name":"Lc 114","description":"LC Description 114","level":"Application","label":"Lc 114","modelType":"LogicalComponent"},{"_id":"logicalcomponent_6S3zuu-UG-M","name":"Lc 55","description":"LC Description 55","level":"Application","label":"Lc 55","modelType":"LogicalComponent"},{"_id":"logicalcomponent_2ceX_SrNbmy","name":"Lc 79","description":"LC Description 79","level":"Application","label":"Lc 79","modelType":"LogicalComponent"},{"_id":"logicalcomponent_wo4gswGjBwD","name":"Lc 9","description":"LC Description 9","level":"Application","label":"Lc 9","modelType":"LogicalComponent"},{"_id":"logicalcomponent_FfClItWWpT3","name":"Lc 109","description":"LC Description 109","level":"Application","label":"Lc 109","modelType":"LogicalComponent"},{"_id":"logicalcomponent_9O4Ps8k3mC8","name":"Lc 26","description":"LC Description 26","level":"Application","label":"Lc 26","modelType":"LogicalComponent"},{"_id":"logicalcomponent_ffm8l7wR_eK","name":"Lc 42","description":"LC Description 42","level":"Application","label":"Lc 42","modelType":"LogicalComponent"},{"_id":"logicalcomponent_Vjuemu3PNE7","name":"Lc 77","description":"LC Description 77","level":"Application","label":"Lc 77","modelType":"LogicalComponent"},{"_id":"logicalcomponent_KxGw9Jj-lmd","name":"Lc 36","description":"LC Description 36","level":"Application","label":"Lc 36","modelType":"LogicalComponent"},{"_id":"logicalcomponent_OaKISCj0qkY","name":"Lc 113","description":"LC Description 113","level":"Application","label":"Lc 113","modelType":"LogicalComponent"},{"_id":"logicalcomponent_y0napfw375y","name":"Lc 92","description":"LC Description 92","level":"Application","label":"Lc 92","modelType":"LogicalComponent"},{"_id":"logicalcomponent_e2VjluEIbvm","name":"Lc 88","description":"LC Description 88","level":"Application","label":"Lc 88","modelType":"LogicalComponent"},{"_id":"logicalcomponent_Mepqjz-y0wj","name":"Lc 38","description":"LC Description 38","level":"Application","label":"Lc 38","modelType":"LogicalComponent"},{"_id":"logicalcomponent_2c5VJABsEnZ","name":"Lc 97","description":"LC Description 97","level":"Application","label":"Lc 97","modelType":"LogicalComponent"},{"_id":"logicalcomponent_nYkuQ2HhTOd","name":"Lc 28","description":"LC Description 28","level":"Application","label":"Lc 28","modelType":"LogicalComponent"},{"_id":"logicalcomponent_A-5ZO9VyHGd","name":"Lc 51","description":"LC Description 51","level":"Application","label":"Lc 51","modelType":"LogicalComponent"},{"_id":"logicalcomponent_nke1ZvJRrZl","name":"Lc 31","description":"LC Description 31","level":"Application","label":"Lc 31","modelType":"LogicalComponent"},{"_id":"logicalcomponent_xcavp9pkYDR","name":"Lc 95","description":"LC Description 95","level":"Application","label":"Lc 95","modelType":"LogicalComponent"},{"_id":"logicalcomponent_2DT4gQhGDVC","name":"Lc 45","description":"LC Description 45","level":"Application","label":"Lc 45","modelType":"LogicalComponent"},{"_id":"logicalcomponent_-bJq1dMtHRS","name":"Lc 39","description":"LC Description 39","level":"Application","label":"Lc 39","modelType":"LogicalComponent"},{"_id":"logicalcomponent_3tSpAVy6yNC","name":"Lc 8","description":"LC Description 8","level":"Application","label":"Lc 8","modelType":"LogicalComponent"},{"_id":"logicalcomponent_meYlcr0DuEy","name":"Lc 112","description":"LC Description 112","level":"Application","label":"Lc 112","modelType":"LogicalComponent"},{"_id":"logicalcomponent_nWyh0_Yskue","name":"Lc 91","description":"LC Description 91","level":"Application","label":"Lc 91","modelType":"LogicalComponent"},{"_id":"logicalcomponent_9CnTlpN3v_N","name":"Lc 16","description":"LC Description 16","level":"Application","label":"Lc 16","modelType":"LogicalComponent"},{"_id":"logicalcomponent_pMYx24ZD0_i","name":"Lc 61","description":"LC Description 61","level":"Application","label":"Lc 61","modelType":"LogicalComponent"},{"_id":"logicalcomponent_rlHJAOVceZj","name":"Lc 104","description":"LC Description 104","level":"Application","label":"Lc 104","modelType":"LogicalComponent"},{"_id":"logicalcomponent_z8_vZv888kf","name":"Lc 96","description":"LC Description 96","level":"Application","label":"Lc 96","modelType":"LogicalComponent"},{"_id":"logicalcomponent_bh2UDeCej1Q","name":"Lc 110","description":"LC Description 110","level":"Application","label":"Lc 110","modelType":"LogicalComponent"},{"_id":"logicalcomponent_3EVaQMzLwB6","name":"Lc 4","description":"LC Description 4","level":"Technical","label":"Lc 4","modelType":"LogicalComponent"},{"_id":"logicalcomponent_SL2Q8SDgWG0","name":"Lc 115","description":"LC Description 115","level":"Application","label":"Lc 115","modelType":"LogicalComponent"},{"_id":"logicalcomponent_pgNiS_Q0tfi","name":"Lc 33","description":"LC Description 33","level":"Application","label":"Lc 33","modelType":"LogicalComponent"},{"_id":"logicalcomponent_njncZhXZ3LH","name":"Lc 12","description":"LC Description 12","level":"Application","label":"Lc 12","modelType":"LogicalComponent"},{"_id":"logicalcomponent_8xbUzMY7Xdd","name":"Lc 44","description":"LC Description 44","level":"Application","label":"Lc 44","modelType":"LogicalComponent"},{"_id":"logicalcomponent_IcKeUR40M9V","name":"Lc 37","description":"LC Description 37","level":"Application","label":"Lc 37","modelType":"LogicalComponent"},{"_id":"logicalcomponent_ciuu3jfz2H2","name":"Lc1","description":"LC Description:\r\nType: Application","level":"Application","label":"Lc1","modelType":"LogicalComponent"},{"_id":"logicalcomponent_0USQJ0oGHUD","name":"Lc 85","description":"LC Description 85","level":"Application","label":"Lc 85","modelType":"LogicalComponent"},{"_id":"logicalcomponent_jXGTHYO7WKX","name":"Lc 78","description":"LC Description 78","level":"Application","label":"Lc 78","modelType":"LogicalComponent"},{"_id":"logicalcomponent_-GQfWR-yvzy","name":"Lc 111","description":"LC Description 111","level":"Application","label":"Lc 111","modelType":"LogicalComponent"},{"_id":"logicalcomponent_fmHGOFDk5E0","name":"Lc 60","description":"LC Description 60","level":"Application","label":"Lc 60","modelType":"LogicalComponent"},{"_id":"logicalcomponent_5D81BkPMDvo","name":"Lc 57","description":"LC Description 57","level":"Application","label":"Lc 57","modelType":"LogicalComponent"},{"_id":"logicalcomponent__5CLKuqD5B9","name":"Lc 102","description":"LC Description 102","level":"Application","label":"Lc 102","modelType":"LogicalComponent"},{"_id":"logicalcomponent_REK5fDBfkVG","name":"Lc 50","description":"LC Description 50","level":"Application","label":"Lc 50","modelType":"LogicalComponent"},{"_id":"logicalcomponent_JXl8fYP9M-S","name":"Lc 18","description":"LC Description 18","level":"Application","label":"Lc 18","modelType":"LogicalComponent"},{"_id":"logicalcomponent_Da2tGVzlj1u","name":"Lc 66","description":"LC Description 66","level":"Application","label":"Lc 66","modelType":"LogicalComponent"},{"_id":"logicalcomponent_YJLoeM6n0DG","name":"Lc 22","description":"LC Description 22","level":"Application","label":"Lc 22","modelType":"LogicalComponent"},{"_id":"logicalcomponent_kaLnBkEJCPi","name":"Lc 89","description":"LC Description 89","level":"Application","label":"Lc 89","modelType":"LogicalComponent"},{"_id":"logicalcomponent_lWYRWIyqFFh","name":"Lc 101","description":"LC Description 101","level":"Application","label":"Lc 101","modelType":"LogicalComponent"},{"_id":"logicalcomponent_GHfXJNE6gdj","name":"Lc 103","description":"LC Description 103","level":"Application","label":"Lc 103","modelType":"LogicalComponent"},{"_id":"logicalcomponent_LpVYXIGizXk","name":"Lc 90","description":"LC Description 90","level":"Application","label":"Lc 90","modelType":"LogicalComponent"},{"_id":"logicalcomponent_g1jcK0JK3ZX","name":"Lc 47","description":"LC Description 47","level":"Application","label":"Lc 47","modelType":"LogicalComponent"},{"_id":"logicalcomponent_SVBMrMZHZGu","name":"Lc 46","description":"LC Description 46","level":"Application","label":"Lc 46","modelType":"LogicalComponent"},{"_id":"logicalcomponent_R9p2KsxSJmU","name":"Lc 5","description":"LC Description 5","level":"Technical","label":"Lc 5","modelType":"LogicalComponent"},{"_id":"logicalcomponent_YSHaQi4cDS8","name":"Lc 35","description":"LC Description 35","level":"Application","label":"Lc 35","modelType":"LogicalComponent"},{"_id":"logicalcomponent_yIGxzxdmzf1","name":"Lc 105","description":"LC Description 105","level":"Application","label":"Lc 105","modelType":"LogicalComponent"},{"_id":"logicalcomponent_4DqlNpFXb5_","name":"Lc 93","description":"LC Description 93","level":"Application","label":"Lc 93","modelType":"LogicalComponent"},{"_id":"logicalcomponent_7kAYw8qcvkd","name":"Lc 106","description":"LC Description 106","level":"Application","label":"Lc 106","modelType":"LogicalComponent"},{"_id":"logicalcomponent_U6ILJfpHQNk","name":"Lc 81","description":"LC Description 81","level":"Application","label":"Lc 81","modelType":"LogicalComponent"},{"_id":"logicalcomponent_KwVRv0IyHMX","name":"Lc 74","description":"LC Description 74","level":"Application","label":"Lc 74","modelType":"LogicalComponent"},{"_id":"logicalcomponent_X7kFU8QBwCH","name":"Lc 3","description":"LC Description 3","level":"Application","label":"Lc 3","modelType":"LogicalComponent"},{"_id":"logicalcomponent_dBGcVx7vIZI","name":"Lc 62","description":"LC Description 62","level":"Application","label":"Lc 62","modelType":"LogicalComponent"},{"_id":"logicalcomponent_sbHm0ansUHG","name":"Lc 11","description":"LC Description 11","level":"Application","label":"Lc 11","modelType":"LogicalComponent"},{"_id":"logicalcomponent_f8xqJ0lczJ9","name":"Lc 52","description":"LC Description 52","level":"Application","label":"Lc 52","modelType":"LogicalComponent"},{"_id":"logicalcomponent_jjAlMjT52rM","name":"Lc 27","description":"LC Description 27","level":"Application","label":"Lc 27","modelType":"LogicalComponent"},{"_id":"logicalcomponent_Ng1pzkgAXV1","name":"Lc 56","description":"LC Description 56","level":"Application","label":"Lc 56","modelType":"LogicalComponent"},{"_id":"logicalcomponent_g54VTZNfRfH","name":"Lc 107","description":"LC Description 107","level":"Application","label":"Lc 107","modelType":"LogicalComponent"},{"_id":"logicalcomponent_18IAGV-VO76","name":"Lc 54","description":"LC Description 54","level":"Application","label":"Lc 54","modelType":"LogicalComponent"},{"_id":"logicalcomponent_kYBjvtlyjXK","name":"Lc 21","description":"LC Description 21","level":"Application","label":"Lc 21","modelType":"LogicalComponent"},{"_id":"logicalcomponent_Zwo4kEZsNre","name":"Lc 41","description":"LC Description 41","level":"Application","label":"Lc 41","modelType":"LogicalComponent"},{"_id":"logicalcomponent_aQGMg69Egsy","name":"Lc 83","description":"LC Description 83","level":"Application","label":"Lc 83","modelType":"LogicalComponent"},{"_id":"logicalcomponent_TuxuDC70mxw","name":"Lc 48","description":"LC Description 48","level":"Application","label":"Lc 48","modelType":"LogicalComponent"},{"_id":"logicalcomponent_G_2FAx8j16H","name":"Lc 69","description":"LC Description 69","level":"Application","label":"Lc 69","modelType":"LogicalComponent"},{"_id":"logicalcomponent_Gk8gOyXnS76","name":"Lc 25","description":"LC Description 25","level":"Application","label":"Lc 25","modelType":"LogicalComponent"},{"_id":"logicalcomponent_AbdTDnu18AX","name":"Lc 30","description":"LC Description 30","level":"Application","label":"Lc 30","modelType":"LogicalComponent"},{"_id":"logicalcomponent__G92BArgDH8","name":"Lc 100","description":"LC Description 100","level":"Application","label":"Lc 100","modelType":"LogicalComponent"},{"_id":"logicalcomponent_k0vBaf7hKQh","name":"Lc 108","description":"LC Description 108","level":"Application","label":"Lc 108","modelType":"LogicalComponent"},{"_id":"logicalcomponent_-o6Ov1xJIY9","name":"Lc 29","description":"LC Description 29","level":"Application","label":"Lc 29","modelType":"LogicalComponent"},{"_id":"logicalcomponent_hFvTszxvM7s","name":"Lc2","description":"LC Description:\r\nType: Technical","level":"Technical","label":"Lc2","modelType":"LogicalComponent"},{"_id":"logicalcomponent_Ufl2ijDdtpu","name":"Lc 73","description":"LC Description 73","level":"Application","label":"Lc 73","modelType":"LogicalComponent"},{"_id":"logicalcomponent_Vra0bfKVQ6x","name":"Lc 49","description":"LC Description 49","level":"Application","label":"Lc 49","modelType":"LogicalComponent"},{"_id":"logicalcomponent_vaSDXpMuCsk","name":"Lc 98","description":"LC Description 98","level":"Application","label":"Lc 98","modelType":"LogicalComponent"},{"_id":"logicalcomponent_GdtqitalaW-","name":"Lc 7","description":"LC Description 7","level":"Application","label":"Lc 7","modelType":"LogicalComponent"},{"_id":"logicalcomponent_U1DKMflD3uY","name":"Lc 40","description":"LC Description 40","level":"Application","label":"Lc 40","modelType":"LogicalComponent"},{"_id":"logicalcomponent_guKH1LN83c9","name":"Lc 24","description":"LC Description 24","level":"Application","label":"Lc 24","modelType":"LogicalComponent"},{"_id":"logicalcomponent_LBi3APIFVZy","name":"Lc 80","description":"LC Description 80","level":"Application","label":"Lc 80","modelType":"LogicalComponent"},{"_id":"logicalcomponent_e2kii_V_KXJ","name":"Lc 20","description":"LC Description 20","level":"Application","label":"Lc 20","modelType":"LogicalComponent"},{"_id":"logicalcomponent_aEdpSGAm78M","name":"Lc 94","description":"LC Description 94","level":"Application","label":"Lc 94","modelType":"LogicalComponent"},{"_id":"logicalcomponent_XvGeOSBbMaA","name":"Lc 17","description":"LC Description 17","level":"Application","label":"Lc 17","modelType":"LogicalComponent"},{"_id":"logicalcomponent_hrYnJs_0Mh9","name":"Lc 34","description":"LC Description 34","level":"Application","label":"Lc 34","modelType":"LogicalComponent"},{"_id":"logicalcomponent_Vds08qExZ3D","name":"Lc 15","description":"LC Description 15","level":"Application","label":"Lc 15","modelType":"LogicalComponent"},{"_id":"logicalcomponent_UGhus4dQ5FW","name":"Lc 19","description":"LC Description 19","level":"Application","label":"Lc 19","modelType":"LogicalComponent"},{"_id":"logicalcomponent_VJfpRjDg-gi","name":"Lc 59","description":"LC Description 59","level":"Application","label":"Lc 59","modelType":"LogicalComponent"},{"_id":"logicalcomponent_OjDHhJcInFQ","name":"Lc 32","description":"LC Description 32","level":"Application","label":"Lc 32","modelType":"LogicalComponent"},{"_id":"logicalcomponent_kiUsGPZK931","name":"Lc 87","description":"LC Description 87","level":"Application","label":"Lc 87","modelType":"LogicalComponent"},{"_id":"logicalcomponent_jnFPzYP8nbd","name":"Lc 68","description":"LC Description 68","level":"Application","label":"Lc 68","modelType":"LogicalComponent"},{"_id":"logicalcomponent_-UGfx22XYYW","name":"Lc 13","description":"LC Description 13","level":"Application","label":"Lc 13","modelType":"LogicalComponent"},{"_id":"logicalcomponent_9P2kvBEufKI","name":"Lc 70","description":"LC Description 70","level":"Application","label":"Lc 70","modelType":"LogicalComponent"},{"_id":"logicalcomponent_cLA4YpOIaKW","name":"Lc 67","description":"LC Description 67","level":"Application","label":"Lc 67","modelType":"LogicalComponent"},{"_id":"logicalcomponent_0LPWl3MJ8nZ","name":"Lc 82","description":"LC Description 82","level":"Application","label":"Lc 82","modelType":"LogicalComponent"},{"_id":"logicalcomponent_urLv5KuWt9v","name":"Lc 14","description":"LC Description 14","level":"Application","label":"Lc 14","modelType":"LogicalComponent"},{"_id":"logicalnode_MbOexI5zwlU","name":"ln 46","description":"Logical Node4 description:\r\nline1\r\nline44","cardinality":"56","label":"ln 46","modelType":"LogicalNode"},{"_id":"logicalnode_pe5nDxGFJoh","name":"ln 67","description":"Logical Node4 description:\r\nline1\r\nline65","cardinality":"77","label":"ln 67","modelType":"LogicalNode"},{"_id":"logicalnode_hGtPfa_RgS-","name":"ln 44","description":"Logical Node4 description:\r\nline1\r\nline42","cardinality":"54","label":"ln 44","modelType":"LogicalNode"},{"_id":"logicalnode_e9xPAnIYaQ1","name":"ln 43","description":"Logical Node4 description:\r\nline1\r\nline41","cardinality":"53","label":"ln 43","modelType":"LogicalNode"},{"_id":"logicalnode_F4hLUhhfuak","name":"ln 54","description":"Logical Node4 description:\r\nline1\r\nline52","cardinality":"64","label":"ln 54","modelType":"LogicalNode"},{"_id":"logicalnode_uWQlVRSpQcrA","name":"ln 102","description":"Logical Node4 description:\r\nline1\r\nline100","cardinality":"112","label":"ln 102","modelType":"LogicalNode"},{"_id":"logicalnode_qBSwZ4puAeW6","name":"ln 113","description":"Logical Node4 description:\r\nline1\r\nline111","cardinality":"123","label":"ln 113","modelType":"LogicalNode"},{"_id":"logicalnode_1vd_-KBzT61","name":"ln 23","description":"Logical Node4 description:\r\nline1\r\nline21","cardinality":"33","label":"ln 23","modelType":"LogicalNode"},{"_id":"logicalnode_7XlFVYJj6oUS","name":"ln 87","description":"Logical Node4 description:\r\nline1\r\nline85","cardinality":"97","label":"ln 87","modelType":"LogicalNode"},{"_id":"logicalnode_j16t-3RxqkE","name":"ln 34","description":"Logical Node4 description:\r\nline1\r\nline32","cardinality":"44","label":"ln 34","modelType":"LogicalNode"},{"_id":"logicalnode_8Gf5Fa2kWipz","name":"ln 83","description":"Logical Node4 description:\r\nline1\r\nline81","cardinality":"93","label":"ln 83","modelType":"LogicalNode"},{"_id":"logicalnode_E6bX77pDtO_","name":"ln 52","description":"Logical Node4 description:\r\nline1\r\nline50","cardinality":"62","label":"ln 52","modelType":"LogicalNode"},{"_id":"logicalnode_WkutVBh0AYY","name":"ln 31","description":"Logical Node4 description:\r\nline1\r\nline29","cardinality":"41","label":"ln 31","modelType":"LogicalNode"},{"_id":"logicalnode_0_-LPBWlHhBl","name":"ln 97","description":"Logical Node4 description:\r\nline1\r\nline95","cardinality":"107","label":"ln 97","modelType":"LogicalNode"},{"_id":"logicalnode_Mb6YPXFDPzm","name":"ln 76","description":"Logical Node4 description:\r\nline1\r\nline74","cardinality":"86","label":"ln 76","modelType":"LogicalNode"},{"_id":"logicalnode_i1NjzNcJZ4C0","name":"ln 95","description":"Logical Node4 description:\r\nline1\r\nline93","cardinality":"105","label":"ln 95","modelType":"LogicalNode"},{"_id":"logicalnode_i2lxL-Vq33Y","name":"ln 20","description":"Logical Node4 description:\r\nline1\r\nline18","cardinality":"30","label":"ln 20","modelType":"LogicalNode"},{"_id":"logicalnode_PClqrdc-2Oc","name":"ln 13","description":"Logical Node4 description:\r\nline1\r\nline11","cardinality":"23","label":"ln 13","modelType":"LogicalNode"},{"_id":"logicalnode_duIyy8oWuSc","name":"ln 30","description":"Logical Node4 description:\r\nline1\r\nline28","cardinality":"40","label":"ln 30","modelType":"LogicalNode"},{"_id":"logicalnode_doZ4FeMRZGL","name":"ln 14","description":"Logical Node4 description:\r\nline1\r\nline12","cardinality":"24","label":"ln 14","modelType":"LogicalNode"},{"_id":"logicalnode_0EJ7dAbew3YG","name":"ln 109","description":"Logical Node4 description:\r\nline1\r\nline107","cardinality":"119","label":"ln 109","modelType":"LogicalNode"},{"_id":"logicalnode_G9glLfar7EIf","name":"ln 80","description":"Logical Node4 description:\r\nline1\r\nline78","cardinality":"90","label":"ln 80","modelType":"LogicalNode"},{"_id":"logicalnode_KgOoBpzzJR81","name":"ln 85","description":"Logical Node4 description:\r\nline1\r\nline83","cardinality":"95","label":"ln 85","modelType":"LogicalNode"},{"_id":"logicalnode_8O_Sa1dXS_4","name":"LN 2","description":"Logical Node2 description","cardinality":"12","label":"LN 2","modelType":"LogicalNode"},{"_id":"logicalnode_tLUi1AEMnX0","name":"ln 57","description":"Logical Node4 description:\r\nline1\r\nline55","cardinality":"67","label":"ln 57","modelType":"LogicalNode"},{"_id":"logicalnode_nkRV4ecxhK0B","name":"ln 103","description":"Logical Node4 description:\r\nline1\r\nline101","cardinality":"113","label":"ln 103","modelType":"LogicalNode"},{"_id":"logicalnode_J7j8-kyhac0","name":"ln 47","description":"Logical Node4 description:\r\nline1\r\nline45","cardinality":"57","label":"ln 47","modelType":"LogicalNode"},{"_id":"logicalnode_93qE7Fm3zpt","name":"LN 6","description":"Logical Node4 description:\r\nline1\r\nline4","cardinality":"16","label":"LN 6","modelType":"LogicalNode"},{"_id":"logicalnode_WYGTZxhQwaH","name":"ln 56","description":"Logical Node4 description:\r\nline1\r\nline54","cardinality":"66","label":"ln 56","modelType":"LogicalNode"},{"_id":"logicalnode_JgktoUGZ4Ei","name":"ln 8","description":"Logical Node4 description:\r\nline1\r\nline6","cardinality":"18","label":"ln 8","modelType":"LogicalNode"},{"_id":"logicalnode_eTC-v6sN6F6","name":"LN 4","description":"Logical Node4 description:\r\nline1\r\nline2","cardinality":"14","label":"LN 4","modelType":"LogicalNode"},{"_id":"logicalnode_MFUk8UUu-aN0","name":"ln 94","description":"Logical Node4 description:\r\nline1\r\nline92","cardinality":"104","label":"ln 94","modelType":"LogicalNode"},{"_id":"logicalnode_BKyglbw4v2e","name":"ln 73","description":"Logical Node4 description:\r\nline1\r\nline71","cardinality":"83","label":"ln 73","modelType":"LogicalNode"},{"_id":"logicalnode_6G1k_S6gEHhO","name":"ln 100","description":"Logical Node4 description:\r\nline1\r\nline98","cardinality":"110","label":"ln 100","modelType":"LogicalNode"},{"_id":"logicalnode_DPT_7ZqZo_O","name":"LN 3","description":"Logical Node3 description","cardinality":"13","label":"LN 3","modelType":"LogicalNode"},{"_id":"logicalnode_sknbPXptLM7X","name":"Logical Node","description":"desc updated in excel change","cardinality":"44","label":"Logical Node","modelType":"LogicalNode"},{"_id":"logicalnode_OWgEylriWn8","name":"ln 42","description":"Logical Node4 description:\r\nline1\r\nline40","cardinality":"52","label":"ln 42","modelType":"LogicalNode"},{"_id":"logicalnode_qslQeAA3DhI","name":"ln 39","description":"Logical Node4 description:\r\nline1\r\nline37","cardinality":"49","label":"ln 39","modelType":"LogicalNode"},{"_id":"logicalnode_-uS95RBydF1","name":"ln 32","description":"Logical Node4 description:\r\nline1\r\nline30","cardinality":"42","label":"ln 32","modelType":"LogicalNode"},{"_id":"logicalnode_mzdU8AUHCvs","name":"ln 41","description":"Logical Node4 description:\r\nline1\r\nline39","cardinality":"51","label":"ln 41","modelType":"LogicalNode"},{"_id":"logicalnode_lD5fBGNrh6i","name":"ln 35","description":"Logical Node4 description:\r\nline1\r\nline33","cardinality":"45","label":"ln 35","modelType":"LogicalNode"},{"_id":"logicalnode_De2293eEc0l","name":"ln 11","description":"Logical Node4 description:\r\nline1\r\nline9","cardinality":"21","label":"ln 11","modelType":"LogicalNode"},{"_id":"logicalnode_lthRDPcGqeJ","name":"ln 9","description":"Logical Node4 description:\r\nline1\r\nline7","cardinality":"19","label":"ln 9","modelType":"LogicalNode"},{"_id":"logicalnode_60Z8P1qIF6c","name":"ln 74","description":"Logical Node4 description:\r\nline1\r\nline72","cardinality":"84","label":"ln 74","modelType":"LogicalNode"},{"_id":"logicalnode_jFXJ-kCmY-ew","name":"ln 81","description":"Logical Node4 description:\r\nline1\r\nline79","cardinality":"91","label":"ln 81","modelType":"LogicalNode"},{"_id":"logicalnode_CLHw5A-v6-tv","name":"ln 111","description":"Logical Node4 description:\r\nline1\r\nline109","cardinality":"121","label":"ln 111","modelType":"LogicalNode"},{"_id":"logicalnode_q-sF6bPMyRD","name":"ln 69","description":"Logical Node4 description:\r\nline1\r\nline67","cardinality":"79","label":"ln 69","modelType":"LogicalNode"},{"_id":"logicalnode_D73NUb8R3Se","name":"ln 33","description":"Logical Node4 description:\r\nline1\r\nline31","cardinality":"43","label":"ln 33","modelType":"LogicalNode"},{"_id":"logicalnode_2Vdll6CX-jS","name":"ln 7","description":"Logical Node4 description:\r\nline1\r\nline5","cardinality":"17","label":"ln 7","modelType":"LogicalNode"},{"_id":"logicalnode_sEL6OWKLtxr","name":"ln 53","description":"Logical Node4 description:\r\nline1\r\nline51","cardinality":"63","label":"ln 53","modelType":"LogicalNode"},{"_id":"logicalnode_WHpyuveBaUj6","name":"ln 107","description":"Logical Node4 description:\r\nline1\r\nline105","cardinality":"117","label":"ln 107","modelType":"LogicalNode"},{"_id":"logicalnode_oMM5Y5FN1zX","name":"ln 45","description":"Logical Node4 description:\r\nline1\r\nline43","cardinality":"55","label":"ln 45","modelType":"LogicalNode"},{"_id":"logicalnode_1PWC0zCNwWcL","name":"ln 112","description":"Logical Node4 description:\r\nline1\r\nline110","cardinality":"122","label":"ln 112","modelType":"LogicalNode"},{"_id":"logicalnode_MCsNNbFZBY2","name":"ln 78","description":"Logical Node4 description:\r\nline1\r\nline76","cardinality":"88","label":"ln 78","modelType":"LogicalNode"},{"_id":"logicalnode_WZQst6-uZPVj","name":"ln 82","description":"Logical Node4 description:\r\nline1\r\nline80","cardinality":"92","label":"ln 82","modelType":"LogicalNode"},{"_id":"logicalnode_iH9eWENs7zjg","name":"ln 88","description":"Logical Node4 description:\r\nline1\r\nline86","cardinality":"98","label":"ln 88","modelType":"LogicalNode"},{"_id":"logicalnode_gWIBq-vNElb","name":"ln 71","description":"Logical Node4 description:\r\nline1\r\nline69","cardinality":"81","label":"ln 71","modelType":"LogicalNode"},{"_id":"logicalnode_6eXMNNzf7jh","name":"ln 60","description":"Logical Node4 description:\r\nline1\r\nline58","cardinality":"70","label":"ln 60","modelType":"LogicalNode"},{"_id":"logicalnode_3GrtbYxs3P8","name":"ln 19","description":"Logical Node4 description:\r\nline1\r\nline17","cardinality":"29","label":"ln 19","modelType":"LogicalNode"},{"_id":"logicalnode_vrJIb8s0_wV","name":"ln 68","description":"Logical Node4 description:\r\nline1\r\nline66","cardinality":"78","label":"ln 68","modelType":"LogicalNode"},{"_id":"logicalnode_qH1FWHO_aQU","name":"ln 59","description":"Logical Node4 description:\r\nline1\r\nline57","cardinality":"69","label":"ln 59","modelType":"LogicalNode"},{"_id":"logicalnode_72qJv_6MlHG","name":"ln 79","description":"Logical Node4 description:\r\nline1\r\nline77","cardinality":"89","label":"ln 79","modelType":"LogicalNode"},{"_id":"logicalnode_JWSfart6D8yy","name":"ln 92","description":"Logical Node4 description:\r\nline1\r\nline90","cardinality":"102","label":"ln 92","modelType":"LogicalNode"},{"_id":"logicalnode_cydB85ABj4F","name":"ln 63","description":"Logical Node4 description:\r\nline1\r\nline61","cardinality":"73","label":"ln 63","modelType":"LogicalNode"},{"_id":"logicalnode_aLffPcxQOtoz","name":"ln 104","description":"Logical Node4 description:\r\nline1\r\nline102","cardinality":"114","label":"ln 104","modelType":"LogicalNode"},{"_id":"logicalnode_O7hrAraTbdC","name":"ln 15","description":"Logical Node4 description:\r\nline1\r\nline13","cardinality":"25","label":"ln 15","modelType":"LogicalNode"},{"_id":"logicalnode_Xlcd8dul7yY","name":"ln 10","description":"Logical Node4 description:\r\nline1\r\nline8","cardinality":"20","label":"ln 10","modelType":"LogicalNode"},{"_id":"logicalnode_1zgQJGW3Iwk","name":"ln 18","description":"Logical Node4 description:\r\nline1\r\nline16","cardinality":"28","label":"ln 18","modelType":"LogicalNode"},{"_id":"logicalnode_KHh0OEPIkQo","name":"ln 28","description":"Logical Node4 description:\r\nline1\r\nline26","cardinality":"38","label":"ln 28","modelType":"LogicalNode"},{"_id":"logicalnode_B0bIuIJX_nO","name":"ln 64","description":"Logical Node4 description:\r\nline1\r\nline62","cardinality":"74","label":"ln 64","modelType":"LogicalNode"},{"_id":"logicalnode_d9kMoDIh34Y","name":"ln 55","description":"Logical Node4 description:\r\nline1\r\nline53","cardinality":"65","label":"ln 55","modelType":"LogicalNode"},{"_id":"logicalnode_yR_-B0zFIo9","name":"ln 51","description":"Logical Node4 description:\r\nline1\r\nline49","cardinality":"61","label":"ln 51","modelType":"LogicalNode"},{"_id":"logicalnode_xfUhxmborlAR","name":"ln 93","description":"Logical Node4 description:\r\nline1\r\nline91","cardinality":"103","label":"ln 93","modelType":"LogicalNode"},{"_id":"logicalnode_XO3FPCE5BhA","name":"ln 77","description":"Logical Node4 description:\r\nline1\r\nline75","cardinality":"87","label":"ln 77","modelType":"LogicalNode"},{"_id":"logicalnode_rIk9piEEA3z","name":"ln 40","description":"Logical Node4 description:\r\nline1\r\nline38","cardinality":"50","label":"ln 40","modelType":"LogicalNode"},{"_id":"logicalnode_xddIRO2TinSK","name":"ln 98","description":"Logical Node4 description:\r\nline1\r\nline96","cardinality":"108","label":"ln 98","modelType":"LogicalNode"},{"_id":"logicalnode_BiT39B2iwxr","name":"ln 75","description":"Logical Node4 description:\r\nline1\r\nline73","cardinality":"85","label":"ln 75","modelType":"LogicalNode"},{"_id":"logicalnode_MjdHX8c9vuy","name":"ln 62","description":"Logical Node4 description:\r\nline1\r\nline60","cardinality":"72","label":"ln 62","modelType":"LogicalNode"},{"_id":"logicalnode_76qDEzjLZOLq","name":"ln 115","description":"Logical Node4 description:\r\nline1\r\nline113","cardinality":"125","label":"ln 115","modelType":"LogicalNode"},{"_id":"logicalnode_BfC8JkHLaT3","name":"ln 61","description":"Logical Node4 description:\r\nline1\r\nline59","cardinality":"71","label":"ln 61","modelType":"LogicalNode"},{"_id":"logicalnode_sauALYiQIW2","name":"ln 48","description":"Logical Node4 description:\r\nline1\r\nline46","cardinality":"58","label":"ln 48","modelType":"LogicalNode"},{"_id":"logicalnode_CHR64WmKZYq","name":"ln 27","description":"Logical Node4 description:\r\nline1\r\nline25","cardinality":"37","label":"ln 27","modelType":"LogicalNode"},{"_id":"logicalnode_m49z-7W36X_","name":"ln 50","description":"Logical Node4 description:\r\nline1\r\nline48","cardinality":"60","label":"ln 50","modelType":"LogicalNode"},{"_id":"logicalnode_bFdcatVHbF3","name":"ln 38","description":"Logical Node4 description:\r\nline1\r\nline36","cardinality":"48","label":"ln 38","modelType":"LogicalNode"},{"_id":"logicalnode_mNqFXYTdqgt","name":"ln 25","description":"Logical Node4 description:\r\nline1\r\nline23","cardinality":"35","label":"ln 25","modelType":"LogicalNode"},{"_id":"logicalnode_A39ox6Qy_38","name":"ln 12","description":"Logical Node4 description:\r\nline1\r\nline10","cardinality":"22","label":"ln 12","modelType":"LogicalNode"},{"_id":"logicalnode_kaTe7pkEfa6","name":"ln 58","description":"Logical Node4 description:\r\nline1\r\nline56","cardinality":"68","label":"ln 58","modelType":"LogicalNode"},{"_id":"logicalnode_-DBh25wfzGl","name":"ln 26","description":"Logical Node4 description:\r\nline1\r\nline24","cardinality":"36","label":"ln 26","modelType":"LogicalNode"},{"_id":"logicalnode_VCk2ALUBI0U","name":"ln 29","description":"Logical Node4 description:\r\nline1\r\nline27","cardinality":"39","label":"ln 29","modelType":"LogicalNode"},{"_id":"logicalnode_d5f0sJ1D4jV","name":"ln 70","description":"Logical Node4 description:\r\nline1\r\nline68","cardinality":"80","label":"ln 70","modelType":"LogicalNode"},{"_id":"logicalnode_vo1HUETxODTB","name":"ln 110","description":"Logical Node4 description:\r\nline1\r\nline108","cardinality":"120","label":"ln 110","modelType":"LogicalNode"},{"_id":"logicalnode_vhA29312CXY1","name":"ln 106","description":"Logical Node4 description:\r\nline1\r\nline104","cardinality":"116","label":"ln 106","modelType":"LogicalNode"},{"_id":"logicalnode_DdS5FyqMqf1","name":"ln 65","description":"Logical Node4 description:\r\nline1\r\nline63","cardinality":"75","label":"ln 65","modelType":"LogicalNode"},{"_id":"logicalnode_zPgNl_Y6OZH","name":"ln 49","description":"Logical Node4 description:\r\nline1\r\nline47","cardinality":"59","label":"ln 49","modelType":"LogicalNode"},{"_id":"logicalnode_C6C4m43hom1G","name":"ln 86","description":"Logical Node4 description:\r\nline1\r\nline84","cardinality":"96","label":"ln 86","modelType":"LogicalNode"},{"_id":"logicalnode_IwrlNmHnCX_","name":"ln 17","description":"Logical Node4 description:\r\nline1\r\nline15","cardinality":"27","label":"ln 17","modelType":"LogicalNode"},{"_id":"logicalnode_p3ODYxcCp3Jo","name":"ln 84","description":"Logical Node4 description:\r\nline1\r\nline82","cardinality":"94","label":"ln 84","modelType":"LogicalNode"},{"_id":"logicalnode_mcrcmIo2ZbF6","name":"ln 101","description":"Logical Node4 description:\r\nline1\r\nline99","cardinality":"111","label":"ln 101","modelType":"LogicalNode"},{"_id":"logicalnode_cDa8rr9vbW-","name":"ln 72","description":"Logical Node4 description:\r\nline1\r\nline70","cardinality":"82","label":"ln 72","modelType":"LogicalNode"},{"_id":"logicalnode_3KSuJyDl2b3N","name":"ln 91","description":"Logical Node4 description:\r\nline1\r\nline89","cardinality":"101","label":"ln 91","modelType":"LogicalNode"},{"_id":"logicalnode_E2kIfwGsGic","name":"ln 24","description":"Logical Node4 description:\r\nline1\r\nline22","cardinality":"34","label":"ln 24","modelType":"LogicalNode"},{"_id":"logicalnode_TSP1_xzJc1x9","name":"ln 108","description":"Logical Node4 description:\r\nline1\r\nline106","cardinality":"118","label":"ln 108","modelType":"LogicalNode"},{"_id":"logicalnode_CM8yUrCJwxx","name":"ln 22","description":"Logical Node4 description:\r\nline1\r\nline20","cardinality":"32","label":"ln 22","modelType":"LogicalNode"},{"_id":"logicalnode_txVYjt5azF7","name":"ln 21","description":"Logical Node4 description:\r\nline1\r\nline19","cardinality":"31","label":"ln 21","modelType":"LogicalNode"},{"_id":"logicalnode_H6JBeEBSToHZ","name":"ln 90","description":"Logical Node4 description:\r\nline1\r\nline88","cardinality":"100","label":"ln 90","modelType":"LogicalNode"},{"_id":"logicalnode_cP0PkZ06Ll_i","name":"ln 96","description":"Logical Node4 description:\r\nline1\r\nline94","cardinality":"106","label":"ln 96","modelType":"LogicalNode"},{"_id":"logicalnode_9qpNVY2pi7F","name":"ln 16","description":"Logical Node4 description:\r\nline1\r\nline14","cardinality":"26","label":"ln 16","modelType":"LogicalNode"},{"_id":"logicalnode_TQMX4QnJBrmS","name":"ln 105","description":"Logical Node4 description:\r\nline1\r\nline103","cardinality":"115","label":"ln 105","modelType":"LogicalNode"},{"_id":"logicalnode_P91tS94GS6i","name":"LN 1","description":"Logical Node1 description","cardinality":"11","label":"LN 1","modelType":"LogicalNode"},{"_id":"logicalnode_R1jakS4EZDgL","name":"ln 89","description":"Logical Node4 description:\r\nline1\r\nline87","cardinality":"99","label":"ln 89","modelType":"LogicalNode"},{"_id":"logicalnode__krMY_eStjH7","name":"ln 99","description":"Logical Node4 description:\r\nline1\r\nline97","cardinality":"109","label":"ln 99","modelType":"LogicalNode"},{"_id":"logicalnode_ilauDPD0Tn4y","name":"ln 114","description":"Logical Node4 description:\r\nline1\r\nline112","cardinality":"124","label":"ln 114","modelType":"LogicalNode"},{"_id":"logicalnode_Rwqwp9ohlIJ","name":"ln 36","description":"Logical Node4 description:\r\nline1\r\nline34","cardinality":"46","label":"ln 36","modelType":"LogicalNode"},{"_id":"logicalnode_2hO7U0h-P6G","name":"LN 5","description":"Logical Node4 description:\r\nline1\r\nline3","cardinality":"15","label":"LN 5","modelType":"LogicalNode"},{"_id":"logicalnode_2sZ14TLehJt","name":"ln 66","description":"Logical Node4 description:\r\nline1\r\nline64","cardinality":"76","label":"ln 66","modelType":"LogicalNode"},{"_id":"logicalnode_SofxaajW6KF","name":"ln 37","description":"Logical Node4 description:\r\nline1\r\nline35","cardinality":"47","label":"ln 37","modelType":"LogicalNode"},{"_id":"omlocation_85bmnXtLCa","name":"OMLocation 2","description":"OMLocation 2 Description:\r\nLine 1\r\nLine 2","cardinality":"22","label":"OMLocation 2","modelType":"OMLocation"},{"_id":"omlocation_O1LiF67i_3","name":"OMLocation 3","cardinality":"33","label":"OMLocation 3","modelType":"OMLocation"},{"_id":"omlocation_k6ZC7ymLc6","name":"OMLocation 1","description":"OMLocation 1 Description: Line 1","cardinality":"1","label":"OMLocation 1","modelType":"OMLocation"},{"_id":"implementation_3Yx4NXHMP","name":"implementation1","description":"implementation1 Description:\r\nDB","url":"http://ppydalmpdb01.sl.bluecloud.ibm.com ","label":"implementation1","modelType":"Implementation"},{"_id":"implementation_sMkW2Qf4yP","name":"implementation2","description":"implementation2 Description","url":"http://w3.ibm.com","label":"implementation2","modelType":"Implementation"},{"_id":"prescribednode_vZxCKQ8lHkq","name":"pn5","description":"pn5 des","memory":"337","provision":"Delivered by Analytics","offering":"Custom","cpu":"19","type":"Container","cardinality":"1","label":"pn5","modelType":"PrescribedNode"},{"_id":"prescribednode_KWtoKup_6tK","name":"pn6","description":"pn6 des","memory":"338","provision":"N/A","offering":"On-premis","cpu":"20","type":"Physical","cardinality":"1","label":"pn6","modelType":"PrescribedNode"},{"_id":"prescribednode_D8my-qbSq1T","name":"pn3","description":"pn3 des","memory":"335","provision":"Delivered by Lab Services","offering":"Hosted","cpu":"17","type":"Container","cardinality":"1","label":"pn3","modelType":"PrescribedNode"},{"_id":"prescribednode_Vb_pjiteumz","name":"pn2","description":"pn2 des","memory":"334","os":"mac","networkPorts":"3455","provision":"User Managed","offering":"Managed","cpu":"16","type":"Virtual","cardinality":"122","label":"pn2","modelType":"PrescribedNode"},{"_id":"prescribednode_SsiPDVV1Gui","name":"pn8","description":"pn7 des","memory":"339","provision":"N/A","offering":"N/A","cpu":"21","type":"Container","cardinality":"1","label":"pn8","modelType":"PrescribedNode"},{"_id":"prescribednode_7n1lPuDRoUu","name":"pn1","description":"pn1 des dsaf dslf dsf","memory":"333","os":"win","networkPorts":"3455","provision":"GTS/GBS","offering":"N/A","cpu":"15","type":"Physical","cardinality":"122","label":"pn1","modelType":"PrescribedNode"},{"_id":"prescribednode_iApi_ebusx5","name":"pn7","description":"pn7 des","memory":"339","provision":"N/A","offering":"N/A","cpu":"21","type":"Container","cardinality":"1","label":"pn7","modelType":"PrescribedNode"},{"_id":"prescribednode_hzS6SLqozxK","name":"pn4","description":"pn4 des","memory":"336","provision":"Delivered by Cloud","offering":"Infrastructure ONLY","cpu":"18","type":"Virtual","cardinality":"1","label":"pn4","modelType":"PrescribedNode"},{"_id":"entity_FN6ISLUciD","name":"Entity 2","description":"Entity2 Desctiption\r\nline1\r\nline 2","label":"Entity 2","modelType":"Entity"},{"_id":"entity_TKnTa6Lls5","name":"Entity 1","description":"Entity1 Desctiption","label":"Entity 1","modelType":"Entity"},{"_id":"entity_RnujwCSUPa","name":"Entity 3","label":"Entity 3","modelType":"Entity"},{"_id":"du_pdwJ_did8K","name":"DU 2","description":"Du Description:\r\nType: Installation\r\nTechnical: Yes","type":"Installation","level":"Technical","label":"DU 2","modelType":"DU"},{"_id":"du_KSuwQgefgSe","name":"Du 3","description":"Du Description:\r\nType: Presentation","type":"Presentation","level":"Application","label":"Du 3","modelType":"DU"},{"_id":"du_iWvpdh7sVqP","name":"Du 4","description":"Du Description:\r\nType: Data\r\nTechnial: Yes","type":"Data","level":"Technical","label":"Du 4","modelType":"DU"},{"_id":"du_mbvjR4xNNb","name":"du 1","description":"Du Description:\r\nType: Executable","type":"Executable","level":"Application","label":"du 1","modelType":"DU"},{"name":"CA","description":"CA","_id":"label_1OhKj1ilrmn_rkm6cR0-H","userId":"xierulei@cn.ibm.com","label":"CA","modelType":"Label"},{"name":"this","description":"this","_id":"label_rJNY-UYH2oS_ry5whAtI8","userId":"xierulei@cn.ibm.com","label":"this","modelType":"Label"},{"name":"ha'h","description":"ha'h","_id":"label_H1vKZLtH2sS_ry5whAtI8","userId":"xierulei@cn.ibm.com","label":"ha'h","modelType":"Label"},{"name":"Notification","description":"Notification","_id":"label_SJrK-8tr2iH_ry5whAtI8","userId":"xierulei@cn.ibm.com","label":"Notification","modelType":"Label"},{"name":"Workshop Jan. 2019","description":"Workshop Jan. 2019","_id":"label_BJ8tZUYH2jH_ry5whAtI8","userId":"xierulei@cn.ibm.com","label":"Workshop Jan. 2019","modelType":"Label"},{"name":"label","description":"label","_id":"label_Hyrde9Vg15wH_Bk2Zjk5PS_SkaXOndpI","userId":"xierulei@cn.ibm.com","label":"label","modelType":"Label"},{"name":"a note","description":"a note","_id":"label_HktOx94g1cvH_Bk2Zjk5PS_SkaXOndpI","userId":"xierulei@cn.ibm.com","label":"a note","modelType":"Label"},{"name":"is","description":"is","_id":"label_S1IOxc4xycvS_Bk2Zjk5PS","userId":"xierulei@cn.ibm.com","label":"is","modelType":"Label"},{"name":"a","description":"a","_id":"label_rJwdg5VlyqDS_Bk2Zjk5PS","userId":"xierulei@cn.ibm.com","label":"a","modelType":"Label"},{"name":"hahah","description":"hahah","_id":"label_HkpOe5VgycDS_Bk2Zjk5PS","userId":"xierulei@cn.ibm.com","label":"hahah","modelType":"Label"},{"name":"image","description":"image","_id":"label_24tYxylsUsa_HJR5iKnkL","userId":"xierulei@cn.ibm.com","label":"image","modelType":"Label"},{"name":"attach","description":"attach","_id":"label_24tYxylTtTA_Byd5EQllI","userId":"xierulei@cn.ibm.com","label":"attach","modelType":"Label"},{"name":"2.8.2","description":"2.8.2","_id":"label_2cS7LcZ5VCu_SkzN8pZPL","userId":"xierulei@cn.ibm.com","label":"2.8.2","modelType":"Label"},{"name":"f","description":"f","_id":"label_Hk1JZ9k8yGrv_B1IdN2trD_BkSq1Sirv","userId":"xierulei@cn.ibm.com","label":"f","modelType":"Label"},{"name":"0930","description":"0930","_id":"label_2u1RGY7zjgc","userId":"xierulei@cn.ibm.com","label":"0930","modelType":"Label"},{"name":"0220","description":"0220","_id":"label_2u1RGY7kkXZ","userId":"xierulei@cn.ibm.com","label":"0220","modelType":"Label"},{"modelType":"UseCase","ucPackage":"Use Case Package Name1 update","failureOutcomes":"Failure Outcomes1","preconditions":"Pre-conditions1","alternativeFlows":"Alternative Flows1","description":" Use Case Name Description1","_id":"usecase_hrAz_hpkBt","basicFlow":"Basic Flow1","successfulOutcomes":"Successful Outcomes1","label":"Use Case Name 1","uc_id":"Use Case1"},{"modelType":"Association","description":"","_id":"association_2DL3fQ7MA6u","type":"","label":"","to":"usecase_hrAz_hpkBt","from":"actor_2DKZcnytWlu"},{"modelType":"Actor","description":"","_id":"actor_2DKZcnytWlu","type":"IT System","label":"IT System"},{"modelType":"UseCase","ucPackage":"Use Case Package Name2","failureOutcomes":"Failure Outcomes：\r\nd1\r\nd2","preconditions":"Pre-conditions：\r\nd1\r\nd2","alternativeFlows":"Alternative Flows：\r\nd1\r\nd2","description":" Use Case Name Description：\r\nd1\r\nd2","_id":"usecase_r5kJ1lCpyd","basicFlow":"Basic Flow：\r\nd1\r\nd2","successfulOutcomes":"Successful Outcomes：\r\nd1\r\nd2","label":"Use Case Name 2","uc_id":"Use Case2"},{"modelType":"UseCase","ucPackage":"Use Case Package Name2","_id":"usecase_3XCoanVyVG","label":"Use Case Name 3","uc_id":"Use Case3"},{"modelType":"UseCase","_id":"usecase_ry38n9tAw","alternativeFlows":"","basicFlow":"","label":"LONG NAME MA AMD EN K AE ME AME ME A","uc_id":"ID 1 23L L34 L K LDSAK 234L LK 4L32 32LK 44LK 43LK523 45LK4 32543 543543 534 5L"},{"modelType":"Association","description":"","_id":"association_2DL3PfahYA3","type":"","label":"","to":"usecase_ry38n9tAw","from":"actor_yuLPbWLFFBD"},{"modelType":"Actor","description":"Actor Description2:\r\nIT System - change","_id":"actor_yuLPbWLFFBD","type":"IT System","label":"Actor 2"},{"modelType":"GenericGroup","description":"Element unchanged in this phase or release.","_id":"genericgroup_H1FMwT_tAv","category":"Transition-Elements","type":"Pre-Defined","label":"unchanged"},{"modelType":"GenericGroup","description":"Element is modified or updated in this phase or release.","_id":"genericgroup_SkqGPaOFAP","category":"Transition-Elements","type":"Pre-Defined","label":"updated"},{"modelType":"GenericGroup","description":"Element being removed in this phase or release.","_id":"genericgroup_HJjMDTuYCD","category":"Transition-Elements","type":"Pre-Defined","label":"removed"},{"modelType":"GenericGroup","description":"Element being added in this phase or release.","_id":"genericgroup_Sy3zPTdYCw","type":"Pre-Defined","category":"Transition-Elements","label":"added"},{"modelType":"GenericGroup","description":"Element is being planned for some future phase or release.","_id":"genericgroup_ryaGP6OK0w","category":"Transition-Elements","type":"Pre-Defined","label":"planned"},{"modelType":"GenericGroup","description":"Either the security controls have not been specified or cannot be controlled.","_id":"genericgroup_B1zP6dFRw","type":"Pre-Defined","category":"Security-Zone","label":"none"},{"modelType":"GenericGroup","description":"Trusted security zone, all traffic and access is by known and trusted parties.","_id":"genericgroup_rJlMv6dt0P","type":"Pre-Defined","category":"Security-Zone","label":"trusted"},{"modelType":"GenericGroup","description":"Direct access to un-trusted network, no sensitive data. Controlled access to trusted zone.","_id":"genericgroup_BybzDTOK0v","type":"Pre-Defined","category":"Security-Zone","label":"dmz"},{"modelType":"GenericGroup","description":"Untrusted traffic, often public networks.","_id":"genericgroup_ByGMw6dYAP","type":"Pre-Defined","category":"Security-Zone","label":"un-trusted"},{"modelType":"GenericGroup","description":"Unmanaged entity.","_id":"genericgroup_S17GwadKCw","type":"Pre-Defined","category":"Management-Zone","label":"none"},{"modelType":"GenericGroup","description":"Fully managed.","_id":"genericgroup_rk4Gw6ut0D","type":"Pre-Defined","category":"Management-Zone","label":"full"},{"modelType":"GenericGroup","description":"Partially managed.","_id":"genericgroup_SyrMD6_KAP","category":"Management-Zone","type":"Pre-Defined","label":"limited"},{"modelType":"GenericGroup","description":"No direct management.","_id":"genericgroup_ByIfwpOF0v","category":"Management-Zone","type":"Pre-Defined","label":"no direct"},{"modelType":"GenericGroup","description":"High availability replica actively handling workload.","_id":"genericgroup_BywfvTuKAw","type":"Pre-Defined","category":"HA-Mode","label":"active"},{"modelType":"GenericGroup","description":"High availability replica not handling active workload.","_id":"genericgroup_ry_zw6utCv","type":"Pre-Defined","category":"HA-Mode","label":"passive"}]},"textual":{"instances":{"usecasetext_S1fvdcK0D":{"coreInfo":[{"modelType":"UseCaseText","lastModifiedUserId":"xierulei@cn.ibm.com","description":" Use Case Name Description1","lastModified":"2021-01-11T09:35:42Z","_id":"usecasetext_S1fvdcK0D","label":"use case name 1_rJlfP_9t0D","children":"usecase_hrAz_hpkBt,association_2DL3fQ7MA6u,actor_2DKZcnytWlu"}]},"usecasetext_HkbfPOct0D":{"coreInfo":[{"modelType":"UseCaseText","lastModifiedUserId":"xierulei@cn.ibm.com","description":" Use Case Name Description：\r\nd1\r\nd2","lastModified":"2021-01-11T09:20:25Z","_id":"usecasetext_HkbfPOct0D","label":"use case name 2_ByzGwdqYRw","children":"usecase_r5kJ1lCpyd"}]},"usecasetext_rkmzvO5tAw":{"coreInfo":[{"modelType":"UseCaseText","lastModifiedUserId":"xierulei@cn.ibm.com","description":"","lastModified":"2021-01-11T09:20:25Z","_id":"usecasetext_rkmzvO5tAw","label":"use case name 3_r1EGPOqtRv","children":"usecase_3XCoanVyVG"}]},"usecasetext_H1ghUn9K0v":{"coreInfo":[{"modelType":"UseCaseText","lastModifiedUserId":"xierulei@cn.ibm.com","description":"","lastModified":"2021-01-11T09:37:42Z","_id":"usecasetext_H1ghUn9K0v","label":"long name ma amd en k ae me ame me a_SJZ3IhcY0w","children":"usecase_ry38n9tAw,association_2DL3PfahYA3,actor_yuLPbWLFFBD,comment_H1H2h9FCD"},{"modelType":"Comment","_id":"comment_H1H2h9FCD","commentedBy":"xierulei@cn.ibm.com","created":"2021-01-11T09:38:52Z","content":"COMMENT TO UCD LONG NAME"}]},"architecturaldecision_MAQ_DBaO3GR":{"coreInfo":[{"modelType":"ArchitecturalDecision","implications":"Implications 2","problemStatement":"Issue or Problem Statement 2","motivation":"Motivation 2","derivedRequirements":"Derived Requirements 2","relatedDecisions":"Related Decisions 2","assumptions":"Assumptions 2","lastUpdated":"2019-03-26","lastModifiedUserId":"xierulei@cn.ibm.com","topic":"a topic","subjectArea":"sa subject","justification":"justification 2","lastModified":"2021-01-11T09:20:25Z","_id":"architecturaldecision_MAQ_DBaO3GR","status":"proposed","label":"AD Name2","ad_id":"AD2","children":"adalternative_HyIRI_9KAw"},{"modelType":"ADAlternative","description":"alter2 desc\r\nline 2","contraindications":"alter2contratindication\r\nline 2","_id":"adalternative_HyIRI_9KAw","bestApplied":"alter 2 best applide\r\nline 2","label":"alter name 2"}]},"architecturaldecision_HQUKUJR8pN-":{"coreInfo":[{"modelType":"ArchitecturalDecision","implications":"Implications 1","problemStatement":"Issue or Problem Statement 1","decision":"","motivation":"Motivation 1","derivedRequirements":"Derived Requirements 1","relatedDecisions":"Related Decisions 1","assumptions":"Assumptions 1","lastUpdated":"2019-03-25","lastModifiedUserId":"xierulei@cn.ibm.com","topic":"a topic","subjectArea":"sa subject","justification":"justification 1","lastModified":"2021-01-11T09:20:25Z","_id":"architecturaldecision_HQUKUJR8pN-","status":"accepted","label":"AD Name1","ad_id":"AD1","children":"adalternative_BkHAU_5tCD,adalternative_H14R8O9YAD"},{"modelType":"ADAlternative","description":"alter12 desc\r\nline 2","contraindications":"alter12contratindication\r\nline 2","_id":"adalternative_BkHAU_5tCD","bestApplied":"alter 12 best applide\r\nline 2","label":"alter name 12"},{"modelType":"ADAlternative","description":"alter 1 desc\r\nline 2","contraindications":"alter 1 contratindication\r\nline 2","_id":"adalternative_H14R8O9YAD","bestApplied":"alter 1 best applide\r\nline 2","label":"alter name 1"}]},"architecturaldecision_6UVusQjwfnQ":{"coreInfo":[{"modelType":"ArchitecturalDecision","lastUpdated":"2019-03-28","lastModifiedUserId":"xierulei@cn.ibm.com","lastModified":"2021-01-11T09:20:25Z","_id":"architecturaldecision_6UVusQjwfnQ","status":"superseded","label":"AD Name5","ad_id":"AD5","children":"adalternative_B1ORUuqYAv"},{"modelType":"ADAlternative","description":"alter5 desc\r\nline 2","_id":"adalternative_B1ORUuqYAv","label":"alter name 5"}]},"architecturaldecision_rXeCpRS9HM0":{"coreInfo":[{"modelType":"ArchitecturalDecision","implications":"Implications 3","problemStatement":"Issue or Problem Statement 3","motivation":"Motivation 3","derivedRequirements":"Derived Requirements 3","relatedDecisions":"Related Decisions 3","assumptions":"Assumptions 3","lastUpdated":"2019-03-27","lastModifiedUserId":"xierulei@cn.ibm.com","topic":"a topic","subjectArea":"sa subject","lastModified":"2021-01-11T09:20:25Z","justification":"justification 3  justification 3  justification 3 justification 3 ","_id":"architecturaldecision_rXeCpRS9HM0","status":"deprecated","label":"AD Name3","ad_id":"AD3"}]},"architecturaldecision_aobCK-6kf-I":{"coreInfo":[{"modelType":"ArchitecturalDecision","implications":"Implications ：\r\nline1\r\nline2","problemStatement":"Issue or Problem Statement 4：\r\nline1\r\nline2","decision":"","motivation":"Motivation 4","derivedRequirements":"Derived Requirements ：\r\nline1\r\nline2","relatedDecisions":"Related Decisions 4","assumptions":"Assumptions ：\r\nline1\r\nline2","lastUpdated":"2019-03-28","lastModifiedUserId":"xierulei@cn.ibm.com","topic":"a topic","subjectArea":"sa subject","justification":"Justification1\r\nJustification2\r\nJustification6","lastModified":"2021-01-11T09:20:25Z","_id":"architecturaldecision_aobCK-6kf-I","status":"superseded","label":"AD Name4","ad_id":"AD4","children":"adalternative_ByvAUO9tAw"},{"modelType":"ADAlternative","description":"alter4 desc\r\nline 2","contraindications":"alter4ontratindication\r\nline 2","_id":"adalternative_ByvAUO9tAw","bestApplied":"alter4 best applide\r\nline 2","label":"alter name 4"}]},"dependency_7rsDOasDKl2":{"coreInfo":[{"modelType":"Dependency","owner":"rulei","closedDate":"Sun Jul 07 2019 00:00:00 GMT+0000 (UTC)","lastModifiedUserId":"xierulei@cn.ibm.com","isKey":false,"requiredByDate":"2019-07-30","description":"Dependency description 1","effectOnPlan":"Effect on plan 1","lastModified":"2021-01-11T09:20:25Z","_id":"dependency_7rsDOasDKl2","associatedRiskId":"3424324324","label":"Dependency 1"}]},"dependency_yrjSt7fUJdg":{"coreInfo":[{"modelType":"Dependency","owner":"mingjin","closedDate":"2019-07-04","lastModifiedUserId":"xierulei@cn.ibm.com","isKey":true,"requiredByDate":"2019-07-31","description":"Dependency description 1:\r\nline1\r\nline2","lastModified":"2021-01-11T09:20:25Z","effectOnPlan":"Effect on plan 2:\r\nLin2\r\nline3","_id":"dependency_yrjSt7fUJdg","associatedRiskId":"risk1","label":"Dependency 2"}]},"dependency_2VlKX2vFlJo":{"coreInfo":[{"modelType":"Dependency","closedDate":"","lastModifiedUserId":"xierulei@cn.ibm.com","requiredByDate":"","description":"","lastModified":"2021-01-11T09:20:25Z","effectOnPlan":"","_id":"dependency_2VlKX2vFlJo","label":"Dependency 3"}]},"assumption_F4M-qnuCWH_":{"coreInfo":[{"modelType":"Assumption","confidenceLevel":"Low","reviewDate":"2019-07-12","closedDate":"2019-07-16","impact":"Low","lastModifiedUserId":"xierulei@cn.ibm.com","isKey":true,"description":"description:\r\nline 1 \r\nline2","lastModified":"2021-01-11T09:20:25Z","_id":"assumption_F4M-qnuCWH_","identifiedBy":"rulei","label":"Assumption 3"}]},"assumption_Fwq-sbch0QC":{"coreInfo":[{"modelType":"Assumption","lastModifiedUserId":"xierulei@cn.ibm.com","lastModified":"2021-01-11T09:20:25Z","_id":"assumption_Fwq-sbch0QC","label":"Assumption 5"}]},"assumption_xgud9Gf9b-J":{"coreInfo":[{"modelType":"Assumption","confidenceLevel":"High","reviewDate":"2019-07-10","closedDate":"","impact":"Medium","lastModifiedUserId":"xierulei@cn.ibm.com","isKey":false,"description":"description 1","lastModified":"2021-01-11T09:20:25Z","_id":"assumption_xgud9Gf9b-J","identifiedBy":"beibei","label":"Assumption 1"}]},"assumption_l_2WtkCs2z_":{"coreInfo":[{"modelType":"Assumption","confidenceLevel":"Low","reviewDate":"2019-07-13","closedDate":"2019-07-16","impact":"Medium","lastModifiedUserId":"xierulei@cn.ibm.com","description":"description:\r\nline 1 \r\nline2","lastModified":"2021-01-11T09:20:25Z","_id":"assumption_l_2WtkCs2z_","identifiedBy":"rulei","label":"Assumption 4"}]},"assumption_P2E8005xvce":{"coreInfo":[{"modelType":"Assumption","confidenceLevel":"Medium","closedDate":"2019-07-16","reviewDate":"2019-07-11","impact":"High","lastModifiedUserId":"xierulei@cn.ibm.com","isKey":true,"description":"description 2","lastModified":"2021-01-11T09:20:25Z","_id":"assumption_P2E8005xvce","identifiedBy":"rulei","label":"Assumption 2"}]},"architectureprinciple_j8rzNB9hPM":{"coreInfo":[{"modelType":"ArchitecturePrinciple","lastModifiedUserId":"xierulei@cn.ibm.com","topic":"topc3","description":"priciple description3:\r\nline1\r\nline2","subjectArea":"subject area 3","lastModified":"2021-01-11T09:20:25Z","_id":"architectureprinciple_j8rzNB9hPM","priority":"5","rationale":"Rationale3:\r\nline1\r\nline2","label":"Principle 3"}]},"architectureprinciple_GtWoyoC3tv":{"coreInfo":[{"modelType":"ArchitecturePrinciple","implications":"Implications 11 ","lastModifiedUserId":"xierulei@cn.ibm.com","topic":"topc1","description":"priciple description","subjectArea":"subject area 1","metrics":"Metrics 11","lastModified":"2021-01-11T09:20:25Z","_id":"architectureprinciple_GtWoyoC3tv","priority":"1","rationale":"Rationale 1","label":"Principle 1"}]},"architectureprinciple_KjJJck3_Uy":{"coreInfo":[{"modelType":"ArchitecturePrinciple","implications":"Implications 12:\r\nline1\r\nline2","lastModifiedUserId":"xierulei@cn.ibm.com","topic":"topc2","description":"priciple description:\r\nline1\r\nline2","subjectArea":"subject area 2","metrics":"Metrics :\r\nline1\r\nline2","lastModified":"2021-01-11T09:20:25Z","_id":"architectureprinciple_KjJJck3_Uy","priority":"4","rationale":"Rationale 2:\r\nline1\r\nline2","label":"Principle 2"}]},"functionalrequirement_svIYNt3NC8n":{"coreInfo":[{"modelType":"FunctionalRequirement","owner":"Ru lei","reviewDate":"2019-07-24","impact":"FR Functional Requirement Impact","lastModifiedUserId":"xierulei@cn.ibm.com","description":"FR Functional Requirement description","weight":"Low","id":"FR ID1","lastModified":"2021-01-11T09:20:25Z","_id":"functionalrequirement_svIYNt3NC8n","label":"FR Name1"}]},"functionalrequirement_EuTRYcs5pOu":{"coreInfo":[{"modelType":"FunctionalRequirement","owner":"Ru lei","reviewDate":"Sat Aug 24 2019 00:00:00 GMT+0000 (UTC)","impact":"FR Functional Requirement Impact","lastModifiedUserId":"xierulei@cn.ibm.com","weight":"Medium","description":"FR Functional Requirement description","id":"FR ID2","lastModified":"2021-01-11T09:20:25Z","_id":"functionalrequirement_EuTRYcs5pOu","label":"FR Name2"}]},"functionalrequirement_d_bPUHHHOrK":{"coreInfo":[{"modelType":"FunctionalRequirement","owner":"Ru lei","reviewDate":"Thu Oct 24 2019 00:00:00 GMT+0000 (UTC)","impact":"FR Functional Requirement Impact：\r\nImpact1;\r\nImpact2.","lastModifiedUserId":"xierulei@cn.ibm.com","description":"FR Functional Requirement description\r\nDesc line1;\r\nDesc line2","weight":"High","id":"FR ID3","lastModified":"2021-01-11T09:20:25Z","_id":"functionalrequirement_d_bPUHHHOrK","label":"FR Name3"}]},"risk_uLXQRDYMPIu":{"coreInfo":[{"modelType":"Risk","reviewDate":"2019-05-29","probability":"Low","impact":"High","lastModifiedUserId":"xierulei@cn.ibm.com","isKey":false,"lastModified":"2021-01-11T09:20:25Z","_id":"risk_uLXQRDYMPIu","label":"Risk 3"}]},"risk_gwzAjrTsEnL":{"coreInfo":[{"modelType":"Risk","reviewDate":"2019-07-03","personResponsible":"Liuwei","probability":"High","impact":"Medium","lastModifiedUserId":"xierulei@cn.ibm.com","isKey":true,"description":"The golden build cannot be delivered on time","recommendation":"Continency / Mitigation recommendation 1","effort":"effort 1","lastModified":"2021-01-11T09:20:25Z","_id":"risk_gwzAjrTsEnL","label":"Risk 1"}]},"risk_xZlPun9eAV6":{"coreInfo":[{"modelType":"Risk","lastModifiedUserId":"xierulei@cn.ibm.com","lastModified":"2021-01-11T09:20:25Z","_id":"risk_xZlPun9eAV6","probability":"Medium","impact":"High","label":"Risk 4"}]},"risk_-GyidMylzRH":{"coreInfo":[{"modelType":"Risk","reviewDate":"2019-05-28","personResponsible":"Rulei","probability":"Medium","impact":"Low","lastModifiedUserId":"xierulei@cn.ibm.com","isKey":false,"description":"this is desc\r\nline 2\r\nline3","recommendation":"Continency / Mitigation recommendation 2:\r\nLine 1\r\nline2","effort":"effort 2","lastModified":"2021-01-11T09:20:25Z","_id":"risk_-GyidMylzRH","label":"Risk 2"}]},"issue_1Xzs-LJJ-Fq":{"coreInfo":[{"modelType":"Issue","issueResponsibility":"Liuwei","reviewDate":"2019-07-10","lastModifiedUserId":"xierulei@cn.ibm.com","isKey":true,"action":"Risk Change Reference","description":"Issue Description 1","lastModified":"2021-01-11T09:20:25Z","_id":"issue_1Xzs-LJJ-Fq","raisedBy":"rulei","priority":"Medium","label":"Issues 1"}]},"issue_vt0TfkPg6bY":{"coreInfo":[{"modelType":"Issue","issueResponsibility":"Mingjin","reviewDate":"2019-07-11","lastModifiedUserId":"xierulei@cn.ibm.com","isKey":false,"action":"Risk Change Reference","description":"Issue Description 2：\r\nline1\r\nline 2","lastModified":"2021-01-11T09:20:25Z","_id":"issue_vt0TfkPg6bY","raisedBy":"Beibei bei","priority":"High","label":"Issues 2"}]},"issue_n_yS29LSSmc":{"coreInfo":[{"modelType":"Issue","issueResponsibility":"Dev","reviewDate":"2019-07-12","lastModifiedUserId":"xierulei@cn.ibm.com","isKey":true,"action":"Risk Change Reference","description":"No browser xxx","lastModified":"2021-01-11T09:20:25Z","_id":"issue_n_yS29LSSmc","priority":"Low","raisedBy":"rulei","label":"Issues 3"}]},"issue_vaqr5jJ9GAG":{"coreInfo":[{"modelType":"Issue","lastModifiedUserId":"xierulei@cn.ibm.com","lastModified":"2021-01-11T09:20:25Z","_id":"issue_vaqr5jJ9GAG","label":"Issues 4"}]},"nonfunctionalrequirement_F-0TNwhGFpA":{"coreInfo":[{"modelType":"NonFunctionalRequirement","owner":"NFR Owner1","growthRate":"0.11","description":"NRF Non Functional Requirement description 1","source":"NFR Source 1","priority":"Optional","reference":"NFR Ref 1","acceptanceCriteria":"NFR criteria 1","reviewDate":"2019-07-16","lastModifiedUserId":"xierulei@cn.ibm.com","testMethod":"NFR test method 1","context":"Context 1","theme":"Performance","lastModified":"2021-01-11T09:20:25Z","_id":"nonfunctionalrequirement_F-0TNwhGFpA","value":"NFR Value 1","label":"NFR Name1","nfr_id":"NFR 1"}]},"nonfunctionalrequirement_QHhFeNL1xsO":{"coreInfo":[{"modelType":"NonFunctionalRequirement","owner":"NFR Owner3","growthRate":"0.13","description":"NRF Non Functional Requirement description 3","source":"NFR Source 3","priority":"Critical","reference":"NFR Ref 3","acceptanceCriteria":"NFR criteria 3","reviewDate":"2019-07-18","lastModifiedUserId":"xierulei@cn.ibm.com","testMethod":"NFR test method 3","context":"Context 3","theme":"Scalability","lastModified":"2021-01-11T09:20:25Z","_id":"nonfunctionalrequirement_QHhFeNL1xsO","value":"NFR Value 3","label":"NFR Name3","nfr_id":"NFR 3"}]},"nonfunctionalrequirement_jlKg4VLf5yk":{"coreInfo":[{"modelType":"NonFunctionalRequirement","owner":"NFR Owner4","growthRate":"0.14","description":"NRF Non Functional Requirement description 4","source":"NFR Source 4","priority":"Optional","reference":"NFR Ref 4","acceptanceCriteria":"NFR criteria 4","reviewDate":"2019-07-19","lastModifiedUserId":"xierulei@cn.ibm.com","testMethod":"NFR test method 4","context":"Context 4","theme":"Security","lastModified":"2021-01-11T09:20:25Z","_id":"nonfunctionalrequirement_jlKg4VLf5yk","value":"NFR Value 4","label":"NFR Name4","nfr_id":"NFR 4"}]},"nonfunctionalrequirement_vfPbNUbc2RZ":{"coreInfo":[{"modelType":"NonFunctionalRequirement","owner":"NFR Owner2","growthRate":"0.12","description":"NRF Non Functional Requirement description 2","source":"NFR Source 2","priority":"Desirable","reference":"NFR Ref 2","acceptanceCriteria":"NFR criteria 2","reviewDate":"2019-07-17","lastModifiedUserId":"xierulei@cn.ibm.com","testMethod":"NFR test method 2","context":"Context 2","theme":"Volumetrics","lastModified":"2021-01-11T09:20:25Z","_id":"nonfunctionalrequirement_vfPbNUbc2RZ","value":"NFR Value 2","label":"NFR Name2","nfr_id":"NFR 2"}]},"nonfunctionalrequirement_pl_IcqUZtaf":{"coreInfo":[{"modelType":"NonFunctionalRequirement","lastModifiedUserId":"xierulei@cn.ibm.com","theme":"Environmental","lastModified":"2021-01-11T09:20:25Z","_id":"nonfunctionalrequirement_pl_IcqUZtaf","priority":"Optional","label":"NFR Name10","nfr_id":"NFR 10"}]},"nonfunctionalrequirement_krhaR3CuDOf":{"coreInfo":[{"modelType":"NonFunctionalRequirement","owner":"NFR Owner5","growthRate":"0.15","description":"NRF Non Functional Requirement description 5","source":"NFR Source 5","priority":"Optional","reference":"NFR Ref 5","acceptanceCriteria":"NFR criteria 5","reviewDate":"2019-07-20","lastModifiedUserId":"xierulei@cn.ibm.com","testMethod":"NFR test method 5","context":"Context 5","theme":"Regulatory Compliance","lastModified":"2021-01-11T09:20:25Z","_id":"nonfunctionalrequirement_krhaR3CuDOf","value":"NFR Value 5","label":"NFR Name5","nfr_id":"NFR 5"}]},"nonfunctionalrequirement_1f9a7mPj_SE":{"coreInfo":[{"modelType":"NonFunctionalRequirement","owner":"NFR Owner6","growthRate":"0.16","description":"NRF Non Functional Requirement description 6","source":"NFR Source 6","priority":"Optional","reference":"NFR Ref 6","acceptanceCriteria":"NFR criteria 6","reviewDate":"2019-07-21","lastModifiedUserId":"xierulei@cn.ibm.com","testMethod":"NFR test method 6","context":"Context 6","theme":"Usability","lastModified":"2021-01-11T09:20:25Z","_id":"nonfunctionalrequirement_1f9a7mPj_SE","value":"NFR Value 6","label":"NFR Name6","nfr_id":"NFR 6"}]},"nonfunctionalrequirement_6yP29EkZdxd":{"coreInfo":[{"modelType":"NonFunctionalRequirement","owner":"NFR Owner7","growthRate":"0.17","description":"NRF Non Functional Requirement description 7","source":"NFR Source 7","priority":"Optional","reference":"NFR Ref 7","acceptanceCriteria":"NFR criteria 7","reviewDate":"2019-07-22","lastModifiedUserId":"xierulei@cn.ibm.com","testMethod":"NFR test method 7","context":"Context 7","theme":"Maintainability","lastModified":"2021-01-11T09:20:25Z","_id":"nonfunctionalrequirement_6yP29EkZdxd","value":"NFR Value 7","label":"NFR Name7","nfr_id":"NFR 7"}]},"nonfunctionalrequirement_3GleDe81doR":{"coreInfo":[{"modelType":"NonFunctionalRequirement","owner":"NFR Owner9\r\nNFR Owner2\r\n","growthRate":"1","description":"NRF Non Functional Requirement description 9","source":"NFR Source 9","priority":"Optional","reference":"NFR Ref 9","acceptanceCriteria":"NFR criteria 9","reviewDate":"2019-07-24","lastModifiedUserId":"xierulei@cn.ibm.com","testMethod":"NFR test method 9","context":"Context 9","theme":"Manageability","lastModified":"2021-01-11T09:20:25Z","_id":"nonfunctionalrequirement_3GleDe81doR","value":"NFR Value 9","label":"NFR Name9","nfr_id":"NFR 9"}]},"nonfunctionalrequirement_fytlYm9LM8z":{"coreInfo":[{"modelType":"NonFunctionalRequirement","owner":"NFR Owner8\r\nNFR Owner1","growthRate":"0.18","description":"NRF Non Functional Requirement description 8:\r\nLIne1\r\nLine2","source":"NFR Source 8\r\nNFR Source 1\r\nNFR Source 82\r\n","priority":"Optional","reference":"NFR Ref 8\r\nNFR Ref 81\r\nNFR Ref 82\r\n","acceptanceCriteria":"NFR criteria 8:\r\nLine1\r\nLine2","reviewDate":"2019-07-23","lastModifiedUserId":"xierulei@cn.ibm.com","testMethod":"NFR test method 8:\r\nNFR test method 8:1\r\nNFR test method 82 ","context":"Context 8:\r\nLine1","theme":"Availability","lastModified":"2021-01-11T09:20:25Z","_id":"nonfunctionalrequirement_fytlYm9LM8z","value":"NFR Value 8:\r\nLine1\r\nLine2","label":"NFR Name8","nfr_id":"NFR 8"}]},"businesschallenge_Skxnf85FAD":{"coreInfo":[{"modelType":"BusinessChallenge","lastModifiedUserId":"xierulei@cn.ibm.com","description":"<div>sa</div><div>df</div><div>s a newl </div><div>f</div><div><br></div><table style=\"width:100%\"><tbody><tr><td style=\"height:42px;border: 1px solid #979797;padding:5px;width:33.333333333333336%\"> </td><td style=\"height:42px;border: 1px solid #979797;padding:5px;width:33.333333333333336%\"> </td><td style=\"height:42px;border: 1px solid #979797;padding:5px;width:33.333333333333336%\"> </td></tr><tr><td style=\"height:42px;border: 1px solid #979797;padding:5px;width:33.333333333333336%\"> </td><td style=\"height:42px;border: 1px solid #979797;padding:5px;width:33.333333333333336%\"> </td><td style=\"height:42px;border: 1px solid #979797;padding:5px;width:33.333333333333336%\"> </td></tr><tr><td style=\"height:42px;border: 1px solid #979797;padding:5px;width:33.333333333333336%\"> </td><td style=\"height:42px;border: 1px solid #979797;padding:5px;width:33.333333333333336%\"> </td><td style=\"height:42px;border: 1px solid #979797;padding:5px;width:33.333333333333336%\"> </td></tr><tr><td style=\"height:42px;border: 1px solid #979797;padding:5px;width:33.333333333333336%\"> </td><td style=\"height:42px;border: 1px solid #979797;padding:5px;width:33.333333333333336%\"> </td><td style=\"height:42px;border: 1px solid #979797;padding:5px;width:33.333333333333336%\"> </td></tr><tr><td style=\"height:42px;border: 1px solid #979797;padding:5px;width:33.333333333333336%\"> </td><td style=\"height:42px;border: 1px solid #979797;padding:5px;width:33.333333333333336%\"> </td><td style=\"height:42px;border: 1px solid #979797;padding:5px;width:33.333333333333336%\"> </td></tr></tbody></table><br><div>ds</div><div>f<img style=\"height:100px;\" src=\"/api/FileManagerAPIs/containers/cafiles/files/file_674559bfc5f64740.jpg\"><br></div>","lastModified":"2021-01-11T09:16:33Z","_id":"businesschallenge_Skxnf85FAD","label":""}]},"executivesummary_SJgnuBYKRv":{"coreInfo":[{"modelType":"ExecutiveSummary","lastModifiedUserId":"xierulei@cn.ibm.com","description":"<div align=\"center\"><ul><li><u><i><b><font size=\"3\" face=\"Arial Black\" color=\"#32BD73\">a as</font></b></i></u></li><li><u><i><b><font size=\"3\" face=\"Arial Black\" color=\"#32BD73\">f</font></b></i></u></li><li><u><i><b><font size=\"3\" face=\"Arial Black\" color=\"#32BD73\">dsa</font></b></i></u></li><li><u><i><b><font size=\"3\" face=\"Arial Black\" color=\"#32BD73\">f</font></b></i></u></li><li><u><i><b><font size=\"3\" face=\"Arial Black\" color=\"#32BD73\">dsa</font></b></i></u></li><li><u><i><b><font size=\"3\" face=\"Arial Black\" color=\"#32BD73\">f</font></b></i></u></li></ul></div><div>dsf</div><div><br></div><div><br></div><table style=\"width:100%\"><tbody><tr><td style=\"height:42px;border: 1px solid #979797;padding:5px;width:33.333333333333336%\"> </td><td style=\"height:42px;border: 1px solid #979797;padding:5px;width:33.333333333333336%\"> </td><td style=\"height:42px;border: 1px solid #979797;padding:5px;width:33.333333333333336%\"> </td></tr><tr><td style=\"height:42px;border: 1px solid #979797;padding:5px;width:33.333333333333336%\"> d</td><td style=\"height:42px;border: 1px solid #979797;padding:5px;width:33.333333333333336%\"> d</td><td style=\"height:42px;border: 1px solid #979797;padding:5px;width:33.333333333333336%\"> </td></tr><tr><td style=\"height:42px;border: 1px solid #979797;padding:5px;width:33.333333333333336%\"> </td><td style=\"height:42px;border: 1px solid #979797;padding:5px;width:33.333333333333336%\"> </td><td style=\"height:42px;border: 1px solid #979797;padding:5px;width:33.333333333333336%\"> e</td></tr><tr><td style=\"height:42px;border: 1px solid #979797;padding:5px;width:33.333333333333336%\"> </td><td style=\"height:42px;border: 1px solid #979797;padding:5px;width:33.333333333333336%\"> </td><td style=\"height:42px;border: 1px solid #979797;padding:5px;width:33.333333333333336%\"> r</td></tr><tr><td style=\"height:42px;border: 1px solid #979797;padding:5px;width:33.333333333333336%\"> </td><td style=\"height:42px;border: 1px solid #979797;padding:5px;width:33.333333333333336%\"> </td><td style=\"height:42px;border: 1px solid #979797;padding:5px;width:33.333333333333336%\"> </td></tr></tbody></table><div><img style=\"height:100px;\" src=\"/api/FileManagerAPIs/containers/cafiles/files/file_674559bfc5f64740.jpg\"></div><div><br></div><div><br></div><div>但是发萨菲<br></div><br>","lastModified":"2021-01-11T08:00:29Z","_id":"executivesummary_SJgnuBYKRv","label":""}]}}},"diagram":{"instances":{"usecasediagram_2DL3aRsSIlw":{"uiInfo":"<mxGraphModel dx=\"1378\" dy=\"737\" grid=\"1\" gridSize=\"10\" guides=\"1\" tooltips=\"1\" connect=\"1\" arrows=\"1\" fold=\"1\" page=\"1\" pageScale=\"1\" pageWidth=\"1169\" pageHeight=\"827\" background=\"#ffffff\"><root><mxCell id=\"0\" modelId=\"usecasediagram_2DL3aRsSIlw\"></mxCell><mxCell id=\"1\" parent=\"0\"></mxCell><mxCell id=\"usecasediagram_2DL3aRsSIlw_242DL3dD9s5oi\" style=\"ellipse;whiteSpace=wrap;html=1;\" vertex=\"1\" modelId=\"usecase_hrAz_hpkBt\" parent=\"1\"><mxGeometry x=\"230\" y=\"170\" width=\"140\" height=\"70\" as=\"geometry\"></mxGeometry></mxCell><mxCell id=\"usecasediagram_2DL3aRsSIlw_262DL3esZx8V2\" style=\"shape=process;html=1;whiteSpace=wrap;\" vertex=\"1\" modelId=\"actor_2DKZcnytWlu\" parent=\"1\"><mxGeometry x=\"240\" y=\"380\" width=\"120\" height=\"60\" as=\"geometry\"></mxGeometry></mxCell><mxCell id=\"usecasediagram_2DL3aRsSIlw_272DL3fQ5JwYb\" style=\"edgeStyle=orthogonalEdgeStyle;rounded=0;html=1;endArrow=none;\" edge=\"1\" modelId=\"association_2DL3fQ7MA6u\" parent=\"1\" source=\"usecasediagram_2DL3aRsSIlw_262DL3esZx8V2\" target=\"usecasediagram_2DL3aRsSIlw_242DL3dD9s5oi\"><mxGeometry relative=\"1\" as=\"geometry\"></mxGeometry></mxCell></root></mxGraphModel>","coreInfo":[{"modelType":"UseCaseDiagram","lastModifiedUserId":"xierulei@cn.ibm.com","description":"","lastModified":"2021-01-11T09:35:35Z","_id":"usecasediagram_2DL3aRsSIlw","label":"UCD"}]},"miscdiagram_SJ2C1sFCD":{"uiInfo":"<mxGraphModel dx=\"1378\" dy=\"737\" grid=\"1\" gridSize=\"10\" guides=\"1\" tooltips=\"1\" connect=\"1\" arrows=\"1\" fold=\"1\" page=\"1\" pageScale=\"1\" pageWidth=\"1169\" pageHeight=\"827\" background=\"#ffffff\"><root><mxCell id=\"0\" modelId=\"miscdiagram_SJ2C1sFCD\"></mxCell><mxCell id=\"1\" parent=\"0\"></mxCell><mxCell id=\"miscdiagram_SJ2C1sFCD_22DL7qEMQG4x\" value=\"Title\" style=\"text;strokeColor=none;fillColor=none;html=1;fontSize=24;fontStyle=1;verticalAlign=middle;align=center;\" parent=\"1\" vertex=\"1\"><mxGeometry x=\"270\" y=\"180\" width=\"100\" height=\"40\" as=\"geometry\"></mxGeometry></mxCell><mxCell id=\"miscdiagram_SJ2C1sFCD_32DL7qEMUuqz\" value=\"\" style=\"ellipse;shape=doubleEllipse;whiteSpace=wrap;html=1;\" parent=\"1\" vertex=\"1\"><mxGeometry x=\"585\" y=\"190\" width=\"100\" height=\"60\" as=\"geometry\"></mxGeometry></mxCell><mxCell id=\"miscdiagram_SJ2C1sFCD_42DL7qEMtw6X\" value=\"\" style=\"shape=ext;double=1;rounded=0;whiteSpace=wrap;html=1;\" parent=\"1\" vertex=\"1\"><mxGeometry x=\"190\" y=\"334\" width=\"120\" height=\"80\" as=\"geometry\"></mxGeometry></mxCell><mxCell id=\"miscdiagram_SJ2C1sFCD_52DL7qENupHf\" style=\"edgeStyle=orthogonalEdgeStyle;rounded=0;html=1;entryX=0;entryY=1;jettySize=auto;orthogonalLoop=1;\" parent=\"1\" source=\"miscdiagram_SJ2C1sFCD_42DL7qEMtw6X\" target=\"miscdiagram_SJ2C1sFCD_32DL7qEMUuqz\" edge=\"1\"><mxGeometry relative=\"1\" as=\"geometry\"></mxGeometry></mxCell><mxCell id=\"miscdiagram_SJ2C1sFCD_22DL7Kc3Bf8e\" value=\"\" style=\"ellipse;shape=doubleEllipse;whiteSpace=wrap;html=1;\" parent=\"1\" vertex=\"1\"><mxGeometry x=\"720\" y=\"400\" width=\"100\" height=\"60\" as=\"geometry\"></mxGeometry></mxCell></root></mxGraphModel>","coreInfo":[{"modelType":"MiscDiagram","lastModifiedUserId":"xierulei@cn.ibm.com","description":"","lastModified":"2021-01-11T09:53:17Z","_id":"miscdiagram_SJ2C1sFCD","label":"MISC2"},{"modelType":"Label","description":"Notification","_id":"label_SJrK-8tr2iH_ry5whAtI8","userId":"xierulei@cn.ibm.com","label":"Notification"},{"modelType":"Label","description":"Workshop Jan. 2019","_id":"label_BJ8tZUYH2jH_ry5whAtI8","userId":"xierulei@cn.ibm.com","label":"Workshop Jan. 2019"},{"modelType":"Label","description":"CA","_id":"label_1OhKj1ilrmn_rkm6cR0-H","userId":"xierulei@cn.ibm.com","label":"CA"}]},"miscdiagram_2DL7dzggEEL":{"uiInfo":"<mxGraphModel dx=\"1378\" dy=\"737\" grid=\"1\" gridSize=\"10\" guides=\"1\" tooltips=\"1\" connect=\"1\" arrows=\"1\" fold=\"1\" page=\"1\" pageScale=\"1\" pageWidth=\"1169\" pageHeight=\"827\" background=\"#ffffff\"><root><mxCell id=\"0\" modelId=\"miscdiagram_2DL7dzggEEL\"></mxCell><mxCell id=\"1\" parent=\"0\"></mxCell><mxCell id=\"miscdiagram_2DL7dzggEEL_22DL7fbAhYfL\" value=\"Title\" style=\"text;strokeColor=none;fillColor=none;html=1;fontSize=24;fontStyle=1;verticalAlign=middle;align=center;\" parent=\"1\" vertex=\"1\"><mxGeometry x=\"270\" y=\"180\" width=\"100\" height=\"40\" as=\"geometry\"></mxGeometry></mxCell><mxCell id=\"miscdiagram_2DL7dzggEEL_32DL7g6cKAw1\" value=\"\" style=\"ellipse;shape=doubleEllipse;whiteSpace=wrap;html=1;\" parent=\"1\" vertex=\"1\"><mxGeometry x=\"585\" y=\"190\" width=\"100\" height=\"60\" as=\"geometry\"></mxGeometry></mxCell><mxCell id=\"miscdiagram_2DL7dzggEEL_42DL7hfORQjJ\" value=\"\" style=\"shape=ext;double=1;rounded=0;whiteSpace=wrap;html=1;\" parent=\"1\" vertex=\"1\"><mxGeometry x=\"190\" y=\"334\" width=\"120\" height=\"80\" as=\"geometry\"></mxGeometry></mxCell><mxCell id=\"miscdiagram_2DL7dzggEEL_52DL7ii3nDKT\" style=\"edgeStyle=orthogonalEdgeStyle;rounded=0;html=1;entryX=0;entryY=1;jettySize=auto;orthogonalLoop=1;\" parent=\"1\" source=\"miscdiagram_2DL7dzggEEL_42DL7hfORQjJ\" target=\"miscdiagram_2DL7dzggEEL_32DL7g6cKAw1\" edge=\"1\"><mxGeometry relative=\"1\" as=\"geometry\"></mxGeometry></mxCell></root></mxGraphModel>","coreInfo":[{"modelType":"MiscDiagram","lastModifiedUserId":"xierulei@cn.ibm.com","description":"","lastModified":"2021-01-11T09:51:26Z","_id":"miscdiagram_2DL7dzggEEL","label":"MISC"}]},"systemcontext_2DKZaPKvKoN":{"uiInfo":"<mxGraphModel dx=\"1078\" dy=\"729\" grid=\"1\" gridSize=\"10\" guides=\"1\" tooltips=\"1\" connect=\"1\" arrows=\"1\" fold=\"1\" page=\"1\" pageScale=\"1\" pageWidth=\"1169\" pageHeight=\"827\" background=\"#ffffff\"><root><mxCell id=\"0\" modelId=\"systemcontext_2DKZaPKvKoN\"></mxCell><mxCell id=\"1\" parent=\"0\"></mxCell><mxCell id=\"_172DKZbvQpvub\" style=\"ellipse;whiteSpace=wrap;html=1;\" vertex=\"1\" modelId=\"targetsystem_2DKZbvR2xVu\" parent=\"1\"><mxGeometry x=\"170\" y=\"200\" width=\"140\" height=\"70\" as=\"geometry\"></mxGeometry></mxCell><mxCell id=\"_182DKZcnyjy6p\" style=\"shape=process;html=1;whiteSpace=wrap;\" vertex=\"1\" modelId=\"actor_2DKZcnytWlu\" parent=\"1\"><mxGeometry x=\"410\" y=\"260\" width=\"120\" height=\"60\" as=\"geometry\"></mxGeometry></mxCell></root></mxGraphModel>","coreInfo":[{"modelType":"SystemContext","lastModifiedUserId":"xierulei@cn.ibm.com","description":"","lastModified":"2021-01-11T09:19:59Z","_id":"systemcontext_2DKZaPKvKoN","label":"System Context"},{"modelType":"TargetSystem","description":"","_id":"targetsystem_2DKZbvR2xVu","label":"Target System"}]}}},"solution_advisors":{},"auditLog":{"_id":"architectureauditentry_kEUJITN8g","archId":"arch_HJtHHYYCP","archChangeLog":[{"_id":"architecturechangelog_mAbzzJcWJ","date":"2021-01-11T09:51:37.399Z","type":"CREATE_INST","user":{"fullname":"RU LEI XIE","email":"xierulei@cn.ibm.com"},"artifactTypeId":"artifacttype_23219eb8-b210-3e5a-8621-9881bee93055","instanceName":"MISC2","instanceId":"miscdiagram_SJ2C1sFCD","option":"CREATE_FROM_COPY: miscdiagram_2DL7dzggEEL"},{"_id":"architecturechangelog_nFsW1AJ4K","date":"2021-01-11T09:51:06.405Z","type":"CREATE_INST","user":{"fullname":"RU LEI XIE","email":"xierulei@cn.ibm.com"},"artifactTypeId":"artifacttype_23219eb8-b210-3e5a-8621-9881bee93055","instanceName":"MISC","instanceId":"miscdiagram_2DL7dzggEEL"},{"_id":"architecturechangelog_fogmyl-m4","date":"2021-01-11T09:37:23.920Z","type":"CREATE_INST","user":{"fullname":"RU LEI XIE","email":"xierulei@cn.ibm.com"},"artifactTypeId":"artifacttype_dde4b71c-82db-3f66-964a-3a04fbf56dff","instanceName":"LONG NAME MA AMD EN K AE ME AME ME A","instanceId":"usecasetext_H1ghUn9K0v"},{"_id":"architecturechangelog_AELMjLdNc","date":"2021-01-11T09:35:03.946Z","type":"CREATE_INST","user":{"fullname":"RU LEI XIE","email":"xierulei@cn.ibm.com"},"artifactTypeId":"artifacttype_cde39d5e-c892-3093-ab3d-bad448acb8a0","instanceName":"UCD","instanceId":"usecasediagram_2DL3aRsSIlw"},{"_id":"architecturechangelog_uiyapkuXS","date":"2021-01-11T09:20:26.711Z","type":"UPDATE","user":{"fullname":"RU LEI XIE","email":"xierulei@cn.ibm.com"}},{"_id":"architecturechangelog_8jYbJ_AX_","date":"2021-01-11T09:19:59.601Z","type":"CREATE_INST","user":{"fullname":"RU LEI XIE","email":"xierulei@cn.ibm.com"},"artifactTypeId":"artifacttype_8ca70362-e3d1-3b9c-91d1-f755d029a2e3","instanceName":"System Context","instanceId":"systemcontext_2DKZaPKvKoN"},{"_id":"architecturechangelog_henSd4evo","date":"2021-01-11T09:11:26.745Z","type":"CREATE_INST","user":{"fullname":"RU LEI XIE","email":"xierulei@cn.ibm.com"},"artifactTypeId":"artifacttype_d1ab4a95-e05f-3882-9f19-6500fc0d3b2b","instanceName":"","instanceId":"businesschallenge_Skxnf85FAD"},{"_id":"architecturechangelog_My_PM0c11","date":"2021-01-11T08:00:29.679Z","type":"CREATE_INST","user":{"fullname":"RU LEI XIE","email":"xierulei@cn.ibm.com"},"artifactTypeId":"artifacttype_9edbd406-69fb-3a95-8b2e-58a0974b2710","instanceName":"","instanceId":"executivesummary_SJgnuBYKRv"},{"_id":"architecturechangelog_SMA04a11j","date":"2021-01-11T07:58:56.912Z","type":"CREATE","user":{"fullname":"RU LEI XIE","email":"xierulei@cn.ibm.com"}}]}}