{"_id":"architecture_2cd932e1_a445_11e7_9369_476e02296e3a","name":"Cognitive Architect","type":"Solution","status":"Pending","created":"2017-09-28T04:04:27Z","lastModified":"2020-06-18T02:54:03Z","includedArtifacts":[{"globalTOCPosition":"5.1.4","typeId":"assetartifact_architectureoverview_usagescenario","_id":"art_B1ZKhOHHr","artifactTypeId":"artifacttype_d118451c-0816-3aa5-8b89-3119feb4168a","type":"Usage Scenario"},{"globalTOCPosition":"5.4.2","typeId":"assetartifact_operationalmodel_physicaloperational","_id":"art_Skl2bTpYlS","artifactTypeId":"artifacttype_7503dbb1-18f7-36ac-ad12-98d977ef3d0d","type":"Physical Operational View"},{"globalTOCPosition":"6.1","typeId":"assetartifact_risk","_id":"art_Skj7vIzlH","artifactTypeId":"artifacttype_94622837-e58f-34c3-9263-8260b69601c8","type":"Risks"},{"globalTOCPosition":"4.1","typeId":"assetartifact_logical_datamodel","_id":"art_HkxMluX-6E","artifactTypeId":"artifacttype_246bc46f-0286-3ad4-bf01-679592db59c7","type":"Logical Data Model"},{"globalTOCPosition":"3.3","typeId":"assetartifact_nonfunctionalrequirement","_id":"art_ry2B6O9n4","artifactTypeId":"artifacttype_f0eebd79-15c9-3ebc-a73b-8efc3f634f59","type":"Non Functional Requirements"},{"globalTOCPosition":"8","typeId":"assetartifact_notes","_id":"art_HJCCMR5M4","artifactTypeId":"artifacttype_02226b19-474e-37a6-ab39-d9bb31767fb5","type":"Notes"},{"globalTOCPosition":"5.4.1","typeId":"assetartifact_operationalmodel_logicaloperational","_id":"art_Byen5pPGaX","artifactTypeId":"artifacttype_5ca43d50-d7da-322f-a1b0-f65b0c12b2c8","type":"Logical Operational View"},{"globalTOCPosition":"5.1.3","typeId":"assetartifact_architectureoverview_itsystem","_id":"art_B1lHq5tWam","artifactTypeId":"artifacttype_355f72be-6566-3f48-8b15-c30f671d7c8f","type":"IT System View"},{"globalTOCPosition":"5.3.1","typeId":"assetartifact_componentmodel_staticview","_id":"art_Bye9l6Ni4m","artifactTypeId":"artifacttype_4a44b8fa-5057-3826-84d7-169a6fc1f2ed","type":"Static View"},{"globalTOCPosition":"2.1","typeId":"assetartifact_businesschallenge","_id":"assetartifact_69a0bd10_a445_11e7_9369_476e02296e3a","artifactTypeId":"artifacttype_d1ab4a95-e05f-3882-9f19-6500fc0d3b2b","type":"Business Challenge"},{"globalTOCPosition":"2.2","typeId":"assetartifact_systemcontext","_id":"assetartifact_94619010_a445_11e7_9369_476e02296e3a","artifactTypeId":"artifacttype_8ca70362-e3d1-3b9c-91d1-f755d029a2e3","type":"System Context"},{"globalTOCPosition":"1","typeId":"assetartifact_executivesummary","_id":"assetartifact_37a21fc0_a445_11e7_9369_476e02296e3a","artifactTypeId":"artifacttype_9edbd406-69fb-3a95-8b2e-58a0974b2710","type":"Overview"},{"globalTOCPosition":"5.3.2","typeId":"assetartifact_componentmodel_dynamicview","_id":"art_SJgrlS-cif","artifactTypeId":"artifacttype_6e1239a1-6a68-3dae-ae87-b05ecf80d25b","type":"Dynamic View"},{"globalTOCPosition":"5.2","typeId":"assetartifact_architecturedecision","_id":"art_B1x_itKPVM","artifactTypeId":"artifacttype_fddae3fa-aafa-32af-94a4-bc3e1ed255cc","type":"Architectural Decisions"},{"globalTOCPosition":"5.1.1","typeId":"assetartifact_architectureoverview_aodservice","_id":"assetartifact_3609dcd0_c460_11e7_9f36_a157a05cf038","artifactTypeId":"artifacttype_2c548a13-6bd9-3edc-a496-0318af82f0d1","type":"Services View"}],"industry":[{"name":"Cross-Industry","_id":"industry_cross"}],"technology":[{"name":"Conversational Services & Chatbots","_id":"technology_conversation"},{"name":"Cloud Computing","_id":"technology_cloud"}],"technicalCapability":[],"businessCapability":[],"client":[{"name":"IBM Global Solution Design Team","_id":"client_bf5a6df0_c44d_11e7_9f36_a157a05cf038"}],"taxonomies":[],"template":{"name":"Solution Architecture Template","description":"Default ToC","_id":"template_company_ibm","isGlobalDefaultTemplate":true},"executiveSummary":"Cognitive Architect is one of the strategic tools in SalesTools@IBM to support the selling journey. It is a is a simple tool to assist an Architect in designing a solution by finding the best/relevant/potential architectural solutions and/or patterns and customizing them for client specific needs.<br><div><br>There is a commercialized version of this internal IBM app called IBM IT Architect Assistant that is available to clients as a SaaS solution.<br>Key Features and Functions<br><br>The features of the web-based application include:<br><font size=\"3\">a.&nbsp;&nbsp;&nbsp; A personal workspace where users can manage the Solution architectures they are working on with their colleagues or vendors.&nbsp; An architecture can be created from scratch or can be created by copying an existing architecture asset.<br>b.&nbsp;&nbsp;&nbsp; Each architecture asset is structured in a standard form allowing for consistent documentation and reuse.&nbsp; Individual artifacts can be easily added and customized for the user’s solutions.</font><br><br>In addition to each user's private workspace (repository), there is a public, searchable repository with a growing set of assets including Reference Architectures, Architectural Patterns and Solution Architectures ready for reuse and customization. A user is also able to permit other users to discover their private assets via search by self-publishing them ‘as-is’.<br><br>Key Benefits, Savings from using the asset<br><br>1) Reduce time for finding proven solution alternatives resulting in value of time saved and increased revenue potential.<br>2) Reduce time for creating architectures through tool simplicity and easy reuse of existing architectural assets.<br>3) Facilitates collaboration amongst a team of architects working on a solution.<br>4) Improve Quality through consistency by reusing proven solution alternatives.<br>5) Enable Knowledge Transfer from proven solution alternatives.<br><br>Effort, Time and Skills needed to deploy the asset<br><br>Cognitive Architect is a web application (http://ibm.biz/cogarch-app) hosted on IBM bluecloud, requiring only a w3-id for access.<br><br><br><br></div>","tag":[{"name":"Transformation","_id":"tag_tech_transformation"}],"schemaVersion":"1.2","clientName":"IBM Global Solution Design Team","owner":{"_id":"mingjinc@cn.ibm.com","fullname":"MING JIN CHEN","notesId":"Ming Jin MJ Chen","jobResponsibilities":"Application Architect","avatar":"https://w3-services1.w3-969.ibm.com/myw3/unified-profile-photo/v1/image/mingjinc@cn.ibm.com?def=avatar","privacyConstent":{"isAccept":true,"country":"CN","acceptedDate":"2017-12-29T05:35:29.056Z"},"lastLoginDate":"2020-07-23T08:29:58.601Z","bookmarkedArchList":["architecture_ba218421_818d_11e7_88e7_21ec9eeb2850","copied_86510be0_aca1_11e7_be74_4db8cdfc7aa6_COPY_architecture_b51cb171_825f_11e7_83ec_5771b96fea7b","architecture_c4819ec1_bd72_11e7_b03f_63a5d48a3006"],"chatbotToken":"0ef16f91f93640659ebffca4e8018d3a","username":"mingjinc@cn.ibm.com","email":"mingjinc@cn.ibm.com","userPreference":{"defaultTemplate":"template_company_ibm","defaultGithubInfo":{"_id":null,"repoUrl":"https://github.ibm.com/mingjinc/test11.git"}},"collaborationGroupList":["5be550e2ca4ea80008f2eb32","5df3a59a46d64b00084c8171","5dff8c1b46d64b00084c81b5"],"businessUnit":{"_id":"GBS","name":"Global Business Services","description":""},"geography":{"_id":"672","iot":"GCG IOT","imt_market":"Peoples Rep of China","country":"China"}},"lastModifiedUser":{"_id":"shzhhao@cn.ibm.com","fullname":"Hao Zhang","notesId":"Hao HG Zhang","jobResponsibilities":"Software Developer","avatar":"https://w3-services1.w3-969.ibm.com/myw3/unified-profile-photo/v1/image/shzhhao@cn.ibm.com?def=avatar","privacyConstent":{"isAccept":true,"country":"CN","acceptedDate":"2018-03-01T02:32:26.674Z"},"lastLoginDate":"2020-07-22T10:00:56.491Z","bookmarkedArchList":[],"chatbotToken":"24b7c99d7a8a4b999d86c5643d5b472d","username":"shzhhao@cn.ibm.com","email":"shzhhao@cn.ibm.com","userPreference":{"defaultTemplate":"template_company_ibm"},"geographyList":["672"],"businessUnitList":["GBS"],"collaborationGroupList":["5bbaf86aa0e9fb0008056bd6","5e1c0b15fd20d900083854e2"]},"appVersion":"2.9.1"}