{"toc":[{"globalTOCPosition":"1","artifactTypeName":"Overview","artifactType":"assetartifact_executivesummary","displayName":"Overview","format":"text","_id":"artifacttype_9edbd406-69fb-3a95-8b2e-58a0974b2710","child":[],"hasContent":false},{"globalTOCPosition":"2","displayName":"Scope","parentGroup":"","_id":"artifactgroup_7dc829db-0746-3ddc-816c-d07338d4eebf","child":[{"globalTOCPosition":"2.1","artifactTypeName":"Business Challenge","artifactType":"assetartifact_businesschallenge","displayName":"Business Challenge","format":"text","_id":"artifacttype_d1ab4a95-e05f-3882-9f19-6500fc0d3b2b","hasContent":false},{"globalTOCPosition":"2.2","artifactTypeName":"System Context","artifactType":"assetartifact_systemcontext","displayName":"System Context","format":"diagram","_id":"artifacttype_8ca70362-e3d1-3b9c-91d1-f755d029a2e3","hasContent":false}]},{"globalTOCPosition":"3","displayName":"Requirement","parentGroup":"","_id":"artifactgroup_3b8700e6-c854-3ec9-af0e-9b2e600721ce","child":[{"globalTOCPosition":"3.1","displayName":"Use Case Model","parentGroup":"artifactgroup_3b8700e6-c854-3ec9-af0e-9b2e600721ce","_id":"artifactgroup_6e299154-751f-36ee-acb2-145c8af87481","child":[{"artifactTypeName":"Use Case Diagram","globalTOCPosition":"3.1.1","artifactType":"assetartifact_usecase_ucdiagram","displayName":"Use Case Diagram","format":"diagram","_id":"artifacttype_cde39d5e-c892-3093-ab3d-bad448acb8a0","hasContent":true},{"globalTOCPosition":"3.1.2","artifactTypeName":"Use Case","artifactType":"assetartifact_usecase_uctext","displayName":"Use Case","format":"text","_id":"artifacttype_dde4b71c-82db-3f66-964a-3a04fbf56dff","hasContent":true}]},{"globalTOCPosition":"3.2","artifactTypeName":"Functional Requirements","artifactType":"assetartifact_functionalrequirement","displayName":"Functional Requirements","format":"text","_id":"artifacttype_12eefe0a-435b-3176-8bbe-4dc928a2e4c3","hasContent":false},{"artifactTypeName":"Non Functional Requirements","globalTOCPosition":"3.3","artifactType":"assetartifact_nonfunctionalrequirement","displayName":"Non Functional Requirements","format":"text","_id":"artifacttype_f0eebd79-15c9-3ebc-a73b-8efc3f634f59","hasContent":false}]},{"globalTOCPosition":"4","displayName":"Data Model","parentGroup":"","_id":"artifactgroup_40044cbe-6c76-33a1-b9e0-eab8937d30ca","child":[{"artifactTypeName":"Logical Data Model","globalTOCPosition":"4.1","artifactType":"assetartifact_logical_datamodel","displayName":"Logical Data Model","format":"diagram","_id":"artifacttype_246bc46f-0286-3ad4-bf01-679592db59c7","hasContent":false}]},{"globalTOCPosition":"5","displayName":"Architecture","parentGroup":"","_id":"artifactgroup_074a2b74-43d8-315a-b88b-c0b421754f02","child":[{"globalTOCPosition":"5.1","displayName":"Architecture Overview","parentGroup":"artifactgroup_074a2b74-43d8-315a-b88b-c0b421754f02","_id":"artifactgroup_771e7b65-3b46-390d-bc41-3c88cfaf13ef","child":[{"artifactTypeName":"Services View","globalTOCPosition":"5.1.1","artifactType":"assetartifact_architectureoverview_aodservice","displayName":"Services View","format":"diagram","_id":"artifacttype_2c548a13-6bd9-3edc-a496-0318af82f0d1","hasContent":false},{"artifactTypeName":"Enterprise View","globalTOCPosition":"5.1.2","artifactType":"assetartifact_architectureoverview_enterprise","displayName":"Enterprise View","format":"diagram","_id":"artifacttype_16bfe592-ae95-371c-9f64-3a881b667707","hasContent":false},{"globalTOCPosition":"5.1.3","artifactTypeName":"IT System View","artifactType":"assetartifact_architectureoverview_itsystem","displayName":"IT System View","format":"diagram","_id":"artifacttype_355f72be-6566-3f48-8b15-c30f671d7c8f","hasContent":false},{"artifactTypeName":"Usage Scenario","globalTOCPosition":"5.1.4","artifactType":"assetartifact_architectureoverview_usagescenario","displayName":"Usage Scenario","format":"diagram","_id":"artifacttype_d118451c-0816-3aa5-8b89-3119feb4168a","hasContent":false}]},{"globalTOCPosition":"5.2","artifactTypeName":"Architectural Decisions","artifactType":"assetartifact_architecturedecision","displayName":"Architectural Decisions","format":"text","_id":"artifacttype_fddae3fa-aafa-32af-94a4-bc3e1ed255cc","parentGroup":"artifactgroup_074a2b74-43d8-315a-b88b-c0b421754f02","child":[],"hasContent":false},{"globalTOCPosition":"5.3","displayName":"Component Model","parentGroup":"artifactgroup_074a2b74-43d8-315a-b88b-c0b421754f02","_id":"artifactgroup_c848fca1-3956-3bb4-8c88-8815b99e00fc","child":[{"globalTOCPosition":"5.3.1","artifactTypeName":"Static View","artifactType":"assetartifact_componentmodel_staticview","displayName":"Static View","format":"diagram","_id":"artifacttype_4a44b8fa-5057-3826-84d7-169a6fc1f2ed","hasContent":false},{"globalTOCPosition":"5.3.2","artifactTypeName":"Dynamic View","artifactType":"assetartifact_componentmodel_dynamicview","displayName":"Dynamic View","format":"diagram","_id":"artifacttype_6e1239a1-6a68-3dae-ae87-b05ecf80d25b","hasContent":true}]},{"globalTOCPosition":"5.4","displayName":"Operational Model","parentGroup":"artifactgroup_074a2b74-43d8-315a-b88b-c0b421754f02","_id":"artifactgroup_aef1c0cc-540d-31c6-8817-ac2b282f37d3","child":[{"artifactTypeName":"Logical Operational View","globalTOCPosition":"5.4.1","artifactType":"assetartifact_operationalmodel_logicaloperational","displayName":"Logical Operational View","format":"diagram","_id":"artifacttype_5ca43d50-d7da-322f-a1b0-f65b0c12b2c8","hasContent":false},{"artifactTypeName":"Physical Operational View","globalTOCPosition":"5.4.2","artifactType":"assetartifact_operationalmodel_physicaloperational","displayName":"Physical Operational View","format":"diagram","_id":"artifacttype_7503dbb1-18f7-36ac-ad12-98d977ef3d0d","hasContent":false}]}]},{"globalTOCPosition":"6","displayName":"RAID","parentGroup":"","_id":"artifactgroup_7cddcb3d-c508-3828-8893-128dc3d6c8b7","child":[{"globalTOCPosition":"6.1","artifactTypeName":"Risks","artifactType":"assetartifact_risk","displayName":"Risks","format":"text","_id":"artifacttype_94622837-e58f-34c3-9263-8260b69601c8","hasContent":false},{"globalTOCPosition":"6.2","artifactTypeName":"Assumptions","artifactType":"assetartifact_assumption","displayName":"Assumptions","format":"text","_id":"artifacttype_2142b656-62ba-304d-95d4-77b1b144e5e1","hasContent":false},{"globalTOCPosition":"6.3","artifactTypeName":"Issues","artifactType":"assetartifact_issue","displayName":"Issues","format":"text","_id":"artifacttype_f4d01807-f847-3ccd-87a2-32877074295e","hasContent":false},{"globalTOCPosition":"6.4","artifactTypeName":"Dependencies","artifactType":"assetartifact_dependency","displayName":"Dependencies","format":"text","_id":"artifacttype_9c5463b3-5c9e-3790-86cb-9b8866cc062a","hasContent":false}]},{"globalTOCPosition":"7","artifactTypeName":"Architectural Principles","artifactType":"assetartifact_architecture_principles","displayName":"Architectural Principles","format":"text","_id":"artifacttype_92ccfc5d-c31a-349d-97c0-6d75c8841a8a","child":[],"hasContent":false},{"globalTOCPosition":"8","artifactTypeName":"Notes","artifactType":"assetartifact_notes","displayName":"Notes","format":"text","_id":"artifacttype_02226b19-474e-37a6-ab39-d9bb31767fb5","child":[],"hasContent":false}],"toc_cards":{"cmDynamicViews":{"artifacttype_6e1239a1-6a68-3dae-ae87-b05ecf80d25b":[{"additionalInfo":{},"_id":"cmdynamicview_23NmFsU8o0m","name":"dv","description":"","lastModifiedInfo":{"userId":"gbbguoxa@cn.ibm.com","date":"2019-12-27T01:45:38Z"}}]},"useCaseViews":{"artifacttype_cde39d5e-c892-3093-ab3d-bad448acb8a0":[{"additionalInfo":{},"_id":"usecasediagram_23NlZ51pDG7","name":"ucd","description":"","lastModifiedInfo":{"userId":"gbbguoxa@cn.ibm.com","date":"2019-12-27T01:43:26Z"}},{"additionalInfo":{},"_id":"usecasediagram_SJTCWkX1U","name":"ucd-copy","description":"","lastModifiedInfo":{"userId":"gbbguoxa@cn.ibm.com","date":"2019-12-27T01:44:50Z"}}]},"usecasetext":{"artifacttype_dde4b71c-82db-3f66-964a-3a04fbf56dff":["usecasetext_Syofzk7kU","usecasetext_rJPDaWymJL","usecasetext_S1HP6bJQyI"]},"executivesummary":{"artifacttype_9edbd406-69fb-3a95-8b2e-58a0974b2710":[]},"businesschallenge":{"artifacttype_d1ab4a95-e05f-3882-9f19-6500fc0d3b2b":[]},"systemContext":{"artifacttype_8ca70362-e3d1-3b9c-91d1-f755d029a2e3":[]},"functionalrequirement":{"artifacttype_12eefe0a-435b-3176-8bbe-4dc928a2e4c3":[]},"nonfunctionalrequirement":{"artifacttype_f0eebd79-15c9-3ebc-a73b-8efc3f634f59":[]},"logicalERD":{"artifacttype_246bc46f-0286-3ad4-bf01-679592db59c7":[]},"aodServices":{"artifacttype_2c548a13-6bd9-3edc-a496-0318af82f0d1":[]},"aodEnterprises":{"artifacttype_16bfe592-ae95-371c-9f64-3a881b667707":[]},"aodITSystems":{"artifacttype_355f72be-6566-3f48-8b15-c30f671d7c8f":[]},"aodUsageScenarios":{"artifacttype_d118451c-0816-3aa5-8b89-3119feb4168a":[]},"architecturaldecision":{"artifacttype_fddae3fa-aafa-32af-94a4-bc3e1ed255cc":[]},"cmStaticViews":{"artifacttype_4a44b8fa-5057-3826-84d7-169a6fc1f2ed":[]},"lomViews":{"artifacttype_5ca43d50-d7da-322f-a1b0-f65b0c12b2c8":[]},"lomPhysicalViews":{"artifacttype_7503dbb1-18f7-36ac-ad12-98d977ef3d0d":[]},"risk":{"artifacttype_94622837-e58f-34c3-9263-8260b69601c8":[]},"assumption":{"artifacttype_2142b656-62ba-304d-95d4-77b1b144e5e1":[]},"issue":{"artifacttype_f4d01807-f847-3ccd-87a2-32877074295e":[]},"dependency":{"artifacttype_9c5463b3-5c9e-3790-86cb-9b8866cc062a":[]},"architectureprinciple":{"artifacttype_92ccfc5d-c31a-349d-97c0-6d75c8841a8a":[]},"notes":{"artifacttype_02226b19-474e-37a6-ab39-d9bb31767fb5":[]}},"combined":{"coreInfo":[{"modelType":"LogicalComponent","level":"Application","description":"","_id":"logicalcomponent_23NmHwfFnpd","label":"Logical Component"},{"modelType":"Actor","description":"","_id":"actor_23Nm9vOfjs3","type":"Human","label":"Human"},{"modelType":"UseCase","description":"","_id":"usecase_23NmnE2Kjcz","label":"Copy of Use Case_1","uc_id":"Copy of Use Case_1"},{"modelType":"UseCase","description":"","_id":"usecase_23Nm8XEi7op","label":"Use Case","uc_id":"Use Case"},{"modelType":"Association","description":"","_id":"association_23NmbS0YL9d","type":"Extend","label":"Extend"},{"modelType":"UseCase","description":"","_id":"usecase_23Nm9UWLLLY","label":"Copy of Use Case","uc_id":"Copy of Use Case"},{"modelType":"Association","description":"","_id":"association_23Nmrdj4aqV","type":"Include","label":"Include"},{"modelType":"Actor","description":"","_id":"actor_23Nmtufiz7X","type":"IT System","label":"IT System"},{"modelType":"Association","description":"","_id":"association_23NmuWMMji8","type":"","label":"","from":"usecase_23NmnE2Kjcz","to":"actor_23Nm9vOfjs3"},{"modelType":"Association","description":"","_id":"association_23NmuyokN0j","type":"","label":"","from":"usecase_23Nm8XEi7op","to":"actor_23Nmtufiz7X"},{"modelType":"Association","description":"","_id":"association_23NmqDNcvZF","type":"Extend","label":"Extend"}]},"diagram":{"instances":{"cmdynamicview_23NmFsU8o0m":{"uiInfo":"<mxGraphModel dx=\"963\" dy=\"544\" grid=\"1\" gridSize=\"10\" guides=\"1\" tooltips=\"1\" connect=\"1\" arrows=\"1\" fold=\"1\" page=\"1\" pageScale=\"1\" pageWidth=\"1169\" pageHeight=\"827\" background=\"#ffffff\"><root><mxCell id=\"0\" modelId=\"cmdynamicview_23NmFsU8o0m\"></mxCell><mxCell id=\"1\" parent=\"0\"></mxCell><mxCell id=\"cmdynamicview_23NmFsU8o0m_723NmGTB5ZFw\" style=\"shape=umlLifeline;participant=umlActor;perimeter=lifelinePerimeter;whiteSpace=wrap;html=1;container=1;collapsible=0;recursiveResize=0;verticalAlign=top;spacingTop=36;labelBackgroundColor=#ffffff;outlineConnect=0;\" vertex=\"1\" modelId=\"timeline_23NmGTAWxdv\" parent=\"1\"><mxGeometry x=\"70\" y=\"130\" width=\"20\" height=\"300\" as=\"geometry\"></mxGeometry></mxCell><mxCell id=\"cmdynamicview_23NmFsU8o0m_823NmGTCVb8U\" modelId=\"actor_23Nm9vOfjs3\" parent=\"1\"></mxCell><mxCell id=\"cmdynamicview_23NmFsU8o0m_923NmHw3A84r\" style=\"shape=umlLifeline;rounded=1;perimeter=lifelinePerimeter;whiteSpace=wrap;html=1;container=1;collapsible=0;recursiveResize=0;outlineConnect=0;\" vertex=\"1\" modelId=\"timeline_23NmHw3Sdqn\" parent=\"1\"><mxGeometry x=\"660\" y=\"150\" width=\"100\" height=\"300\" as=\"geometry\"></mxGeometry></mxCell><mxCell id=\"cmdynamicview_23NmFsU8o0m_1123NmIzPc38Z\" style=\"edgeStyle=orthogonalEdgeStyle;rounded=0;html=1;noLabel=0;jettySize=auto;orthogonalLoop=1;\" edge=\"1\" modelId=\"componentmessage_23NmIzQmIWQ\" parent=\"1\" source=\"cmdynamicview_23NmFsU8o0m_723NmGTB5ZFw\" target=\"cmdynamicview_23NmFsU8o0m_923NmHw3A84r\"><mxGeometry relative=\"1\" as=\"geometry\"></mxGeometry></mxCell></root></mxGraphModel>","coreInfo":[{"modelType":"CMDynamicView","lastModifiedUserId":"gbbguoxa@cn.ibm.com","description":"","lastModified":"2019-12-27T01:45:38Z","_id":"cmdynamicview_23NmFsU8o0m","type":"Component Interaction Diagram","label":"dv"},{"modelType":"ComponentMessage","description":"","_id":"componentmessage_23NmIzQmIWQ","type":"Call","label":"Call"},{"modelType":"Timeline","_id":"timeline_23NmHw3Sdqn","children":"logicalcomponent_23NmHwfFnpd"},{"modelType":"Timeline","_id":"timeline_23NmGTAWxdv","children":"actor_23Nm9vOfjs3"},{"modelType":"UseCase","description":"","_id":"usecase_23NmnE2Kjcz","label":"Copy of Use Case_1","uc_id":"Copy of Use Case_1"}]},"usecasediagram_23NlZ51pDG7":{"uiInfo":"<mxGraphModel dx=\"963\" dy=\"544\" grid=\"1\" gridSize=\"10\" guides=\"1\" tooltips=\"1\" connect=\"1\" arrows=\"1\" fold=\"1\" page=\"1\" pageScale=\"1\" pageWidth=\"1169\" pageHeight=\"827\" background=\"#ffffff\"><root><mxCell id=\"0\" modelId=\"usecasediagram_23NlZ51pDG7\"></mxCell><mxCell id=\"1\" parent=\"0\"></mxCell><mxCell id=\"usecasediagram_23NlZ51pDG7_223Nm8XES3MP\" style=\"ellipse;whiteSpace=wrap;html=1;\" vertex=\"1\" modelId=\"usecase_23Nm8XEi7op\" parent=\"1\"><mxGeometry x=\"260\" y=\"120\" width=\"140\" height=\"70\" as=\"geometry\"></mxGeometry></mxCell><mxCell id=\"usecasediagram_23NlZ51pDG7_323Nm9vNKPcH\" style=\"shape=umlActor;html=1;verticalLabelPosition=bottom;verticalAlign=top;\" vertex=\"1\" modelId=\"actor_23Nm9vOfjs3\" parent=\"1\"><mxGeometry x=\"280\" y=\"440\" width=\"35\" height=\"70\" as=\"geometry\"></mxGeometry></mxCell><mxCell id=\"usecasediagram_23NlZ51pDG7_423Nm9UWfSpr\" style=\"ellipse;whiteSpace=wrap;html=1;\" vertex=\"1\" modelId=\"usecase_23Nm9UWLLLY\" parent=\"1\"><mxGeometry x=\"600\" y=\"250\" width=\"140\" height=\"70\" as=\"geometry\"></mxGeometry></mxCell><mxCell id=\"usecasediagram_23NlZ51pDG7_623NmbRZVGOz\" style=\"edgeStyle=orthogonalEdgeStyle;rounded=0;html=1;endArrow=block;endSize=16;endFill=0;dashed=1;\" edge=\"1\" modelId=\"association_23NmbS0YL9d\" parent=\"1\" source=\"usecasediagram_23NlZ51pDG7_223Nm8XES3MP\" target=\"usecasediagram_23NlZ51pDG7_423Nm9UWfSpr\"><mxGeometry relative=\"1\" as=\"geometry\"></mxGeometry></mxCell></root></mxGraphModel>","coreInfo":[{"modelType":"UseCaseDiagram","lastModifiedUserId":"gbbguoxa@cn.ibm.com","description":"","lastModified":"2019-12-27T01:43:26Z","_id":"usecasediagram_23NlZ51pDG7","label":"ucd"}]},"usecasediagram_SJTCWkX1U":{"uiInfo":"<mxGraphModel dx=\"963\" dy=\"1371\" grid=\"1\" gridSize=\"10\" guides=\"1\" tooltips=\"1\" connect=\"1\" arrows=\"1\" fold=\"1\" page=\"1\" pageScale=\"1\" pageWidth=\"1169\" pageHeight=\"827\" background=\"#ffffff\"><root><mxCell id=\"0\" modelId=\"usecasediagram_SJTCWkX1U\"></mxCell><mxCell id=\"1\" parent=\"0\"></mxCell><mxCell id=\"usecasediagram_SJTCWkX1U_223NmmCb6Lgl\" style=\"ellipse;whiteSpace=wrap;html=1;\" vertex=\"1\" modelId=\"usecase_23Nm8XEi7op\" parent=\"1\"><mxGeometry x=\"260\" y=\"120\" width=\"140\" height=\"70\" as=\"geometry\"></mxGeometry></mxCell><mxCell id=\"usecasediagram_SJTCWkX1U_323NmmCcZ1C7\" style=\"shape=umlActor;html=1;verticalLabelPosition=bottom;verticalAlign=top;\" vertex=\"1\" modelId=\"actor_23Nm9vOfjs3\" parent=\"1\"><mxGeometry x=\"280\" y=\"440\" width=\"35\" height=\"70\" as=\"geometry\"></mxGeometry></mxCell><mxCell id=\"usecasediagram_SJTCWkX1U_423NmmCcmzIA\" style=\"ellipse;whiteSpace=wrap;html=1;\" vertex=\"1\" modelId=\"usecase_23Nm9UWLLLY\" parent=\"1\"><mxGeometry x=\"600\" y=\"250\" width=\"140\" height=\"70\" as=\"geometry\"></mxGeometry></mxCell><mxCell id=\"usecasediagram_SJTCWkX1U_523NmmCcuD3P\" style=\"edgeStyle=orthogonalEdgeStyle;rounded=0;html=1;endArrow=none;\" edge=\"1\" modelId=\"association_23NmuyokN0j\" parent=\"1\" source=\"usecasediagram_SJTCWkX1U_223NmmCb6Lgl\" target=\"usecasediagram_SJTCWkX1U_1423NmtufNNIy\"><mxGeometry relative=\"1\" as=\"geometry\"><Array as=\"points\"><mxPoint x=\"510\" y=\"155\"></mxPoint></Array></mxGeometry></mxCell><mxCell id=\"usecasediagram_SJTCWkX1U_623NmmCcElew\" style=\"edgeStyle=orthogonalEdgeStyle;rounded=0;html=1;endArrow=block;endSize=16;endFill=0;dashed=1;exitX=1;exitY=1;\" edge=\"1\" modelId=\"association_23NmqDNcvZF\" parent=\"1\" source=\"usecasediagram_SJTCWkX1U_1223NmnE14pYv\" target=\"usecasediagram_SJTCWkX1U_423NmmCcmzIA\"><mxGeometry relative=\"1\" as=\"geometry\"><Array as=\"points\"><mxPoint x=\"619\" y=\"135\"></mxPoint><mxPoint x=\"670\" y=\"135\"></mxPoint></Array></mxGeometry></mxCell><mxCell id=\"usecasediagram_SJTCWkX1U_1223NmnE14pYv\" style=\"ellipse;whiteSpace=wrap;html=1;\" vertex=\"1\" modelId=\"usecase_23NmnE2Kjcz\" parent=\"1\"><mxGeometry x=\"500\" y=\"-50\" width=\"140\" height=\"70\" as=\"geometry\"></mxGeometry></mxCell><mxCell id=\"usecasediagram_SJTCWkX1U_1323NmrdjNSCY\" style=\"endArrow=block;endSize=16;endFill=0;dashed=1;html=1;entryX=0.5;entryY=0;exitX=0;exitY=0.5;\" edge=\"1\" modelId=\"association_23Nmrdj4aqV\" parent=\"1\" source=\"usecasediagram_SJTCWkX1U_1223NmnE14pYv\" target=\"usecasediagram_SJTCWkX1U_223NmmCb6Lgl\"><mxGeometry width=\"50\" height=\"50\" relative=\"1\" as=\"geometry\"><mxPoint x=\"280\" y=\"30\" as=\"sourcePoint\"></mxPoint><mxPoint x=\"330\" y=\"-20\" as=\"targetPoint\"></mxPoint></mxGeometry></mxCell><mxCell id=\"usecasediagram_SJTCWkX1U_1423NmtufNNIy\" style=\"shape=process;html=1;whiteSpace=wrap;\" vertex=\"1\" modelId=\"actor_23Nmtufiz7X\" parent=\"1\"><mxGeometry x=\"450\" y=\"370\" width=\"120\" height=\"60\" as=\"geometry\"></mxGeometry></mxCell><mxCell id=\"usecasediagram_SJTCWkX1U_1523NmuWAwtQv\" style=\"edgeStyle=orthogonalEdgeStyle;rounded=0;html=1;endArrow=none;exitX=0.5;exitY=1;entryX=0.5;entryY=0;entryPerimeter=0;\" edge=\"1\" modelId=\"association_23NmuWMMji8\" parent=\"1\" source=\"usecasediagram_SJTCWkX1U_1223NmnE14pYv\" target=\"usecasediagram_SJTCWkX1U_323NmmCcZ1C7\"><mxGeometry relative=\"1\" as=\"geometry\"><mxPoint x=\"410\" y=\"165\" as=\"sourcePoint\"></mxPoint><mxPoint x=\"520\" y=\"380\" as=\"targetPoint\"></mxPoint><Array as=\"points\"><mxPoint x=\"570\" y=\"210\"></mxPoint><mxPoint x=\"420\" y=\"210\"></mxPoint><mxPoint x=\"420\" y=\"440\"></mxPoint></Array></mxGeometry></mxCell></root></mxGraphModel>","coreInfo":[{"modelType":"UseCaseDiagram","lastModifiedUserId":"gbbguoxa@cn.ibm.com","description":"","lastModified":"2019-12-27T01:44:50Z","_id":"usecasediagram_SJTCWkX1U","label":"ucd-copy"}]}}},"textual":{"instances":{"usecasetext_S1HP6bJQyI":{"coreInfo":[{"modelType":"UseCaseText","lastModifiedUserId":"gbbguoxa@cn.ibm.com","description":"","lastModified":"2019-12-27T01:43:27.237","_id":"usecasetext_S1HP6bJQyI","label":"use case_SJLDTbym1L","children":"usecase_23Nm8XEi7op,actor_23Nmtufiz7X,association_23NmuyokN0j"}]},"usecasetext_Syofzk7kU":{"coreInfo":[{"modelType":"UseCaseText","lastModifiedUserId":"gbbguoxa@cn.ibm.com","description":"","lastModified":"2019-12-27T01:44:51.288","_id":"usecasetext_Syofzk7kU","label":"copy of use case_1_ByeiMG1XJU","children":"actor_23Nm9vOfjs3,association_23NmuWMMji8,usecase_23NmnE2Kjcz"}]},"usecasetext_rJPDaWymJL":{"coreInfo":[{"modelType":"UseCaseText","lastModifiedUserId":"gbbguoxa@cn.ibm.com","description":"","lastModified":"2019-12-27T01:43:27.239","_id":"usecasetext_rJPDaWymJL","label":"copy of use case_r1uv6-ymkI","children":"usecase_23Nm9UWLLLY"}]}}},"solution_advisors":{},"auditLog":{"_id":"architectureauditentry_IAKbYcRb2","archId":"arch_HJNYZyQyI","archChangeLog":[{"_id":"architecturechangelog_urlQcOXVa","date":"2019-12-27T01:51:11.829Z","type":"DOWNLOAD","user":{"fullname":"Bei Bei Guo","email":"gbbguoxa@cn.ibm.com"},"appVersion":"2.7.0","dataVersion":"1.2"},{"_id":"architecturechangelog_UIgAuV7xM","date":"2019-12-27T01:50:52.416Z","type":"LEAVE","user":{"fullname":"Cognitive Architect Cognitive Architect Support","email":"casup@cn.ibm.com"}},{"_id":"architecturechangelog_Gq8h5Blsf","date":"2019-12-27T01:50:34.784Z","type":"PEN_RETURN","user":{"fullname":"Bei Bei Guo","email":"gbbguoxa@cn.ibm.com"}},{"_id":"architecturechangelog_8VVqlQVZT","date":"2019-12-27T01:50:08.764Z","type":"PERMISSION","user":{},"collaborator":[{"fullname":"Cognitive Architect Cognitive Architect Support","email":"casup@cn.ibm.com"}],"originalRole":"Viewer","newRole":"Editor"},{"_id":"architecturechangelog_LjhdH4-P2","date":"2019-12-27T01:50:08.668Z","type":"PEN_GET","user":{"email":"cogarch@us.ibm.com"}},{"_id":"architecturechangelog_3eM_QOdxl","date":"2019-12-27T01:50:00.151Z","type":"INVITE","user":{"fullname":"Bei Bei Guo","email":"gbbguoxa@cn.ibm.com"},"viewer":[{"fullname":"Cognitive Architect Cognitive Architect Support","email":"casup@cn.ibm.com"}],"editor":[],"admin":[]},{"_id":"architecturechangelog_l6gSkqg03","date":"2019-12-27T01:45:18.992Z","type":"CREATE_INST","user":{"fullname":"Bei Bei Guo","email":"gbbguoxa@cn.ibm.com"},"artifactTypeId":"artifacttype_6e1239a1-6a68-3dae-ae87-b05ecf80d25b","instanceName":"dv"},{"_id":"architecturechangelog_kbQJXg_jv","date":"2019-12-27T01:44:51.482Z","type":"CREATE_INST","user":{"fullname":"Bei Bei Guo","email":"gbbguoxa@cn.ibm.com"},"artifactTypeId":"artifacttype_dde4b71c-82db-3f66-964a-3a04fbf56dff","instanceName":"Copy of Use Case_1"},{"_id":"architecturechangelog_UzpbCgLtc","date":"2019-12-27T01:43:48.976Z","type":"CREATE_INST","user":{"fullname":"Bei Bei Guo","email":"gbbguoxa@cn.ibm.com"},"artifactTypeId":"artifacttype_cde39d5e-c892-3093-ab3d-bad448acb8a0","instanceName":"ucd-copy"},{"_id":"architecturechangelog_xgpw6ctnLh","date":"2019-12-27T01:43:27.371Z","type":"CREATE_INST","user":{"fullname":"Bei Bei Guo","email":"gbbguoxa@cn.ibm.com"},"artifactTypeId":"artifacttype_dde4b71c-82db-3f66-964a-3a04fbf56dff","instanceName":"Use Case"},{"_id":"architecturechangelog_TMaQ9jUSJ","date":"2019-12-27T01:43:27.363Z","type":"CREATE_INST","user":{"fullname":"Bei Bei Guo","email":"gbbguoxa@cn.ibm.com"},"artifactTypeId":"artifacttype_dde4b71c-82db-3f66-964a-3a04fbf56dff","instanceName":"Copy of Use Case"},{"_id":"architecturechangelog_mB9xSx_uE","date":"2019-12-27T01:42:36.093Z","type":"CREATE_INST","user":{"fullname":"Bei Bei Guo","email":"gbbguoxa@cn.ibm.com"},"artifactTypeId":"artifacttype_cde39d5e-c892-3093-ab3d-bad448acb8a0","instanceName":"ucd"},{"_id":"architecturechangelog_LjMbIkkVxx","date":"2019-12-27T01:42:20.377Z","type":"CREATE","user":{"fullname":"Bei Bei Guo","email":"gbbguoxa@cn.ibm.com"}}]}}