{"_id":"arch_HJNYZyQyI","name":"20191226- 2.7.0 regression 1","type":"Solution","status":"Pending","created":"2019-12-27T01:42:20Z","lastModified":"2019-12-27T01:45:38Z","includedArtifacts":[{"_id":"art_SJw4MJmJ8","typeId":"assetartifact_componentmodel_dynamicview","artifactTypeId":"artifacttype_6e1239a1-6a68-3dae-ae87-b05ecf80d25b","type":"Dynamic View","globalTOCPosition":"5.3.2"},{"_id":"art_r1tv6byXkL","typeId":"assetartifact_usecase_uctext","artifactTypeId":"artifacttype_dde4b71c-82db-3f66-964a-3a04fbf56dff","type":"Use Case","globalTOCPosition":"3.1.2"},{"_id":"art_Sy4cWym1U","typeId":"assetartifact_usecase_ucdiagram","artifactTypeId":"artifacttype_cde39d5e-c892-3093-ab3d-bad448acb8a0","type":"Use Case Diagram","globalTOCPosition":"3.1.1"}],"industry":[{"_id":"industry_aerospace","name":"Aerospace and Defense"}],"technology":[{"_id":"technology_cloud","name":"Cloud Computing"},{"_id":"technology_cognitive","name":"Cognitive Computing"}],"technicalCapability":[],"businessCapability":[],"client":[{"_id":"client_r1u16p5oS","name":"caes"}],"template":{"_id":"template_company_ibm","name":"Solution Architecture Template","description":"Default ToC","isGlobalDefaultTemplate":true},"executiveSummary":"","tag":[{"_id":"tag_cognitive_exploration","name":"Cognitive Exploration"},{"_id":"tag_cognitive_manufacturing","name":"Cognitive Manufacturing"}],"schemaVersion":"1.2","appVersion":"2.7.0"}