{"toc":[{"globalTOCPosition":"1","artifactTypeName":"Overview","format":"text","artifactType":"assetartifact_executivesummary","_id":"artifacttype_9edbd406-69fb-3a95-8b2e-58a0974b2710","displayName":"Overview","child":[],"hasContent":false},{"globalTOCPosition":"2","parentGroup":"","_id":"artifactgroup_7dc829db-0746-3ddc-816c-d07338d4eebf","displayName":"Scope","child":[{"globalTOCPosition":"2.1","artifactTypeName":"Business Challenge","format":"text","artifactType":"assetartifact_businesschallenge","_id":"artifacttype_d1ab4a95-e05f-3882-9f19-6500fc0d3b2b","displayName":"Business Challenge","hasContent":true},{"globalTOCPosition":"2.2","artifactTypeName":"System Context","format":"diagram","artifactType":"assetartifact_systemcontext","_id":"artifacttype_8ca70362-e3d1-3b9c-91d1-f755d029a2e3","displayName":"System Context","hasContent":false}]},{"globalTOCPosition":"3","parentGroup":"","_id":"artifactgroup_3b8700e6-c854-3ec9-af0e-9b2e600721ce","displayName":"Requirement","child":[{"globalTOCPosition":"3.1","parentGroup":"artifactgroup_3b8700e6-c854-3ec9-af0e-9b2e600721ce","_id":"artifactgroup_6e299154-751f-36ee-acb2-145c8af87481","displayName":"Use Case Model","child":[{"artifactTypeName":"Use Case Diagram","globalTOCPosition":"3.1.1","format":"diagram","artifactType":"assetartifact_usecase_ucdiagram","_id":"artifacttype_cde39d5e-c892-3093-ab3d-bad448acb8a0","displayName":"Use Case Diagram","hasContent":true},{"globalTOCPosition":"3.1.2","artifactTypeName":"Use Case","format":"text","artifactType":"assetartifact_usecase_uctext","_id":"artifacttype_dde4b71c-82db-3f66-964a-3a04fbf56dff","displayName":"Use Case","hasContent":true}]},{"globalTOCPosition":"3.2","artifactTypeName":"Functional Requirements","format":"text","artifactType":"assetartifact_functionalrequirement","_id":"artifacttype_12eefe0a-435b-3176-8bbe-4dc928a2e4c3","displayName":"Functional Requirements","hasContent":true},{"artifactTypeName":"Non Functional Requirements","globalTOCPosition":"3.3","format":"text","artifactType":"assetartifact_nonfunctionalrequirement","_id":"artifacttype_f0eebd79-15c9-3ebc-a73b-8efc3f634f59","displayName":"Non Functional Requirements","hasContent":true}]},{"globalTOCPosition":"4","parentGroup":"","_id":"artifactgroup_40044cbe-6c76-33a1-b9e0-eab8937d30ca","displayName":"Data Model","child":[{"artifactTypeName":"Logical Data Model","globalTOCPosition":"4.1","format":"diagram","artifactType":"assetartifact_logical_datamodel","_id":"artifacttype_246bc46f-0286-3ad4-bf01-679592db59c7","displayName":"Logical Data Model","hasContent":true}]},{"globalTOCPosition":"5","parentGroup":"","_id":"artifactgroup_074a2b74-43d8-315a-b88b-c0b421754f02","displayName":"Architecture","child":[{"globalTOCPosition":"5.1","parentGroup":"artifactgroup_074a2b74-43d8-315a-b88b-c0b421754f02","_id":"artifactgroup_771e7b65-3b46-390d-bc41-3c88cfaf13ef","displayName":"Architecture Overview","child":[{"artifactTypeName":"Services View","globalTOCPosition":"5.1.1","format":"diagram","artifactType":"assetartifact_architectureoverview_aodservice","_id":"artifacttype_2c548a13-6bd9-3edc-a496-0318af82f0d1","displayName":"Services View","hasContent":true},{"artifactTypeName":"Enterprise View","globalTOCPosition":"5.1.2","format":"diagram","artifactType":"assetartifact_architectureoverview_enterprise","_id":"artifacttype_16bfe592-ae95-371c-9f64-3a881b667707","displayName":"Enterprise View","hasContent":false},{"globalTOCPosition":"5.1.3","artifactTypeName":"IT System View","format":"diagram","artifactType":"assetartifact_architectureoverview_itsystem","_id":"artifacttype_355f72be-6566-3f48-8b15-c30f671d7c8f","displayName":"IT System View","hasContent":true},{"artifactTypeName":"Usage Scenario","globalTOCPosition":"5.1.4","format":"diagram","artifactType":"assetartifact_architectureoverview_usagescenario","_id":"artifacttype_d118451c-0816-3aa5-8b89-3119feb4168a","displayName":"Usage Scenario","hasContent":true}]},{"globalTOCPosition":"5.2","artifactTypeName":"Architectural Decisions","format":"text","artifactType":"assetartifact_architecturedecision","_id":"artifacttype_fddae3fa-aafa-32af-94a4-bc3e1ed255cc","displayName":"Architectural Decisions","parentGroup":"artifactgroup_074a2b74-43d8-315a-b88b-c0b421754f02","child":[],"hasContent":true},{"globalTOCPosition":"5.3","parentGroup":"artifactgroup_074a2b74-43d8-315a-b88b-c0b421754f02","_id":"artifactgroup_c848fca1-3956-3bb4-8c88-8815b99e00fc","displayName":"Component Model","child":[{"globalTOCPosition":"5.3.1","artifactTypeName":"Static View","format":"diagram","artifactType":"assetartifact_componentmodel_staticview","_id":"artifacttype_4a44b8fa-5057-3826-84d7-169a6fc1f2ed","displayName":"Static View","hasContent":false},{"globalTOCPosition":"5.3.2","artifactTypeName":"Dynamic View","format":"diagram","artifactType":"assetartifact_componentmodel_dynamicview","_id":"artifacttype_6e1239a1-6a68-3dae-ae87-b05ecf80d25b","displayName":"Dynamic View","hasContent":true}]},{"globalTOCPosition":"5.4","parentGroup":"artifactgroup_074a2b74-43d8-315a-b88b-c0b421754f02","_id":"artifactgroup_aef1c0cc-540d-31c6-8817-ac2b282f37d3","displayName":"Operational Model","child":[{"artifactTypeName":"Logical Operational View","globalTOCPosition":"5.4.1","format":"diagram","artifactType":"assetartifact_operationalmodel_logicaloperational","_id":"artifacttype_5ca43d50-d7da-322f-a1b0-f65b0c12b2c8","displayName":"Logical Operational View","hasContent":true},{"artifactTypeName":"Physical Operational View","globalTOCPosition":"5.4.2","format":"diagram","artifactType":"assetartifact_operationalmodel_physicaloperational","_id":"artifacttype_7503dbb1-18f7-36ac-ad12-98d977ef3d0d","displayName":"Physical Operational View","hasContent":true}]}]},{"globalTOCPosition":"6","parentGroup":"","_id":"artifactgroup_7cddcb3d-c508-3828-8893-128dc3d6c8b7","displayName":"RAID","child":[{"globalTOCPosition":"6.1","artifactTypeName":"Risks","format":"text","artifactType":"assetartifact_risk","_id":"artifacttype_94622837-e58f-34c3-9263-8260b69601c8","displayName":"Risks","hasContent":true},{"globalTOCPosition":"6.2","artifactTypeName":"Assumptions","format":"text","artifactType":"assetartifact_assumption","_id":"artifacttype_2142b656-62ba-304d-95d4-77b1b144e5e1","displayName":"Assumptions","hasContent":true},{"globalTOCPosition":"6.3","artifactTypeName":"Issues","format":"text","artifactType":"assetartifact_issue","_id":"artifacttype_f4d01807-f847-3ccd-87a2-32877074295e","displayName":"Issues","hasContent":true},{"globalTOCPosition":"6.4","artifactTypeName":"Dependencies","format":"text","artifactType":"assetartifact_dependency","_id":"artifacttype_9c5463b3-5c9e-3790-86cb-9b8866cc062a","displayName":"Dependencies","hasContent":true}]},{"globalTOCPosition":"7","artifactTypeName":"Architectural Principles","format":"text","artifactType":"assetartifact_architecture_principles","_id":"artifacttype_92ccfc5d-c31a-349d-97c0-6d75c8841a8a","displayName":"Architectural Principles","child":[],"hasContent":true},{"globalTOCPosition":"8","artifactTypeName":"Notes","format":"text","artifactType":"assetartifact_notes","_id":"artifacttype_02226b19-474e-37a6-ab39-d9bb31767fb5","displayName":"Notes","child":[],"hasContent":false}],"toc_cards":{"nonfunctionalrequirement":{"artifacttype_f0eebd79-15c9-3ebc-a73b-8efc3f634f59":["nonfunctionalrequirement_S1XbXsjvsXI","nonfunctionalrequirement_BJ9gXioPo78","nonfunctionalrequirement_ByieXsjPsQI","nonfunctionalrequirement_Bkhl7oiDjm8","nonfunctionalrequirement_SJTgXjjPjQI","nonfunctionalrequirement_rkCeXiivo7I","nonfunctionalrequirement_rJJbmjivomL","nonfunctionalrequirement_SylW7ioDoQL","nonfunctionalrequirement_HkbbmoivjmL","nonfunctionalrequirement_S1M-XssDiQL"]},"aodServices":{"artifacttype_2c548a13-6bd9-3edc-a496-0318af82f0d1":[{"additionalInfo":{},"_id":"aodservices_2aSbaEQU3Kl","name":"sv","description":"","lastModifiedInfo":{"userId":"xierulei@cn.ibm.com","date":"2020-03-11T02:53:44Z"}}]},"aodUsageScenarios":{"artifacttype_d118451c-0816-3aa5-8b89-3119feb4168a":[{"additionalInfo":{"refType":"AODITSystem","refName":"itsv"},"_id":"aodusagescenario_2kcZ5Lo8yRL","name":"it","description":"","lastModifiedInfo":{"userId":"xierulei@cn.ibm.com","date":"2020-06-18T02:36:50Z"}},{"additionalInfo":{"refType":"AODITSystem","refName":"itsv"},"_id":"aodusagescenario_2kd0JRedSWy","name":"itsv2","description":"","lastModifiedInfo":{"userId":"xierulei@cn.ibm.com","date":"2020-06-18T02:45:06Z"}},{"additionalInfo":{"refType":"AODServices","refName":"sv"},"_id":"aodusagescenario_2kcZ1c99VdS","name":"s","description":"","lastModifiedInfo":{"userId":"xierulei@cn.ibm.com","date":"2020-06-18T02:36:32Z"}}]},"aodITSystems":{"artifacttype_355f72be-6566-3f48-8b15-c30f671d7c8f":[{"additionalInfo":{},"_id":"aoditsystem_2e29Rt5QjmN","name":"itsv","description":"","lastModifiedInfo":{"userId":"xierulei@cn.ibm.com","date":"2020-06-18T02:37:13Z"}}]},"businesschallenge":{"artifacttype_d1ab4a95-e05f-3882-9f19-6500fc0d3b2b":["businesschallenge_H1xwGqJr3L"]},"useCaseViews":{"artifacttype_cde39d5e-c892-3093-ab3d-bad448acb8a0":[{"additionalInfo":{},"_id":"usecasediagram_23NlZ51pDG7_SkvweC9zU","name":"ucd","description":"","lastModifiedInfo":{"userId":"xierulei@cn.ibm.com","date":"2020-02-07T11:56:16Z"}},{"additionalInfo":{},"_id":"usecasediagram_SJTCWkX1U_SkvweC9zU","name":"ucd-copy","description":"","lastModifiedInfo":{"userId":"xierulei@cn.ibm.com","date":"2020-06-15T09:51:50Z"}},{"additionalInfo":{},"_id":"usecasediagram_2jFH9b0KgbC","name":"ucd23","description":"","lastModifiedInfo":{"userId":"xierulei@cn.ibm.com","date":"2020-06-12T10:01:06Z"}}]},"architecturaldecision":{"artifacttype_fddae3fa-aafa-32af-94a4-bc3e1ed255cc":["architecturaldecision_HyTZ7jiws7U","architecturaldecision_ByA-msovjQI","architecturaldecision_r1yzmjsPsQI","architecturaldecision_HylGmsowsX8","architecturaldecision_ryZzXiivo7U"]},"dependency":{"artifacttype_9c5463b3-5c9e-3790-86cb-9b8866cc062a":["dependency_SJGQmoswsXI","dependency_Skm7msiwjX8","dependency_S1NmXojvjX8"]},"assumption":{"artifacttype_2142b656-62ba-304d-95d4-77b1b144e5e1":["assumption_Sytz7siPo7L","assumption_S19fXjjDsXI","assumption_ryjzXisPomL","assumption_r13z7jiDi7U","assumption_HyTfQojwimI"]},"lomPhysicalViews":{"artifacttype_7503dbb1-18f7-36ac-ad12-98d977ef3d0d":[{"additionalInfo":{},"_id":"pomview_28Z5lvf1V1H","name":"dsf","description":"","lastModifiedInfo":{"userId":"xierulei@cn.ibm.com","date":"2020-04-13T14:58:45Z"}}]},"risk":{"artifacttype_94622837-e58f-34c3-9263-8260b69601c8":["risk_HyrfXojDs7U","risk_r1Uz7oiPomL","risk_r1vfmjswjXI","risk_r1_M7sjwsmI"]},"issue":{"artifacttype_f4d01807-f847-3ccd-87a2-32877074295e":["issue_H1RzXijPjQI","issue_SJyQQiivjmL","issue_Bke7Qiovs7L","issue_HkZXmioviQ8"]},"usecasetext":{"artifacttype_dde4b71c-82db-3f66-964a-3a04fbf56dff":["usecasetext_rJHmMAgT8","usecasetext_B1tvg05M8","usecasetext_HyztDlCcfU","usecasetext_BkB-QjiwsQ8","usecasetext_H1u-Qsswi7L","usecasetext_HJjW7jiwjQL","usecasetext_rJ_DeC5zL"]},"functionalrequirement":{"artifacttype_12eefe0a-435b-3176-8bbe-4dc928a2e4c3":["functionalrequirement_H1PlQoiwoXL","functionalrequirement_rJ_l7ijvoQU","functionalrequirement_SyFeXjiPsmU"]},"architectureprinciple":{"artifacttype_92ccfc5d-c31a-349d-97c0-6d75c8841a8a":["architectureprinciple_rkzzQjoPiXU","architectureprinciple_rkXzXjoDsm8","architectureprinciple_rJEMQisvjQ8"]},"cmDynamicViews":{"artifacttype_6e1239a1-6a68-3dae-ae87-b05ecf80d25b":[{"additionalInfo":{},"_id":"cmdynamicview_23NmFsU8o0m_SkvweC9zU","name":"dv","description":"","lastModifiedInfo":{"userId":"xierulei@cn.ibm.com","date":"2020-02-07T11:56:18Z"}}]},"logicalERD":{"artifacttype_246bc46f-0286-3ad4-bf01-679592db59c7":[{"additionalInfo":{},"_id":"logicalerd_28UMilAZZjF","name":"dfdsa","description":"","lastModifiedInfo":{"userId":"xierulei@cn.ibm.com","date":"2020-02-20T02:14:20Z"}}]},"lomViews":{"artifacttype_5ca43d50-d7da-322f-a1b0-f65b0c12b2c8":[{"additionalInfo":{},"_id":"lomview_2e06pTQbvO9","name":"lom","description":"","lastModifiedInfo":{"userId":"xierulei@cn.ibm.com","date":"2020-04-13T06:57:13Z"}}]},"executivesummary":{"artifacttype_9edbd406-69fb-3a95-8b2e-58a0974b2710":[]},"systemContext":{"artifacttype_8ca70362-e3d1-3b9c-91d1-f755d029a2e3":[]},"aodEnterprises":{"artifacttype_16bfe592-ae95-371c-9f64-3a881b667707":[]},"cmStaticViews":{"artifacttype_4a44b8fa-5057-3826-84d7-169a6fc1f2ed":[]},"notes":{"artifacttype_02226b19-474e-37a6-ab39-d9bb31767fb5":[]}},"combined":{"coreInfo":[{"_id":"logicalcomponent_ryXsoDsXL","name":"LC1","description":"LC Description 1:\nType: Techinical","level":"Technical","label":"LC1","modelType":"LogicalComponent"},{"_id":"logicalcomponent_r1ZQjjwimI","name":"Lc13","description":"LC Description 3","level":"Technical","label":"Lc13","modelType":"LogicalComponent"},{"_id":"logicalcomponent_S1xQjiPiQL","name":"Lc12","description":"LC Description 2:\r\nType: Application","level":"Application","label":"Lc12","modelType":"LogicalComponent"},{"_id":"logicalnode_ryP7soPoXU","name":"LN 14","description":"Logical Node4 description:1\r\nline1\r\nline2","cardinality":"1","label":"LN 14","modelType":"LogicalNode"},{"_id":"logicalnode_SyLmoivjmI","name":"LN 13","description":"Logical Node3 description1","cardinality":"1","label":"LN 13","modelType":"LogicalNode"},{"_id":"logicalnode_SyBXijDjmL","name":"LN 12","description":"Logical Node2 description1","cardinality":"1","label":"LN 12","modelType":"LogicalNode"},{"_id":"omlocation_BkFXsiDs7I","name":"OMLocation 12","description":"OMLocation 21 Description:\r\nLine 1\r\nLine 2","cardinality":"1","label":"OMLocation 12","modelType":"OMLocation"},{"_id":"omlocation_rkOXsjDiQL","name":"OMLocation 11","description":"OMLocation 11 Description: Line 1","cardinality":"1","label":"OMLocation 11","modelType":"OMLocation"},{"_id":"omlocation_SkqQoovoQU","name":"OMLocation 13","cardinality":"1","label":"OMLocation 13","modelType":"OMLocation"},{"_id":"physicalcomponent_Hk77oswjm8","name":"implementation12","description":"implementation2 Description1","url":"http://w3.ibm.com","label":"implementation12","modelType":"PhysicalComponent"},{"_id":"physicalcomponent_rkzXjiPj7U","name":"implementation11","description":"implementation1 Description:1\r\nDB","url":"http://ppydalmpdb01.sl.bluecloud.ibm.com ","label":"implementation11","modelType":"PhysicalComponent"},{"_id":"physicalnode_S1j7osviQU","name":"PN 11","description":"PN 11 Description: Line 1","memory":"566","os":"iOS","networkPorts":"10","provision":"Delivered by Cloud","offering":"Hosted","cpu":"8","type":"Physical","cardinality":"1","label":"PN 11","modelType":"PhysicalNode"},{"_id":"physicalnode_SJaXsivo7U","name":"PN 31","type":"Physical","cardinality":"1","label":"PN 31","modelType":"PhysicalNode"},{"_id":"physicalnode_2e1BQiP0T0J","name":"C. Node2","description":"","type":"Container","cardinality":"1","label":"C. Node2","modelType":"PhysicalNode"},{"_id":"entity_28UMkffCajL","name":"Entity4","description":"","label":"Entity4","modelType":"Entity"},{"_id":"entity_28UMjr8Wt72","name":"Entity","description":"","label":"Entity","modelType":"Entity"},{"_id":"entity_28UMjJUsaKL","name":"Entity2","description":"","label":"Entity2","modelType":"Entity"},{"_id":"entity_28Z4N5vBPkK","name":"Enn","description":"","label":"Enn","modelType":"Entity"},{"_id":"entity_ryexQjswjQI","name":"Entity 11","description":"Entity1 1Desctiption","label":"Entity 11","modelType":"Entity"},{"_id":"entity_BkbeQojPsmI","name":"Entity 21","description":"Entity21 Desctiption\r\nline1\r\nline 2","label":"Entity 21","modelType":"Entity"},{"_id":"entity_BJMxmjjPoX8","name":"Entity 31","label":"Entity 31","modelType":"Entity"},{"_id":"du_rkLxXoswj7L","name":"Du 41","description":"Du Description:\r\nType: Data\r\nTechnial: Yes","type":"Data","level":"Technical","label":"Du 41","modelType":"DU"},{"_id":"du_ryQlQjiDoQL","name":"DU1","description":"Du Description1:\nType: Executable","type":"Presentation","level":"Technical","label":"DU1","modelType":"DU"},{"_id":"du_rkNlQiiDomU","name":"DU 21","description":"Du Description:\r\nType: Installation\r\nTechnical: Yes","type":"Executable","level":"Technical","label":"DU 21","modelType":"DU"},{"_id":"du_rJrlmijDoXL","name":"DU3","description":"Du Description:\nType: Presentation","type":"Presentation","level":"Functional","label":"DU3","modelType":"DU"},{"_id":"du_28Z5wBpsGWY","name":"da -du","description":"","type":"Executable","level":"Functional","label":"da -du","modelType":"DU"},{"modelType":"Actor","description":"Actor Description12:\r\nIT System","_id":"actor_rkkxmjjPs78","type":"Human","label":"LN 1"},{"modelType":"LogicalNode","description":"Logical Node1 description1","_id":"logicalnode_S147joPjXI","defaultStyle":"image=/cogarch/assets/mxgraph/stencils/clipart/others/generic.svg","cardinality":"1","label":"LN 11"},{"modelType":"LogicalNode","description":"Logical Node1 descriptiondfsaf","_id":"logicalnode_2e2aBht9KNv","defaultStyle":"image=/cogarch/assets/mxgraph/stencils/clipart/others/generic.svg","cardinality":"11","label":"Human","taxonomies":"consensus engine"},{"modelType":"Actor","description":"","_id":"actor_2jFHofDg4ys","type":"Human","label":"<div>Human</div><div>sdfds</div><div>line1<br></div><div>line2</div><div><br></div>"},{"modelType":"UseCase","description":"","_id":"usecase_2jFHbFzV6tN","label":"<div>Use Case23443 234</div><div><br></div>","uc_id":"Use Case 788"},{"modelType":"Association","description":"","_id":"association_2jFHFz1S86f","type":"","label":"","from":"actor_2jFHofDg4ys","to":"usecase_2jFHbFzV6tN"},{"modelType":"UseCase","description":"","_id":"usecase_23Nm9UWLLLY_SkvweC9zU","label":"Copy of Use Case","uc_id":"Copy of Use Case"},{"modelType":"Association","description":"","_id":"association_23NmbS0YL9d_SkvweC9zU","type":"Extend","label":"Extend"},{"modelType":"UseCase","description":"","_id":"usecase_23Nm8XEi7op_SkvweC9zU","label":"Use Case","uc_id":"Use Case"},{"modelType":"Actor","description":"","_id":"actor_23Nm9vOfjs3_SkvweC9zU","type":"Human","label":"Human"},{"modelType":"Association","description":"","_id":"association_23NmqDNcvZF_SkvweC9zU","type":"Extend","label":"Extend"},{"modelType":"UseCase","description":"","_id":"usecase_23NmnE2Kjcz_SkvweC9zU","label":"Copy of Use Case_1","uc_id":"Copy of Use Case_1"},{"modelType":"Association","description":"","_id":"association_23NmuyokN0j_SkvweC9zU","type":"","label":"","to":"actor_23Nmtufiz7X_SkvweC9zU","from":"usecase_23Nm8XEi7op_SkvweC9zU"},{"modelType":"Actor","description":"","_id":"actor_23Nmtufiz7X_SkvweC9zU","type":"IT System","label":"IT System"},{"modelType":"Association","description":"","_id":"association_23NmuWMMji8_SkvweC9zU","type":"","label":"","to":"actor_23Nm9vOfjs3_SkvweC9zU","from":"usecase_23NmnE2Kjcz_SkvweC9zU"},{"modelType":"Association","description":"","_id":"association_23Nmrdj4aqV_SkvweC9zU","type":"Include","label":"Include"},{"modelType":"Actor","description":"","_id":"actor_2jXcTsBJgN4","type":"Human","label":"a1"},{"modelType":"Actor","description":"","_id":"actor_2jXcVPEl8Ef","type":"Human","label":"a3"},{"modelType":"Actor","description":"","_id":"actor_2jXcXB4Fn3F","type":"Human","label":"A2"},{"modelType":"Association","description":"","_id":"association_2jXd2htQN3g","type":"","label":"","to":"usecase_23Nm8XEi7op_SkvweC9zU","from":"actor_2jXcVPEl8Ef"},{"modelType":"Association","description":"","_id":"association_2jXd0hR8jcE","type":"","label":"","from":"actor_2jXcTsBJgN4","to":"usecase_23Nm8XEi7op_SkvweC9zU"},{"modelType":"Association","description":"","_id":"association_2jXd14bOfpQ","type":"","label":"","to":"usecase_23Nm8XEi7op_SkvweC9zU","from":"actor_2jXcXB4Fn3F"},{"modelType":"OMLocation","description":"","_id":"omlocation_28Z5nces9lw","cardinality":"1","label":"OMLocation","children":"physicalnode_28Z5nSxX4eL,actor_rkkxmjjPs78,actor_ByCQiiDs7U,physicalnode_B127isDsmU"},{"modelType":"PhysicalNode","description":"","_id":"physicalnode_28Z5nSxX4eL","type":"Physical","cardinality":"1","label":"P. Node","children":"logicalnode_S147joPjXI"},{"modelType":"Actor","description":"Actor Description 11: Human","_id":"actor_ByCQiiDs7U","type":"IT System","label":"IT system"},{"modelType":"PhysicalNode","description":"PN 21 Description:\r\nLine 1\r\nLine 2","_id":"physicalnode_B127isDsmU","type":"Physical","cardinality":"1","label":"PN 21","children":"physicalnode_2e1BHk8wQ94"},{"modelType":"PhysicalNode","description":"","_id":"physicalnode_2e1BHk8wQ94","type":"Virtual","cardinality":"1","label":"V. Node","children":"physicalnode_2e1BI75t2vd"},{"modelType":"PhysicalNode","description":"","_id":"physicalnode_2e1BI75t2vd","type":"Container","cardinality":"1","label":"C. Node","children":"logicalnode_S147joPjXI"},{"modelType":"UseCase","ucPackage":"Use Case Package Name2","_id":"usecase_SyqbQsiDsm8","label":"Use Case Name 31","uc_id":"Use Case31"},{"modelType":"UseCase","ucPackage":"Use Case Package Name11","failureOutcomes":"Failure Outcomes11","preconditions":"Pre-conditions11","alternativeFlows":"Alternative Flows11","description":" Use Case Name Description1","_id":"usecase_ByVbmosPiQ8","successfulOutcomes":"Successful Outcomes11","basicFlow":"Basic Flow11","label":"Use Case Name 11","uc_id":"Use Case1"},{"modelType":"UseCase","ucPackage":"Use Case Package Name2","failureOutcomes":"Failure Outcomes：\r\nd1\r\nd2","preconditions":"Pre-conditions：\r\nd1\r\nd2","alternativeFlows":"Alternative Flows：\r\nd1\r\nd2","description":" Use Case Name Description：\r\nd1\r\nd2","_id":"usecase_ryvbXsiDsm8","successfulOutcomes":"Successful Outcomes：\r\nd1\r\nd2","basicFlow":"Basic Flow：\r\nd1\r\nd2","label":"Use Case Name 21","uc_id":"Use Case21"},{"modelType":"LogicalComponent","description":"","_id":"logicalcomponent_23NmHwfFnpd_SkvweC9zU","level":"Application","label":"Logical Component"},{"modelType":"OMLocation","description":"","_id":"omlocation_2e06ssGKHVv","cardinality":"1","label":"OMLocation32","children":"logicalnode_2e06uLjn8HC,logicalnode_2e06vgiBKQO"},{"modelType":"LogicalNode","description":"","_id":"logicalnode_2e06uLjn8HC","cardinality":"1","label":"Logical Node"},{"modelType":"LogicalNode","description":"","_id":"logicalnode_2e06vgiBKQO","cardinality":"1","label":"Logical Node2"}]},"textual":{"instances":{"nonfunctionalrequirement_SJTgXjjPjQI":{"coreInfo":[{"modelType":"NonFunctionalRequirement","owner":"NFR Owner4","growthRate":"0.14","description":"NRF Non Functional Requirement description 4","source":"NFR Source 4","priority":"Optional","reference":"NFR Ref 4","acceptanceCriteria":"NFR criteria 4","reviewDate":"2019-07-19","lastModifiedUserId":"xierulei@cn.ibm.com","testMethod":"NFR test method 4","context":"Context 4","theme":"Security","lastModified":"2020-02-20T02:15:41Z","_id":"nonfunctionalrequirement_SJTgXjjPjQI","value":"NFR Value 4","label":"NFR Name41","nfr_id":"NFR 41"}]},"nonfunctionalrequirement_rJJbmjivomL":{"coreInfo":[{"modelType":"NonFunctionalRequirement","owner":"NFR Owner6","growthRate":"0.16","description":"NRF Non Functional Requirement description 6","source":"NFR Source 6","priority":"Optional","reference":"NFR Ref 6","acceptanceCriteria":"NFR criteria 6","reviewDate":"2019-07-21","lastModifiedUserId":"xierulei@cn.ibm.com","testMethod":"NFR test method 6","context":"Context 6","theme":"Usability","lastModified":"2020-02-20T02:15:41Z","_id":"nonfunctionalrequirement_rJJbmjivomL","value":"NFR Value 6","label":"NFR Name61","nfr_id":"NFR 61"}]},"nonfunctionalrequirement_ByieXsjPsQI":{"coreInfo":[{"modelType":"NonFunctionalRequirement","owner":"NFR Owner2","growthRate":"0.12","description":"NRF Non Functional Requirement description 2","source":"NFR Source 2","priority":"Desirable","reference":"NFR Ref 2","acceptanceCriteria":"NFR criteria 2","reviewDate":"2019-07-17","lastModifiedUserId":"xierulei@cn.ibm.com","testMethod":"NFR test method 2","context":"Context 2","theme":"Performance","lastModified":"2020-02-20T02:15:41Z","_id":"nonfunctionalrequirement_ByieXsjPsQI","value":"NFR Value 2","label":"NFR Name21","nfr_id":"NFR 21"}]},"nonfunctionalrequirement_S1M-XssDiQL":{"coreInfo":[{"modelType":"NonFunctionalRequirement","owner":"NFR Owner9\r\nNFR Owner2\r\n","growthRate":"1","description":"NRF Non Functional Requirement description 9","source":"NFR Source 9","priority":"Optional","reference":"NFR Ref 9","acceptanceCriteria":"NFR criteria 9","reviewDate":"2019-07-24","lastModifiedUserId":"xierulei@cn.ibm.com","testMethod":"NFR test method 9","context":"Context 9","theme":"Manageability","lastModified":"2020-02-20T02:15:41Z","_id":"nonfunctionalrequirement_S1M-XssDiQL","value":"NFR Value 9","label":"NFR Name91","nfr_id":"NFR 91"}]},"nonfunctionalrequirement_HkbbmoivjmL":{"coreInfo":[{"modelType":"NonFunctionalRequirement","owner":"NFR Owner8\r\nNFR Owner1","growthRate":"0.18","description":"NRF Non Functional Requirement description 8:\r\nLIne1\r\nLine2","source":"NFR Source 8\r\nNFR Source 1\r\nNFR Source 82\r\n","priority":"Optional","reference":"NFR Ref 8\r\nNFR Ref 81\r\nNFR Ref 82\r\n","acceptanceCriteria":"NFR criteria 8:\r\nLine1\r\nLine2","reviewDate":"2019-07-23","lastModifiedUserId":"xierulei@cn.ibm.com","testMethod":"NFR test method 8:\r\nNFR test method 8:1\r\nNFR test method 82 ","context":"Context 8:\r\nLine1","theme":"Availability","lastModified":"2020-02-20T02:15:41Z","_id":"nonfunctionalrequirement_HkbbmoivjmL","value":"NFR Value 8:\r\nLine1\r\nLine2","label":"NFR Name81","nfr_id":"NFR 81"}]},"nonfunctionalrequirement_Bkhl7oiDjm8":{"coreInfo":[{"modelType":"NonFunctionalRequirement","owner":"NFR Owner3","growthRate":"0.13","description":"NRF Non Functional Requirement description 3","source":"NFR Source 3","priority":"Critical","reference":"NFR Ref 3","acceptanceCriteria":"NFR criteria 3","reviewDate":"2019-07-18","lastModifiedUserId":"xierulei@cn.ibm.com","testMethod":"NFR test method 3","context":"Context 3","theme":"Scalability","lastModified":"2020-02-20T02:15:41Z","_id":"nonfunctionalrequirement_Bkhl7oiDjm8","value":"NFR Value 3","label":"NFR Name31","nfr_id":"NFR 31"}]},"nonfunctionalrequirement_SylW7ioDoQL":{"coreInfo":[{"modelType":"NonFunctionalRequirement","owner":"NFR Owner7","growthRate":"0.17","description":"NRF Non Functional Requirement description 7","source":"NFR Source 7","priority":"Optional","reference":"NFR Ref 7","acceptanceCriteria":"NFR criteria 7","reviewDate":"2019-07-22","lastModifiedUserId":"xierulei@cn.ibm.com","testMethod":"NFR test method 7","context":"Context 7","theme":"Maintainability","lastModified":"2020-02-20T02:15:41Z","_id":"nonfunctionalrequirement_SylW7ioDoQL","value":"NFR Value 7","label":"NFR Name71","nfr_id":"NFR 71"}]},"nonfunctionalrequirement_BJ9gXioPo78":{"coreInfo":[{"modelType":"NonFunctionalRequirement","owner":"NFR Owner11","growthRate":"0.111","description":"NRF Non Functional Requirement description 11","source":"NFR Source 11","priority":"Critical","reference":"NFR Ref 11","acceptanceCriteria":"NFR criteria 11","reviewDate":"Thu Sep 19 2019 00:00:00 GMT+0000 (UTC)","lastModifiedUserId":"xierulei@cn.ibm.com","testMethod":"NFR test method 11","context":"Context 11","theme":"Scalability","lastModified":"2020-02-20T02:15:41Z","_id":"nonfunctionalrequirement_BJ9gXioPo78","value":"NFR Value 11","label":"NFR Name11","nfr_id":"NFR 11"}]},"nonfunctionalrequirement_S1XbXsjvsXI":{"coreInfo":[{"modelType":"NonFunctionalRequirement","lastModifiedUserId":"xierulei@cn.ibm.com","theme":"Environmental","lastModified":"2020-02-20T02:15:41Z","_id":"nonfunctionalrequirement_S1XbXsjvsXI","priority":"Optional","label":"NFR Name101","nfr_id":"NFR 101"}]},"nonfunctionalrequirement_rkCeXiivo7I":{"coreInfo":[{"modelType":"NonFunctionalRequirement","owner":"NFR Owner5","growthRate":"0.15","description":"NRF Non Functional Requirement description 5","source":"NFR Source 5","priority":"Optional","reference":"NFR Ref 5","acceptanceCriteria":"NFR criteria 5","reviewDate":"2019-07-20","lastModifiedUserId":"xierulei@cn.ibm.com","testMethod":"NFR test method 5","context":"Context 5","theme":"Regulatory Compliance","lastModified":"2020-02-20T02:15:41Z","_id":"nonfunctionalrequirement_rkCeXiivo7I","value":"NFR Value 5","label":"NFR Name51","nfr_id":"NFR 51"}]},"businesschallenge_H1xwGqJr3L":{"coreInfo":[{"modelType":"BusinessChallenge","lastModifiedUserId":"xierulei@cn.ibm.com","description":"<div>的萨菲第三方</div><div>safds</div><div>但是<br></div>","lastModified":"2020-06-03T09:15:28Z","_id":"businesschallenge_H1xwGqJr3L","label":""}]},"architecturaldecision_HylGmsowsX8":{"coreInfo":[{"modelType":"ArchitecturalDecision","implications":"Implications ：\r\nline1\r\nline2","problemStatement":"Issue or Problem Statement 4：\r\nline1\r\nline2","decision":"adalternative_SJwUCjPsQ8","motivation":"Motivation 4","derivedRequirements":"Derived Requirements ：\r\nline1\r\nline2","relatedDecisions":"Related Decisions 4","assumptions":"Assumptions ：\r\nline1\r\nline2","lastUpdated":"2019-03-28","lastModifiedUserId":"xierulei@cn.ibm.com","topic":"a topic","subjectArea":"sa subject","justification":"Justification1\r\nJustification2\r\nJustification6","lastModified":"2020-02-20T02:15:41Z","_id":"architecturaldecision_HylGmsowsX8","status":"superseded","label":"AD Name14","ad_id":"AD4","children":"adalternative_SJwUCjPsQ8"},{"modelType":"ADAlternative","description":"alter4 desc\r\nline 2","contraindications":"alter4ontratindication\r\nline 2","_id":"adalternative_SJwUCjPsQ8","bestApplied":"alter4 best applide\r\nline 2","label":"alter name 4"}]},"architecturaldecision_ByA-msovjQI":{"coreInfo":[{"modelType":"ArchitecturalDecision","implications":"Implications 2","decision":"adalternative_SyILAsPjXL","problemStatement":"Issue or Problem Statement 2","motivation":"Motivation 2","derivedRequirements":"Derived Requirements 2","relatedDecisions":"Related Decisions 2","assumptions":"Assumptions 2","lastUpdated":"2019-03-26","lastModifiedUserId":"xierulei@cn.ibm.com","topic":"a topic","subjectArea":"sa subject","justification":"justification 2","lastModified":"2020-02-20T02:15:41Z","_id":"architecturaldecision_ByA-msovjQI","status":"accepted","label":"AD Name12","ad_id":"AD2","children":"adalternative_SyILAsPjXL"},{"modelType":"ADAlternative","description":"alter2 desc\r\nline 2","contraindications":"alter2contratindication\r\nline 2","_id":"adalternative_SyILAsPjXL","bestApplied":"alter 2 best applide\r\nline 2","label":"alter name 2"}]},"architecturaldecision_r1yzmjsPsQI":{"coreInfo":[{"modelType":"ArchitecturalDecision","implications":"Implications 3","problemStatement":"Issue or Problem Statement 3","motivation":"Motivation 3","derivedRequirements":"Derived Requirements 3","relatedDecisions":"Related Decisions 3","assumptions":"Assumptions 3","lastUpdated":"2019-03-27","lastModifiedUserId":"xierulei@cn.ibm.com","topic":"a topic","subjectArea":"sa subject","justification":"justification 3  justification 3  justification 3 justification 3 ","lastModified":"2020-02-20T02:15:41Z","_id":"architecturaldecision_r1yzmjsPsQI","status":"deprecated","label":"AD Name13","ad_id":"AD3"}]},"architecturaldecision_ryZzXiivo7U":{"coreInfo":[{"modelType":"ArchitecturalDecision","lastUpdated":"2019-03-28","lastModifiedUserId":"xierulei@cn.ibm.com","lastModified":"2020-02-20T02:15:41Z","_id":"architecturaldecision_ryZzXiivo7U","status":"superseded","label":"AD Name15","ad_id":"AD5","children":"adalternative_SJ_80iPjQU"},{"modelType":"ADAlternative","description":"alter5 desc\r\nline 2","_id":"adalternative_SJ_80iPjQU","label":"alter name 5"}]},"architecturaldecision_HyTZ7jiws7U":{"coreInfo":[{"modelType":"ArchitecturalDecision","implications":"Implications 11","problemStatement":"Issue or Problem Statement 11","decision":"adalternative_S1NLRjvj7U","motivation":"Motivation1 1","derivedRequirements":"Derived Requirements 11","relatedDecisions":"Related Decisions 11","assumptions":"Assumptions 11","lastUpdated":"Tue Mar 26 2019 00:00:00 GMT+0000 (UTC)","lastModifiedUserId":"xierulei@cn.ibm.com","topic":"a topic1","subjectArea":"sa subject1","justification":"justification 11","lastModified":"2020-02-20T02:15:41Z","_id":"architecturaldecision_HyTZ7jiws7U","status":"deprecated","label":"AD Name11","ad_id":"AD1","children":"adalternative_HkBICovsX8,adalternative_S1NLRjvj7U"},{"modelType":"ADAlternative","description":"alter12 desc\r\nline 2","contraindications":"alter12contratindication\r\nline 2","_id":"adalternative_HkBICovsX8","bestApplied":"alter 12 best applide\r\nline 2","label":"alter name 12"},{"modelType":"ADAlternative","description":"alter 1 desc\r\nline 2","contraindications":"alter 1 contratindication\r\nline 2","_id":"adalternative_S1NLRjvj7U","bestApplied":"alter 1 best applide\r\nline 2","label":"alter name 1"}]},"dependency_Skm7msiwjX8":{"coreInfo":[{"modelType":"Dependency","owner":"mingjin","closedDate":"2019-07-04","lastModifiedUserId":"xierulei@cn.ibm.com","isKey":true,"requiredByDate":"2019-07-31","description":"Dependency description 1:\r\nline1\r\nline2","effectOnPlan":"Effect on plan 2:\r\nLin2\r\nline3","lastModified":"2020-02-20T02:15:41Z","_id":"dependency_Skm7msiwjX8","associatedRiskId":"risk1","label":"Dependency 2"}]},"dependency_S1NmXojvjX8":{"coreInfo":[{"modelType":"Dependency","closedDate":"","lastModifiedUserId":"xierulei@cn.ibm.com","requiredByDate":"","description":"","lastModified":"2020-02-20T02:15:41Z","effectOnPlan":"","_id":"dependency_S1NmXojvjX8","label":"Dependency 3"}]},"dependency_SJGQmoswsXI":{"coreInfo":[{"modelType":"Dependency","owner":"rulei","closedDate":"Sun Jul 07 2019 00:00:00 GMT+0000 (UTC)","lastModifiedUserId":"xierulei@cn.ibm.com","isKey":false,"requiredByDate":"2019-07-30","description":"Dependency description 1","effectOnPlan":"Effect on plan 1","lastModified":"2020-02-20T02:15:41Z","_id":"dependency_SJGQmoswsXI","associatedRiskId":"3424324324","label":"Dependency 1"}]},"assumption_Sytz7siPo7L":{"coreInfo":[{"modelType":"Assumption","confidenceLevel":"Medium","closedDate":"2019-07-16","reviewDate":"Tue Jul 09 2019 00:00:00 GMT+0000 (UTC)","impact":"High","lastModifiedUserId":"xierulei@cn.ibm.com","isKey":false,"description":"description 11","lastModified":"2020-02-20T02:15:41Z","_id":"assumption_Sytz7siPo7L","identifiedBy":"beibei1","label":"Assumption 11"}]},"assumption_HyTfQojwimI":{"coreInfo":[{"modelType":"Assumption","lastModifiedUserId":"xierulei@cn.ibm.com","lastModified":"2020-02-20T02:15:41Z","_id":"assumption_HyTfQojwimI","label":"Assumption 15"}]},"assumption_S19fXjjDsXI":{"coreInfo":[{"modelType":"Assumption","confidenceLevel":"Medium","reviewDate":"2019-07-11","closedDate":"2019-07-16","impact":"High","isKey":false,"lastModifiedUserId":"xierulei@cn.ibm.com","description":"description 2","lastModified":"2020-02-20T02:15:41Z","_id":"assumption_S19fXjjDsXI","identifiedBy":"rulei","label":"Assumption 12"}]},"assumption_ryjzXisPomL":{"coreInfo":[{"modelType":"Assumption","confidenceLevel":"Low","reviewDate":"2019-07-12","closedDate":"2019-07-16","impact":"Low","lastModifiedUserId":"xierulei@cn.ibm.com","isKey":true,"description":"description:\r\nline 1 \r\nline2","lastModified":"2020-02-20T02:15:41Z","_id":"assumption_ryjzXisPomL","identifiedBy":"rulei","label":"Assumption 13"}]},"assumption_r13z7jiDi7U":{"coreInfo":[{"modelType":"Assumption","confidenceLevel":"Low","reviewDate":"2019-07-13","closedDate":"2019-07-16","impact":"Medium","lastModifiedUserId":"xierulei@cn.ibm.com","description":"description:\r\nline 1 \r\nline2","lastModified":"2020-02-20T02:15:41Z","_id":"assumption_r13z7jiDi7U","identifiedBy":"rulei","label":"Assumption 14"}]},"risk_r1_M7sjwsmI":{"coreInfo":[{"modelType":"Risk","lastModifiedUserId":"xierulei@cn.ibm.com","lastModified":"2020-02-20T02:15:41Z","_id":"risk_r1_M7sjwsmI","probability":"Medium","impact":"High","label":"Risk 14"}]},"risk_HyrfXojDs7U":{"coreInfo":[{"modelType":"Risk","reviewDate":"Tue Jul 09 2019 00:00:00 GMT+0000 (UTC)","personResponsible":"Liuwei1","probability":"Medium","impact":"Low","lastModifiedUserId":"xierulei@cn.ibm.com","isKey":true,"recommendation":"Continency / Mitigation recommendation 11","description":"The golden build cannot be delivered on time1","effort":"effort 11","lastModified":"2020-02-20T02:15:41Z","_id":"risk_HyrfXojDs7U","label":"Risk 11"}]},"risk_r1Uz7oiPomL":{"coreInfo":[{"modelType":"Risk","reviewDate":"2019-05-28","personResponsible":"Rulei","probability":"High","impact":"Low","lastModifiedUserId":"xierulei@cn.ibm.com","isKey":true,"description":"this is desc\r\nline 2\r\nline3","recommendation":"Continency / Mitigation recommendation 2:\r\nLine 1\r\nline2","effort":"effort 2","lastModified":"2020-02-20T02:15:41Z","_id":"risk_r1Uz7oiPomL","label":"Risk 12"}]},"risk_r1vfmjswjXI":{"coreInfo":[{"modelType":"Risk","reviewDate":"2019-05-29","probability":"Low","impact":"High","lastModifiedUserId":"xierulei@cn.ibm.com","lastModified":"2020-02-20T02:15:41Z","_id":"risk_r1vfmjswjXI","label":"Risk 13"}]},"issue_SJyQQiivjmL":{"coreInfo":[{"modelType":"Issue","issueResponsibility":"Mingjin","reviewDate":"2019-07-11","lastModifiedUserId":"xierulei@cn.ibm.com","isKey":false,"action":"Risk Change Reference","description":"Issue Description 2：\r\nline1\r\nline 2","lastModified":"2020-02-20T02:15:41Z","_id":"issue_SJyQQiivjmL","raisedBy":"Beibei bei","priority":"High","label":"Issues 2"}]},"issue_H1RzXijPjQI":{"coreInfo":[{"modelType":"Issue","issueResponsibility":"Liuwei","reviewDate":"2019-07-10","lastModifiedUserId":"xierulei@cn.ibm.com","isKey":true,"action":"Risk Change Reference","description":"Issue Description 1","lastModified":"2020-02-20T02:15:41Z","_id":"issue_H1RzXijPjQI","priority":"Medium","raisedBy":"rulei","label":"Issues 1"}]},"issue_HkZXmioviQ8":{"coreInfo":[{"modelType":"Issue","lastModifiedUserId":"xierulei@cn.ibm.com","lastModified":"2020-02-20T02:15:41Z","_id":"issue_HkZXmioviQ8","label":"Issues 4"}]},"issue_Bke7Qiovs7L":{"coreInfo":[{"modelType":"Issue","issueResponsibility":"Dev","reviewDate":"2019-07-12","lastModifiedUserId":"xierulei@cn.ibm.com","isKey":true,"action":"Risk Change Reference","description":"No browser xxx","lastModified":"2020-02-20T02:15:41Z","_id":"issue_Bke7Qiovs7L","raisedBy":"rulei","priority":"Low","label":"Issues 3"}]},"usecasetext_rJHmMAgT8":{"coreInfo":[{"modelType":"UseCaseText","lastModifiedUserId":"xierulei@cn.ibm.com","description":"","lastModified":"2020-06-12T09:59:56Z","_id":"usecasetext_rJHmMAgT8","label":"<div>use case23443 234</div><div><br></div>_HklrXfCeaL","children":"usecase_2jFHbFzV6tN,association_2jFHFz1S86f,actor_2jFHofDg4ys"}]},"usecasetext_B1tvg05M8":{"coreInfo":[{"modelType":"UseCaseText","lastModifiedUserId":"xierulei@cn.ibm.com","description":"","lastModified":"2020-02-07T11:56:16Z","_id":"usecasetext_B1tvg05M8","label":"copy of use case_1_HJeYPgRqzL","children":"usecase_23NmnE2Kjcz_SkvweC9zU,association_23NmuWMMji8_SkvweC9zU,actor_23Nm9vOfjs3_SkvweC9zU"}]},"usecasetext_rJ_DeC5zL":{"coreInfo":[{"modelType":"UseCaseText","lastModifiedUserId":"xierulei@cn.ibm.com","description":"","lastModified":"2020-02-07T11:56:16Z","_id":"usecasetext_rJ_DeC5zL","label":"use case_HJgOvxCcGL","children":"usecase_23Nm8XEi7op_SkvweC9zU,association_23NmuyokN0j_SkvweC9zU,actor_23Nmtufiz7X_SkvweC9zU,association_2jXd0hR8jcE,actor_2jXcTsBJgN4,association_2jXd14bOfpQ,actor_2jXcXB4Fn3F,association_2jXd2htQN3g,actor_2jXcVPEl8Ef"}]},"usecasetext_HJjW7jiwjQL":{"coreInfo":[{"modelType":"UseCaseText","lastModifiedUserId":"xierulei@cn.ibm.com","description":"","lastModified":"2020-02-20T02:15:41Z","_id":"usecasetext_HJjW7jiwjQL","label":"use case name 3_ry3-mojviXU","children":"usecase_SyqbQsiDsm8"}]},"usecasetext_HyztDlCcfU":{"coreInfo":[{"modelType":"UseCaseText","lastModifiedUserId":"xierulei@cn.ibm.com","description":"","lastModified":"2020-02-07T11:56:16Z","_id":"usecasetext_HyztDlCcfU","label":"copy of use case_SJXKPgR5fI","children":"usecase_23Nm9UWLLLY_SkvweC9zU"}]},"usecasetext_BkB-QjiwsQ8":{"coreInfo":[{"modelType":"UseCaseText","lastModifiedUserId":"xierulei@cn.ibm.com","description":" Use Case Name Description1","lastModified":"2020-02-20T02:15:41Z","_id":"usecasetext_BkB-QjiwsQ8","label":"use case name 1_S1IbmooDsmU","children":"usecase_ByVbmosPiQ8"}]},"usecasetext_H1u-Qsswi7L":{"coreInfo":[{"modelType":"UseCaseText","lastModifiedUserId":"xierulei@cn.ibm.com","description":" Use Case Name Description：\r\nd1\r\nd2","lastModified":"2020-02-20T02:15:41Z","_id":"usecasetext_H1u-Qsswi7L","label":"use case name 2_BJKW7ojDsmL","children":"usecase_ryvbXsiDsm8"}]},"functionalrequirement_SyFeXjiPsmU":{"coreInfo":[{"modelType":"FunctionalRequirement","owner":"Ru lei","reviewDate":"Thu Oct 24 2019 00:00:00 GMT+0000 (UTC)","impact":"FR Functional Requirement1 Impact：\r\nImpact1;\r\nImpact2.","lastModifiedUserId":"xierulei@cn.ibm.com","weight":"High","description":"FR Functional Requirement description\r\nDesc line1;\r\nDesc line2","lastModified":"2020-02-20T02:15:41Z","id":"FR ID31","_id":"functionalrequirement_SyFeXjiPsmU","label":"FR Name31"}]},"functionalrequirement_rJ_l7ijvoQU":{"coreInfo":[{"modelType":"FunctionalRequirement","owner":"Liu wei","reviewDate":"Sat Aug 24 2019 00:00:00 GMT+0000 (UTC)","impact":"FR Functional Requirement Impact1","lastModifiedUserId":"xierulei@cn.ibm.com","weight":"Low","description":"FR Functional Requirement description","lastModified":"2020-02-20T02:15:41Z","id":"FR ID21","_id":"functionalrequirement_rJ_l7ijvoQU","label":"FR Name21"}]},"functionalrequirement_H1PlQoiwoXL":{"coreInfo":[{"modelType":"FunctionalRequirement","owner":"Ru lei","reviewDate":"Tue Sep 24 2019 00:00:00 GMT+0000 (UTC)","impact":"FR Functional Requirement Impact1","lastModifiedUserId":"xierulei@cn.ibm.com","weight":"Medium","description":"FR Functional Requirement description 1\r\nline 1","lastModified":"2020-02-20T02:15:41Z","id":"FR ID11","_id":"functionalrequirement_H1PlQoiwoXL","label":"FR Name11"}]},"architectureprinciple_rkzzQjoPiXU":{"coreInfo":[{"modelType":"ArchitecturePrinciple","implications":"Implications 11 1","lastModifiedUserId":"xierulei@cn.ibm.com","description":"priciple description1","metrics":"Metrics 111","lastModified":"2020-02-20T02:15:41Z","_id":"architectureprinciple_rkzzQjoPiXU","priority":"11","rationale":"Rationale 11","label":"Principle 11"}]},"architectureprinciple_rJEMQisvjQ8":{"coreInfo":[{"modelType":"ArchitecturePrinciple","lastModifiedUserId":"xierulei@cn.ibm.com","description":"priciple description3:\r\nline1\r\nline2","lastModified":"2020-02-20T02:15:41Z","_id":"architectureprinciple_rJEMQisvjQ8","priority":"5","rationale":"Rationale3:\r\nline1\r\nline2","label":"Principle 13"}]},"architectureprinciple_rkXzXjoDsm8":{"coreInfo":[{"modelType":"ArchitecturePrinciple","implications":"Implications 12:\r\nline1\r\nline2","lastModifiedUserId":"xierulei@cn.ibm.com","description":"priciple description:\r\nline1\r\nline2","metrics":"Metrics :\r\nline1\r\nline2","lastModified":"2020-02-20T02:15:41Z","_id":"architectureprinciple_rkXzXjoDsm8","priority":"4","rationale":"Rationale 2:\r\nline1\r\nline2","label":"Principle 12"}]}}},"diagram":{"instances":{"aodservices_2aSbaEQU3Kl":{"uiInfo":"<mxGraphModel dx=\"838\" dy=\"661\" grid=\"1\" gridSize=\"10\" guides=\"1\" tooltips=\"1\" connect=\"1\" arrows=\"1\" fold=\"1\" page=\"1\" pageScale=\"1\" pageWidth=\"1169\" pageHeight=\"827\" background=\"#ffffff\"><root><mxCell id=\"0\" modelId=\"aodservices_2aSbaEQU3Kl\"></mxCell><mxCell id=\"1\" parent=\"0\"></mxCell></root></mxGraphModel>","coreInfo":[{"modelType":"AODServices","lastModifiedUserId":"xierulei@cn.ibm.com","description":"","lastModified":"2020-03-11T02:53:44Z","_id":"aodservices_2aSbaEQU3Kl","label":"sv"}]},"aodusagescenario_2kcZ1c99VdS":{"uiInfo":"<mxGraphModel dx=\"838\" dy=\"661\" grid=\"1\" gridSize=\"10\" guides=\"1\" tooltips=\"1\" connect=\"1\" arrows=\"1\" fold=\"1\" page=\"1\" pageScale=\"1\" pageWidth=\"1169\" pageHeight=\"827\" background=\"#ffffff\"><root><mxCell id=\"0\" modelId=\"aodusagescenario_2kcZ1c99VdS\"></mxCell><mxCell id=\"1\" parent=\"0\"></mxCell><mxCell id=\"ui_SkW_snOTU\" modelId=\"aodservices_2aSbaEQU3Kl\" parent=\"1\"></mxCell></root></mxGraphModel>","coreInfo":[{"modelType":"AODUsageScenario","lastModifiedUserId":"xierulei@cn.ibm.com","description":"","lastModified":"2020-06-18T02:36:32Z","_id":"aodusagescenario_2kcZ1c99VdS","label":"s"},{"modelType":"AODServices","annotation":["{\"dx\":838,\"dy\":661,\"grid\":1,\"gridSize\":10,\"guides\":1,\"tooltips\":1,\"connect\":1,\"arrows\":1,\"fold\":1,\"page\":1,\"pageScale\":1,\"pageWidth\":1169,\"pageHeight\":827,\"background\":\"#ffffff\"}"],"lastModifiedUserId":"xierulei@cn.ibm.com","description":"","lastModified":"2020-03-11T02:53:44Z","_id":"aodservices_2aSbaEQU3Kl","label":"sv"}],"additional":{"owneds":[]}},"aodusagescenario_2kcZ5Lo8yRL":{"uiInfo":"<mxGraphModel dx=\"838\" dy=\"661\" grid=\"1\" gridSize=\"10\" guides=\"1\" tooltips=\"1\" connect=\"1\" arrows=\"1\" fold=\"1\" page=\"1\" pageScale=\"1\" pageWidth=\"1169\" pageHeight=\"827\" background=\"#ffffff\"><root><mxCell id=\"0\" modelId=\"aodusagescenario_2kcZ5Lo8yRL\"></mxCell><mxCell id=\"1\" parent=\"0\"></mxCell><mxCell id=\"aoditsystem_2e29Rt5QjmN_22kcZ9tOViLH\" style=\"whiteSpace=wrap;html=1;align=center;verticalAlign=top;strokeWidth=4;strokeColor=#CCCCCC;fillColor=none;\" vertex=\"1\" modelId=\"location_2e2a0eLyENp\" parent=\"1\"><mxGeometry x=\"25\" y=\"180\" width=\"550\" height=\"380\" as=\"geometry\"></mxGeometry></mxCell><mxCell id=\"aoditsystem_2e29Rt5QjmN_32kcZ9tPUnLT\" style=\"shape=image;html=1;verticalLabelPosition=bottom;labelBackgroundColor=#ffffff;verticalAlign=top;imageAspect=0;image=/cogarch/assets/mxgraph/stencils/clipart/others/generic.svg\" vertex=\"1\" modelId=\"logicalnode_S147joPjXI\" parent=\"1\"><mxGeometry x=\"151\" y=\"230\" width=\"60\" height=\"60\" as=\"geometry\"></mxGeometry></mxCell><mxCell id=\"aoditsystem_2e29Rt5QjmN_42kcZ9tPT6I2\" style=\"shape=umlActor;html=1;verticalLabelPosition=bottom;verticalAlign=top;\" vertex=\"1\" modelId=\"actor_rkkxmjjPs78\" parent=\"1\"><mxGeometry x=\"300\" y=\"379\" width=\"35\" height=\"70\" as=\"geometry\"></mxGeometry></mxCell><mxCell id=\"aoditsystem_2e29Rt5QjmN_52kcZ9tPs8m0\" style=\"shape=image;html=1;verticalLabelPosition=bottom;labelBackgroundColor=#ffffff;verticalAlign=top;imageAspect=0;image=/cogarch/assets/mxgraph/stencils/clipart/others/generic.svg\" vertex=\"1\" modelId=\"logicalnode_2e2aBht9KNv\" parent=\"1\"><mxGeometry x=\"350\" y=\"270\" width=\"60\" height=\"60\" as=\"geometry\"></mxGeometry></mxCell><mxCell id=\"aoditsystem_2e29Rt5QjmN_532kcZbcFRJKF\" style=\"edgeStyle=orthogonalEdgeStyle;rounded=0;html=1;entryX=0;entryY=0.5;jettySize=auto;orthogonalLoop=1;\" edge=\"1\" modelId=\"logicalconnection_2kcZbcIUzDW\" parent=\"1\" source=\"aoditsystem_2e29Rt5QjmN_42kcZ9tPT6I2\" target=\"aoditsystem_2e29Rt5QjmN_52kcZ9tPs8m0\"><mxGeometry relative=\"1\" as=\"geometry\"></mxGeometry></mxCell><mxCell id=\"ui_rkeZOi3dTL\" modelId=\"aoditsystem_2e29Rt5QjmN\" parent=\"1\"></mxCell></root></mxGraphModel>","coreInfo":[{"modelType":"AODUsageScenario","lastModifiedUserId":"xierulei@cn.ibm.com","description":"","lastModified":"2020-06-18T02:36:50Z","_id":"aodusagescenario_2kcZ5Lo8yRL","label":"it"},{"modelType":"AODITSystem","annotation":["{\"dx\":1378,\"dy\":727,\"grid\":1,\"gridSize\":10,\"guides\":1,\"tooltips\":1,\"connect\":1,\"arrows\":1,\"fold\":1,\"page\":1,\"pageScale\":1,\"pageWidth\":1169,\"pageHeight\":827,\"background\":\"#ffffff\"}"],"lastModifiedUserId":"xierulei@cn.ibm.com","description":"","lastModified":"2020-06-18T02:37:13Z","_id":"aoditsystem_2e29Rt5QjmN","label":"itsv","children":"location_2e2a0eLyENp,logicalconnection_2kcZbcIUzDW"},{"modelType":"Location","description":"","_id":"location_2e2a0eLyENp","label":"Location","children":"actor_rkkxmjjPs78,logicalnode_S147joPjXI,logicalnode_2e2aBht9KNv"},{"modelType":"LogicalConnection","description":"","_id":"logicalconnection_2kcZbcIUzDW","flowType":"not specified","label":""}],"additional":{"owneds":[]}},"aodusagescenario_2kd0JRedSWy":{"uiInfo":"<mxGraphModel dx=\"1586\" dy=\"727\" grid=\"1\" gridSize=\"10\" guides=\"1\" tooltips=\"1\" connect=\"1\" arrows=\"1\" fold=\"1\" page=\"1\" pageScale=\"1\" pageWidth=\"1169\" pageHeight=\"827\" background=\"#ffffff\"><root><mxCell id=\"0\" modelId=\"aodusagescenario_2kd0JRedSWy\"></mxCell><mxCell id=\"1\" parent=\"0\"></mxCell><mxCell id=\"aoditsystem_2e29Rt5QjmN_22kcZ9tOViLH\" style=\"whiteSpace=wrap;html=1;align=center;verticalAlign=top;strokeWidth=4;strokeColor=#CCCCCC;fillColor=none;\" vertex=\"1\" modelId=\"location_2e2a0eLyENp\" parent=\"1\"><mxGeometry x=\"25\" y=\"180\" width=\"550\" height=\"380\" as=\"geometry\"></mxGeometry></mxCell><mxCell id=\"aoditsystem_2e29Rt5QjmN_32kcZ9tPUnLT\" style=\"shape=image;html=1;verticalLabelPosition=bottom;labelBackgroundColor=#ffffff;verticalAlign=top;imageAspect=0;image=/cogarch/assets/mxgraph/stencils/clipart/others/generic.svg\" vertex=\"1\" modelId=\"logicalnode_S147joPjXI\" parent=\"1\"><mxGeometry x=\"151\" y=\"230\" width=\"60\" height=\"60\" as=\"geometry\"></mxGeometry></mxCell><mxCell id=\"aoditsystem_2e29Rt5QjmN_42kcZ9tPT6I2\" style=\"shape=umlActor;html=1;verticalLabelPosition=bottom;verticalAlign=top;\" vertex=\"1\" modelId=\"actor_rkkxmjjPs78\" parent=\"1\"><mxGeometry x=\"300\" y=\"379\" width=\"35\" height=\"70\" as=\"geometry\"></mxGeometry></mxCell><mxCell id=\"aoditsystem_2e29Rt5QjmN_52kcZ9tPs8m0\" style=\"shape=image;html=1;verticalLabelPosition=bottom;labelBackgroundColor=#ffffff;verticalAlign=top;imageAspect=0;image=/cogarch/assets/mxgraph/stencils/clipart/others/generic.svg\" vertex=\"1\" modelId=\"logicalnode_2e2aBht9KNv\" parent=\"1\"><mxGeometry x=\"350\" y=\"270\" width=\"60\" height=\"60\" as=\"geometry\"></mxGeometry></mxCell><mxCell id=\"aoditsystem_2e29Rt5QjmN_532kcZbcFRJKF\" style=\"edgeStyle=orthogonalEdgeStyle;rounded=0;html=1;entryX=0;entryY=0.5;jettySize=auto;orthogonalLoop=1;\" edge=\"1\" modelId=\"logicalconnection_2kcZbcIUzDW\" parent=\"1\" source=\"aoditsystem_2e29Rt5QjmN_42kcZ9tPT6I2\" target=\"aoditsystem_2e29Rt5QjmN_52kcZ9tPs8m0\"><mxGeometry relative=\"1\" as=\"geometry\"></mxGeometry></mxCell><mxCell id=\"ui_By-WOshOaI\" modelId=\"aoditsystem_2e29Rt5QjmN\" parent=\"1\"></mxCell></root></mxGraphModel>","coreInfo":[{"modelType":"AODUsageScenario","lastModifiedUserId":"xierulei@cn.ibm.com","description":"","lastModified":"2020-06-18T02:45:06Z","_id":"aodusagescenario_2kd0JRedSWy","label":"itsv2"},{"modelType":"UsageStep","description":"","_id":"usagestep_2kd0MzhpMLE","label":"2","children":"logicalconnection_2kcZbcIUzDW"},{"modelType":"UsageStep","description":"","_id":"usagestep_2kd0NB8hZpe","label":"b","children":"logicalconnection_2kcZbcIUzDW"},{"modelType":"UsageStep","description":"","_id":"usagestep_2kd0MY98Dxw","label":"1","children":"logicalconnection_2kcZbcIUzDW"},{"modelType":"AODITSystem","annotation":["{\"dx\":1378,\"dy\":727,\"grid\":1,\"gridSize\":10,\"guides\":1,\"tooltips\":1,\"connect\":1,\"arrows\":1,\"fold\":1,\"page\":1,\"pageScale\":1,\"pageWidth\":1169,\"pageHeight\":827,\"background\":\"#ffffff\"}"],"lastModifiedUserId":"xierulei@cn.ibm.com","description":"","lastModified":"2020-06-18T02:37:13Z","_id":"aoditsystem_2e29Rt5QjmN","label":"itsv","children":"location_2e2a0eLyENp,logicalconnection_2kcZbcIUzDW"},{"modelType":"LogicalConnection","description":"","_id":"logicalconnection_2kcZbcIUzDW","flowType":"not specified","label":""},{"modelType":"Location","description":"","_id":"location_2e2a0eLyENp","label":"Location","children":"actor_rkkxmjjPs78,logicalnode_S147joPjXI,logicalnode_2e2aBht9KNv"}],"additional":{"owneds":[]}},"aoditsystem_2e29Rt5QjmN":{"uiInfo":"<mxGraphModel dx=\"1378\" dy=\"727\" grid=\"1\" gridSize=\"10\" guides=\"1\" tooltips=\"1\" connect=\"1\" arrows=\"1\" fold=\"1\" page=\"1\" pageScale=\"1\" pageWidth=\"1169\" pageHeight=\"827\" background=\"#ffffff\"><root><mxCell id=\"0\" modelId=\"aoditsystem_2e29Rt5QjmN\"></mxCell><mxCell id=\"1\" parent=\"0\"></mxCell><mxCell id=\"aoditsystem_2e29Rt5QjmN_22kcZ9tOViLH\" style=\"whiteSpace=wrap;html=1;align=center;verticalAlign=top;strokeWidth=4;strokeColor=#CCCCCC;fillColor=none;\" vertex=\"1\" modelId=\"location_2e2a0eLyENp\" parent=\"1\"><mxGeometry x=\"25\" y=\"180\" width=\"550\" height=\"380\" as=\"geometry\"></mxGeometry></mxCell><mxCell id=\"aoditsystem_2e29Rt5QjmN_32kcZ9tPUnLT\" style=\"shape=image;html=1;verticalLabelPosition=bottom;labelBackgroundColor=#ffffff;verticalAlign=top;imageAspect=0;image=/cogarch/assets/mxgraph/stencils/clipart/others/generic.svg\" vertex=\"1\" modelId=\"logicalnode_S147joPjXI\" parent=\"1\"><mxGeometry x=\"151\" y=\"230\" width=\"60\" height=\"60\" as=\"geometry\"></mxGeometry></mxCell><mxCell id=\"aoditsystem_2e29Rt5QjmN_42kcZ9tPT6I2\" style=\"shape=umlActor;html=1;verticalLabelPosition=bottom;verticalAlign=top;\" vertex=\"1\" modelId=\"actor_rkkxmjjPs78\" parent=\"1\"><mxGeometry x=\"300\" y=\"379\" width=\"35\" height=\"70\" as=\"geometry\"></mxGeometry></mxCell><mxCell id=\"aoditsystem_2e29Rt5QjmN_52kcZ9tPs8m0\" style=\"shape=image;html=1;verticalLabelPosition=bottom;labelBackgroundColor=#ffffff;verticalAlign=top;imageAspect=0;image=/cogarch/assets/mxgraph/stencils/clipart/others/generic.svg\" vertex=\"1\" modelId=\"logicalnode_2e2aBht9KNv\" parent=\"1\"><mxGeometry x=\"350\" y=\"270\" width=\"60\" height=\"60\" as=\"geometry\"></mxGeometry></mxCell><mxCell id=\"aoditsystem_2e29Rt5QjmN_532kcZbcFRJKF\" style=\"edgeStyle=orthogonalEdgeStyle;rounded=0;html=1;entryX=0;entryY=0.5;jettySize=auto;orthogonalLoop=1;\" edge=\"1\" modelId=\"logicalconnection_2kcZbcIUzDW\" parent=\"1\" source=\"aoditsystem_2e29Rt5QjmN_42kcZ9tPT6I2\" target=\"aoditsystem_2e29Rt5QjmN_52kcZ9tPs8m0\"><mxGeometry relative=\"1\" as=\"geometry\"></mxGeometry></mxCell></root></mxGraphModel>","coreInfo":[{"modelType":"AODITSystem","lastModifiedUserId":"xierulei@cn.ibm.com","description":"","lastModified":"2020-06-18T02:37:13Z","_id":"aoditsystem_2e29Rt5QjmN","label":"itsv"},{"modelType":"Location","description":"","_id":"location_2e2a0eLyENp","label":"Location","children":"actor_rkkxmjjPs78,logicalnode_S147joPjXI,logicalnode_2e2aBht9KNv"},{"modelType":"LogicalConnection","description":"","_id":"logicalconnection_2kcZbcIUzDW","flowType":"not specified","label":""}]},"usecasediagram_2jFH9b0KgbC":{"uiInfo":"<mxGraphModel dx=\"1378\" dy=\"727\" grid=\"1\" gridSize=\"10\" guides=\"1\" tooltips=\"1\" connect=\"1\" arrows=\"1\" fold=\"1\" page=\"1\" pageScale=\"1\" pageWidth=\"1169\" pageHeight=\"827\" background=\"#ffffff\"><root><mxCell id=\"0\" modelId=\"usecasediagram_2jFH9b0KgbC\"></mxCell><mxCell id=\"1\" parent=\"0\"></mxCell><mxCell id=\"usecasediagram_2jFH9b0KgbC_22jFHEQZzNsR\" style=\"ellipse;whiteSpace=wrap;html=1;\" vertex=\"1\" modelId=\"usecase_2jFHbFzV6tN\" parent=\"1\"><mxGeometry x=\"530\" y=\"280\" width=\"140\" height=\"70\" as=\"geometry\"></mxGeometry></mxCell><mxCell id=\"usecasediagram_2jFH9b0KgbC_32jFHEQZq5F6\" style=\"shape=umlActor;html=1;verticalLabelPosition=bottom;verticalAlign=top;\" vertex=\"1\" modelId=\"actor_2jFHofDg4ys\" parent=\"1\"><mxGeometry x=\"290\" y=\"390\" width=\"35\" height=\"70\" as=\"geometry\"></mxGeometry></mxCell><mxCell id=\"usecasediagram_2jFH9b0KgbC_182jFHFyZyNm5\" style=\"edgeStyle=orthogonalEdgeStyle;rounded=0;html=1;endArrow=none;\" edge=\"1\" modelId=\"association_2jFHFz1S86f\" parent=\"1\" source=\"usecasediagram_2jFH9b0KgbC_32jFHEQZq5F6\" target=\"usecasediagram_2jFH9b0KgbC_22jFHEQZzNsR\"><mxGeometry relative=\"1\" as=\"geometry\"></mxGeometry></mxCell></root></mxGraphModel>","coreInfo":[{"modelType":"UseCaseDiagram","lastModifiedUserId":"xierulei@cn.ibm.com","description":"","lastModified":"2020-06-12T10:01:06Z","_id":"usecasediagram_2jFH9b0KgbC","label":"ucd23"}]},"usecasediagram_23NlZ51pDG7_SkvweC9zU":{"uiInfo":"<mxGraphModel dx=\"963\" dy=\"544\" grid=\"1\" gridSize=\"10\" guides=\"1\" tooltips=\"1\" connect=\"1\" arrows=\"1\" fold=\"1\" page=\"1\" pageScale=\"1\" pageWidth=\"1169\" pageHeight=\"827\" background=\"#ffffff\"><root><mxCell id=\"0\" modelId=\"usecasediagram_23NlZ51pDG7_SkvweC9zU\"></mxCell><mxCell id=\"1\" parent=\"0\"></mxCell><mxCell id=\"usecasediagram_23NlZ51pDG7_223Nm8XES3MP\" style=\"ellipse;whiteSpace=wrap;html=1;\" vertex=\"1\" modelId=\"usecase_23Nm8XEi7op_SkvweC9zU\" parent=\"1\"><mxGeometry x=\"260\" y=\"120\" width=\"140\" height=\"70\" as=\"geometry\"></mxGeometry></mxCell><mxCell id=\"usecasediagram_23NlZ51pDG7_323Nm9vNKPcH\" style=\"shape=umlActor;html=1;verticalLabelPosition=bottom;verticalAlign=top;\" vertex=\"1\" modelId=\"actor_23Nm9vOfjs3_SkvweC9zU\" parent=\"1\"><mxGeometry x=\"280\" y=\"440\" width=\"35\" height=\"70\" as=\"geometry\"></mxGeometry></mxCell><mxCell id=\"usecasediagram_23NlZ51pDG7_423Nm9UWfSpr\" style=\"ellipse;whiteSpace=wrap;html=1;\" vertex=\"1\" modelId=\"usecase_23Nm9UWLLLY_SkvweC9zU\" parent=\"1\"><mxGeometry x=\"600\" y=\"250\" width=\"140\" height=\"70\" as=\"geometry\"></mxGeometry></mxCell><mxCell id=\"usecasediagram_23NlZ51pDG7_623NmbRZVGOz\" style=\"edgeStyle=orthogonalEdgeStyle;rounded=0;html=1;endArrow=block;endSize=16;endFill=0;dashed=1;\" edge=\"1\" modelId=\"association_23NmbS0YL9d_SkvweC9zU\" parent=\"1\" source=\"usecasediagram_23NlZ51pDG7_223Nm8XES3MP\" target=\"usecasediagram_23NlZ51pDG7_423Nm9UWfSpr\"><mxGeometry relative=\"1\" as=\"geometry\"></mxGeometry></mxCell></root></mxGraphModel>","coreInfo":[{"modelType":"UseCaseDiagram","lastModifiedUserId":"xierulei@cn.ibm.com","description":"","lastModified":"2020-02-07T11:56:16Z","_id":"usecasediagram_23NlZ51pDG7_SkvweC9zU","label":"ucd"}]},"usecasediagram_SJTCWkX1U_SkvweC9zU":{"uiInfo":"<mxGraphModel dx=\"1378\" dy=\"1554\" grid=\"1\" gridSize=\"10\" guides=\"1\" tooltips=\"1\" connect=\"1\" arrows=\"1\" fold=\"1\" page=\"1\" pageScale=\"1\" pageWidth=\"1169\" pageHeight=\"827\" background=\"#ffffff\"><root><mxCell id=\"0\" modelId=\"usecasediagram_SJTCWkX1U_SkvweC9zU\"></mxCell><mxCell id=\"1\" parent=\"0\"></mxCell><mxCell id=\"usecasediagram_SJTCWkX1U_SkvweC9zU_22jXcZggGiSV\" style=\"ellipse;whiteSpace=wrap;html=1;\" vertex=\"1\" modelId=\"usecase_23Nm8XEi7op_SkvweC9zU\" parent=\"1\"><mxGeometry x=\"260\" y=\"120\" width=\"140\" height=\"70\" as=\"geometry\"></mxGeometry></mxCell><mxCell id=\"usecasediagram_SJTCWkX1U_SkvweC9zU_32jXcZggO2F1\" style=\"shape=umlActor;html=1;verticalLabelPosition=bottom;verticalAlign=top;\" vertex=\"1\" modelId=\"actor_23Nm9vOfjs3_SkvweC9zU\" parent=\"1\"><mxGeometry x=\"280\" y=\"440\" width=\"35\" height=\"70\" as=\"geometry\"></mxGeometry></mxCell><mxCell id=\"usecasediagram_SJTCWkX1U_SkvweC9zU_42jXcZggdVLI\" style=\"ellipse;whiteSpace=wrap;html=1;\" vertex=\"1\" modelId=\"usecase_23Nm9UWLLLY_SkvweC9zU\" parent=\"1\"><mxGeometry x=\"600\" y=\"250\" width=\"140\" height=\"70\" as=\"geometry\"></mxGeometry></mxCell><mxCell id=\"usecasediagram_SJTCWkX1U_SkvweC9zU_52jXcZgg0Apb\" style=\"edgeStyle=orthogonalEdgeStyle;rounded=0;html=1;endArrow=none;\" edge=\"1\" modelId=\"association_23NmuyokN0j_SkvweC9zU\" parent=\"1\" source=\"usecasediagram_SJTCWkX1U_SkvweC9zU_22jXcZggGiSV\" target=\"usecasediagram_SJTCWkX1U_SkvweC9zU_92jXcZgh0Zov\"><mxGeometry relative=\"1\" as=\"geometry\"><Array as=\"points\"><mxPoint x=\"510\" y=\"155\"></mxPoint></Array></mxGeometry></mxCell><mxCell id=\"usecasediagram_SJTCWkX1U_SkvweC9zU_62jXcZghTbkN\" style=\"edgeStyle=orthogonalEdgeStyle;rounded=0;html=1;endArrow=block;endSize=16;endFill=0;dashed=1;exitX=1;exitY=1;\" edge=\"1\" modelId=\"association_23NmqDNcvZF_SkvweC9zU\" parent=\"1\" source=\"usecasediagram_SJTCWkX1U_SkvweC9zU_72jXcZghIqLP\" target=\"usecasediagram_SJTCWkX1U_SkvweC9zU_42jXcZggdVLI\"><mxGeometry relative=\"1\" as=\"geometry\"><Array as=\"points\"><mxPoint x=\"619\" y=\"135\"></mxPoint><mxPoint x=\"670\" y=\"135\"></mxPoint></Array></mxGeometry></mxCell><mxCell id=\"usecasediagram_SJTCWkX1U_SkvweC9zU_72jXcZghIqLP\" style=\"ellipse;whiteSpace=wrap;html=1;\" vertex=\"1\" modelId=\"usecase_23NmnE2Kjcz_SkvweC9zU\" parent=\"1\"><mxGeometry x=\"500\" y=\"-50\" width=\"140\" height=\"70\" as=\"geometry\"></mxGeometry></mxCell><mxCell id=\"usecasediagram_SJTCWkX1U_SkvweC9zU_82jXcZghMoqW\" style=\"endArrow=block;endSize=16;endFill=0;dashed=1;html=1;entryX=0.5;entryY=0;exitX=0;exitY=0.5;\" edge=\"1\" modelId=\"association_23Nmrdj4aqV_SkvweC9zU\" parent=\"1\" source=\"usecasediagram_SJTCWkX1U_SkvweC9zU_72jXcZghIqLP\" target=\"usecasediagram_SJTCWkX1U_SkvweC9zU_22jXcZggGiSV\"><mxGeometry width=\"50\" height=\"50\" relative=\"1\" as=\"geometry\"><mxPoint x=\"280\" y=\"30\" as=\"sourcePoint\"></mxPoint><mxPoint x=\"330\" y=\"-20\" as=\"targetPoint\"></mxPoint></mxGeometry></mxCell><mxCell id=\"usecasediagram_SJTCWkX1U_SkvweC9zU_92jXcZgh0Zov\" style=\"shape=process;html=1;whiteSpace=wrap;\" vertex=\"1\" modelId=\"actor_23Nmtufiz7X_SkvweC9zU\" parent=\"1\"><mxGeometry x=\"450\" y=\"370\" width=\"120\" height=\"60\" as=\"geometry\"></mxGeometry></mxCell><mxCell id=\"usecasediagram_SJTCWkX1U_SkvweC9zU_102jXcZghCkVe\" style=\"edgeStyle=orthogonalEdgeStyle;rounded=0;html=1;endArrow=none;exitX=0.5;exitY=1;entryX=0.5;entryY=0;entryPerimeter=0;\" edge=\"1\" modelId=\"association_23NmuWMMji8_SkvweC9zU\" parent=\"1\" source=\"usecasediagram_SJTCWkX1U_SkvweC9zU_72jXcZghIqLP\" target=\"usecasediagram_SJTCWkX1U_SkvweC9zU_32jXcZggO2F1\"><mxGeometry relative=\"1\" as=\"geometry\"><mxPoint x=\"410\" y=\"165\" as=\"sourcePoint\"></mxPoint><mxPoint x=\"520\" y=\"380\" as=\"targetPoint\"></mxPoint><Array as=\"points\"><mxPoint x=\"570\" y=\"210\"></mxPoint><mxPoint x=\"420\" y=\"210\"></mxPoint><mxPoint x=\"420\" y=\"440\"></mxPoint></Array></mxGeometry></mxCell><mxCell id=\"usecasediagram_SJTCWkX1U_SkvweC9zU_112jXcZghcJIi\" style=\"shape=umlActor;html=1;verticalLabelPosition=bottom;verticalAlign=top;\" vertex=\"1\" modelId=\"actor_2jXcTsBJgN4\" parent=\"1\"><mxGeometry x=\"60\" y=\"215\" width=\"35\" height=\"70\" as=\"geometry\"></mxGeometry></mxCell><mxCell id=\"usecasediagram_SJTCWkX1U_SkvweC9zU_122jXcZgh37se\" style=\"shape=umlActor;html=1;verticalLabelPosition=bottom;verticalAlign=top;\" vertex=\"1\" modelId=\"actor_2jXcVPEl8Ef\" parent=\"1\"><mxGeometry x=\"90\" y=\"390\" width=\"35\" height=\"70\" as=\"geometry\"></mxGeometry></mxCell><mxCell id=\"usecasediagram_SJTCWkX1U_SkvweC9zU_132jXcZghr1ip\" style=\"shape=umlActor;html=1;verticalLabelPosition=bottom;verticalAlign=top;\" vertex=\"1\" modelId=\"actor_2jXcXB4Fn3F\" parent=\"1\"><mxGeometry x=\"225\" y=\"310\" width=\"35\" height=\"70\" as=\"geometry\"></mxGeometry></mxCell><mxCell id=\"usecasediagram_SJTCWkX1U_SkvweC9zU_342jXd0hOJjdf\" style=\"edgeStyle=orthogonalEdgeStyle;rounded=0;html=1;endArrow=none;\" edge=\"1\" modelId=\"association_2jXd0hR8jcE\" parent=\"1\" source=\"usecasediagram_SJTCWkX1U_SkvweC9zU_112jXcZghcJIi\" target=\"usecasediagram_SJTCWkX1U_SkvweC9zU_22jXcZggGiSV\"><mxGeometry relative=\"1\" as=\"geometry\"></mxGeometry></mxCell><mxCell id=\"usecasediagram_SJTCWkX1U_SkvweC9zU_352jXd147Djr5\" style=\"edgeStyle=orthogonalEdgeStyle;rounded=0;html=1;endArrow=none;\" edge=\"1\" modelId=\"association_2jXd14bOfpQ\" parent=\"1\" source=\"usecasediagram_SJTCWkX1U_SkvweC9zU_132jXcZghr1ip\" target=\"usecasediagram_SJTCWkX1U_SkvweC9zU_22jXcZggGiSV\"><mxGeometry relative=\"1\" as=\"geometry\"></mxGeometry></mxCell><mxCell id=\"usecasediagram_SJTCWkX1U_SkvweC9zU_362jXd2hqt9R3\" style=\"edgeStyle=orthogonalEdgeStyle;rounded=0;html=1;endArrow=none;\" edge=\"1\" modelId=\"association_2jXd2htQN3g\" parent=\"1\" source=\"usecasediagram_SJTCWkX1U_SkvweC9zU_122jXcZgh37se\" target=\"usecasediagram_SJTCWkX1U_SkvweC9zU_22jXcZggGiSV\"><mxGeometry relative=\"1\" as=\"geometry\"></mxGeometry></mxCell></root></mxGraphModel>","coreInfo":[{"modelType":"UseCaseDiagram","lastModifiedUserId":"xierulei@cn.ibm.com","description":"","lastModified":"2020-06-15T09:51:50Z","_id":"usecasediagram_SJTCWkX1U_SkvweC9zU","label":"ucd-copy"}]},"pomview_28Z5lvf1V1H":{"uiInfo":"<mxGraphModel dx=\"1374\" dy=\"727\" grid=\"1\" gridSize=\"10\" guides=\"1\" tooltips=\"1\" connect=\"1\" arrows=\"1\" fold=\"1\" page=\"1\" pageScale=\"1\" pageWidth=\"1169\" pageHeight=\"827\" background=\"#ffffff\"><root><mxCell id=\"0\" modelId=\"pomview_28Z5lvf1V1H\"></mxCell><mxCell id=\"1\" parent=\"0\"></mxCell><mxCell id=\"pomview_28Z5lvf1V1H_22e1CWmV5766\" style=\"shape=corner;whiteSpace=wrap;html=1;fillColor=none;container=1;align=center;verticalAlign=top;strokeWidth=4;strokeColor=#CCCCCC;dx=450;dy=300;\" vertex=\"1\" modelId=\"omlocation_28Z5nces9lw\" parent=\"1\"><mxGeometry x=\"230\" y=\"170\" width=\"620\" height=\"490\" as=\"geometry\"></mxGeometry></mxCell><mxCell id=\"pomview_28Z5lvf1V1H_32e1CWmVi5RU\" style=\"swimlane;fontStyle=0;horizontal=1;startSize=26;horizontalStack=0;resizeParent=1;resizeParentMax=0;resizeLast=0;collapsible=1;marginBottom=0;swimlaneFillColor=#ffffff;\" vertex=\"1\" modelId=\"physicalnode_28Z5nSxX4eL\" parent=\"pomview_28Z5lvf1V1H_22e1CWmV5766\"><mxGeometry x=\"40\" y=\"80\" width=\"170\" height=\"160\" as=\"geometry\"></mxGeometry></mxCell><mxCell id=\"pomview_28Z5lvf1V1H_42e1CWmV7PEb\" style=\"swimlane;fontStyle=0;childLayout=stackLayout;horizontal=1;startSize=26;horizontalStack=0;resizeParent=1;resizeParentMax=0;resizeLast=0;collapsible=1;marginBottom=0;swimlaneFillColor=#ffffff;\" vertex=\"1\" modelId=\"logicalnode_S147joPjXI\" parent=\"pomview_28Z5lvf1V1H_32e1CWmVi5RU\"><mxGeometry x=\"30\" y=\"50\" width=\"140\" height=\"74\" as=\"geometry\"></mxGeometry></mxCell><mxCell id=\"pomview_28Z5lvf1V1H_52e1CWmVALhH\" style=\"swimlane;fontStyle=0;horizontal=1;startSize=26;horizontalStack=0;resizeParent=1;resizeParentMax=0;resizeLast=0;collapsible=1;marginBottom=0;swimlaneFillColor=#ffffff;\" vertex=\"1\" modelId=\"physicalnode_B127isDsmU\" parent=\"pomview_28Z5lvf1V1H_22e1CWmV5766\"><mxGeometry x=\"50\" y=\"260\" width=\"230\" height=\"230\" as=\"geometry\"></mxGeometry></mxCell><mxCell id=\"pomview_28Z5lvf1V1H_62e1CWmVyn0I\" style=\"swimlane;html=1;fontStyle=0;horizontal=1;startSize=26;horizontalStack=0;resizeParent=1;resizeParentMax=0;resizeLast=0;collapsible=1;marginBottom=0;swimlaneFillColor=#ffffff;\" vertex=\"1\" modelId=\"physicalnode_2e1BHk8wQ94\" parent=\"pomview_28Z5lvf1V1H_52e1CWmVALhH\"><mxGeometry x=\"10\" y=\"30\" width=\"220\" height=\"200\" as=\"geometry\"></mxGeometry></mxCell><mxCell id=\"pomview_28Z5lvf1V1H_72e1CWmVwupp\" style=\"swimlane;html=1;fontStyle=0;horizontal=1;startSize=26;horizontalStack=0;resizeParent=1;resizeParentMax=0;resizeLast=0;collapsible=1;marginBottom=0;swimlaneFillColor=#ffffff;\" vertex=\"1\" modelId=\"physicalnode_2e1BI75t2vd\" parent=\"pomview_28Z5lvf1V1H_62e1CWmVyn0I\"><mxGeometry x=\"40\" y=\"50\" width=\"180\" height=\"150\" as=\"geometry\"></mxGeometry></mxCell><mxCell id=\"pomview_28Z5lvf1V1H_82e1CWmVSWH2\" style=\"swimlane;fontStyle=0;childLayout=stackLayout;horizontal=1;startSize=26;horizontalStack=0;resizeParent=1;resizeParentMax=0;resizeLast=0;collapsible=1;marginBottom=0;swimlaneFillColor=#ffffff;\" vertex=\"1\" modelId=\"logicalnode_S147joPjXI\" parent=\"pomview_28Z5lvf1V1H_72e1CWmVwupp\"><mxGeometry x=\"40\" y=\"40\" width=\"140\" height=\"74\" as=\"geometry\"></mxGeometry></mxCell><mxCell id=\"pomview_28Z5lvf1V1H_92e1CWmV1Jg0\" style=\"shape=process;html=1;whiteSpace=wrap;\" vertex=\"1\" modelId=\"actor_ByCQiiDs7U\" parent=\"pomview_28Z5lvf1V1H_22e1CWmV5766\"><mxGeometry x=\"460\" y=\"420\" width=\"120\" height=\"60\" as=\"geometry\"></mxGeometry></mxCell><mxCell id=\"pomview_28Z5lvf1V1H_102e1CWmVg633\" style=\"shape=umlActor;html=1;verticalLabelPosition=bottom;verticalAlign=top;\" vertex=\"1\" modelId=\"actor_rkkxmjjPs78\" parent=\"pomview_28Z5lvf1V1H_22e1CWmV5766\"><mxGeometry x=\"490\" y=\"320\" width=\"35\" height=\"70\" as=\"geometry\"></mxGeometry></mxCell><mxCell id=\"pomview_28Z5lvf1V1H_112e1CWmVvnPK\" style=\"edgeStyle=orthogonalEdgeStyle;rounded=0;html=1;endArrow=none;entryX=0.75;entryY=0;\" edge=\"1\" modelId=\"physicalconnection_2cdKP7Nvnvw\" parent=\"pomview_28Z5lvf1V1H_22e1CWmV5766\" source=\"pomview_28Z5lvf1V1H_102e1CWmVg633\" target=\"pomview_28Z5lvf1V1H_32e1CWmVi5RU\"><mxGeometry relative=\"1\" as=\"geometry\"></mxGeometry></mxCell><mxCell id=\"pomview_28Z5lvf1V1H_322e1EcOrjXHR\" style=\"edgeStyle=orthogonalEdgeStyle;rounded=0;html=1;entryX=0;entryY=0.5;jettySize=auto;orthogonalLoop=1;\" edge=\"1\" modelId=\"logicalconnection_2e1EcOvzAcc\" parent=\"pomview_28Z5lvf1V1H_22e1CWmV5766\" source=\"pomview_28Z5lvf1V1H_42e1CWmV7PEb\" target=\"pomview_28Z5lvf1V1H_92e1CWmV1Jg0\"><mxGeometry relative=\"1\" as=\"geometry\"></mxGeometry></mxCell><mxCell id=\"pomview_28Z5lvf1V1H_312e1E5gYnmRF\" value=\"Text\" style=\"text;html=1;resizable=0;points=[];autosize=1;align=left;verticalAlign=top;spacingTop=-4;\" parent=\"1\" vertex=\"1\"><mxGeometry x=\"978\" y=\"383\" width=\"40\" height=\"20\" as=\"geometry\"></mxGeometry></mxCell></root></mxGraphModel>","coreInfo":[{"modelType":"POMView","logicalLayerStatus":"on","lastModifiedUserId":"xierulei@cn.ibm.com","description":"","lastModified":"2020-04-13T14:58:45Z","_id":"pomview_28Z5lvf1V1H","label":"dsf"},{"modelType":"OMLocation","description":"","_id":"omlocation_28Z5nces9lw","cardinality":"1","label":"OMLocation","children":"physicalnode_28Z5nSxX4eL,actor_rkkxmjjPs78,actor_ByCQiiDs7U,physicalnode_B127isDsmU"},{"modelType":"PhysicalNode","description":"","_id":"physicalnode_28Z5nSxX4eL","type":"Physical","cardinality":"1","label":"P. Node","children":"logicalnode_S147joPjXI"},{"modelType":"PhysicalNode","description":"PN 21 Description:\r\nLine 1\r\nLine 2","_id":"physicalnode_B127isDsmU","type":"Physical","cardinality":"1","label":"PN 21","children":"physicalnode_2e1BHk8wQ94"},{"modelType":"PhysicalNode","description":"","_id":"physicalnode_2e1BHk8wQ94","type":"Virtual","cardinality":"1","label":"V. Node","children":"physicalnode_2e1BI75t2vd"},{"modelType":"PhysicalNode","description":"","_id":"physicalnode_2e1BI75t2vd","type":"Container","cardinality":"1","label":"C. Node","children":"logicalnode_S147joPjXI"},{"modelType":"PhysicalConnection","description":"","_id":"physicalconnection_2cdKP7Nvnvw","type":"Point-point","label":""},{"modelType":"LogicalConnection","description":"","_id":"logicalconnection_2e1EcOvzAcc","flowType":"not specified","label":"","to":"actor_ByCQiiDs7U","from":"logicalnode_S147joPjXI"}]},"cmdynamicview_23NmFsU8o0m_SkvweC9zU":{"uiInfo":"<mxGraphModel dx=\"963\" dy=\"544\" grid=\"1\" gridSize=\"10\" guides=\"1\" tooltips=\"1\" connect=\"1\" arrows=\"1\" fold=\"1\" page=\"1\" pageScale=\"1\" pageWidth=\"1169\" pageHeight=\"827\" background=\"#ffffff\"><root><mxCell id=\"0\" modelId=\"cmdynamicview_23NmFsU8o0m_SkvweC9zU\"></mxCell><mxCell id=\"1\" parent=\"0\"></mxCell><mxCell id=\"cmdynamicview_23NmFsU8o0m_723NmGTB5ZFw\" style=\"shape=umlLifeline;participant=umlActor;perimeter=lifelinePerimeter;whiteSpace=wrap;html=1;container=1;collapsible=0;recursiveResize=0;verticalAlign=top;spacingTop=36;labelBackgroundColor=#ffffff;outlineConnect=0;\" vertex=\"1\" modelId=\"timeline_23NmGTAWxdv_SkvweC9zU\" parent=\"1\"><mxGeometry x=\"70\" y=\"130\" width=\"20\" height=\"300\" as=\"geometry\"></mxGeometry></mxCell><mxCell id=\"cmdynamicview_23NmFsU8o0m_823NmGTCVb8U\" modelId=\"actor_23Nm9vOfjs3_SkvweC9zU\" parent=\"1\"></mxCell><mxCell id=\"cmdynamicview_23NmFsU8o0m_923NmHw3A84r\" style=\"shape=umlLifeline;rounded=1;perimeter=lifelinePerimeter;whiteSpace=wrap;html=1;container=1;collapsible=0;recursiveResize=0;outlineConnect=0;\" vertex=\"1\" modelId=\"timeline_23NmHw3Sdqn_SkvweC9zU\" parent=\"1\"><mxGeometry x=\"660\" y=\"150\" width=\"100\" height=\"300\" as=\"geometry\"></mxGeometry></mxCell><mxCell id=\"cmdynamicview_23NmFsU8o0m_1123NmIzPc38Z\" style=\"edgeStyle=orthogonalEdgeStyle;rounded=0;html=1;noLabel=0;jettySize=auto;orthogonalLoop=1;\" edge=\"1\" modelId=\"componentmessage_23NmIzQmIWQ_SkvweC9zU\" parent=\"1\" source=\"cmdynamicview_23NmFsU8o0m_723NmGTB5ZFw\" target=\"cmdynamicview_23NmFsU8o0m_923NmHw3A84r\"><mxGeometry relative=\"1\" as=\"geometry\"></mxGeometry></mxCell></root></mxGraphModel>","coreInfo":[{"modelType":"CMDynamicView","lastModifiedUserId":"xierulei@cn.ibm.com","description":"","lastModified":"2020-02-07T11:56:18Z","_id":"cmdynamicview_23NmFsU8o0m_SkvweC9zU","type":"Component Interaction Diagram","label":"dv"},{"modelType":"UseCase","description":"","_id":"usecase_23NmnE2Kjcz_SkvweC9zU","label":"Copy of Use Case_1","uc_id":"Copy of Use Case_1"},{"modelType":"ComponentMessage","description":"","_id":"componentmessage_23NmIzQmIWQ_SkvweC9zU","type":"Call","label":"Call"},{"modelType":"Timeline","_id":"timeline_23NmHw3Sdqn_SkvweC9zU","children":"logicalcomponent_23NmHwfFnpd_SkvweC9zU"},{"modelType":"Timeline","_id":"timeline_23NmGTAWxdv_SkvweC9zU","children":"actor_23Nm9vOfjs3_SkvweC9zU"}]},"logicalerd_28UMilAZZjF":{"uiInfo":"<mxGraphModel dx=\"1378\" dy=\"727\" grid=\"1\" gridSize=\"10\" guides=\"1\" tooltips=\"1\" connect=\"1\" arrows=\"1\" fold=\"1\" page=\"1\" pageScale=\"1\" pageWidth=\"1169\" pageHeight=\"827\" background=\"#ffffff\"><root><mxCell id=\"0\" modelId=\"logicalerd_28UMilAZZjF\"></mxCell><mxCell id=\"1\" parent=\"0\"></mxCell></root></mxGraphModel>","coreInfo":[{"modelType":"LogicalERD","lastModifiedUserId":"xierulei@cn.ibm.com","description":"","lastModified":"2020-02-20T02:14:20Z","_id":"logicalerd_28UMilAZZjF","label":"dfdsa"}]},"lomview_2e06pTQbvO9":{"uiInfo":"<mxGraphModel dx=\"1378\" dy=\"727\" grid=\"1\" gridSize=\"10\" guides=\"1\" tooltips=\"1\" connect=\"1\" arrows=\"1\" fold=\"1\" page=\"1\" pageScale=\"1\" pageWidth=\"1169\" pageHeight=\"827\" background=\"#ffffff\"><root><mxCell id=\"0\" modelId=\"lomview_2e06pTQbvO9\"></mxCell><mxCell id=\"1\" parent=\"0\"></mxCell><mxCell id=\"lomview_2e06pTQbvO9_452e06ssGQK6b\" style=\"shape=corner;whiteSpace=wrap;html=1;fillColor=none;container=1;align=center;verticalAlign=top;strokeWidth=4;strokeColor=#CCCCCC;dx=450;dy=300;\" vertex=\"1\" modelId=\"omlocation_2e06ssGKHVv\" parent=\"1\"><mxGeometry x=\"40\" y=\"250\" width=\"450\" height=\"300\" as=\"geometry\"></mxGeometry></mxCell><mxCell id=\"lomview_2e06pTQbvO9_462e06uLjFhI4\" style=\"swimlane;html=1;fontStyle=0;childLayout=stackLayout;horizontal=1;startSize=26;horizontalStack=0;resizeParent=1;resizeParentMax=0;resizeLast=0;collapsible=1;marginBottom=0;swimlaneFillColor=#ffffff;\" vertex=\"1\" modelId=\"logicalnode_2e06uLjn8HC\" parent=\"lomview_2e06pTQbvO9_452e06ssGQK6b\"><mxGeometry x=\"70\" y=\"10\" width=\"140\" height=\"110\" as=\"geometry\"></mxGeometry></mxCell><mxCell id=\"lomview_2e06pTQbvO9_472e06vghHC4r\" style=\"swimlane;html=1;fontStyle=0;childLayout=stackLayout;horizontal=1;startSize=26;horizontalStack=0;resizeParent=1;resizeParentMax=0;resizeLast=0;collapsible=1;marginBottom=0;swimlaneFillColor=#ffffff;\" vertex=\"1\" modelId=\"logicalnode_2e06vgiBKQO\" parent=\"lomview_2e06pTQbvO9_452e06ssGQK6b\"><mxGeometry x=\"250\" y=\"30\" width=\"140\" height=\"110\" as=\"geometry\"></mxGeometry></mxCell></root></mxGraphModel>","coreInfo":[{"modelType":"LOMView","lastModifiedUserId":"xierulei@cn.ibm.com","description":"","lastModified":"2020-04-13T06:57:13Z","_id":"lomview_2e06pTQbvO9","label":"lom"},{"modelType":"OMLocation","description":"","_id":"omlocation_2e06ssGKHVv","cardinality":"1","label":"OMLocation32","children":"logicalnode_2e06uLjn8HC,logicalnode_2e06vgiBKQO"}]}}},"solution_advisors":{},"auditLog":{"_id":"architectureauditentry_tUvfR8y2l","archId":"arch_ryOwg0cfL","archChangeLog":[{"_id":"architecturechangelog_W848Nt8vW","date":"2020-06-18T02:43:22.750Z","type":"CREATE_INST","user":{"fullname":"RU LEI XIE","email":"xierulei@cn.ibm.com"},"artifactTypeId":"artifacttype_d118451c-0816-3aa5-8b89-3119feb4168a","instanceName":"itsv2"},{"_id":"architecturechangelog_RCJjuwz7i","date":"2020-06-18T02:36:50.388Z","type":"CREATE_INST","user":{"fullname":"RU LEI XIE","email":"xierulei@cn.ibm.com"},"artifactTypeId":"artifacttype_d118451c-0816-3aa5-8b89-3119feb4168a","instanceName":"it"},{"_id":"architecturechangelog_Ds2rKUi98","date":"2020-06-18T02:36:32.772Z","type":"CREATE_INST","user":{"fullname":"RU LEI XIE","email":"xierulei@cn.ibm.com"},"artifactTypeId":"artifacttype_d118451c-0816-3aa5-8b89-3119feb4168a","instanceName":"s"},{"_id":"architecturechangelog_bJTeuXtHp","date":"2020-06-12T09:59:57.047Z","type":"CREATE_INST","user":{"fullname":"RU LEI XIE","email":"xierulei@cn.ibm.com"},"artifactTypeId":"artifacttype_dde4b71c-82db-3f66-964a-3a04fbf56dff","instanceName":"<div>Use Case23443 234</div><div><br></div>"},{"_id":"architecturechangelog_APEnQbYJa","date":"2020-06-12T09:58:40.224Z","type":"CREATE_INST","user":{"fullname":"RU LEI XIE","email":"xierulei@cn.ibm.com"},"artifactTypeId":"artifacttype_cde39d5e-c892-3093-ab3d-bad448acb8a0","instanceName":"ucd23"},{"_id":"architecturechangelog_L_PXTW6MV","date":"2020-06-08T13:51:02.840Z","type":"DOWNLOAD","user":{"fullname":"RU LEI XIE","email":"xierulei@cn.ibm.com"},"appVersion":"2.8.3","dataVersion":"1.2"},{"_id":"architecturechangelog_TnFkiq_cv","date":"2020-06-05T09:27:05.623Z","type":"DOWNLOAD","user":{"fullname":"RU LEI XIE","email":"xierulei@cn.ibm.com"},"appVersion":"2.8.3","dataVersion":"1.2"},{"_id":"architecturechangelog_yrHYesvbw","date":"2020-06-03T09:16:11.421Z","type":"DOWNLOAD","user":{"fullname":"RU LEI XIE","email":"xierulei@cn.ibm.com"},"appVersion":"2.8.3","dataVersion":"1.2"},{"_id":"architecturechangelog_uLUhLes-C","date":"2020-06-03T09:14:55.414Z","type":"CREATE_INST","user":{"fullname":"RU LEI XIE","email":"xierulei@cn.ibm.com"},"artifactTypeId":"artifacttype_d1ab4a95-e05f-3882-9f19-6500fc0d3b2b","instanceName":""},{"_id":"architecturechangelog__GmizGRp9","date":"2020-04-13T15:18:30.065Z","type":"CREATE_INST","user":{"fullname":"RU LEI XIE","email":"xierulei@cn.ibm.com"},"artifactTypeId":"artifacttype_355f72be-6566-3f48-8b15-c30f671d7c8f","instanceName":"itsv"},{"_id":"architecturechangelog_Ng46aoB0n","date":"2020-04-13T06:52:09.978Z","type":"CREATE_INST","user":{"fullname":"RU LEI XIE","email":"xierulei@cn.ibm.com"},"artifactTypeId":"artifacttype_5ca43d50-d7da-322f-a1b0-f65b0c12b2c8","instanceName":"lom"},{"_id":"architecturechangelog_vOoecskjK","date":"2020-03-11T02:53:44.437Z","type":"CREATE_INST","user":{"fullname":"RU LEI XIE","email":"xierulei@cn.ibm.com"},"artifactTypeId":"artifacttype_2c548a13-6bd9-3edc-a496-0318af82f0d1","instanceName":"sv"},{"_id":"architecturechangelog_tbGbn3TK2","date":"2020-02-20T02:16:22.468Z","type":"CREATE_INST","user":{"fullname":"RU LEI XIE","email":"xierulei@cn.ibm.com"},"artifactTypeId":"artifacttype_7503dbb1-18f7-36ac-ad12-98d977ef3d0d","instanceName":"dsf"},{"_id":"architecturechangelog_2nbVaY0Dl","date":"2020-02-20T02:15:42.430Z","type":"UPDATE","user":{"fullname":"RU LEI XIE","email":"xierulei@cn.ibm.com"}},{"_id":"architecturechangelog_jZc4kJeAl","date":"2020-02-20T02:14:52.198Z","type":"UPDATE","user":{"fullname":"RU LEI XIE","email":"xierulei@cn.ibm.com"}},{"_id":"architecturechangelog_S6N5dAn0j","date":"2020-02-19T08:35:37.040Z","type":"CREATE_INST","user":{"fullname":"RU LEI XIE","email":"xierulei@cn.ibm.com"},"artifactTypeId":"artifacttype_246bc46f-0286-3ad4-bf01-679592db59c7","instanceName":"dfdsa"},{"_id":"architecturechangelog_5eZ6MImfUo","date":"2020-02-07T11:56:18.810Z","type":"CREATE","user":{"fullname":"RU LEI XIE","email":"xierulei@cn.ibm.com"}}]}}