{"toc":[{"artifactTypeName":"Overview","globalTOCPosition":"1","format":"text","artifactType":"assetartifact_executivesummary","_id":"artifacttype_BycHOLqmI","displayName":"Overview","child":[],"hasContent":true},{"globalTOCPosition":"2","parentGroup":"","_id":"artifactgroup_H1_b8uUqmI","displayName":"Scope","child":[{"globalTOCPosition":"2.1","artifactTypeName":"Business Challenge","format":"text","artifactType":"assetartifact_businesschallenge","_id":"artifacttype_Hkx5SuLcQL","displayName":"Business Challenge","hasContent":true},{"artifactTypeName":"System Context","globalTOCPosition":"2.2","format":"diagram","artifactType":"assetartifact_systemcontext","_id":"artifacttype_Bk-9ruLc7L","displayName":"System Context","hasContent":true}]},{"globalTOCPosition":"3","parentGroup":"","_id":"artifactgroup_r1KZ8OUc78","displayName":"Requirement","child":[{"globalTOCPosition":"3.1","parentGroup":"artifactgroup_r1KZ8OUc78","_id":"artifactgroup_HkqbIdUq7L","displayName":"Use Case Model","child":[{"globalTOCPosition":"3.1.1","artifactTypeName":"Use Case Diagram","format":"diagram","artifactType":"assetartifact_usecase_ucdiagram","_id":"artifacttype_B1zqruL5mL","displayName":"Use Case Diagram","hasContent":false},{"artifactTypeName":"Use Case","globalTOCPosition":"3.1.2","format":"text","artifactType":"assetartifact_usecase_uctext","_id":"artifacttype_rJX9SuIqXU","displayName":"Use Case","hasContent":true}]},{"globalTOCPosition":"3.2","artifactTypeName":"Functional Requirements","format":"text","artifactType":"assetartifact_functionalrequirement","_id":"artifacttype_SJV5SOUqmU","displayName":"Functional Requirements","hasContent":true},{"globalTOCPosition":"3.3","artifactTypeName":"Non Functional Requirements","format":"text","artifactType":"assetartifact_nonfunctionalrequirement","_id":"artifacttype_ryH9BOU9m8","displayName":"Non Functional Requirements","hasContent":true}]},{"globalTOCPosition":"4","parentGroup":"","_id":"artifactgroup_BJi-LuUcQ8","displayName":"Data Model","child":[{"globalTOCPosition":"4.1","artifactTypeName":"Logical Data Model","format":"diagram","artifactType":"assetartifact_logical_datamodel","_id":"artifacttype_HJU9B_UcQI","displayName":"Logical Data Model","hasContent":false}]},{"globalTOCPosition":"5","parentGroup":"","_id":"artifactgroup_B1NWLdUcXI","displayName":"Architecture","child":[{"globalTOCPosition":"5.1","parentGroup":"artifactgroup_B1NWLdUcXI","_id":"artifactgroup_rkSZIO8cQU","displayName":"Architecture Overview","child":[{"artifactTypeName":"Services View","globalTOCPosition":"5.1.1","format":"diagram","artifactType":"assetartifact_architectureoverview_aodservice","_id":"artifacttype_Hkv5SOLc78","displayName":"Services View","hasContent":false},{"artifactTypeName":"Enterprise View","globalTOCPosition":"5.1.2","format":"diagram","artifactType":"assetartifact_architectureoverview_enterprise","_id":"artifacttype_ryucruL5m8","displayName":"Enterprise View","hasContent":false},{"artifactTypeName":"IT System View","globalTOCPosition":"5.1.3","format":"diagram","artifactType":"assetartifact_architectureoverview_itsystem","_id":"artifacttype_S1tcBdLqQL","displayName":"IT System View","hasContent":false},{"artifactTypeName":"Usage Scenario","globalTOCPosition":"5.1.4","format":"diagram","artifactType":"assetartifact_architectureoverview_usagescenario","_id":"artifacttype_HJ5qB_LqXI","displayName":"Usage Scenario","hasContent":false}]},{"globalTOCPosition":"5.2","artifactTypeName":"Architectural Decisions","format":"text","artifactType":"assetartifact_architecturedecision","_id":"artifacttype_BJj5H_U9Q8","displayName":"Architectural Decisions","parentGroup":"artifactgroup_B1NWLdUcXI","child":[],"hasContent":true},{"globalTOCPosition":"5.3","parentGroup":"artifactgroup_B1NWLdUcXI","_id":"artifactgroup_BkvbL_U5Q8","displayName":"Component Model","child":[{"artifactTypeName":"Static View","globalTOCPosition":"5.3.1","format":"diagram","artifactType":"assetartifact_componentmodel_staticview","_id":"artifacttype_Hkn5HO8qQI","displayName":"Static View","hasContent":false},{"artifactTypeName":"Dynamic View","globalTOCPosition":"5.3.2","format":"diagram","artifactType":"assetartifact_componentmodel_dynamicview","_id":"artifacttype_rJ6qSdI5QU","displayName":"Dynamic View","hasContent":false}]},{"globalTOCPosition":"5.4","parentGroup":"artifactgroup_B1NWLdUcXI","_id":"artifactgroup_HyeW8u89QI","displayName":"Operational Model","child":[{"globalTOCPosition":"5.4.1","artifactTypeName":"Logical Operational View","format":"diagram","artifactType":"assetartifact_operationalmodel_logicaloperational","_id":"artifacttype_HJ0cB_L9Q8","displayName":"Logical Operational View","hasContent":false},{"globalTOCPosition":"5.4.2","artifactTypeName":"Physical Operational View","format":"diagram","artifactType":"assetartifact_operationalmodel_physicaloperational","_id":"artifacttype_BkyeqBdIcQL","displayName":"Physical Operational View","hasContent":false}]}]},{"globalTOCPosition":"6","parentGroup":"","_id":"artifactgroup_HkZbIOUc7L","displayName":"RAID","child":[{"artifactTypeName":"Risks","globalTOCPosition":"6.1","format":"text","artifactType":"assetartifact_risk","_id":"artifacttype_S1le5HOI5XI","displayName":"Risks","hasContent":true},{"artifactTypeName":"Assumptions","globalTOCPosition":"6.2","format":"text","artifactType":"assetartifact_assumption","_id":"artifacttype_rJbl5BOIcmU","displayName":"Assumptions","hasContent":true},{"artifactTypeName":"Issues","globalTOCPosition":"6.3","format":"text","artifactType":"assetartifact_issue","_id":"artifacttype_S1Gx5B_LqQU","displayName":"Issues","hasContent":true},{"globalTOCPosition":"6.4","artifactTypeName":"assetartifact_dependency","format":"text","artifactType":"assetartifact_dependency","_id":"artifacttype_rJmx9HdIqX8","displayName":"Dependencies","hasContent":true}]},{"globalTOCPosition":"7","artifactTypeName":"Architectural Principles","format":"text","artifactType":"assetartifact_architecture_principles","_id":"artifacttype_ryVeqr_8qX8","displayName":"Architectural Principles","child":[],"hasContent":true},{"artifactTypeName":"Notes","globalTOCPosition":"8","format":"text","artifactType":"assetartifact_notes","_id":"artifacttype_SJrxcH_8qQI","displayName":"Notes","child":[],"hasContent":false}],"toc_cards":{"businesschallenge":{"artifacttype_Hkx5SuLcQL":["businesschallenge_SyxnIpZmkw"]},"functionalrequirement":{"artifacttype_SJV5SOUqmU":["functionalrequirement_rJPg4n7kXkw","functionalrequirement_ry_e4nQyXkv","functionalrequirement_B1tx4h71mJv"]},"usecasetext":{"artifacttype_rJX9SuIqXU":["usecasetext_S1S-V3QJQyv","usecasetext_H1uWN3m17kD","usecasetext_HJob42Xk71P"]},"executivesummary":{"artifacttype_BycHOLqmI":["executivesummary_rJlon4JXkD"]},"dependency":{"artifacttype_rJmx9HdIqX8":["dependency_B1MmE3QJmkD","dependency_B17XV2m17JP","dependency_ryE7E3mJXkP"]},"systemContext":{"artifacttype_Bk-9ruLc7L":[{"additionalInfo":{},"_id":"systemcontext_2m6SP4v026t","name":"System Context","description":"","lastModifiedInfo":{"userId":"xierulei@cn.ibm.com","date":"2020-07-08T06:43:28Z"}}]},"risk":{"artifacttype_S1le5HOI5XI":["risk_H1SfN2Q1X1w","risk_H18GN2myXJv","risk_B1DfEhm17kD","risk_rkuMV3my71v"]},"architectureprinciple":{"artifacttype_ryVeqr_8qX8":["architectureprinciple_S1fME3X1mJD","architectureprinciple_Bk7zNh7J7yP","architectureprinciple_SyVME3XJXyw"]},"architecturaldecision":{"artifacttype_BJj5H_U9Q8":["architecturaldecision_Hyp-VnXyX1w","architecturaldecision_HyAbEhXJQ1w","architecturaldecision_BJyfEnXJXyD","architecturaldecision_rkxzE371XJv","architecturaldecision_SJWfV27kQkw"]},"issue":{"artifacttype_S1Gx5B_LqQU":["issue_S1RMVnQJmJw","issue_B1k7N371QkD","issue_r1xXNhXkQ1v","issue_BkZQV3QkX1P"]},"nonfunctionalrequirement":{"artifacttype_ryH9BOU9m8":["nonfunctionalrequirement_SJ9g4hQJXyD","nonfunctionalrequirement_SymbVnQkX1v","nonfunctionalrequirement_H1jlVnm17kD","nonfunctionalrequirement_rJhxNn71XkD","nonfunctionalrequirement_SyalNh7J7JP","nonfunctionalrequirement_SJ0x427kQkv","nonfunctionalrequirement_rJ1bV2X1Qkw","nonfunctionalrequirement_SkeZE3XkQJw","nonfunctionalrequirement_HkZZE37kmyD","nonfunctionalrequirement_SyfWN2QyXkD"]},"assumption":{"artifacttype_rJbl5BOIcmU":["assumption_HkYMNn7yQ1D","assumption_rJ9GEn7JXJD","assumption_HysGE2Qy7yD","assumption_H13zVn7171P","assumption_S1TzN3XkQyv"]},"useCaseViews":{"artifacttype_B1zqruL5mL":[]},"logicalERD":{"artifacttype_HJU9B_UcQI":[]},"aodServices":{"artifacttype_Hkv5SOLc78":[]},"aodEnterprises":{"artifacttype_ryucruL5m8":[]},"aodITSystems":{"artifacttype_S1tcBdLqQL":[]},"aodUsageScenarios":{"artifacttype_HJ5qB_LqXI":[]},"cmStaticViews":{"artifacttype_Hkn5HO8qQI":[]},"cmDynamicViews":{"artifacttype_rJ6qSdI5QU":[]},"lomViews":{"artifacttype_HJ0cB_L9Q8":[]},"lomPhysicalViews":{"artifacttype_BkyeqBdIcQL":[]},"notes":{"artifacttype_SJrxcH_8qQI":[]}},"combined":{"coreInfo":[{"_id":"physicalcomponent_SkQ42X1QJw","name":"implementation2","description":"implementation2 Description","url":"http://w3.ibm.com","label":"implementation2","modelType":"PhysicalComponent"},{"_id":"entity_r1WgN2mJmJw","name":"Entity 2","description":"Entity2 Desctiption\r\nline1\r\nline 2","label":"Entity 2","modelType":"Entity"},{"_id":"omlocation_rkdVh7yXyw","name":"OMLocation 1","description":"OMLocation 1 Description: Line 1","cardinality":"1","label":"OMLocation 1","modelType":"OMLocation"},{"_id":"omlocation_rJtEhQ1myP","name":"OMLocation 2","description":"OMLocation 2 Description:\r\nLine 1\r\nLine 2","cardinality":"22","label":"OMLocation 2","modelType":"OMLocation"},{"_id":"entity_S1zlV3Qy7yP","name":"Entity 3","label":"Entity 3","modelType":"Entity"},{"_id":"actor_r1CEhmkmkD","name":"Actor 1","description":"Actor Description 1: Human","type":"Human","label":"Actor 1","modelType":"Actor"},{"_id":"entity_HJeeEhmJ7Jv","name":"Entity 1","description":"Entity1 Desctiption","label":"Entity 1","modelType":"Entity"},{"_id":"physicalnode_r1aV27yX1P","name":"PN 3","type":"Physical","cardinality":"33","label":"PN 3","modelType":"PhysicalNode"},{"_id":"physicalcomponent_ByGVnX1X1v","name":"implementation1","description":"implementation1 Description:\r\nDB","url":"http://ppydalmpdb01.sl.bluecloud.ibm.com ","label":"implementation1","modelType":"PhysicalComponent"},{"_id":"logicalcomponent_rylEnQJQ1D","name":"Lc2","description":"LC Description:\r\nType: Technical","level":"Technical","label":"Lc2","modelType":"LogicalComponent"},{"_id":"logicalnode_H1r42XJmJD","name":"LN 2","description":"Logical Node2 description","cardinality":"12","label":"LN 2","modelType":"LogicalNode"},{"_id":"logicalnode_rJD42m1Qyw","name":"LN 4","description":"Logical Node4 description:\r\nline1\r\nline2","cardinality":"14","label":"LN 4","modelType":"LogicalNode"},{"_id":"physicalnode_B1iEn7kQyw","name":"PN 1","description":"PN 1 Description: Line 1","memory":"256","os":"Windows","networkPorts":"8","provision":"Delivered by Cloud","offering":"Hosted","cpu":"4","type":"Physical","cardinality":"31","label":"PN 1","modelType":"PhysicalNode"},{"_id":"logicalcomponent_SJEnX1XJw","name":"Lc1","description":"LC Description:\r\nType: Application","level":"Application","label":"Lc1","modelType":"LogicalComponent"},{"_id":"logicalcomponent_HkW4nmJmyD","name":"Lc 3","description":"LC Description 3","level":"Technical","label":"Lc 3","modelType":"LogicalComponent"},{"_id":"actor_Sk1lEn71Qkw","name":"Actor 2","description":"Actor Description2:\r\nIT System","type":"IT System","label":"Actor 2","modelType":"Actor"},{"_id":"logicalnode_rJUN3mk7kv","name":"LN 3","description":"Logical Node3 description","cardinality":"13","label":"LN 3","modelType":"LogicalNode"},{"_id":"physicalnode_Sk3V2Q1Xyw","name":"PN 2","description":"PN 2 Description:\r\nLine 1\r\nLine 2","type":"Physical","cardinality":"32","label":"PN 2","modelType":"PhysicalNode"},{"_id":"omlocation_rk943m1mkv","name":"OMLocation 3","cardinality":"33","label":"OMLocation 3","modelType":"OMLocation"},{"_id":"logicalnode_r1EVn7yX1w","name":"LN 1","description":"Logical Node1 description","cardinality":"11","label":"LN 1","modelType":"LogicalNode"},{"_id":"du_Bk4eVhmk7yv","name":"DU 2","description":"Du Description:\r\nType: Installation\r\nTechnical: Yes","type":"Installation","level":"Technical","label":"DU 2","modelType":"DU"},{"_id":"du_BkXeE2XJmyw","name":"du 1","description":"Du Description:\r\nType: Executable","type":"Executable","level":"Application","label":"du 1","modelType":"DU"},{"_id":"du_ByHlV37yX1v","name":"Du 3","description":"Du Description:\r\nType: Presentation","type":"Presentation","level":"Application","label":"Du 3","modelType":"DU"},{"_id":"du_HJLlNnm1XyP","name":"Du 4","description":"Du Description:\r\nType: Data\r\nTechnial: Yes","type":"Data","level":"Technical","label":"Du 4","modelType":"DU"},{"modelType":"UseCase","ucPackage":"Use Case Package Name2","_id":"usecase_SkqWEnQJ7kv","label":"Use Case Name 3","uc_id":"Use Case3"},{"modelType":"UseCase","ucPackage":"Use Case Package Name1","failureOutcomes":"Failure Outcomes1","alternativeFlows":"Alternative Flows1","preconditions":"Pre-conditions1","description":" Use Case Name Description1","_id":"usecase_ry4WNhXyXJw","basicFlow":"Basic Flow1","successfulOutcomes":"Successful Outcomes1","label":"Use Case Name 1","uc_id":"Use Case1"},{"modelType":"UseCase","ucPackage":"Use Case Package Name2","failureOutcomes":"Failure Outcomes：\r\nd1\r\nd2","alternativeFlows":"Alternative Flows：\r\nd1\r\nd2","preconditions":"Pre-conditions：\r\nd1\r\nd2","description":" Use Case Name Description：\r\nd1\r\nd2","_id":"usecase_BJP-VnmJX1P","basicFlow":"Basic Flow：\r\nd1\r\nd2","successfulOutcomes":"Successful Outcomes：\r\nd1\r\nd2","label":"Use Case Name 2","uc_id":"Use Case2"},{"modelType":"Actor","description":"","_id":"actor_2m6VvTtf4nD","type":"IT System","label":"IT System"}]},"textual":{"instances":{"businesschallenge_SyxnIpZmkw":{"coreInfo":[{"modelType":"BusinessChallenge","lastModifiedUserId":"xierulei@cn.ibm.com","description":"<div>saf</div><div>sa</div><div>f</div><div>ds</div><div>fdsf<img style=\"height:100px;\" src=\"/api/FileManagerAPIs/containers/cafiles/files/file_674559bfc5f64740.jpg\"><br></div><table style=\"width:100%\"><tbody><tr><td style=\"height:42px;border: 1px solid #979797;padding:5px;width:33.333333333333336%\"> </td><td style=\"height:42px;border: 1px solid #979797;padding:5px;width:33.333333333333336%\"> </td><td style=\"height:42px;border: 1px solid #979797;padding:5px;width:33.333333333333336%\"> </td></tr><tr><td style=\"height:42px;border: 1px solid #979797;padding:5px;width:33.333333333333336%\"> </td><td style=\"height:42px;border: 1px solid #979797;padding:5px;width:33.333333333333336%\"> </td><td style=\"height:42px;border: 1px solid #979797;padding:5px;width:33.333333333333336%\"> </td></tr><tr><td style=\"height:42px;border: 1px solid #979797;padding:5px;width:33.333333333333336%\"> </td><td style=\"height:42px;border: 1px solid #979797;padding:5px;width:33.333333333333336%\"> </td><td style=\"height:42px;border: 1px solid #979797;padding:5px;width:33.333333333333336%\"> </td></tr><tr><td style=\"height:42px;border: 1px solid #979797;padding:5px;width:33.333333333333336%\"> </td><td style=\"height:42px;border: 1px solid #979797;padding:5px;width:33.333333333333336%\"> </td><td style=\"height:42px;border: 1px solid #979797;padding:5px;width:33.333333333333336%\"> </td></tr><tr><td style=\"height:42px;border: 1px solid #979797;padding:5px;width:33.333333333333336%\"> </td><td style=\"height:42px;border: 1px solid #979797;padding:5px;width:33.333333333333336%\"> </td><td style=\"height:42px;border: 1px solid #979797;padding:5px;width:33.333333333333336%\"> </td></tr></tbody></table><br><div>sa</div><div>fdsa<br></div>","_id":"businesschallenge_SyxnIpZmkw","lastModified":"2020-07-08T09:09:40Z","label":""}]},"functionalrequirement_B1tx4h71mJv":{"coreInfo":[{"modelType":"FunctionalRequirement","owner":"Ru lei","reviewDate":"Thu Oct 24 2019 00:00:00 GMT+0000 (UTC)","impact":"FR Functional Requirement Impact：\r\nImpact1;\r\nImpact2.","lastModifiedUserId":"xierulei@cn.ibm.com","weight":"High","description":"FR Functional Requirement description\r\nDesc line1;\r\nDesc line2","id":"FR ID3","lastModified":"2020-07-08T06:11:56Z","_id":"functionalrequirement_B1tx4h71mJv","label":"FR Name3"}]},"functionalrequirement_ry_e4nQyXkv":{"coreInfo":[{"modelType":"FunctionalRequirement","owner":"Ru lei","reviewDate":"Sat Aug 24 2019 00:00:00 GMT+0000 (UTC)","impact":"FR Functional Requirement Impact","lastModifiedUserId":"xierulei@cn.ibm.com","weight":"Medium","description":"FR Functional Requirement description","id":"FR ID2","lastModified":"2020-07-08T06:11:56Z","_id":"functionalrequirement_ry_e4nQyXkv","label":"FR Name2"}]},"functionalrequirement_rJPg4n7kXkw":{"coreInfo":[{"modelType":"FunctionalRequirement","owner":"Ru lei","reviewDate":"2019-07-24","impact":"FR Functional Requirement Impact","lastModifiedUserId":"xierulei@cn.ibm.com","weight":"Low","description":"FR Functional Requirement description","id":"FR ID1","lastModified":"2020-07-08T06:11:56Z","_id":"functionalrequirement_rJPg4n7kXkw","label":"FR Name1"}]},"usecasetext_HJob42Xk71P":{"coreInfo":[{"modelType":"UseCaseText","lastModifiedUserId":"xierulei@cn.ibm.com","description":"","_id":"usecasetext_HJob42Xk71P","lastModified":"2020-07-08T06:11:56Z","label":"use case name 3_HJnZN2X1m1D","children":"usecase_SkqWEnQJ7kv"}]},"usecasetext_S1S-V3QJQyv":{"coreInfo":[{"modelType":"UseCaseText","lastModifiedUserId":"xierulei@cn.ibm.com","description":" Use Case Name Description1","_id":"usecasetext_S1S-V3QJQyv","lastModified":"2020-07-08T06:11:56Z","label":"use case name 1_SkLZ4hmkQ1P","children":"usecase_ry4WNhXyXJw"}]},"usecasetext_H1uWN3m17kD":{"coreInfo":[{"modelType":"UseCaseText","lastModifiedUserId":"xierulei@cn.ibm.com","description":" Use Case Name Description：\r\nd1\r\nd2","_id":"usecasetext_H1uWN3m17kD","lastModified":"2020-07-08T06:11:56Z","label":"use case name 2_ryYWE3mJQ1P","children":"usecase_BJP-VnmJX1P"}]},"executivesummary_rJlon4JXkD":{"coreInfo":[{"modelType":"ExecutiveSummary","lastModifiedUserId":"xierulei@cn.ibm.com","description":"","_id":"executivesummary_rJlon4JXkD","lastModified":"2020-07-08T06:16:18Z","label":""}]},"dependency_ryE7E3mJXkP":{"coreInfo":[{"modelType":"Dependency","closedDate":"","lastModifiedUserId":"xierulei@cn.ibm.com","description":"","requiredByDate":"","effectOnPlan":"","_id":"dependency_ryE7E3mJXkP","lastModified":"2020-07-08T06:11:56Z","label":"Dependency 3"}]},"dependency_B1MmE3QJmkD":{"coreInfo":[{"modelType":"Dependency","owner":"rulei","closedDate":"Sun Jul 07 2019 00:00:00 GMT+0000 (UTC)","lastModifiedUserId":"xierulei@cn.ibm.com","isKey":false,"requiredByDate":"2019-07-30","description":"Dependency description 1","lastModified":"2020-07-08T06:11:56Z","effectOnPlan":"Effect on plan 1","_id":"dependency_B1MmE3QJmkD","associatedRiskId":"3424324324","label":"Dependency 1"}]},"dependency_B17XV2m17JP":{"coreInfo":[{"modelType":"Dependency","owner":"mingjin","closedDate":"2019-07-04","lastModifiedUserId":"xierulei@cn.ibm.com","isKey":true,"requiredByDate":"2019-07-31","description":"Dependency description 1:\r\nline1\r\nline2","lastModified":"2020-07-08T06:11:56Z","effectOnPlan":"Effect on plan 2:\r\nLin2\r\nline3","_id":"dependency_B17XV2m17JP","associatedRiskId":"risk1","label":"Dependency 2"}]},"risk_B1DfEhm17kD":{"coreInfo":[{"modelType":"Risk","reviewDate":"2019-05-29","probability":"Low","impact":"High","lastModifiedUserId":"xierulei@cn.ibm.com","_id":"risk_B1DfEhm17kD","lastModified":"2020-07-08T06:11:56Z","label":"Risk 3"}]},"risk_rkuMV3my71v":{"coreInfo":[{"modelType":"Risk","lastModifiedUserId":"xierulei@cn.ibm.com","_id":"risk_rkuMV3my71v","lastModified":"2020-07-08T06:11:56Z","probability":"Medium","impact":"High","label":"Risk 4"}]},"risk_H18GN2myXJv":{"coreInfo":[{"modelType":"Risk","personResponsible":"Rulei","reviewDate":"2019-05-28","probability":"Medium","impact":"Low","isKey":true,"lastModifiedUserId":"xierulei@cn.ibm.com","recommendation":"Continency / Mitigation recommendation 2:\r\nLine 1\r\nline2","description":"this is desc\r\nline 2\r\nline3","effort":"effort 2","lastModified":"2020-07-08T06:11:56Z","_id":"risk_H18GN2myXJv","label":"Risk 2"}]},"risk_H1SfN2Q1X1w":{"coreInfo":[{"modelType":"Risk","personResponsible":"Liuwei","reviewDate":"2019-07-03","probability":"High","impact":"Medium","isKey":false,"lastModifiedUserId":"xierulei@cn.ibm.com","recommendation":"Continency / Mitigation recommendation 1","description":"The golden build cannot be delivered on time","effort":"effort 1","lastModified":"2020-07-08T06:11:56Z","_id":"risk_H1SfN2Q1X1w","label":"Risk 1"}]},"architectureprinciple_Bk7zNh7J7yP":{"coreInfo":[{"modelType":"ArchitecturePrinciple","implications":"Implications 12:\r\nline1\r\nline2","lastModifiedUserId":"xierulei@cn.ibm.com","topic":"topc2","description":"priciple description:\r\nline1\r\nline2","subjectArea":"subject area 2","lastModified":"2020-07-08T06:11:56Z","_id":"architectureprinciple_Bk7zNh7J7yP","metrics":"Metrics :\r\nline1\r\nline2","priority":"4","rationale":"Rationale 2:\r\nline1\r\nline2","label":"Principle 2"}]},"architectureprinciple_S1fME3X1mJD":{"coreInfo":[{"modelType":"ArchitecturePrinciple","implications":"Implications 11 ","lastModifiedUserId":"xierulei@cn.ibm.com","topic":"topc1","description":"priciple description","subjectArea":"subject area 1","metrics":"Metrics 11","_id":"architectureprinciple_S1fME3X1mJD","lastModified":"2020-07-08T06:11:56Z","priority":"1","rationale":"Rationale 1","label":"Principle 1"}]},"architectureprinciple_SyVME3XJXyw":{"coreInfo":[{"modelType":"ArchitecturePrinciple","lastModifiedUserId":"xierulei@cn.ibm.com","topic":"topc3","description":"priciple description3:\r\nline1\r\nline2","subjectArea":"subject area 3","_id":"architectureprinciple_SyVME3XJXyw","lastModified":"2020-07-08T06:11:56Z","priority":"5","rationale":"Rationale3:\r\nline1\r\nline2","label":"Principle 3"}]},"architecturaldecision_BJyfEnXJXyD":{"coreInfo":[{"modelType":"ArchitecturalDecision","implications":"Implications 3","problemStatement":"Issue or Problem Statement 3","motivation":"Motivation 3","derivedRequirements":"Derived Requirements 3","relatedDecisions":"Related Decisions 3","assumptions":"Assumptions 3","lastUpdated":"2019-03-27","lastModifiedUserId":"xierulei@cn.ibm.com","topic":"a topic","subjectArea":"sa subject","lastModified":"2020-07-08T06:11:56Z","_id":"architecturaldecision_BJyfEnXJXyD","justification":"justification 3  justification 3  justification 3 justification 3 ","status":"deprecated","label":"AD Name3","ad_id":"AD3"}]},"architecturaldecision_HyAbEhXJQ1w":{"coreInfo":[{"modelType":"ArchitecturalDecision","implications":"Implications 2","problemStatement":"Issue or Problem Statement 2","motivation":"Motivation 2","derivedRequirements":"Derived Requirements 2","relatedDecisions":"Related Decisions 2","assumptions":"Assumptions 2","lastUpdated":"2019-03-26","lastModifiedUserId":"xierulei@cn.ibm.com","topic":"a topic","subjectArea":"sa subject","justification":"justification 2","_id":"architecturaldecision_HyAbEhXJQ1w","lastModified":"2020-07-08T06:11:56Z","status":"proposed","label":"AD Name2","ad_id":"AD2","children":"adalternative_H1INnmJmJD"},{"modelType":"ADAlternative","description":"alter2 desc\r\nline 2","contraindications":"alter2contratindication\r\nline 2","_id":"adalternative_H1INnmJmJD","bestApplied":"alter 2 best applide\r\nline 2","label":"alter name 2"}]},"architecturaldecision_Hyp-VnXyX1w":{"coreInfo":[{"modelType":"ArchitecturalDecision","implications":"Implications 1","decision":"adalternative_ByE42myQyw","problemStatement":"Issue or Problem Statement 1","motivation":"Motivation 1","derivedRequirements":"Derived Requirements 1","relatedDecisions":"Related Decisions 1","assumptions":"Assumptions 1","lastUpdated":"2019-03-25","lastModifiedUserId":"xierulei@cn.ibm.com","topic":"a topic","subjectArea":"sa subject","lastModified":"2020-07-08T06:11:56Z","justification":"justification 1","_id":"architecturaldecision_Hyp-VnXyX1w","status":"accepted","label":"AD Name1","ad_id":"AD1","children":"adalternative_ByE42myQyw,adalternative_S1rV3myQyw"},{"modelType":"ADAlternative","description":"alter 1 desc\r\nline 2","contraindications":"alter 1 contratindication\r\nline 2","_id":"adalternative_ByE42myQyw","bestApplied":"alter 1 best applide\r\nline 2","label":"alter name 1"},{"modelType":"ADAlternative","description":"alter12 desc\r\nline 2","contraindications":"alter12contratindication\r\nline 2","_id":"adalternative_S1rV3myQyw","bestApplied":"alter 12 best applide\r\nline 2","label":"alter name 12"}]},"architecturaldecision_rkxzE371XJv":{"coreInfo":[{"modelType":"ArchitecturalDecision","implications":"Implications ：\r\nline1\r\nline2","decision":"adalternative_HyDNnXkQyw","problemStatement":"Issue or Problem Statement 4：\r\nline1\r\nline2","motivation":"Motivation 4","derivedRequirements":"Derived Requirements ：\r\nline1\r\nline2","relatedDecisions":"Related Decisions 4","assumptions":"Assumptions ：\r\nline1\r\nline2","lastUpdated":"2019-03-28","lastModifiedUserId":"xierulei@cn.ibm.com","topic":"a topic","subjectArea":"sa subject","justification":"Justification1\r\nJustification2\r\nJustification6","lastModified":"2020-07-08T06:11:56Z","_id":"architecturaldecision_rkxzE371XJv","status":"superseded","label":"AD Name4","ad_id":"AD4","children":"adalternative_HyDNnXkQyw"},{"modelType":"ADAlternative","description":"alter4 desc\r\nline 2","contraindications":"alter4ontratindication\r\nline 2","_id":"adalternative_HyDNnXkQyw","bestApplied":"alter4 best applide\r\nline 2","label":"alter name 4"}]},"architecturaldecision_SJWfV27kQkw":{"coreInfo":[{"modelType":"ArchitecturalDecision","lastUpdated":"2019-03-28","lastModifiedUserId":"xierulei@cn.ibm.com","_id":"architecturaldecision_SJWfV27kQkw","lastModified":"2020-07-08T06:11:56Z","status":"superseded","label":"AD Name5","ad_id":"AD5","children":"adalternative_ry_4nQ1m1v"},{"modelType":"ADAlternative","description":"alter5 desc\r\nline 2","_id":"adalternative_ry_4nQ1m1v","label":"alter name 5"}]},"issue_r1xXNhXkQ1v":{"coreInfo":[{"modelType":"Issue","issueResponsibility":"Dev","reviewDate":"2019-07-12","lastModifiedUserId":"xierulei@cn.ibm.com","isKey":true,"action":"Risk Change Reference","description":"No browser xxx","_id":"issue_r1xXNhXkQ1v","lastModified":"2020-07-08T06:11:56Z","raisedBy":"rulei","priority":"Low","label":"Issues 3"}]},"issue_S1RMVnQJmJw":{"coreInfo":[{"modelType":"Issue","issueResponsibility":"Liuwei","reviewDate":"2019-07-10","lastModifiedUserId":"xierulei@cn.ibm.com","isKey":true,"action":"Risk Change Reference","description":"Issue Description 1","lastModified":"2020-07-08T06:11:56Z","_id":"issue_S1RMVnQJmJw","raisedBy":"rulei","priority":"Medium","label":"Issues 1"}]},"issue_BkZQV3QkX1P":{"coreInfo":[{"modelType":"Issue","lastModifiedUserId":"xierulei@cn.ibm.com","_id":"issue_BkZQV3QkX1P","lastModified":"2020-07-08T06:11:56Z","label":"Issues 4"}]},"issue_B1k7N371QkD":{"coreInfo":[{"modelType":"Issue","issueResponsibility":"Mingjin","reviewDate":"2019-07-11","lastModifiedUserId":"xierulei@cn.ibm.com","isKey":false,"action":"Risk Change Reference","description":"Issue Description 2：\r\nline1\r\nline 2","lastModified":"2020-07-08T06:11:56Z","_id":"issue_B1k7N371QkD","raisedBy":"Beibei bei","priority":"High","label":"Issues 2"}]},"nonfunctionalrequirement_SyalNh7J7JP":{"coreInfo":[{"modelType":"NonFunctionalRequirement","owner":"NFR Owner4","growthRate":"0.14","description":"NRF Non Functional Requirement description 4","source":"NFR Source 4","priority":"Optional","reference":"NFR Ref 4","acceptanceCriteria":"NFR criteria 4","reviewDate":"2019-07-19","testMethod":"NFR test method 4","context":"Context 4","lastModifiedUserId":"xierulei@cn.ibm.com","theme":"Security","_id":"nonfunctionalrequirement_SyalNh7J7JP","lastModified":"2020-07-08T06:11:56Z","value":"NFR Value 4","label":"NFR Name4","nfr_id":"NFR 4"}]},"nonfunctionalrequirement_SkeZE3XkQJw":{"coreInfo":[{"modelType":"NonFunctionalRequirement","owner":"NFR Owner7","growthRate":"0.17","description":"NRF Non Functional Requirement description 7","source":"NFR Source 7","priority":"Optional","reference":"NFR Ref 7","acceptanceCriteria":"NFR criteria 7","reviewDate":"2019-07-22","testMethod":"NFR test method 7","context":"Context 7","lastModifiedUserId":"xierulei@cn.ibm.com","theme":"Maintainability","_id":"nonfunctionalrequirement_SkeZE3XkQJw","lastModified":"2020-07-08T06:11:56Z","value":"NFR Value 7","label":"NFR Name7","nfr_id":"NFR 7"}]},"nonfunctionalrequirement_rJ1bV2X1Qkw":{"coreInfo":[{"modelType":"NonFunctionalRequirement","owner":"NFR Owner6","growthRate":"0.16","description":"NRF Non Functional Requirement description 6","source":"NFR Source 6","priority":"Optional","reference":"NFR Ref 6","acceptanceCriteria":"NFR criteria 6","reviewDate":"2019-07-21","testMethod":"NFR test method 6","context":"Context 6","lastModifiedUserId":"xierulei@cn.ibm.com","theme":"Usability","_id":"nonfunctionalrequirement_rJ1bV2X1Qkw","lastModified":"2020-07-08T06:11:56Z","value":"NFR Value 6","label":"NFR Name6","nfr_id":"NFR 6"}]},"nonfunctionalrequirement_SymbVnQkX1v":{"coreInfo":[{"modelType":"NonFunctionalRequirement","lastModifiedUserId":"xierulei@cn.ibm.com","theme":"Environmental","_id":"nonfunctionalrequirement_SymbVnQkX1v","lastModified":"2020-07-08T06:11:56Z","priority":"Optional","label":"NFR Name10","nfr_id":"NFR 10"}]},"nonfunctionalrequirement_SJ9g4hQJXyD":{"coreInfo":[{"modelType":"NonFunctionalRequirement","owner":"NFR Owner1","growthRate":"0.11","description":"NRF Non Functional Requirement description 1","source":"NFR Source 1","priority":"Optional","reference":"NFR Ref 1","acceptanceCriteria":"NFR criteria 1","reviewDate":"2019-07-16","testMethod":"NFR test method 1","context":"Context 1","lastModifiedUserId":"xierulei@cn.ibm.com","theme":"Performance","_id":"nonfunctionalrequirement_SJ9g4hQJXyD","lastModified":"2020-07-08T06:11:56Z","value":"NFR Value 1","label":"NFR Name1","nfr_id":"NFR 1"}]},"nonfunctionalrequirement_rJhxNn71XkD":{"coreInfo":[{"modelType":"NonFunctionalRequirement","owner":"NFR Owner3","growthRate":"0.13","description":"NRF Non Functional Requirement description 3","source":"NFR Source 3","priority":"Critical","reference":"NFR Ref 3","acceptanceCriteria":"NFR criteria 3","reviewDate":"2019-07-18","testMethod":"NFR test method 3","context":"Context 3","lastModifiedUserId":"xierulei@cn.ibm.com","theme":"Scalability","_id":"nonfunctionalrequirement_rJhxNn71XkD","lastModified":"2020-07-08T06:11:56Z","value":"NFR Value 3","label":"NFR Name3","nfr_id":"NFR 3"}]},"nonfunctionalrequirement_SJ0x427kQkv":{"coreInfo":[{"modelType":"NonFunctionalRequirement","owner":"NFR Owner5","growthRate":"0.15","description":"NRF Non Functional Requirement description 5","source":"NFR Source 5","priority":"Optional","reference":"NFR Ref 5","acceptanceCriteria":"NFR criteria 5","reviewDate":"2019-07-20","context":"Context 5","testMethod":"NFR test method 5","lastModifiedUserId":"xierulei@cn.ibm.com","theme":"Regulatory Compliance","_id":"nonfunctionalrequirement_SJ0x427kQkv","lastModified":"2020-07-08T06:11:56Z","value":"NFR Value 5","label":"NFR Name5","nfr_id":"NFR 5"}]},"nonfunctionalrequirement_SyfWN2QyXkD":{"coreInfo":[{"modelType":"NonFunctionalRequirement","owner":"NFR Owner9\r\nNFR Owner2\r\n","growthRate":"1","description":"NRF Non Functional Requirement description 9","source":"NFR Source 9","priority":"Optional","reference":"NFR Ref 9","acceptanceCriteria":"NFR criteria 9","reviewDate":"2019-07-24","testMethod":"NFR test method 9","context":"Context 9","lastModifiedUserId":"xierulei@cn.ibm.com","theme":"Manageability","_id":"nonfunctionalrequirement_SyfWN2QyXkD","lastModified":"2020-07-08T06:11:56Z","value":"NFR Value 9","label":"NFR Name9","nfr_id":"NFR 9"}]},"nonfunctionalrequirement_H1jlVnm17kD":{"coreInfo":[{"modelType":"NonFunctionalRequirement","owner":"NFR Owner2","growthRate":"0.12","description":"NRF Non Functional Requirement description 2","source":"NFR Source 2","priority":"Desirable","reference":"NFR Ref 2","acceptanceCriteria":"NFR criteria 2","reviewDate":"2019-07-17","testMethod":"NFR test method 2","context":"Context 2","lastModifiedUserId":"xierulei@cn.ibm.com","theme":"Volumetrics","_id":"nonfunctionalrequirement_H1jlVnm17kD","lastModified":"2020-07-08T06:11:56Z","value":"NFR Value 2","label":"NFR Name2","nfr_id":"NFR 2"}]},"nonfunctionalrequirement_HkZZE37kmyD":{"coreInfo":[{"modelType":"NonFunctionalRequirement","owner":"NFR Owner8\r\nNFR Owner1","growthRate":"0.18","description":"NRF Non Functional Requirement description 8:\r\nLIne1\r\nLine2","source":"NFR Source 8\r\nNFR Source 1\r\nNFR Source 82\r\n","priority":"Optional","reference":"NFR Ref 8\r\nNFR Ref 81\r\nNFR Ref 82\r\n","acceptanceCriteria":"NFR criteria 8:\r\nLine1\r\nLine2","reviewDate":"2019-07-23","testMethod":"NFR test method 8:\r\nNFR test method 8:1\r\nNFR test method 82 ","lastModifiedUserId":"xierulei@cn.ibm.com","context":"Context 8:\r\nLine1","theme":"Availability","lastModified":"2020-07-08T06:11:56Z","_id":"nonfunctionalrequirement_HkZZE37kmyD","value":"NFR Value 8:\r\nLine1\r\nLine2","label":"NFR Name8","nfr_id":"NFR 8"}]},"assumption_rJ9GEn7JXJD":{"coreInfo":[{"modelType":"Assumption","confidenceLevel":"Medium","closedDate":"2019-07-16","reviewDate":"2019-07-11","impact":"High","lastModifiedUserId":"xierulei@cn.ibm.com","isKey":false,"description":"description 2","_id":"assumption_rJ9GEn7JXJD","lastModified":"2020-07-08T06:11:56Z","identifiedBy":"rulei","label":"Assumption 2"}]},"assumption_HkYMNn7yQ1D":{"coreInfo":[{"modelType":"Assumption","confidenceLevel":"High","closedDate":"","reviewDate":"2019-07-10","impact":"Medium","lastModifiedUserId":"xierulei@cn.ibm.com","isKey":true,"description":"description 1","_id":"assumption_HkYMNn7yQ1D","lastModified":"2020-07-08T06:11:56Z","identifiedBy":"beibei","label":"Assumption 1"}]},"assumption_H13zVn7171P":{"coreInfo":[{"modelType":"Assumption","confidenceLevel":"Low","closedDate":"2019-07-16","reviewDate":"2019-07-13","impact":"Medium","lastModifiedUserId":"xierulei@cn.ibm.com","description":"description:\r\nline 1 \r\nline2","_id":"assumption_H13zVn7171P","lastModified":"2020-07-08T06:11:56Z","identifiedBy":"rulei","label":"Assumption 4"}]},"assumption_HysGE2Qy7yD":{"coreInfo":[{"modelType":"Assumption","confidenceLevel":"Low","closedDate":"2019-07-16","reviewDate":"2019-07-12","impact":"Low","lastModifiedUserId":"xierulei@cn.ibm.com","isKey":true,"description":"description:\r\nline 1 \r\nline2","lastModified":"2020-07-08T06:11:56Z","_id":"assumption_HysGE2Qy7yD","identifiedBy":"rulei","label":"Assumption 3"}]},"assumption_S1TzN3XkQyv":{"coreInfo":[{"modelType":"Assumption","lastModifiedUserId":"xierulei@cn.ibm.com","_id":"assumption_S1TzN3XkQyv","lastModified":"2020-07-08T06:11:56Z","label":"Assumption 5"}]}}},"diagram":{"instances":{"systemcontext_2m6SP4v026t":{"uiInfo":"<mxGraphModel dx=\"548\" dy=\"727\" grid=\"1\" gridSize=\"10\" guides=\"1\" tooltips=\"1\" connect=\"1\" arrows=\"1\" fold=\"1\" page=\"1\" pageScale=\"1\" pageWidth=\"1169\" pageHeight=\"827\" background=\"#ffffff\"><root><mxCell id=\"0\" modelId=\"systemcontext_2m6SP4v026t\"></mxCell><mxCell id=\"1\" parent=\"0\"></mxCell><mxCell id=\"_62m6VvoxeZXI\" style=\"ellipse;whiteSpace=wrap;html=1;\" vertex=\"1\" modelId=\"targetsystem_2m6VvozsA10\" parent=\"1\"><mxGeometry x=\"370\" y=\"160\" width=\"140\" height=\"70\" as=\"geometry\"></mxGeometry></mxCell><mxCell id=\"_72m6VvTseTQL\" style=\"shape=process;html=1;whiteSpace=wrap;\" vertex=\"1\" modelId=\"actor_2m6VvTtf4nD\" parent=\"1\"><mxGeometry x=\"250\" y=\"390\" width=\"120\" height=\"60\" as=\"geometry\"></mxGeometry></mxCell><mxCell id=\"_82m6VwYxUrdH\" value=\"\" style=\"shape=actor;whiteSpace=wrap;verticalLabelPosition=bottom;labelPosition=center;align=center;verticalAlign=top;html=1;\" parent=\"1\" vertex=\"1\"><mxGeometry x=\"140\" y=\"135\" width=\"40\" height=\"60\" as=\"geometry\"></mxGeometry></mxCell><mxCell id=\"_92m6VycMpMGN\" style=\"edgeStyle=orthogonalEdgeStyle;rounded=0;html=1;entryX=0;entryY=0.5;jettySize=auto;orthogonalLoop=1;\" parent=\"1\" source=\"_82m6VwYxUrdH\" target=\"_62m6VvoxeZXI\" edge=\"1\"><mxGeometry relative=\"1\" as=\"geometry\"></mxGeometry></mxCell><mxCell id=\"_102m6VyDtG7JG\" style=\"endArrow=classic;html=1;entryX=0.5;entryY=1;exitX=0.25;exitY=0;\" edge=\"1\" modelId=\"connector_2m6VyDtd97S\" parent=\"1\" source=\"_72m6VvTseTQL\" target=\"_62m6VvoxeZXI\"><mxGeometry width=\"50\" height=\"50\" relative=\"1\" as=\"geometry\"><mxPoint x=\"330\" y=\"350\" as=\"sourcePoint\"></mxPoint><mxPoint x=\"380\" y=\"300\" as=\"targetPoint\"></mxPoint></mxGeometry></mxCell></root></mxGraphModel>","coreInfo":[{"modelType":"SystemContext","lastModifiedUserId":"xierulei@cn.ibm.com","description":"","_id":"systemcontext_2m6SP4v026t","lastModified":"2020-07-08T06:43:28Z","label":"System Context"},{"modelType":"Connector","description":"<div><b>sfdsf</b></div><div><b>dsa</b></div><div><b>f</b></div><div><b>dsf</b><br></div>","_id":"connector_2m6VyDtd97S","type":"list of use cases","label":"Connector"},{"modelType":"TargetSystem","description":"","_id":"targetsystem_2m6VvozsA10","label":"Target System"}]}}},"solution_advisors":{},"auditLog":{"_id":"architectureauditentry_2JhABsJJ-","archId":"arch_SkHYXymyw","archChangeLog":[{"_id":"architecturechangelog_LQW3FmVnK","date":"2020-07-08T09:09:52.599Z","type":"DOWNLOAD","user":{"fullname":"Rulei Xie","email":"xierulei@cn.ibm.com"},"appVersion":"2.9.1","dataVersion":"1.2"},{"_id":"architecturechangelog_2ysZuqkqu","date":"2020-07-08T09:09:40.543Z","type":"CREATE_INST","user":{"fullname":"Rulei Xie","email":"xierulei@cn.ibm.com"},"artifactTypeId":"artifacttype_Hkx5SuLcQL","instanceName":""},{"_id":"architecturechangelog_ffX4-tigG","date":"2020-07-08T06:43:30.298Z","type":"CREATE_INST","user":{"fullname":"Rulei Xie","email":"xierulei@cn.ibm.com"},"artifactTypeId":"artifacttype_Bk-9ruLc7L","instanceName":"System Context"},{"_id":"architecturechangelog__W2KkwLVY","date":"2020-07-08T06:16:19.095Z","type":"CREATE_INST","user":{"fullname":"Rulei Xie","email":"xierulei@cn.ibm.com"},"artifactTypeId":"artifacttype_BycHOLqmI","instanceName":""},{"_id":"architecturechangelog_-wLDUp2OJ","date":"2020-07-08T06:11:59.687Z","type":"UPDATE","user":{"fullname":"Rulei Xie","email":"xierulei@cn.ibm.com"}},{"_id":"architecturechangelog_CcrqvGiK0x","date":"2020-07-08T06:11:09.490Z","type":"CREATE","user":{"fullname":"Rulei Xie","email":"xierulei@cn.ibm.com"}}]}}