{"_id":"arch_SkHYXymyw","name":"arch 0708","type":"Solution","status":"Pending","created":"2020-07-08T06:11:09Z","lastModified":"2020-07-08T09:09:40Z","includedArtifacts":[{"globalTOCPosition":"2.1","typeId":"assetartifact_businesschallenge","_id":"art_rJ2LaZmyD","artifactTypeId":"artifacttype_Hkx5SuLcQL","type":"Business Challenge"},{"globalTOCPosition":"2.2","typeId":"assetartifact_systemcontext","_id":"art_rJmYfi1myw","artifactTypeId":"artifacttype_Bk-9ruLc7L","type":"System Context"},{"globalTOCPosition":"1","typeId":"assetartifact_executivesummary","_id":"art_HJoh4ymkv","artifactTypeId":"artifacttype_BycHOLqmI","type":"Overview"},{"globalTOCPosition":"5.2","typeId":"assetartifact_architecturedecision","_id":"art_HJDD2Xy7JD","artifactTypeId":"artifacttype_BJj5H_U9Q8","type":"Architectural Decisions"},{"globalTOCPosition":"3.3","typeId":"assetartifact_nonfunctionalrequirement","_id":"art_ByHlUhQJXyv","artifactTypeId":"artifacttype_ryH9BOU9m8","type":"Non Functional Requirements"},{"globalTOCPosition":"6.4","typeId":"assetartifact_dependency","_id":"art_S1kgU2QJmyD","artifactTypeId":"artifacttype_rJmx9HdIqX8","type":"Dependencies"},{"globalTOCPosition":"3.1.2","typeId":"assetartifact_usecase_uctext","_id":"art_Bknwn7kQ1P","artifactTypeId":"artifacttype_rJX9SuIqXU","type":"Use Case"},{"globalTOCPosition":"3.2","typeId":"assetartifact_functionalrequirement","_id":"art_SkzxUnXkQJv","artifactTypeId":"artifacttype_SJV5SOUqmU","type":"Functional Requirements"},{"globalTOCPosition":"6.2","typeId":"assetartifact_assumption","_id":"art_SyIU3myQyw","artifactTypeId":"artifacttype_rJbl5BOIcmU","type":"Assumptions"},{"globalTOCPosition":"7","typeId":"assetartifact_architecture_principles","_id":"art_ByI2Q1Xkw","artifactTypeId":"artifacttype_ryVeqr_8qX8","type":"Architectural Principles"},{"globalTOCPosition":"6.1","typeId":"assetartifact_risk","_id":"art_rJGL3myQJv","artifactTypeId":"artifacttype_S1le5HOI5XI","type":"Risks"},{"globalTOCPosition":"6.3","typeId":"assetartifact_issue","_id":"art_rJiLn7kmJP","artifactTypeId":"artifacttype_S1Gx5B_LqQU","type":"Issues"}],"industry":[{"name":"Banking & FM","_id":"industry_banking"}],"technology":[{"name":"Blockchain","_id":"technology_blockchain"}],"technicalCapability":[],"businessCapability":[],"client":[{"name":"Xie","_id":"client_BJWHY71myw"}],"taxonomies":["IT Costs","Be more responsive"],"template":{"name":"Solution Architecture Template","description":"Default ToC","_id":"template_company_ibm","isGlobalDefaultTemplate":true},"executiveSummary":"","tag":[{"name":"Blockchain for Operations","_id":"tag_blockchain_for_operation"}],"schemaVersion":"1.2","clientName":"Xie","lastModifiedUser":{"_id":"xierulei@cn.ibm.com","fullname":"Rulei Xie","privacyConstent":{"isAccept":true,"country":"CN","acceptedDate":"2020-02-19T07:24:02.956Z"},"lastLoginDate":"2020-07-08T08:32:25.471Z","bookmarkedArchList":[],"username":"xierulei@cn.ibm.com","email":"xierulei@cn.ibm.com","userPreference":{"defaultTemplate":"template_company_ibm","defaultGithubInfo":{"_id":null,"repoUrl":"git@github.com:guoliabei/ca-public.git"}},"geographyList":[],"businessUnitList":[],"collaborationGroupList":["5e4ce7d0e9741d000726da0d"]},"owner":{"_id":"xierulei@cn.ibm.com","fullname":"Rulei Xie","privacyConstent":{"isAccept":true,"country":"CN","acceptedDate":"2020-02-19T07:24:02.956Z"},"lastLoginDate":"2020-07-08T08:32:25.471Z","bookmarkedArchList":[],"username":"xierulei@cn.ibm.com","email":"xierulei@cn.ibm.com","userPreference":{"defaultTemplate":"template_company_ibm","defaultGithubInfo":{"_id":null,"repoUrl":"git@github.com:guoliabei/ca-public.git"}},"collaborationGroupList":["5e4ce7d0e9741d000726da0d"]},"appVersion":"2.9.1"}