{
	"_id": "arch_ryNmNH2uS",
	"name": "test_offline defect",
	"type": "Solution",
	"status": "Pending",
	"created": "2019-10-10T05:39:40Z",
	"lastModified": "2019-10-10 14:12:49",
	"includedArtifacts": [
		{
			"type": "Use Cases",
			"typeId": "assetartifact_usecase_uctext",
			"_id": "art_assetartifact_usecase_uctext"
		},
		{
			"type": "Architectural Decisions",
			"typeId": "assetartifact_architecturedecision",
			"_id": "art_assetartifact_architecturedecision"
		},
		{
			"type": "Use Case Diagram",
			"typeId": "assetartifact_usecase_ucdiagram",
			"_id": "art_assetartifact_usecase_ucdiagram"
		},
		{
			"type": "Physical Operational Model",
			"typeId": "assetartifact_operationalmodel_physicaloperational",
			"_id": "art_assetartifact_operationalmodel_physicaloperational"
		}
	],
	"industry": [
		{
			"_id": "industry_chemicals",
			"name": "Chemical & Petroleum"
		},
		{
			"_id": "industry_aerospace",
			"name": "Aerospace and Defense"
		}
	],
	"technology": [
		{
			"_id": "technology_cognitive",
			"name": "Cognitive Computing"
		}
	],
	"technicalCapability": [],
	"businessCapability": [],
	"client": [
		{
			"_id": "client_HyZNXVBhur",
			"name": "s"
		}
	],
	"executiveSummary": "",
	"tag": [
		{
			"_id": "tag_channell_transformation",
			"name": "Channel Transformation"
		},
		{
			"_id": "tag_business_process_digitization",
			"name": "Business Process Digitization"
		},
		{
			"_id": "tag_back_office_transformation",
			"name": "Back Office Transformation"
		}
	],
	"schemaVersion": "1.0",
	"appVersion": "2.5.0"
}