{
	"toc": [
		{
			"displayName": "Overview",
			"globalTOCPosition": "1",
			"child": [],
			"format": "text",
			"hasContent": false,
			"artifactType": "assetartifact_executivesummary"
		},
		{
			"displayName": "Scope",
			"globalTOCPosition": "2",
			"child": [
				{
					"displayName": "Business Challenge",
					"globalTOCPosition": "2.1",
					"format": "text",
					"hasContent": false,
					"artifactType": "assetartifact_businesschallenge"
				},
				{
					"displayName": "System Context",
					"globalTOCPosition": "2.2",
					"format": "diagram",
					"hasContent": false,
					"artifactType": "assetartifact_systemcontext"
				}
			]
		},
		{
			"displayName": "Requirement",
			"globalTOCPosition": "3",
			"child": [
				{
					"displayName": "Use Case Model",
					"globalTOCPosition": "3.1",
					"child": [
						{
							"displayName": "Use Case Diagram",
							"globalTOCPosition": "3.1.1",
							"format": "diagram",
							"hasContent": false,
							"artifactType": "assetartifact_usecase_ucdiagram"
						},
						{
							"displayName": "Use Case",
							"globalTOCPosition": "3.1.2",
							"format": "text",
							"hasContent": false,
							"artifactType": "assetartifact_usecase_uctext"
						}
					]
				},
				{
					"displayName": "Functional Requirements",
					"globalTOCPosition": "3.2",
					"format": "text",
					"hasContent": false,
					"artifactType": "assetartifact_functionalrequirement"
				},
				{
					"displayName": "Non Functional Requirements",
					"globalTOCPosition": "3.3",
					"format": "text",
					"hasContent": true,
					"artifactType": "assetartifact_nonfunctionalrequirement",
					"artifactId": "art_HJ7I6LnlH"
				}
			]
		},
		{
			"displayName": "Data Model",
			"globalTOCPosition": "4",
			"child": [
				{
					"displayName": "Logical Data Model",
					"globalTOCPosition": "4.1",
					"format": "diagram",
					"hasContent": false,
					"artifactType": "assetartifact_logical_datamodel"
				}
			]
		},
		{
			"displayName": "Architecture",
			"globalTOCPosition": "5",
			"child": [
				{
					"displayName": "Architecture Overview",
					"globalTOCPosition": "5.1",
					"child": [
						{
							"displayName": "Services View",
							"globalTOCPosition": "5.1.1",
							"format": "diagram",
							"hasContent": false,
							"artifactType": "assetartifact_architectureoverview_aodservice"
						},
						{
							"displayName": "Enterprise View",
							"globalTOCPosition": "5.1.2",
							"format": "diagram",
							"hasContent": false,
							"artifactType": "assetartifact_architectureoverview_enterprise"
						},
						{
							"displayName": "IT System View",
							"globalTOCPosition": "5.1.3",
							"format": "diagram",
							"hasContent": false,
							"artifactType": "assetartifact_architectureoverview_itsystem"
						},
						{
							"displayName": "Usage Scenario",
							"globalTOCPosition": "5.1.4",
							"format": "diagram",
							"hasContent": false,
							"artifactType": "assetartifact_architectureoverview_usagescenario"
						}
					]
				},
				{
					"displayName": "Architectural Decisions",
					"globalTOCPosition": "5.2",
					"child": [],
					"format": "text",
					"hasContent": true,
					"artifactType": "assetartifact_architecturedecision",
					"artifactId": "art_r1VvpI3gB"
				},
				{
					"displayName": "Component Model",
					"globalTOCPosition": "5.3",
					"child": [
						{
							"displayName": "Static View",
							"globalTOCPosition": "5.3.1",
							"format": "diagram",
							"hasContent": false,
							"artifactType": "assetartifact_componentmodel_staticview"
						},
						{
							"displayName": "Dynamic View",
							"globalTOCPosition": "5.3.2",
							"format": "diagram",
							"hasContent": false,
							"artifactType": "assetartifact_componentmodel_dynamicview"
						}
					]
				},
				{
					"displayName": "Operational Model",
					"globalTOCPosition": "5.4",
					"child": [
						{
							"displayName": "Logical Operational View",
							"globalTOCPosition": "5.4.1",
							"format": "diagram",
							"hasContent": true,
							"artifactType": "assetartifact_operationalmodel_logicaloperational",
							"artifactId": "art_SJxk7a83gB"
						},
						{
							"displayName": "Physical Operational View",
							"globalTOCPosition": "5.4.2",
							"format": "diagram",
							"hasContent": true,
							"artifactType": "assetartifact_operationalmodel_physicaloperational",
							"artifactId": "art_SyCcpL2xH"
						}
					]
				}
			]
		},
		{
			"displayName": "RAID",
			"globalTOCPosition": "6",
			"child": [
				{
					"displayName": "Risks",
					"globalTOCPosition": "6.1",
					"format": "text",
					"hasContent": false,
					"artifactType": "assetartifact_risk"
				},
				{
					"displayName": "Assumptions",
					"globalTOCPosition": "6.2",
					"format": "text",
					"hasContent": false,
					"artifactType": "assetartifact_assumption"
				},
				{
					"displayName": "Issues",
					"globalTOCPosition": "6.3",
					"format": "text",
					"hasContent": false,
					"artifactType": "assetartifact_issue"
				},
				{
					"displayName": "Dependencies",
					"globalTOCPosition": "6.4",
					"format": "text",
					"hasContent": false,
					"artifactType": "assetartifact_dependency"
				}
			]
		},
		{
			"displayName": "Architectural Principles",
			"globalTOCPosition": "7",
			"child": [],
			"format": "text",
			"hasContent": false,
			"artifactType": "assetartifact_architecture_principles"
		},
		{
			"displayName": "Notes",
			"globalTOCPosition": "8",
			"child": [],
			"format": "text",
			"hasContent": false,
			"artifactType": "assetartifact_notes"
		}
	],
	"toc_cards": {
		"lomPhysicalViews": [
			{
				"additionalInfo": {},
				"_id": "pomview_1NiYjzS2OEJ",
				"name": "pom",
				"description": "",
				"lastModifiedInfo": {
					"userId": "gbbguoxa@cn.ibm.com",
					"date": "2019-07-05 13:20:54"
				}
			}
		],
		"architecturaldecision": [
			"architecturaldecision_Hkg4DpUnlS",
			"architecturaldecision_SyeqvTL2gS"
		],
		"nonfunctionalrequirement": [
			"nonfunctionalrequirement_SJlQ8aLher",
			"nonfunctionalrequirement_BygoIp83xB"
		],
		"lomViews": [
			{
				"additionalInfo": {},
				"_id": "lomview_1NiXMM4M72Q",
				"name": "lom",
				"description": "",
				"lastModifiedInfo": {
					"userId": "gbbguoxa@cn.ibm.com",
					"date": "2019-07-05T05:18:05Z"
				}
			}
		],
		"executivesummary": [],
		"businesschallenge": [],
		"usecasetext": [],
		"functionalrequirement": [],
		"risk": [],
		"assumption": [],
		"issue": [],
		"dependency": [],
		"architectureprinciple": [],
		"notes": [],
		"systemContext": [],
		"useCaseViews": [],
		"aodServices": [
			{
				"_id": "aodservices_1NiZS8hojxT",
				"name": "sv",
				"description": null,
				"lastModifiedInfo": {
					"userId": null,
					"date": "2019-07-05 13:38:54",
					"avatar": null
				},
				"additionalInfo": {},
				"lastModified": "2019-07-05 13:24:24",
				"c_lastModified": "31-Jul-2018",
				"c_iconClass": "card_icon_it_system_view"
			}
		],
		"aodEnterprises": [],
		"aodITSystems": [],
		"aodUsageScenarios": [],
		"cmStaticViews": [],
		"cmDynamicViews": [],
		"logicalErds": []
	},
	"combined": {
		"coreInfo": [
			{
				"modelType": "LogicalComponent",
				"level": "Application",
				"description": "",
				"_id": "logicalcomponent_1NiYvxAHxbY",
				"label": "lc1",
				"children": "physicalcomponent_1NiYzbh5mna,physicalcomponent_1NiXVNKjZpX"
			},
			{
				"modelType": "DU",
				"level": "Functional",
				"description": "",
				"_id": "du_1NiYqX54yIm",
				"type": "Executable",
				"label": "du1",
				"children": "logicalcomponent_1NiYvxAHxbY,logicalcomponent_1NiZSMo7tFt"
			},
			{
				"modelType": "LogicalNode",
				"description": "",
				"_id": "logicalnode_1NiYn6Q7r7W",
				"label": "ln1",
				"children": "du_1NiXREBkW3t"
			},
			{
				"modelType": "LogicalComponent",
				"level": "Application",
				"description": "",
				"_id": "logicalcomponent_1NiXTHX6nV3",
				"label": "lc",
				"children": "physicalcomponent_1NiXVNKjZpX"
			},
			{
				"modelType": "DU",
				"level": "Functional",
				"description": "",
				"_id": "du_1NiXREBkW3t",
				"type": "Executable",
				"label": "du",
				"children": "logicalcomponent_1NiXTHX6nV3,logicalcomponent_1NiYvxAHxbY"
			},
			{
				"modelType": "LogicalNode",
				"description": "",
				"_id": "logicalnode_1NiXONeBNhZ",
				"label": "ln",
				"children": "du_1NiXREBkW3t"
			},
			{
				"modelType": "PhysicalComponent",
				"description": "",
				"_id": "physicalcomponent_1NiYzbh5mna",
				"url": "",
				"label": "pc1"
			},
			{
				"modelType": "OMLocation",
				"description": "",
				"_id": "omlocation_1NiXNYuRCGe",
				"label": "OMLocation"
			},
			{
				"modelType": "PhysicalNode",
				"description": "",
				"_id": "physicalnode_1NiYmj6PuTo",
				"type": "Physical",
				"label": "P. Node"
			},
			{
				"modelType": "PhysicalComponent",
				"description": "",
				"_id": "physicalcomponent_1NiXVNKjZpX",
				"url": "",
				"label": "pc"
			},
			{
				"modelType": "LogicalComponent",
				"label": "Logical Component",
				"description": "",
				"_id": "logicalcomponent_1NiZSMo7tFt",
				"level": "Application",
				"children": "physicalcomponent_1NiXVNKjZpX,physicalcomponent_1NiYzbh5mna"
			}
		]
	},
	"diagram": {
		"instances": {
			"pomview_1NiYjzS2OEJ": {
				"uiInfo": "<mxGraphModel dx=\"1009\" dy=\"568\" grid=\"1\" gridSize=\"10\" guides=\"1\" tooltips=\"1\" connect=\"1\" arrows=\"1\" fold=\"1\" page=\"1\" pageScale=\"1\" pageWidth=\"1169\" pageHeight=\"827\" background=\"#ffffff\"><root><mxCell id=\"0\" modelId=\"pomview_1NiYjzS2OEJ\"/><mxCell id=\"1\" parent=\"0\"/><mxCell id=\"pomview_1NiYjzS2OEJ_21NiYJKWlYhC\" style=\"shape=corner;whiteSpace=wrap;html=1;fillColor=none;container=1;align=center;verticalAlign=top;strokeWidth=4;strokeColor=#CCCCCC;dx=450;dy=300;\" parent=\"1\" vertex=\"1\" modelId=\"omlocation_1NiXNYuRCGe\"><mxGeometry x=\"420\" y=\"50\" width=\"450\" height=\"300\" as=\"geometry\"/></mxCell><mxCell id=\"pomview_1NiYjzS2OEJ_31NiYJKWFrMd\" style=\"swimlane;fontStyle=0;horizontal=1;startSize=26;horizontalStack=0;resizeParent=1;resizeParentMax=0;resizeLast=0;collapsible=1;marginBottom=0;swimlaneFillColor=#ffffff;\" parent=\"pomview_1NiYjzS2OEJ_21NiYJKWlYhC\" vertex=\"1\" modelId=\"physicalnode_1NiYmj6PuTo\"><mxGeometry x=\"210\" y=\"60\" width=\"190\" height=\"180\" as=\"geometry\"/></mxCell><mxCell id=\"pomview_1NiYjzS2OEJ_41NiYJKWTpbj\" style=\"swimlane;fontStyle=0;childLayout=stackLayout;horizontal=1;startSize=26;horizontalStack=0;resizeParent=1;resizeParentMax=0;resizeLast=0;collapsible=1;marginBottom=0;swimlaneFillColor=#ffffff;\" parent=\"pomview_1NiYjzS2OEJ_31NiYJKWFrMd\" vertex=\"1\" modelId=\"logicalnode_1NiYn6Q7r7W\"><mxGeometry x=\"50\" y=\"70\" width=\"140\" height=\"50\" as=\"geometry\"/></mxCell><mxCell id=\"pomview_1NiYjzS2OEJ_51NiYJKWhPnz\" parent=\"1\" modelId=\"nonfunctionalrequirement_SJlQ8aLher\"/><mxCell id=\"pomview_1NiYjzS2OEJ_101NiYJKWxnpM\" parent=\"1\" modelId=\"logicalnode_1NiXONeBNhZ\"/><mxCell id=\"pomview_1NiYjzS2OEJ_111NiYJKWZWjS\" parent=\"1\" modelId=\"architecturaldecision_Hkg4DpUnlS\"/></root></mxGraphModel>",
				"coreInfo": [
					{
						"modelType": "POMView",
						"logicalLayerStatus": "on",
						"lastModifiedUserId": "gbbguoxa@cn.ibm.com",
						"description": "",
						"lastModified": "2019-07-05 13:20:54",
						"_id": "pomview_1NiYjzS2OEJ",
						"label": "pom"
					},
					{
						"modelType": "OMLocation",
						"description": "",
						"_id": "omlocation_1NiXNYuRCGe",
						"label": "OMLocation",
						"children": "physicalnode_1NiYmj6PuTo,logicalnode_1NiXONeBNhZ"
					},
					{
						"modelType": "PhysicalNode",
						"description": "",
						"_id": "physicalnode_1NiYmj6PuTo",
						"type": "Physical",
						"label": "P. Node",
						"children": "logicalnode_1NiYn6Q7r7W"
					}
				]
			},
			"lomview_1NiXMM4M72Q": {
				"uiInfo": "<mxGraphModel dx=\"1182\" dy=\"423\" grid=\"1\" gridSize=\"10\" guides=\"1\" tooltips=\"1\" connect=\"1\" arrows=\"1\" fold=\"1\" page=\"1\" pageScale=\"1\" pageWidth=\"1169\" pageHeight=\"827\" background=\"#ffffff\"><root><mxCell id=\"0\" modelId=\"lomview_1NiXMM4M72Q\"></mxCell><mxCell id=\"1\" parent=\"0\"></mxCell><mxCell id=\"lomview_1NiXMM4M72Q_21NiY8svuX2x\" style=\"shape=corner;whiteSpace=wrap;html=1;fillColor=none;container=1;align=center;verticalAlign=top;strokeWidth=4;strokeColor=#CCCCCC;dx=450;dy=300;\" vertex=\"1\" modelId=\"omlocation_1NiXNYuRCGe\" parent=\"1\"><mxGeometry x=\"520\" y=\"40\" width=\"450\" height=\"300\" as=\"geometry\"></mxGeometry></mxCell><mxCell id=\"lomview_1NiXMM4M72Q_31NiY8sv3rdF\" style=\"swimlane;fontStyle=0;childLayout=stackLayout;horizontal=1;startSize=26;horizontalStack=0;resizeParent=1;resizeParentMax=0;resizeLast=0;collapsible=1;marginBottom=0;swimlaneFillColor=#ffffff;\" vertex=\"1\" modelId=\"logicalnode_1NiXONeBNhZ\" parent=\"lomview_1NiXMM4M72Q_21NiY8svuX2x\"><mxGeometry x=\"120\" y=\"70\" width=\"140\" height=\"50\" as=\"geometry\"></mxGeometry></mxCell><mxCell id=\"nonfunctionalrequirement_rJP1gRI2eS\" modelId=\"nonfunctionalrequirement_SJlQ8aLher\" parent=\"1\"></mxCell><mxCell id=\"logicalcomponent_r1u1eCL3lS\" modelId=\"logicalcomponent_1NiYvxAHxbY\" parent=\"1\"></mxCell><mxCell id=\"du_SJFyxAU3lH\" modelId=\"du_1NiYqX54yIm\" parent=\"1\"></mxCell><mxCell id=\"logicalnode_rk51xCU2xH\" modelId=\"logicalnode_1NiYn6Q7r7W\" parent=\"1\"></mxCell><mxCell id=\"logicalcomponent_SJsJlCU2xB\" modelId=\"logicalcomponent_1NiXTHX6nV3\" parent=\"1\"></mxCell><mxCell id=\"du_SJ2yx083gB\" modelId=\"du_1NiXREBkW3t\" parent=\"1\"></mxCell><mxCell id=\"architecturaldecision_HyT1xRL3xS\" modelId=\"architecturaldecision_Hkg4DpUnlS\" parent=\"1\"></mxCell><mxCell id=\"physicalcomponent_B1AyxR82er\" modelId=\"physicalcomponent_1NiXVNKjZpX\" parent=\"1\"></mxCell></root></mxGraphModel>",
				"coreInfo": [
					{
						"modelType": "LOMView",
						"lastModifiedUserId": "gbbguoxa@cn.ibm.com",
						"description": "",
						"lastModified": "2019-07-05T05:18:05Z",
						"_id": "lomview_1NiXMM4M72Q",
						"label": "lom"
					},
					{
						"modelType": "OMLocation",
						"description": "",
						"_id": "omlocation_1NiXNYuRCGe",
						"label": "OMLocation",
						"children": "logicalnode_1NiXONeBNhZ"
					}
				]
			},
			"aodservices_1NiZS8hojxT": {
				"uiInfo": "<mxGraphModel dx=\"1009\" dy=\"568\" grid=\"1\" gridSize=\"10\" guides=\"1\" tooltips=\"1\" connect=\"1\" arrows=\"1\" fold=\"1\" page=\"1\" pageScale=\"1\" pageWidth=\"1169\" pageHeight=\"827\" background=\"#ffffff\"><root><mxCell id=\"0\" modelId=\"aodservices_1NiZS8hojxT\"/><mxCell id=\"1\" parent=\"0\"/><mxCell id=\"aodservices_1NiZS8hojxT_21NiZXDe1qUU\" style=\"rounded=1;whiteSpace=wrap;html=1;\" parent=\"1\" vertex=\"1\" modelId=\"logicalcomponent_1NiZSMo7tFt\"><mxGeometry x=\"600\" y=\"190\" width=\"120\" height=\"60\" as=\"geometry\"/></mxCell></root></mxGraphModel>",
				"coreInfo": [
					{
						"modelType": "AODServices",
						"_id": "aodservices_1NiZS8hojxT",
						"label": "sv",
						"description": "",
						"lastModified": "2019-07-05 13:38:54"
					}
				]
			}
		}
	},
	"textual": {
		"instances": {
			"architecturaldecision_SyeqvTL2gS": {
				"coreInfo": [
					{
						"modelType": "ArchitecturalDecision",
						"lastUpdated": "2019-07-05",
						"lastModifiedUserId": "gbbguoxa@cn.ibm.com",
						"lastModified": "2019-07-05T05:17:22Z",
						"_id": "architecturaldecision_SyeqvTL2gS",
						"status": "proposed",
						"label": "ad2",
						"ad_id": "ad2",
						"children": "logicalnode_1NiYn6Q7r7W,logicalcomponent_1NiYvxAHxbY"
					}
				]
			},
			"architecturaldecision_Hkg4DpUnlS": {
				"coreInfo": [
					{
						"modelType": "ArchitecturalDecision",
						"lastUpdated": "2019-07-05",
						"lastModifiedUserId": "gbbguoxa@cn.ibm.com",
						"lastModified": "2019-07-05T05:17:15Z",
						"_id": "architecturaldecision_Hkg4DpUnlS",
						"status": "proposed",
						"label": "ad1",
						"ad_id": "ad1",
						"children": "du_1NiYqX54yIm,logicalnode_1NiYn6Q7r7W,logicalnode_1NiXONeBNhZ,logicalcomponent_1NiXTHX6nV3,logicalcomponent_1NiZSMo7tFt"
					}
				]
			},
			"nonfunctionalrequirement_SJlQ8aLher": {
				"coreInfo": [
					{
						"modelType": "NonFunctionalRequirement",
						"lastModifiedUserId": "gbbguoxa@cn.ibm.com",
						"theme": "Performance",
						"lastModified": "2019-07-05T05:16:58Z",
						"_id": "nonfunctionalrequirement_SJlQ8aLher",
						"priority": "Critical",
						"label": "nfr1",
						"nfr_id": "nfr1",
						"children": "du_1NiYqX54yIm,logicalcomponent_1NiXTHX6nV3,du_1NiXREBkW3t,logicalnode_1NiXONeBNhZ"
					}
				]
			},
			"nonfunctionalrequirement_BygoIp83xB": {
				"coreInfo": [
					{
						"modelType": "NonFunctionalRequirement",
						"lastModifiedUserId": "gbbguoxa@cn.ibm.com",
						"theme": "Performance",
						"lastModified": "2019-07-05T05:17:06Z",
						"_id": "nonfunctionalrequirement_BygoIp83xB",
						"priority": "Critical",
						"label": "nfr2",
						"nfr_id": "nfr2",
						"children": "du_1NiXREBkW3t,logicalcomponent_1NiYvxAHxbY"
					}
				]
			}
		}
	},
	"solution_advisors": {},
	"auditLog": {
		"_id": "architectureauditentry_5KkCdgWD3",
		"archId": "arch_Hy6bTLneB",
		"archChangeLog": [
			{
				"_id": "architecturechangelog_pWp4xReH3",
				"date": "2019-07-05T05:18:12.859Z",
				"type": "CREATE_INST",
				"user": {
					"fullname": "Bei Bei Guo",
					"email": "gbbguoxa@cn.ibm.com"
				},
				"artifactType": "assetartifact_operationalmodel_physicaloperational",
				"instanceName": "pom"
			},
			{
				"_id": "architecturechangelog_gIc85Ze65",
				"date": "2019-07-05T05:17:22.104Z",
				"type": "CREATE_INST",
				"user": {
					"fullname": "Bei Bei Guo",
					"email": "gbbguoxa@cn.ibm.com"
				},
				"artifactType": "assetartifact_architecturedecision",
				"instanceName": "ad2"
			},
			{
				"_id": "architecturechangelog_Co3v1WhIs",
				"date": "2019-07-05T05:17:15.485Z",
				"type": "CREATE_INST",
				"user": {
					"fullname": "Bei Bei Guo",
					"email": "gbbguoxa@cn.ibm.com"
				},
				"artifactType": "assetartifact_architecturedecision",
				"instanceName": "ad1"
			},
			{
				"_id": "architecturechangelog_EmQsDRMhI",
				"date": "2019-07-05T05:17:06.234Z",
				"type": "CREATE_INST",
				"user": {
					"fullname": "Bei Bei Guo",
					"email": "gbbguoxa@cn.ibm.com"
				},
				"artifactType": "assetartifact_nonfunctionalrequirement",
				"instanceName": "nfr2"
			},
			{
				"_id": "architecturechangelog_lK47yobKI",
				"date": "2019-07-05T05:16:59.011Z",
				"type": "CREATE_INST",
				"user": {
					"fullname": "Bei Bei Guo",
					"email": "gbbguoxa@cn.ibm.com"
				},
				"artifactType": "assetartifact_nonfunctionalrequirement",
				"instanceName": "nfr1"
			},
			{
				"_id": "architecturechangelog_nnVKiOpfh",
				"date": "2019-07-05T05:16:06.812Z",
				"type": "CREATE_INST",
				"user": {
					"fullname": "Bei Bei Guo",
					"email": "gbbguoxa@cn.ibm.com"
				},
				"artifactType": "assetartifact_operationalmodel_logicaloperational",
				"instanceName": "lom"
			},
			{
				"_id": "architecturechangelog_3LPJZ2eprE",
				"date": "2019-07-05T05:15:49.377Z",
				"type": "CREATE",
				"user": {
					"fullname": "Bei Bei Guo",
					"email": "gbbguoxa@cn.ibm.com"
				}
			}
		]
	}
}