{"_id":"arch_rkhkZWq8L","name":"2.8 copy","type":"Solution","status":"Pending","created":"2020-03-26T10:16:04Z","lastModified":"2020-03-26T10:56:33Z","includedArtifacts":[{"globalTOCPosition":"6.2","typeId":"assetartifact_assumption","_id":"art_r1rqe--9II","artifactTypeId":"artifacttype_2142b656-62ba-304d-95d4-77b1b144e5e1","type":"Assumptions"},{"globalTOCPosition":"5.3.2","typeId":"assetartifact_componentmodel_dynamicview","_id":"art_HJ0cxWbcUI","artifactTypeId":"artifacttype_6e1239a1-6a68-3dae-ae87-b05ecf80d25b","type":"Dynamic View"},{"globalTOCPosition":"5.1.2","typeId":"assetartifact_architectureoverview_enterprise","_id":"art_B1hcxbZc88","artifactTypeId":"artifacttype_16bfe592-ae95-371c-9f64-3a881b667707","type":"Enterprise View"},{"globalTOCPosition":"7","typeId":"assetartifact_architecture_principles","_id":"art_By_9gW-qLU","artifactTypeId":"artifacttype_92ccfc5d-c31a-349d-97c0-6d75c8841a8a","type":"Architectural Principles"},{"globalTOCPosition":"8","typeId":"assetartifact_notes","_id":"art_rJV9xWbqU8","artifactTypeId":"artifacttype_02226b19-474e-37a6-ab39-d9bb31767fb5","type":"Notes"},{"globalTOCPosition":"2.1","typeId":"assetartifact_businesschallenge","_id":"art_S1-9gbW58U","artifactTypeId":"artifacttype_d1ab4a95-e05f-3882-9f19-6500fc0d3b2b","type":"Business Challenge"},{"globalTOCPosition":"3.1.2","typeId":"assetartifact_usecase_uctext","_id":"art_rJzclW-5IL","artifactTypeId":"artifacttype_dde4b71c-82db-3f66-964a-3a04fbf56dff","type":"Use Case"},{"globalTOCPosition":"5.3.1","typeId":"assetartifact_componentmodel_staticview","_id":"art_ryJl9e--cLL","artifactTypeId":"artifacttype_4a44b8fa-5057-3826-84d7-169a6fc1f2ed","type":"Static View"},{"globalTOCPosition":"5.1.4","typeId":"assetartifact_architectureoverview_usagescenario","_id":"art_By7eqxWZc8U","artifactTypeId":"artifacttype_d118451c-0816-3aa5-8b89-3119feb4168a","type":"Usage Scenario"},{"globalTOCPosition":"3.3","typeId":"assetartifact_nonfunctionalrequirement","_id":"art_ByL5gWZcLI","artifactTypeId":"artifacttype_f0eebd79-15c9-3ebc-a73b-8efc3f634f59","type":"Non Functional Requirements"},{"globalTOCPosition":"5.1.1","typeId":"assetartifact_architectureoverview_aodservice","_id":"art_r1gxcgZ-c8U","artifactTypeId":"artifacttype_2c548a13-6bd9-3edc-a496-0318af82f0d1","type":"Services View"},{"globalTOCPosition":"6.3","typeId":"assetartifact_issue","_id":"art_rJgceb-5LL","artifactTypeId":"artifacttype_f4d01807-f847-3ccd-87a2-32877074295e","type":"Issues"},{"globalTOCPosition":"5.1.3","typeId":"assetartifact_architectureoverview_itsystem","_id":"art_BJ4eqlbW9LI","artifactTypeId":"artifacttype_355f72be-6566-3f48-8b15-c30f671d7c8f","type":"IT System View"},{"globalTOCPosition":"3.1.1","typeId":"assetartifact_usecase_ucdiagram","_id":"art_SkSlcx-b5UL","artifactTypeId":"artifacttype_cde39d5e-c892-3093-ab3d-bad448acb8a0","type":"Use Case Diagram"},{"globalTOCPosition":"5.4.2","typeId":"assetartifact_operationalmodel_physicaloperational","_id":"art_S1Mx9xb-cUI","artifactTypeId":"artifacttype_7503dbb1-18f7-36ac-ad12-98d977ef3d0d","type":"Physical Operational View"},{"globalTOCPosition":"6.1","typeId":"assetartifact_risk","_id":"art_H1v5l-WqLI","artifactTypeId":"artifacttype_94622837-e58f-34c3-9263-8260b69601c8","type":"Risks"},{"globalTOCPosition":"5.2","typeId":"assetartifact_architecturedecision","_id":"art_S1Kcg-b9UU","artifactTypeId":"artifacttype_fddae3fa-aafa-32af-94a4-bc3e1ed255cc","type":"Architectural Decisions"},{"globalTOCPosition":"4.1","typeId":"assetartifact_logical_datamodel","_id":"art_SkLl9gWZ98U","artifactTypeId":"artifacttype_246bc46f-0286-3ad4-bf01-679592db59c7","type":"Logical Data Model"},{"globalTOCPosition":"6.4","typeId":"assetartifact_dependency","_id":"art_rkQ5eWZ58L","artifactTypeId":"artifacttype_9c5463b3-5c9e-3790-86cb-9b8866cc062a","type":"Dependencies"},{"globalTOCPosition":"1","typeId":"assetartifact_executivesummary","_id":"art_B19clbZc88","artifactTypeId":"artifacttype_9edbd406-69fb-3a95-8b2e-58a0974b2710","type":"Overview"},{"globalTOCPosition":"3.2","typeId":"assetartifact_functionalrequirement","_id":"art_B1icxW-cLI","artifactTypeId":"artifacttype_12eefe0a-435b-3176-8bbe-4dc928a2e4c3","type":"Functional Requirements"},{"globalTOCPosition":"5.4.1","typeId":"assetartifact_operationalmodel_logicaloperational","_id":"art_SJTcg-Z98U","artifactTypeId":"artifacttype_5ca43d50-d7da-322f-a1b0-f65b0c12b2c8","type":"Logical Operational View"},{"globalTOCPosition":"2.2","typeId":"assetartifact_systemcontext","_id":"art_rk-eqeZZcLL","artifactTypeId":"artifacttype_8ca70362-e3d1-3b9c-91d1-f755d029a2e3","type":"System Context"}],"industry":[{"name":"Aerospace and Defense","_id":"industry_aerospace"}],"technology":[{"name":"Blockchain","_id":"technology_blockchain"},{"name":"Analytics","_id":"technology_analytics"},{"name":"Cognitive Computing","_id":"technology_cognitive"},{"name":"Cloud Computing","_id":"technology_cloud"}],"technicalCapability":[],"businessCapability":[],"client":[{"name":"caes","_id":"client_r1u16p5oS"}],"template":{"name":"Solution Architecture Template","description":"Default ToC","_id":"template_company_ibm","isGlobalDefaultTemplate":true},"executiveSummary":"<div>this is overvire</div><div>this is overvire</div><div>this is overvire</div><div>this is overvire</div><div>this is overvire</div><ol><li>Y07EsIJsyJx06iaM7CXhtYmTo9Bthis is overview</li><li><b><font color=\"#ffb132\"><i><u>Y07EsIJsyJx06iaM7CXhtYmTo9Bthis is overview</u></i></font></b></li><li><b><font color=\"#ffb132\"><i><u>Y07EsIJsyJx06iaM7CXhtYmTo9Bthis is overview</u></i></font></b></li><li>Y07EsIJsyJx06iaM7CXhtYmTo9Bthis is overview</li><li>Y07EsIJsyJx06iaM7CXhtYmTo9Bthis is overview</li></ol><div><br></div><div><div><br></div><img style=\"height:100px;\" src=\"/api/FileManagerAPIs/containers/cafiles/files/file_fc52d57b2b7b992c.png\"><div><br></div><div>this is overvire\n</div></div>","tag":[{"name":"Availability and Performance Optimization","_id":"tag_avai_performance_optimization"}],"schemaVersion":"1.2","appVersion":"2.8.0"}