{"_id":"arch_S15Ud332B","name":"Regression 2.6.1","type":"Solution","status":"Pending","created":"2019-11-28T03:00:34Z","lastModified":"2019-12-06T05:39:54Z","includedArtifacts":[{"_id":"art_HJgoMskanB","typeId":"assetartifact_notes","artifactTypeId":"artifacttype_ByMxRiRY5sB","type":"Notes","globalTOCPosition":"8"},{"_id":"art_SJOxsJThB","typeId":"assetartifact_architecture_principles","artifactTypeId":"artifacttype_BJoCjCF9jB","type":"Architectural Principles","globalTOCPosition":"7"},{"_id":"art_Sy-syo1p2B","typeId":"assetartifact_dependency","artifactTypeId":"artifacttype_S1qCiCY9ir","type":"Dependencies","globalTOCPosition":"6.4"},{"_id":"art_rybJyjJ63B","typeId":"assetartifact_issue","artifactTypeId":"artifacttype_ByZeAiCK9sB","type":"Issues","globalTOCPosition":"6.3"},{"_id":"art_BkWNCqJphB","typeId":"assetartifact_assumption","artifactTypeId":"artifacttype_S13RjAt5jH","type":"Assumptions","globalTOCPosition":"6.2"},{"_id":"art_ByBc5Jp3r","typeId":"assetartifact_risk","artifactTypeId":"artifacttype_BkelRs0tciS","type":"Risks","globalTOCPosition":"6.1"},{"_id":"art_SyLH5yT2B","typeId":"assetartifact_operationalmodel_physicaloperational","artifactTypeId":"artifacttype_rJExCiAt5iH","type":"Physical Operational View","globalTOCPosition":"5.4.2"},{"_id":"art_rJljFuJa2H","typeId":"assetartifact_operationalmodel_logicaloperational","artifactTypeId":"artifacttype_Hya0sRKqjS","type":"Logical Operational View","globalTOCPosition":"5.4.1"},{"_id":"art_HkDjvJp3r","typeId":"assetartifact_componentmodel_dynamicview","artifactTypeId":"artifacttype_SyC0sAY5sB","type":"Dynamic View","globalTOCPosition":"5.3.2"},{"_id":"art_SJljTkk6nr","typeId":"assetartifact_componentmodel_staticview","artifactTypeId":"artifacttype_SykgAi0YqoS","type":"Static View","globalTOCPosition":"5.3.1"},{"_id":"art_Hyxq1phnH","typeId":"assetartifact_architecturedecision","artifactTypeId":"artifacttype_rkPCs0YcoB","type":"Architectural Decisions","globalTOCPosition":"5.2"},{"_id":"art_SkeqIyT3nS","typeId":"assetartifact_architectureoverview_usagescenario","artifactTypeId":"artifacttype_rkdAjRtcor","type":"Usage Scenario","globalTOCPosition":"5.1.4"},{"_id":"art_Syo5a2h3B","typeId":"assetartifact_architectureoverview_itsystem","artifactTypeId":"artifacttype_rkfCjRK9sB","type":"IT System View","globalTOCPosition":"5.1.3"},{"_id":"art_S1MKpn3hB","typeId":"assetartifact_architectureoverview_enterprise","artifactTypeId":"artifacttype_SytRiCtcoB","type":"Enterprise View","globalTOCPosition":"5.1.2"},{"_id":"art_B1lwwin23H","typeId":"assetartifact_architectureoverview_aodservice","artifactTypeId":"artifacttype_HkL0jAt5sH","type":"Services View","globalTOCPosition":"5.1.1"},{"_id":"art_Skiu53h2S","typeId":"assetartifact_logical_datamodel","artifactTypeId":"artifacttype_S1deRj0t5oS","type":"Logical Data Model","globalTOCPosition":"4.1"},{"_id":"art_HJgu7c232H","typeId":"assetartifact_nonfunctionalrequirement","artifactTypeId":"artifacttype_HJS0sRKcir","type":"Non Functional Requirements","globalTOCPosition":"3.3"},{"_id":"art_Byl7bq332H","typeId":"assetartifact_functionalrequirement","artifactTypeId":"artifacttype_HkZRoRKcsH","type":"Functional Requirements","globalTOCPosition":"3.2"},{"_id":"art_rJX6bF2nhH","typeId":"assetartifact_usecase_uctext","artifactTypeId":"artifacttype_rkVRj0YqsH","type":"Use Case","globalTOCPosition":"3.1.2"},{"_id":"art_ByxNJY233H","typeId":"assetartifact_usecase_ucdiagram","artifactTypeId":"artifacttype_r1DxAiAY5iH","type":"Use Case Diagram","globalTOCPosition":"3.1.1"},{"_id":"art_H1A0On23r","typeId":"assetartifact_systemcontext","artifactTypeId":"artifacttype_B1QCoRt9jr","type":"System Context","globalTOCPosition":"2.2"},{"_id":"art_rJaTd22hr","typeId":"assetartifact_businesschallenge","artifactTypeId":"artifacttype_SkAjAt9jH","type":"Business Challenge","globalTOCPosition":"2.1"},{"_id":"art_r1X3_nhhH","typeId":"assetartifact_executivesummary","artifactTypeId":"artifacttype_HylCjCK5oH","type":"Overview","globalTOCPosition":"1"}],"industry":[{"_id":"industry_banking","name":"Banking & FM"},{"_id":"industry_aerospace","name":"Aerospace and Defense"}],"technology":[{"_id":"technology_conversation","name":"Conversational Services & Chatbots"},{"_id":"technology_cognitive","name":"Cognitive Computing"}],"technicalCapability":[],"businessCapability":[],"client":[{"_id":"client_HJZ9LO2n2H","name":"caES"}],"template":{"_id":"template_company_ibm","name":"Solution Architecture Template","description":"Default ToC","isGlobalDefaultTemplate":true},"executiveSummary":"<ol><li style=\"text-align: center;\"><b style=\"font-family: &quot;Courier New&quot;;\"><i><u>this is overview</u></i></b><br></li><li style=\"text-align: center;\"><b style=\"font-family: &quot;Courier New&quot;;\"><i><u>is overview</u></i></b><br></li><li style=\"text-align: center;\"><b style=\"font-family: &quot;Courier New&quot;;\"><i><u>overview</u></i></b><br></li><li style=\"text-align: center;\"><b style=\"font-family: &quot;Courier New&quot;;\"><i><u>view</u></i></b><br></li><li style=\"text-align: center;\"><b style=\"font-family: &quot;Courier New&quot;;\"><i><u>ew</u></i></b><br></li><li style=\"text-align: center;\"><b style=\"font-family: &quot;Courier New&quot;;\"><i><u>w</u></i></b><br></li></ol><div style=\"text-align: center;\"><font face=\"Courier New\"><b><i><u><img style=\"height:100px;\" src=\"/api/FileManagerAPIs/containers/cafiles/files/file_aece4a4f43ff019c.png\"><br></u></i></b></font></div><div><div><br></div></div>","tag":[{"_id":"tag_back_office_security","name":"Back Office & Security"},{"_id":"tag_b2b_commerce","name":"B2B Commerce"}],"schemaVersion":"1.1","appVersion":"2.6.2"}