{"toc":[{"globalTOCPosition":"1","artifactTypeName":"Overview","artifactType":"assetartifact_executivesummary","displayName":"Overview","format":"text","_id":"artifacttype_HylCjCK5oH","child":[],"hasContent":true},{"globalTOCPosition":"2","displayName":"Scope","parentGroup":"","_id":"artifactgroup_HyZJh0tqiS","child":[{"globalTOCPosition":"2.1","artifactTypeName":"Business Challenge","artifactType":"assetartifact_businesschallenge","displayName":"Business Challenge","format":"text","_id":"artifacttype_SkAjAt9jH","hasContent":true},{"globalTOCPosition":"2.2","artifactTypeName":"System Context","artifactType":"assetartifact_systemcontext","displayName":"System Context","format":"diagram","_id":"artifacttype_B1QCoRt9jr","hasContent":true}]},{"globalTOCPosition":"3","displayName":"Requirement","parentGroup":"","_id":"artifactgroup_SJeJhCY9oB","child":[{"globalTOCPosition":"3.1","displayName":"Use Case Model","parentGroup":"artifactgroup_SJeJhCY9oB","_id":"artifactgroup_rJ9k3AKqoB","child":[{"artifactTypeName":"Use Case Diagram","globalTOCPosition":"3.1.1","artifactType":"assetartifact_usecase_ucdiagram","displayName":"Use Case Diagram","format":"diagram","_id":"artifacttype_r1DxAiAY5iH","hasContent":true},{"globalTOCPosition":"3.1.2","artifactTypeName":"Use Case","artifactType":"assetartifact_usecase_uctext","displayName":"Use Case","format":"text","_id":"artifacttype_rkVRj0YqsH","hasContent":true}]},{"globalTOCPosition":"3.2","artifactTypeName":"Functional Requirements","artifactType":"assetartifact_functionalrequirement","displayName":"Functional Requirements","format":"text","_id":"artifacttype_HkZRoRKcsH","hasContent":true},{"artifactTypeName":"Non Functional Requirements","globalTOCPosition":"3.3","artifactType":"assetartifact_nonfunctionalrequirement","displayName":"Non Functional Requirements","format":"text","_id":"artifacttype_HJS0sRKcir","hasContent":true}]},{"globalTOCPosition":"4","displayName":"Data Model","parentGroup":"","_id":"artifactgroup_ByoJhAY5ir","child":[{"artifactTypeName":"Logical Data Model","globalTOCPosition":"4.1","artifactType":"assetartifact_logical_datamodel","displayName":"Logical Data Model","format":"diagram","_id":"artifacttype_S1deRj0t5oS","hasContent":true}]},{"globalTOCPosition":"5","displayName":"Architecture","parentGroup":"","_id":"artifactgroup_BJkhAY9jr","child":[{"globalTOCPosition":"5.1","displayName":"Architecture Overview","parentGroup":"artifactgroup_BJkhAY9jr","_id":"artifactgroup_HJUJ30K9ir","child":[{"artifactTypeName":"Services View","globalTOCPosition":"5.1.1","artifactType":"assetartifact_architectureoverview_aodservice","displayName":"Services View","format":"diagram","_id":"artifacttype_HkL0jAt5sH","hasContent":true},{"artifactTypeName":"Enterprise View","globalTOCPosition":"5.1.2","artifactType":"assetartifact_architectureoverview_enterprise","displayName":"Enterprise View","format":"diagram","_id":"artifacttype_SytRiCtcoB","hasContent":true},{"globalTOCPosition":"5.1.3","artifactTypeName":"IT System View","artifactType":"assetartifact_architectureoverview_itsystem","displayName":"IT System View","format":"diagram","_id":"artifacttype_rkfCjRK9sB","hasContent":true},{"artifactTypeName":"Usage Scenario","globalTOCPosition":"5.1.4","artifactType":"assetartifact_architectureoverview_usagescenario","displayName":"Usage Scenario","format":"diagram","_id":"artifacttype_rkdAjRtcor","hasContent":true}]},{"globalTOCPosition":"5.2","artifactTypeName":"Architectural Decisions","artifactType":"assetartifact_architecturedecision","displayName":"Architectural Decisions","format":"text","_id":"artifacttype_rkPCs0YcoB","parentGroup":"artifactgroup_BJkhAY9jr","child":[],"hasContent":true},{"globalTOCPosition":"5.3","displayName":"Component Model","parentGroup":"artifactgroup_BJkhAY9jr","_id":"artifactgroup_BJM12RKqoB","child":[{"globalTOCPosition":"5.3.1","artifactTypeName":"Static View","artifactType":"assetartifact_componentmodel_staticview","displayName":"Static View","format":"diagram","_id":"artifacttype_SykgAi0YqoS","hasContent":true},{"globalTOCPosition":"5.3.2","artifactTypeName":"Dynamic View","artifactType":"assetartifact_componentmodel_dynamicview","displayName":"Dynamic View","format":"diagram","_id":"artifacttype_SyC0sAY5sB","hasContent":true}]},{"globalTOCPosition":"5.4","displayName":"Operational Model","parentGroup":"artifactgroup_BJkhAY9jr","_id":"artifactgroup_H1XknAY5oH","child":[{"artifactTypeName":"Logical Operational View","globalTOCPosition":"5.4.1","artifactType":"assetartifact_operationalmodel_logicaloperational","displayName":"Logical Operational View","format":"diagram","_id":"artifacttype_Hya0sRKqjS","hasContent":true},{"artifactTypeName":"Physical Operational View","globalTOCPosition":"5.4.2","artifactType":"assetartifact_operationalmodel_physicaloperational","displayName":"Physical Operational View","format":"diagram","_id":"artifacttype_rJExCiAt5iH","hasContent":true}]}]},{"globalTOCPosition":"6","displayName":"RAID","parentGroup":"","_id":"artifactgroup_rkK1nCtqor","child":[{"globalTOCPosition":"6.1","artifactTypeName":"Risks","artifactType":"assetartifact_risk","displayName":"Risks","format":"text","_id":"artifacttype_BkelRs0tciS","hasContent":true},{"globalTOCPosition":"6.2","artifactTypeName":"Assumptions","artifactType":"assetartifact_assumption","displayName":"Assumptions","format":"text","_id":"artifacttype_S13RjAt5jH","hasContent":true},{"globalTOCPosition":"6.3","artifactTypeName":"Issues","artifactType":"assetartifact_issue","displayName":"Issues","format":"text","_id":"artifacttype_ByZeAiCK9sB","hasContent":true},{"globalTOCPosition":"6.4","artifactTypeName":"Dependencies","artifactType":"assetartifact_dependency","displayName":"Dependencies","format":"text","_id":"artifacttype_S1qCiCY9ir","hasContent":true}]},{"globalTOCPosition":"7","artifactTypeName":"Architectural Principles","artifactType":"assetartifact_architecture_principles","displayName":"Architectural Principles","format":"text","_id":"artifacttype_BJoCjCF9jB","child":[],"hasContent":true},{"globalTOCPosition":"8","artifactTypeName":"Notes","artifactType":"assetartifact_notes","displayName":"Notes","format":"text","_id":"artifacttype_ByMxRiRY5sB","child":[],"hasContent":true}],"toc_cards":{"notes":["notes_Hkjzi1anS"],"architecturaldecision":["architecturaldecision_rJxeqJa32S","architecturaldecision_Hyl-JtlahS","architecturaldecision_215dc7Gh3OT","architecturaldecision_ry-l5JTn3r","architecturaldecision_Bye-_x62nB","architecturaldecision_Skg1vxah3H"],"issue":["issue_B1kkjJ6nr","issue_B1xk1s1a3r"],"aodUsageScenarios":[{"additionalInfo":{"refType":"AODServices","refName":"sv"},"_id":"aodusagescenario_214dQx2YCdd","name":"us1","description":"","lastModifiedInfo":{"userId":"casup@cn.ibm.com","date":"2019-11-28T07:37:46Z"}},{"additionalInfo":{"refType":"AODITSystem","refName":"its"},"_id":"aodusagescenario_214dZ6wZvt1","name":"us2","description":"","lastModifiedInfo":{"userId":"casup@cn.ibm.com","date":"2019-11-28T07:37:46Z"}}],"lomViews":[{"additionalInfo":{},"_id":"lomview_214W5rmpdHf","name":"lom","description":"lom desc","lastModifiedInfo":{"userId":"casup@cn.ibm.com","date":"2019-11-28T07:37:46Z"}}],"risk":["risk_rJMTc1T3r","risk_SyxS5qk6hB","risk_SyxS5qk6hB_215d1cchfKK"],"nonfunctionalrequirement":["nonfunctionalrequirement_SyfN5h2hS","nonfunctionalrequirement_SyuQc322S","nonfunctionalrequirement_S1lzE9nnnS","nonfunctionalrequirement_BJxvZFvvpr"],"businesschallenge":["businesschallenge_S1eT6d3hnB"],"systemContext":[{"additionalInfo":{},"_id":"systemcontext_2146PUr3DvS","name":"System Context","description":"","lastModifiedInfo":{"userId":"gbbguoxa@cn.ibm.com","date":"2019-12-06T05:33:58Z"}}],"aodEnterprises":[{"additionalInfo":{},"_id":"aodenterprise_214bRDYysm2","name":"ev","description":"","lastModifiedInfo":{"userId":"casup@cn.ibm.com","date":"2019-11-28T07:37:45Z"}}],"cmStaticViews":[{"additionalInfo":{},"_id":"cmstaticview_214MGVikqq3","name":"stv","description":"static view diagram description","lastModifiedInfo":{"userId":"casup@cn.ibm.com","date":"2019-11-28T07:37:47Z"}}],"architectureprinciple":["architectureprinciple_r1x_eoJp3H"],"executivesummary":["executivesummary_r1em2d22hB"],"aodITSystems":[{"additionalInfo":{},"_id":"aoditsystem_214bYbQR0pf","name":"its","description":"","lastModifiedInfo":{"userId":"casup@cn.ibm.com","date":"2019-11-28T07:37:45Z"}}],"assumption":["assumption_rkV0qka2r","assumption_HJgNRckTnr"],"useCaseViews":[{"additionalInfo":{},"_id":"usecasediagram_2146Uedc5BB","name":"cud","description":"","lastModifiedInfo":{"userId":"gbbguoxa@cn.ibm.com","date":"2019-12-06T05:34:33Z"}},{"additionalInfo":{},"_id":"usecasediagram_HycGtnnhr","name":"ucd2","description":"","lastModifiedInfo":{"userId":"casup@cn.ibm.com","date":"2019-11-28T07:37:43Z"}}],"aodServices":[{"additionalInfo":{},"_id":"aodservices_2149ByiZOzQ","name":"sv","description":"","lastModifiedInfo":{"userId":"casup@cn.ibm.com","date":"2019-11-28T07:37:45Z"}}],"logicalERD":[{"additionalInfo":{},"_id":"logicalerd_2149f59o6yv","name":"erd1","description":"","lastModifiedInfo":{"userId":"casup@cn.ibm.com","date":"2019-11-28T07:37:47Z"}},{"additionalInfo":{},"_id":"logicalerd_2148Cfv7LdQ","name":"red","description":"","lastModifiedInfo":{"userId":"gbbguoxa@cn.ibm.com","date":"2019-12-06T05:39:53Z"}}],"lomPhysicalViews":[{"additionalInfo":{},"_id":"pomview_214XWZbSaRI","name":"pom","description":"","lastModifiedInfo":{"userId":"casup@cn.ibm.com","date":"2019-11-28T07:37:47Z"}},{"additionalInfo":{},"_id":"pomview_215dHlie926","name":"pom1","description":"","lastModifiedInfo":{"userId":"gbbguoxa@cn.ibm.com","date":"2019-11-28T09:22:11Z"}}],"dependency":["dependency_SyjJjJphB","dependency_BJgsJsyp2H"],"cmDynamicViews":[{"additionalInfo":{},"_id":"cmdynamicview_214V8jwvvg9","name":"dv","description":"dv diagram ","lastModifiedInfo":{"userId":"casup@cn.ibm.com","date":"2019-11-28T07:37:47Z"}}],"functionalrequirement":["functionalrequirement_Hk7W5332r","functionalrequirement_SJgP4QDvTB"],"usecasetext":["usecasetext_Hyw4K23hS","usecasetext_r1Gd_vDpH","usecasetext_By-aWtn22r","usecasetext_Hkxk8Wvvpr","usecasetext_HkpZF3h2S","usecasetext_r1YI-wDaB","usecasetext_rkNcxDPTB"]},"combined":{"coreInfo":[{"modelType":"DU","level":"Functional","description":"du1 in source","_id":"du_2149HiUjOqQ","type":"Executable","label":"du1","children":"logicalcomponent_2149FmQpKF8"},{"modelType":"LogicalNode","description":"ln2 desc","_id":"logicalnode_214c3nx1NUK","cardinality":"888","label":"ln2","children":"du_2149HiUjOqQ"},{"modelType":"LogicalComponent","level":"Application","description":"lc1 in source","_id":"logicalcomponent_2149FmQpKF8","label":"lc1"},{"modelType":"LogicalNode","description":"","_id":"logicalnode_214c2MY0PFE","cardinality":"1","label":"Device"},{"level":"Technical","description":"du2 in source","_id":"du_214WRDOTsSC","type":"Presentation","modelType":"DU","label":"du2"},{"modelType":"LogicalConnector","description":"","_id":"logicalconnector_214bBTgCPqi","label":""},{"modelType":"PhysicalNode","memory":"memory","os":"os","networkPorts":"port","provision":"GTS/GBS","offering":"Managed","cpu":"cpu","description":"","_id":"physicalnode_214Y0JuyzQy","type":"Physical","cardinality":"999","label":"P. Node","children":"logicalnode_214c3nx1NUK"},{"modelType":"OMLocation","description":"","_id":"omlocation_214WaSTfOqx","cardinality":"777","label":"OMLocation1","children":"logicalnode_214c3nx1NUK,logicalnode_214c2MYwZbF,physicalnode_214Y0JuyzQy"},{"modelType":"LogicalNode","description":"","_id":"logicalnode_214c2MYwZbF","cardinality":"1","label":"Continuous Deploy"},{"modelType":"OMLocation","description":"","_id":"omlocation_214XIDwZOmE","cardinality":"1","label":"OMLocation2","children":"logicalnode_214c2MY0PFE,physicalnode_215dmII6WpH"},{"level":"Functional","description":"","_id":"du_215dtQbSLD7","type":"Executable","modelType":"DU","label":"du-duplicate-uploaded","children":"logicalcomponent_215dwjrV6IN"},{"level":"Functional","description":"","_id":"du_215dNbDdbyv","type":"Executable","modelType":"DU","label":"du-duplicate","children":"logicalcomponent_215dPeUP66V"},{"modelType":"Actor","description":"","_id":"actor_2146RuT3PyV","type":"IT System","label":"IT System"},{"modelType":"Actor","description":"","_id":"actor_2146R0ZFACC","type":"Human","label":"Human"},{"modelType":"LogicalConnector","description":"","_id":"logicalconnector_214bUYzbkRK","label":""},{"modelType":"LogicalComponent","level":"Application","description":"","_id":"logicalcomponent_214bTo62sfh","label":"AppServices"},{"modelType":"LogicalConnector","description":"","_id":"logicalconnector_214bVGqULui","label":""},{"modelType":"LogicalComponent","level":"Application","description":"","_id":"logicalcomponent_214bTV3gDNf","label":"Channel"},{"modelType":"LogicalComponent","level":"Application","description":"lc2 in source","_id":"logicalcomponent_214MXlrgzdV","label":"lc2","children":"physicalcomponent_214X3EaIgBm"},{"modelType":"LogicalConnector","description":"lc2-it system asso line","_id":"logicalconnector_214NdpzpPRQ","label":"lc2-it system asso"},{"modelType":"PhysicalComponent","description":"pc2 in source","_id":"physicalcomponent_214X3EaIgBm","url":"pc2.ibm.com","label":"pc2"},{"modelType":"LogicalConnector","description":"","_id":"logicalconnector_214NeAMeHMI","label":""},{"modelType":"UseCase","description":"","_id":"usecase_2146Vjv54Mb","label":"Use Case","uc_id":"Use Case"},{"modelType":"UseCase","alternativeFlows":"","description":"","_id":"usecase_2146Vyd2iSV","basicFlow":"","label":"Copy of Use Case","uc_id":"Copy of Use Case"},{"modelType":"Association","description":"","_id":"association_2147cCzOFt2","type":"Extend","label":"Extend"},{"modelType":"UseCase","description":"","_id":"usecase_2147aD03dF4","label":"Copy of Use Case_1","uc_id":"Copy of Use Case_1"},{"modelType":"Association","description":"","_id":"association_2147dVZI4kx","type":"","label":"","from":"usecase_2147aD03dF4","to":"actor_2146RuT3PyV"},{"modelType":"Association","description":"","_id":"association_21PvhA9ykx9","type":"","label":"","from":"usecase_2146Vyd2iSV","to":"actor_2146RuT3PyV"},{"modelType":"Association","description":"","_id":"association_21PvglGjimt","type":"","label":"","from":"usecase_2146Vjv54Mb","to":"actor_2146RuT3PyV"},{"modelType":"Association","description":"","_id":"association_21PvkmteZ9b","type":"","label":"","from":"usecase_21PvipPjG6n","to":"actor_2146R0ZFACC"},{"modelType":"UseCase","description":"","_id":"usecase_21PvipPjG6n","label":"Copy of Use Case_2","uc_id":"Copy of Use Case_2"},{"modelType":"Association","description":"","_id":"association_21Pvlki5yly","type":"Extend","label":"Extend"},{"modelType":"Entity","description":"","_id":"entity_2148GmFWoNJ","label":"Entity","children":"attribute_2148GmFeHP0,attribute_2148GmFinb5"},{"modelType":"Attribute","description":"","_id":"attribute_2148GmFeHP0","type":"","label":"a"},{"modelType":"Attribute","description":"","_id":"attribute_2148GmFinb5","type":"","label":"b"},{"modelType":"Entity","description":"","_id":"entity_2148GmFRHqc","label":"Copy of Entity_1"},{"modelType":"RelationshipConnection","_id":"relationshipconnection_2148GmFNH2P","type":"1","label":"1","to":"entity_2148GmFWoNJ","from":"relationship_2148GmFVoyZ"},{"modelType":"Relationship","description":"","_id":"relationship_2148GmFVoyZ","label":"Relationship"},{"modelType":"RelationshipConnection","_id":"relationshipconnection_2148GmFdTj3","type":"1","label":"1","from":"relationship_2148GmFVoyZ","to":"entity_2148GmFrZA1"},{"modelType":"Entity","description":"","_id":"entity_2148GmFrZA1","label":"Copy of Entity"},{"modelType":"RelationshipConnection","_id":"relationshipconnection_2148GmF8W46","type":"1","label":"1","from":"relationship_2148GmFVoyZ","to":"entity_2148GmFRHqc"},{"modelType":"SpecializationConnection","_id":"specializationconnection_21PwCj6d5mh","type":"child","label":"","to":"specialization_2148GmFPVWl","from":"entity_2148GmFrZA1"},{"modelType":"Specialization","description":"","_id":"specialization_2148GmFPVWl","label":"ISA"},{"modelType":"SpecializationConnection","_id":"specializationconnection_21PwGQi1Xfx","type":"parent","label":"","to":"entity_2148GmFWoNJ","from":"specialization_2148GmFPVWl"},{"modelType":"LogicalComponent","level":"Application","description":"","_id":"logicalcomponent_215dPeUP66V","label":"lc-duplicate","children":"physicalcomponent_215dRwyqjcQ"},{"modelType":"PhysicalComponent","description":"","_id":"physicalcomponent_215dRwyqjcQ","url":"","label":"pc-duplicate"},{"modelType":"LogicalComponent","level":"Application","description":"","_id":"logicalcomponent_215dwjrV6IN","label":"lc-duplicate-uploaded","children":"physicalcomponent_215dyx2DQA4"},{"modelType":"PhysicalComponent","description":"","_id":"physicalcomponent_215dyx2DQA4","url":"","label":"pc-duplicate-uploaded"},{"modelType":"OMLocation","description":"","_id":"omlocation_215dIWqKLoB","cardinality":"1","label":"OMLocation","children":"physicalnode_215dJQ0tTPL"},{"modelType":"PhysicalNode","description":"","_id":"physicalnode_215dJQ0tTPL","type":"Physical","cardinality":"1","label":"P. Node-duplicate","children":"logicalnode_215dKXtL1HR"},{"modelType":"LogicalNode","description":"","_id":"logicalnode_215dKXtL1HR","cardinality":"1","label":"Logical Node-duplicate","children":"du_215dNbDdbyv,du_215dtQbSLD7"},{"modelType":"PhysicalNode","description":"","_id":"physicalnode_215dmII6WpH","type":"Physical","cardinality":"1","label":"P. Node-duplicate-uploaded","children":"logicalnode_215drfx8nJJ"},{"modelType":"LogicalNode","description":"","_id":"logicalnode_215drfx8nJJ","cardinality":"1","label":"Logical Node-duplicate-uploaded","children":"du_215dtQbSLD7"},{"modelType":"UseCase","_id":"usecase_SkyUbwwpB","label":"uc","uc_id":"uc"},{"modelType":"UseCase","alternativeFlows":"","_id":"usecase_ryZYUWwvTH","basicFlow":"","label":"u","uc_id":"u"},{"modelType":"UseCase","alternativeFlows":"","description":"","_id":"usecase_r1bN5xPwaH","basicFlow":"","label":"c","uc_id":"c"}]},"textual":{"instances":{"notes_Hkjzi1anS":{"coreInfo":[{"modelType":"Notes","attachments":["https://tpyloncas0101.sl.bluecloud.ibm.com:4009/api/FileManagerAPIs/containers/cafiles/files/file_39e40efc03753cb0.xlsx#CA TestCases_Regression-V1.xlsx"],"lastModifiedUserId":"casup@cn.ibm.com","lastModified":"2019-11-28T07:37:43Z","_id":"notes_Hkjzi1anS","content":"aaaa<div><img style=\"height:100px;\" src=\"/api/FileManagerAPIs/containers/cafiles/files/file_e7a36577b926783e.png/\"><br></div><div>dfdsf</div>","label":"aa"},{"modelType":"Label","description":"LABEL","_id":"label_214YW9n6LwB","userId":"casup@cn.ibm.com","label":"LABEL"},{"modelType":"Label","description":"A","_id":"label_214YW9n2BnE","userId":"casup@cn.ibm.com","label":"A"},{"modelType":"Label","description":"IS","_id":"label_214YW9nK8Pr","userId":"casup@cn.ibm.com","label":"IS"},{"modelType":"Label","description":"THIS","_id":"label_214YW9nZwKI","userId":"casup@cn.ibm.com","label":"THIS"}]},"architecturaldecision_Skg1vxah3H":{"coreInfo":[{"modelType":"ArchitecturalDecision","lastUpdated":"2019-11-28","lastModifiedUserId":"casup@cn.ibm.com","lastModified":"2019-11-28T07:37:42Z","_id":"architecturaldecision_Skg1vxah3H","status":"proposed","label":"zoo name","ad_id":"zoo id","children":"physicalnode_214Y0JuyzQy"}]},"architecturaldecision_rJxeqJa32S":{"coreInfo":[{"modelType":"ArchitecturalDecision","lastUpdated":"2019-07-19","problemStatement":"<img style=\"height:100px;\" src=\"http://localhost:3300/workspace/2.4 regression 1/offline-images/file_f27d8fe57a53607c.png\">","motivation":"","lastModifiedUserId":"casup@cn.ibm.com","justification":"","lastModified":"2019-11-28T07:37:42Z","_id":"architecturaldecision_rJxeqJa32S","assumptions":"","status":"proposed","label":"ad","ad_id":"ad","children":"du_2149HiUjOqQ,logicalnode_214c3nx1NUK,logicalcomponent_2149FmQpKF8"}]},"architecturaldecision_ry-l5JTn3r":{"coreInfo":[{"modelType":"ArchitecturalDecision","decision":"alternative_ryflcJp3nS","problemStatement":"1<img style=\"height:100px;\" src=\"http://localhost:3300/workspace/2.4 regression 1/offline-images/file_f27d8fe57a53607c.png\">","motivation":"<img style=\"height:100px;\" src=\"http://localhost:3300/workspace/2.4 regression 1/offline-images/file_f27d8fe57a53607c.png\">","assumptions":"<img style=\"height:100px;\" src=\"http://localhost:3300/workspace/2.4 regression 1/offline-images/file_f27d8fe57a53607c.png\">","lastUpdated":"2019-07-15","lastModifiedUserId":"casup@cn.ibm.com","topic":"1","subjectArea":"1","justification":"<img style=\"height:100px;\" src=\"http://localhost:3300/workspace/2.4 regression 1/offline-images/file_f27d8fe57a53607c.png\">","lastModified":"2019-11-28T07:37:42Z","_id":"architecturaldecision_ry-l5JTn3r","status":"proposed","label":"ad1","ad_id":"ad1","children":"du_214WRDOTsSC,logicalnode_214c3nx1NUK,logicalcomponent_214MXlrgzdV"},{"modelType":"ADAlternative","contraindications":"","bestApplied":"","description":"fjk","_id":"adalternative_214eKaNWmI1","label":"fj"},{"modelType":"ADAlternative","contraindications":"<img style=\"height:100px;\" src=\"/api/FileManagerAPIs/containers/cafiles/files/file_35fc6af31aa09240.png\">","bestApplied":"<img style=\"height:100px;\" src=\"/api/FileManagerAPIs/containers/cafiles/files/file_a1da30f5455c6769.png\">","description":"zoo <div>test</div><div><img style=\"height:100px;\" src=\"/api/FileManagerAPIs/containers/cafiles/files/file_aece4a4f43ff019c.png\"><br></div>","_id":"adalternative_214ezZp3Pa1","label":"zoo"},{"modelType":"ADAlternative","contraindications":"","bestApplied":"","description":"Alternative - Deprecated<div>desc</div><div><img style=\"height:100px;\" src=\"/api/FileManagerAPIs/containers/cafiles/files/file_a1da30f5455c6769.png\"><br><div><br></div></div>","_id":"alternative_ryflcJp3nS","label":"Alternative - Deprecated"}]},"architecturaldecision_Bye-_x62nB":{"coreInfo":[{"modelType":"ArchitecturalDecision","lastUpdated":"2019-11-28","lastModifiedUserId":"casup@cn.ibm.com","lastModified":"2019-11-28T07:37:42Z","_id":"architecturaldecision_Bye-_x62nB","status":"proposed","label":"fj name","ad_id":"fj id","children":"du_214WRDOTsSC,physicalnode_214Y0JuyzQy,logicalcomponent_214MXlrgzdV"}]},"architecturaldecision_Hyl-JtlahS":{"coreInfo":[{"modelType":"ArchitecturalDecision","lastUpdated":"2019-11-28","lastModifiedUserId":"casup@cn.ibm.com","lastModified":"2019-11-28T07:35:52Z","_id":"architecturaldecision_Hyl-JtlahS","status":"proposed","label":"ad-duplicate","ad_id":"ad-duplicate"}]},"architecturaldecision_215dc7Gh3OT":{"coreInfo":[{"modelType":"ArchitecturalDecision","problemStatement":"","decision":"","motivation":"","assumptions":"","lastUpdated":"2019-11-28","lastModifiedUserId":"casup@cn.ibm.com","subjectArea":"ad-duplicate area","justification":"","lastModified":"2019-11-28T07:37:42Z","_id":"architecturaldecision_215dc7Gh3OT","status":"proposed","label":"ad-duplicate-uploaded","ad_id":"ad-duplicate-uploaded","children":"adalternative_215dhMnD3NV"},{"modelType":"ADAlternative","contraindications":"al contra","bestApplied":"al applied","description":"al desc<div><img style=\"height:100px;\" src=\"/api/FileManagerAPIs/containers/cafiles/files/file_a1da30f5455c6769.png\"><br></div>","_id":"adalternative_215dhMnD3NV","label":"al"}]},"issue_B1kkjJ6nr":{"coreInfo":[{"modelType":"Issue","lastModifiedUserId":"casup@cn.ibm.com","lastModified":"2019-11-28T07:37:42Z","_id":"issue_B1kkjJ6nr","label":"issu"}]},"issue_B1xk1s1a3r":{"coreInfo":[{"modelType":"Issue","lastModifiedUserId":"casup@cn.ibm.com","description":"a<div><br></div><img style=\"height:100px;\" src=\"http://localhost:3300/workspace/2.4 regression 1/offline-images/file_81c99a5ee4bfcced.png\">","lastModified":"2019-11-28T07:37:42Z","_id":"issue_B1xk1s1a3r","label":"issu1"}]},"risk_SyxS5qk6hB_215d1cchfKK":{"coreInfo":[{"modelType":"Risk","reviewDate":"2019-12-02","personResponsible":"gabb","probability":"Medium","impact":"High","lastModifiedUserId":"casup@cn.ibm.com","isKey":true,"description":"desc","recommendation":"contingency<div><img style=\"height:100px;\" src=\"/api/FileManagerAPIs/containers/cafiles/files/file_aece4a4f43ff019c.png\"><br></div>","effort":"cost","lastModified":"2019-11-28T07:37:42Z","_id":"risk_SyxS5qk6hB_215d1cchfKK","label":"risk-copy"}]},"risk_rJMTc1T3r":{"coreInfo":[{"modelType":"Risk","personResponsible":"a","reviewDate":"2019-05-28","probability":"High","impact":"Medium","isKey":false,"lastModifiedUserId":"casup@cn.ibm.com","description":"this is desc1","recommendation":"a<img style=\"height:100px;\" src=\"http://localhost:3300/workspace/2.4 regression 1/offline-images/file_3b9e4ae38a3e6a56.png\">","effort":"a","lastModified":"2019-11-28T07:37:42Z","_id":"risk_rJMTc1T3r","label":"r1"}]},"risk_SyxS5qk6hB":{"coreInfo":[{"modelType":"Risk","personResponsible":"gabb----update","reviewDate":"2019-11-28","probability":"High","impact":"Medium","isKey":false,"lastModifiedUserId":"casup@cn.ibm.com","description":"desc---udpate","recommendation":"contingency<div><img style=\"height:100px;\" src=\"/api/FileManagerAPIs/containers/cafiles/files/file_aece4a4f43ff019c.png\"><br></div>","effort":"cost------update","lastModified":"2019-11-28T07:37:42Z","_id":"risk_SyxS5qk6hB","label":"risk----update"}]},"nonfunctionalrequirement_SyuQc322S":{"coreInfo":[{"modelType":"NonFunctionalRequirement","lastModifiedUserId":"casup@cn.ibm.com","description":"nfr","theme":"Performance","lastModified":"2019-11-28T07:37:42Z","_id":"nonfunctionalrequirement_SyuQc322S","priority":"Critical","label":"nfr","nfr_id":"nfr","children":"du_214WRDOTsSC,du_2149HiUjOqQ,logicalnode_214c3nx1NUK,logicalcomponent_2149FmQpKF8,physicalnode_214Y0JuyzQy,logicalcomponent_214MXlrgzdV"}]},"nonfunctionalrequirement_SyfN5h2hS":{"coreInfo":[{"modelType":"NonFunctionalRequirement","lastModifiedUserId":"casup@cn.ibm.com","description":"nfr","theme":"Performance","lastModified":"2019-11-28T07:37:42Z","_id":"nonfunctionalrequirement_SyfN5h2hS","priority":"Critical","label":"Copy of nfr","nfr_id":"Copy of nfr","children":"du_2149HiUjOqQ,logicalnode_214c3nx1NUK,omlocation_214WaSTfOqx,logicalconnection_214XLFieYBK"}]},"nonfunctionalrequirement_BJxvZFvvpr":{"coreInfo":[{"modelType":"NonFunctionalRequirement","lastModifiedUserId":"gbbguoxa@cn.ibm.com","theme":"Performance","lastModified":"2019-12-06T05:37:02Z","_id":"nonfunctionalrequirement_BJxvZFvvpr","priority":"Critical","label":"nfr3","nfr_id":"nfr3"}]},"nonfunctionalrequirement_S1lzE9nnnS":{"coreInfo":[{"modelType":"NonFunctionalRequirement","owner":"nfr1 owner","growthRate":"nfr1 rate","description":"1","source":"nfr1 source","priority":"Desirable","reference":"nfr1 reference","acceptanceCriteria":"nfr1 criteria","reviewDate":"2019-11-30","testMethod":"nfr1 method","context":"nfr1 context","lastModifiedUserId":"casup@cn.ibm.com","theme":"Performance","lastModified":"2019-11-28T07:37:42Z","_id":"nonfunctionalrequirement_S1lzE9nnnS","value":"nfr1 value","label":"nfr1","nfr_id":"nfr1","children":"du_2149HiUjOqQ,logicalnode_214c3nx1NUK,logicalcomponent_2149FmQpKF8,logicalcomponent_214MXlrgzdV"}]},"businesschallenge_S1eT6d3hnB":{"coreInfo":[{"modelType":"BusinessChallenge","lastModifiedUserId":"gbbguoxa@cn.ibm.com","description":"<font face=\"Sans\">this is       overview</font><div><font face=\"Sans\">is overview</font></div><div><font face=\"Sans\">overview</font></div><div><font face=\"Sans\">view</font></div><div><font face=\"Sans\">ew</font></div><div><font face=\"Sans\">w</font></div><div><font face=\"Sans\"><br></font></div><div><font face=\"Sans\">ercvdcf</font></div><div><font face=\"Sans\"><br></font></div><div><font face=\"Sans\"><img style=\"height:100px;\" src=\"/api/FileManagerAPIs/containers/cafiles/files/file_35fc6af31aa09240.png\"><br></font></div>","lastModified":"2019-12-06T05:33:32Z","_id":"businesschallenge_S1eT6d3hnB","label":""}]},"architectureprinciple_r1x_eoJp3H":{"coreInfo":[{"modelType":"ArchitecturePrinciple","implications":"","lastModifiedUserId":"casup@cn.ibm.com","description":"SD","lastModified":"2019-11-28T07:37:42Z","_id":"architectureprinciple_r1x_eoJp3H","priority":"1","rationale":"ECD","label":"ap"}]},"executivesummary_r1em2d22hB":{"coreInfo":[{"modelType":"ExecutiveSummary","lastModifiedUserId":"gbbguoxa@cn.ibm.com","description":"<ol><li style=\"text-align: center;\"><b style=\"font-family: &quot;Courier New&quot;;\"><i><u>this is overview</u></i></b><br></li><li style=\"text-align: center;\"><b style=\"font-family: &quot;Courier New&quot;;\"><i><u>is overview</u></i></b><br></li><li style=\"text-align: center;\"><b style=\"font-family: &quot;Courier New&quot;;\"><i><u>overview</u></i></b><br></li><li style=\"text-align: center;\"><b style=\"font-family: &quot;Courier New&quot;;\"><i><u>view</u></i></b><br></li><li style=\"text-align: center;\"><b style=\"font-family: &quot;Courier New&quot;;\"><i><u>ew</u></i></b><br></li><li style=\"text-align: center;\"><b style=\"font-family: &quot;Courier New&quot;;\"><i><u>w</u></i></b><br></li></ol><div style=\"text-align: center;\"><font face=\"Courier New\"><b><i><u><img style=\"height:100px;\" src=\"/api/FileManagerAPIs/containers/cafiles/files/file_aece4a4f43ff019c.png\"><br></u></i></b></font></div><div><div><br></div></div>","lastModified":"2019-12-06T05:33:02Z","_id":"executivesummary_r1em2d22hB","label":""}]},"assumption_rkV0qka2r":{"coreInfo":[{"modelType":"Assumption","lastModifiedUserId":"casup@cn.ibm.com","lastModified":"2019-11-28T07:37:42Z","_id":"assumption_rkV0qka2r","label":"a"}]},"assumption_HJgNRckTnr":{"coreInfo":[{"modelType":"Assumption","lastModifiedUserId":"casup@cn.ibm.com","description":"<img style=\"height:100px;\" src=\"http://localhost:3300/workspace/2.4 regression 1/offline-images/file_81c99a5ee4bfcced.png\">","lastModified":"2019-11-28T07:37:42Z","_id":"assumption_HJgNRckTnr","label":"a1"}]},"dependency_BJgsJsyp2H":{"coreInfo":[{"modelType":"Dependency","owner":"https://ppylonpdpxy01.sl.bluecloud.ibm.com/cogarch/architectures/Social/arch_BJgejhAWH","closedDate":"1899-12-31","lastModifiedUserId":"casup@cn.ibm.com","isKey":true,"requiredByDate":"1899-12-31","description":"https://ppylonpdpxy01.sl.bluecloud.ibm.com/cogarch/architectures/Social/arch_BJgejhAWH","lastModified":"2019-11-28T07:37:42Z","effectOnPlan":"https://ppylonpdpxy01.sl.bluecloud.ibm.com/cogarch/architectures/Social/arch_BJgejhAWH","_id":"dependency_BJgsJsyp2H","associatedRiskId":"https://ppylonpdpxy01.sl.bluecloud.ibm.com/cogarch/architectures/Social/arch_BJgejhAWH","label":"d"}]},"dependency_SyjJjJphB":{"coreInfo":[{"modelType":"Dependency","lastModifiedUserId":"casup@cn.ibm.com","description":"","effectOnPlan":"","lastModified":"2019-11-28T07:37:42Z","_id":"dependency_SyjJjJphB","label":"Copy of d"}]},"functionalrequirement_SJgP4QDvTB":{"coreInfo":[{"modelType":"FunctionalRequirement","lastModifiedUserId":"gbbguoxa@cn.ibm.com","weight":"Low","lastModified":"2019-12-06T05:12:15Z","id":"frf","_id":"functionalrequirement_SJgP4QDvTB","label":"r"}]},"functionalrequirement_Hk7W5332r":{"coreInfo":[{"modelType":"FunctionalRequirement","owner":"fr owner","reviewDate":"2019-11-29","impact":"fr impact","lastModifiedUserId":"casup@cn.ibm.com","description":"fr desc","weight":"Medium","lastModified":"2019-11-28T07:37:46Z","id":"fr rename","_id":"functionalrequirement_Hk7W5332r","label":"fr rename"}]},"usecasetext_Hkxk8Wvvpr":{"coreInfo":[{"modelType":"UseCaseText","lastModifiedUserId":"gbbguoxa@cn.ibm.com","description":"","lastModified":"2019-12-06T05:04:06.828","_id":"usecasetext_Hkxk8Wvvpr","label":"uc_r1ZyLZvwar","children":"usecase_SkyUbwwpB"}]},"usecasetext_r1YI-wDaB":{"coreInfo":[{"modelType":"UseCaseText","lastModifiedUserId":"gbbguoxa@cn.ibm.com","description":"","lastModified":"2019-12-06T05:10:02Z","_id":"usecasetext_r1YI-wDaB","label":"usecase name_B1xtL-wD6r","children":"usecase_ryZYUWwvTH"}]},"usecasetext_rkNcxDPTB":{"coreInfo":[{"modelType":"UseCaseText","lastModifiedUserId":"gbbguoxa@cn.ibm.com","description":"","lastModified":"2019-12-06T05:01:03Z","_id":"usecasetext_rkNcxDPTB","label":"usecase name_rkeVcxDvaS","children":"usecase_r1bN5xPwaH"}]},"usecasetext_r1Gd_vDpH":{"coreInfo":[{"modelType":"UseCaseText","lastModifiedUserId":"gbbguoxa@cn.ibm.com","description":"","lastModified":"2019-12-06T05:34:34.015","_id":"usecasetext_r1Gd_vDpH","label":"copy of use case_2_Hyef__PvTr","children":"association_21PvkmteZ9b,usecase_21PvipPjG6n,actor_2146R0ZFACC"}]},"usecasetext_Hyw4K23hS":{"coreInfo":[{"modelType":"UseCaseText","lastModifiedUserId":"casup@cn.ibm.com","description":"","lastModified":"2019-11-28T07:37:43Z","_id":"usecasetext_Hyw4K23hS","label":"copy of use case_1_B1lPVK32nS","children":"actor_2146RuT3PyV,usecase_2147aD03dF4,association_2147dVZI4kx"}]},"usecasetext_By-aWtn22r":{"coreInfo":[{"modelType":"UseCaseText","lastModifiedUserId":"gbbguoxa@cn.ibm.com","description":"","lastModified":"2019-11-28T09:05:09Z","_id":"usecasetext_By-aWtn22r","label":"copy of use case_SJz6-Khhhr","children":"usecase_2146Vyd2iSV,actor_2146RuT3PyV,association_21PvhA9ykx9"}]},"usecasetext_HkpZF3h2S":{"coreInfo":[{"modelType":"UseCaseText","lastModifiedUserId":"casup@cn.ibm.com","description":"","lastModified":"2019-11-28T07:37:43Z","_id":"usecasetext_HkpZF3h2S","label":"use case_Hyx6WYnhhS","children":"usecase_2146Vjv54Mb,actor_2146R0ZFACC,association_21PvglGjimt,actor_2146RuT3PyV"}]}}},"diagram":{"instances":{"aodusagescenario_214dZ6wZvt1":{"uiInfo":"<mxGraphModel dx=\"961\" dy=\"682\" grid=\"1\" gridSize=\"10\" guides=\"1\" tooltips=\"1\" connect=\"1\" arrows=\"1\" fold=\"1\" page=\"1\" pageScale=\"1\" pageWidth=\"1169\" pageHeight=\"827\" background=\"#ffffff\"><root><mxCell id=\"0\" modelId=\"aodusagescenario_214dZ6wZvt1\"></mxCell><mxCell id=\"1\" parent=\"0\"></mxCell><mxCell id=\"aoditsystem_214bYbQR0pf_2214drPvhuKq\" style=\"whiteSpace=wrap;html=1;align=center;verticalAlign=top;strokeWidth=4;strokeColor=#CCCCCC;fillColor=none;\" vertex=\"1\" modelId=\"location_214c2MWNhB5\" parent=\"1\"><mxGeometry x=\"20\" y=\"120\" width=\"610\" height=\"550\" as=\"geometry\"></mxGeometry></mxCell><mxCell id=\"aoditsystem_214bYbQR0pf_3214drPv1gWV\" style=\"whiteSpace=wrap;html=1;align=center;verticalAlign=top;strokeWidth=4;strokeColor=#CCCCCC;fillColor=none;\" vertex=\"1\" modelId=\"location_214c2MVF79P\" parent=\"1\"><mxGeometry x=\"660\" y=\"120\" width=\"250\" height=\"200\" as=\"geometry\"></mxGeometry></mxCell><mxCell id=\"aoditsystem_214bYbQR0pf_4214drPvkRej\" style=\"swimlane;whiteSpace=wrap;html=1;align=left;swimlaneLine=0;verticalAlign=top;collapsible=0;\" vertex=\"1\" modelId=\"subsystem_214c2MXCfMQ\" parent=\"1\"><mxGeometry x=\"30\" y=\"230\" width=\"410\" height=\"220\" as=\"geometry\"></mxGeometry></mxCell><mxCell id=\"aoditsystem_214bYbQR0pf_5214drPvPIli\" style=\"shape=image;html=1;verticalLabelPosition=bottom;labelBackgroundColor=#ffffff;verticalAlign=top;imageAspect=0;image=/cogarch/assets/mxgraph/stencils/clipart/others/generic.svg\" vertex=\"1\" modelId=\"logicalnode_214c3nx1NUK\" parent=\"aoditsystem_214bYbQR0pf_4214drPvkRej\"><mxGeometry x=\"140\" y=\"60\" width=\"60\" height=\"60\" as=\"geometry\"></mxGeometry></mxCell><mxCell id=\"aoditsystem_214bYbQR0pf_7214drPvf2Rl\" modelId=\"logicalnode_214c2MY0PFE\" parent=\"1\"></mxCell><mxCell id=\"aoditsystem_214bYbQR0pf_8214drPvo9F6\" style=\"shape=image;html=1;verticalLabelPosition=bottom;labelBackgroundColor=#ffffff;verticalAlign=top;imageAspect=0;image=/cogarch/assets/mxgraph/stencils/clipart/others/generic.svg\" vertex=\"1\" modelId=\"logicalnode_214c2MY0PFE\" parent=\"1\"><mxGeometry x=\"770\" y=\"180\" width=\"60\" height=\"60\" as=\"geometry\"></mxGeometry></mxCell><mxCell id=\"aoditsystem_214bYbQR0pf_24214dtF1Knwy\" style=\"edgeStyle=orthogonalEdgeStyle;rounded=0;html=1;jettySize=auto;orthogonalLoop=1;\" edge=\"1\" modelId=\"logicalconnection_214dtF2oRDc\" parent=\"1\" source=\"aoditsystem_214bYbQR0pf_5214drPvPIli\" target=\"aoditsystem_214bYbQR0pf_8214drPvo9F6\"><mxGeometry relative=\"1\" as=\"geometry\"></mxGeometry></mxCell><mxCell id=\"ui_r16l9wDaS\" modelId=\"aoditsystem_214bYbQR0pf\" parent=\"1\"></mxCell></root></mxGraphModel>","coreInfo":[{"modelType":"AODUsageScenario","lastModifiedUserId":"casup@cn.ibm.com","description":"","lastModified":"2019-11-28T07:37:46Z","_id":"aodusagescenario_214dZ6wZvt1","label":"us2"},{"modelType":"UsageStep","description":"","_id":"usagestep_214e0CBBuzF","label":"2"},{"modelType":"AODITSystem","annotation":["{\"dx\":753,\"dy\":682,\"grid\":1,\"gridSize\":10,\"guides\":1,\"tooltips\":1,\"connect\":1,\"arrows\":1,\"fold\":1,\"page\":1,\"pageScale\":1,\"pageWidth\":1169,\"pageHeight\":827,\"background\":\"#ffffff\"}"],"lastModifiedUserId":"casup@cn.ibm.com","description":"","lastModified":"2019-11-28T07:37:45Z","_id":"aoditsystem_214bYbQR0pf","label":"its","children":"location_214c2MVF79P,location_214c2MWNhB5,logicalconnection_214dtF2oRDc"},{"modelType":"Location","description":"","_id":"location_214c2MVF79P","label":"Location1","children":"logicalnode_214c2MY0PFE"},{"modelType":"Location","description":"","_id":"location_214c2MWNhB5","label":"Location","children":"subsystem_214c2MXCfMQ"},{"modelType":"SubSystem","description":"","_id":"subsystem_214c2MXCfMQ","label":"SubSystem","children":"logicalnode_214c3nx1NUK"},{"modelType":"LogicalConnection","description":"","_id":"logicalconnection_214dtF2oRDc","flowType":"not specified","label":""}],"additional":{"owneds":[]}},"aodusagescenario_214dQx2YCdd":{"uiInfo":"<mxGraphModel dx=\"961\" dy=\"682\" grid=\"1\" gridSize=\"10\" guides=\"1\" tooltips=\"1\" connect=\"1\" arrows=\"1\" fold=\"1\" page=\"1\" pageScale=\"1\" pageWidth=\"1169\" pageHeight=\"827\" background=\"#ffffff\"><root><mxCell id=\"0\" modelId=\"aodusagescenario_214dQx2YCdd\"></mxCell><mxCell id=\"1\" parent=\"0\"></mxCell><mxCell id=\"aodservices_2149ByiZOzQ_2215bcZHlyx8\" style=\"rounded=1;whiteSpace=wrap;html=1;\" vertex=\"1\" modelId=\"logicalcomponent_2149FmQpKF8\" parent=\"1\"><mxGeometry x=\"510\" y=\"260\" width=\"120\" height=\"60\" as=\"geometry\"></mxGeometry></mxCell><mxCell id=\"aodservices_2149ByiZOzQ_3215bcZIP8kh\" style=\"swimlane;whiteSpace=wrap;html=1;align=left;swimlaneLine=0;verticalAlign=top;collapsible=0;\" vertex=\"1\" modelId=\"subsystem_2149RusCY8Y\" parent=\"1\"><mxGeometry x=\"100\" y=\"50\" width=\"200\" height=\"150\" as=\"geometry\"></mxGeometry></mxCell><mxCell id=\"aodservices_2149ByiZOzQ_4215bcZIe6RZ\" style=\"rounded=1;whiteSpace=wrap;html=1;\" vertex=\"1\" modelId=\"logicalcomponent_2149FmQpKF8\" parent=\"aodservices_2149ByiZOzQ_3215bcZIP8kh\"><mxGeometry x=\"41\" y=\"45\" width=\"120\" height=\"60\" as=\"geometry\"></mxGeometry></mxCell><mxCell id=\"aodservices_2149ByiZOzQ_5215bcZIXnwg\" style=\"edgeStyle=orthogonalEdgeStyle;rounded=0;html=1;jettySize=auto;orthogonalLoop=1;\" edge=\"1\" modelId=\"logicalconnector_214bBTgCPqi\" parent=\"1\" source=\"aodservices_2149ByiZOzQ_4215bcZIe6RZ\" target=\"aodservices_2149ByiZOzQ_2215bcZHlyx8\"><mxGeometry relative=\"1\" as=\"geometry\"></mxGeometry></mxCell><mxCell id=\"ui_rkxTx5wv6S\" modelId=\"aodservices_2149ByiZOzQ\" parent=\"1\"></mxCell></root></mxGraphModel>","coreInfo":[{"modelType":"AODUsageScenario","lastModifiedUserId":"casup@cn.ibm.com","description":"","lastModified":"2019-11-28T07:37:46Z","_id":"aodusagescenario_214dQx2YCdd","label":"us1"},{"modelType":"UsageStep","description":"label 1's desc","_id":"usagestep_214dUCW41nT","label":"1","children":"logicalconnector_214bBTgCPqi"},{"modelType":"AODServices","annotation":["{\"dx\":753,\"dy\":407,\"grid\":1,\"gridSize\":10,\"guides\":1,\"tooltips\":1,\"connect\":1,\"arrows\":1,\"fold\":1,\"page\":1,\"pageScale\":1,\"pageWidth\":1169,\"pageHeight\":827,\"background\":\"#ffffff\"}"],"lastModifiedUserId":"casup@cn.ibm.com","description":"","lastModified":"2019-11-28T07:37:45Z","_id":"aodservices_2149ByiZOzQ","label":"sv","children":"subsystem_2149RusCY8Y,logicalconnector_214bBTgCPqi"},{"modelType":"SubSystem","description":"Subsystem in source","_id":"subsystem_2149RusCY8Y","label":"SubSystem","children":"logicalcomponent_2149FmQpKF8"}],"additional":{"owneds":[]}},"lomview_214W5rmpdHf":{"uiInfo":"<mxGraphModel dx=\"753\" dy=\"407\" grid=\"1\" gridSize=\"10\" guides=\"1\" tooltips=\"1\" connect=\"1\" arrows=\"1\" fold=\"1\" page=\"1\" pageScale=\"1\" pageWidth=\"1169\" pageHeight=\"827\" background=\"#ffffff\"><root><mxCell id=\"0\" modelId=\"lomview_214W5rmpdHf\"></mxCell><mxCell id=\"1\" parent=\"0\"></mxCell><mxCell id=\"lomview_214W5rmpdHf_2215bhiMsaQP\" style=\"shape=corner;whiteSpace=wrap;html=1;fillColor=none;container=1;align=center;verticalAlign=top;strokeWidth=4;strokeColor=#CCCCCC;dx=450;dy=300;\" vertex=\"1\" modelId=\"omlocation_214XIDwZOmE\" parent=\"1\"><mxGeometry x=\"600\" y=\"40\" width=\"450\" height=\"300\" as=\"geometry\"></mxGeometry></mxCell><mxCell id=\"lomview_214W5rmpdHf_3215bhiMo9vq\" style=\"swimlane;fontStyle=0;childLayout=stackLayout;horizontal=1;startSize=26;horizontalStack=0;resizeParent=1;resizeParentMax=0;resizeLast=0;collapsible=1;marginBottom=0;swimlaneFillColor=#ffffff;\" vertex=\"1\" modelId=\"logicalnode_214c2MY0PFE\" parent=\"lomview_214W5rmpdHf_2215bhiMsaQP\"><mxGeometry x=\"180\" y=\"90\" width=\"140\" height=\"110\" as=\"geometry\"></mxGeometry></mxCell><mxCell id=\"lomview_214W5rmpdHf_4215bhiMEz9N\" style=\"shape=corner;whiteSpace=wrap;html=1;fillColor=none;container=1;align=center;verticalAlign=top;strokeWidth=4;strokeColor=#CCCCCC;dx=450;dy=300;\" vertex=\"1\" modelId=\"omlocation_214WaSTfOqx\" parent=\"1\"><mxGeometry x=\"110\" y=\"40\" width=\"450\" height=\"300\" as=\"geometry\"><mxRectangle x=\"110\" y=\"40\" width=\"100\" height=\"20\" as=\"alternateBounds\"></mxRectangle></mxGeometry></mxCell><mxCell id=\"lomview_214W5rmpdHf_5215bhiMW4y6\" style=\"swimlane;fontStyle=0;childLayout=stackLayout;horizontal=1;startSize=26;horizontalStack=0;resizeParent=1;resizeParentMax=0;resizeLast=0;collapsible=1;marginBottom=0;swimlaneFillColor=#ffffff;\" vertex=\"1\" modelId=\"logicalnode_214c3nx1NUK\" parent=\"lomview_214W5rmpdHf_4215bhiMEz9N\"><mxGeometry x=\"140\" y=\"70\" width=\"140\" height=\"50\" as=\"geometry\"><mxRectangle x=\"140\" y=\"70\" width=\"50\" height=\"26\" as=\"alternateBounds\"></mxRectangle></mxGeometry></mxCell><mxCell id=\"lomview_214W5rmpdHf_72215cVS56Thg\" style=\"swimlane;fontStyle=0;childLayout=stackLayout;horizontal=1;startSize=26;horizontalStack=0;resizeParent=1;resizeParentMax=0;resizeLast=0;collapsible=1;marginBottom=0;swimlaneFillColor=#ffffff;\" vertex=\"1\" modelId=\"logicalnode_214c2MYwZbF\" parent=\"lomview_214W5rmpdHf_4215bhiMEz9N\"><mxGeometry x=\"190\" y=\"170\" width=\"140\" height=\"110\" as=\"geometry\"></mxGeometry></mxCell><mxCell id=\"lomview_214W5rmpdHf_73215cWSrqzxB\" style=\"edgeStyle=orthogonalEdgeStyle;rounded=0;html=1;entryX=0.5;entryY=1;jettySize=auto;orthogonalLoop=1;\" edge=\"1\" modelId=\"logicalconnection_215cWSt7diQ\" parent=\"lomview_214W5rmpdHf_4215bhiMEz9N\" source=\"lomview_214W5rmpdHf_72215cVS56Thg\" target=\"lomview_214W5rmpdHf_5215bhiMW4y6\"><mxGeometry relative=\"1\" as=\"geometry\"></mxGeometry></mxCell><mxCell id=\"lomview_214W5rmpdHf_6215bhiMH3y4\" style=\"edgeStyle=orthogonalEdgeStyle;rounded=0;html=1;entryX=0;entryY=0.5;jettySize=auto;orthogonalLoop=1;noLabel=0;\" edge=\"1\" modelId=\"logicalconnection_214XLFieYBK\" parent=\"1\" source=\"lomview_214W5rmpdHf_5215bhiMW4y6\" target=\"lomview_214W5rmpdHf_3215bhiMo9vq\"><mxGeometry relative=\"1\" as=\"geometry\"></mxGeometry></mxCell></root></mxGraphModel>","coreInfo":[{"modelType":"LOMView","lastModifiedUserId":"casup@cn.ibm.com","description":"lom desc","lastModified":"2019-11-28T07:37:46Z","_id":"lomview_214W5rmpdHf","label":"lom"},{"modelType":"PhysicalNode","memory":"memory","os":"os","networkPorts":"port","provision":"GTS/GBS","offering":"Managed","cpu":"cpu","description":"","_id":"physicalnode_214Y0JuyzQy","type":"Physical","cardinality":"999","owned":"-1","label":"P. Node"},{"modelType":"OMLocation","description":"","_id":"omlocation_214WaSTfOqx","cardinality":"777","label":"OMLocation1","children":"logicalnode_214c3nx1NUK,logicalnode_214c2MYwZbF"},{"modelType":"LogicalConnection","description":"ln2-device asso desc","_id":"logicalconnection_214XLFieYBK","flowType":"not specified","label":"ln2-device asso","from":"logicalnode_214c3nx1NUK","to":"logicalnode_214c2MY0PFE"},{"modelType":"OMLocation","description":"","_id":"omlocation_214XIDwZOmE","cardinality":"1","label":"OMLocation2","children":"logicalnode_214c2MY0PFE"},{"modelType":"LogicalConnection","description":"","_id":"logicalconnection_215cWSt7diQ","flowType":"not specified","label":"","from":"logicalnode_214c2MYwZbF","to":"logicalnode_214c3nx1NUK"}]},"systemcontext_2146PUr3DvS":{"uiInfo":"<mxGraphModel dx=\"838\" dy=\"661\" grid=\"1\" gridSize=\"10\" guides=\"1\" tooltips=\"1\" connect=\"1\" arrows=\"1\" fold=\"1\" page=\"1\" pageScale=\"1\" pageWidth=\"1169\" pageHeight=\"827\" background=\"#ffffff\"><root><mxCell id=\"0\" modelId=\"systemcontext_2146PUr3DvS\"></mxCell><mxCell id=\"1\" parent=\"0\"></mxCell><mxCell id=\"systemcontext_2146PUr3DvS_221Pva4gWmWR\" style=\"ellipse;whiteSpace=wrap;html=1;\" vertex=\"1\" modelId=\"targetsystem_2146QtyDFHq\" parent=\"1\"><mxGeometry x=\"130\" y=\"110\" width=\"140\" height=\"70\" as=\"geometry\"></mxGeometry></mxCell><mxCell id=\"systemcontext_2146PUr3DvS_321Pva4gU676\" style=\"shape=umlActor;html=1;verticalLabelPosition=bottom;verticalAlign=top;\" vertex=\"1\" modelId=\"actor_2146R0ZFACC\" parent=\"1\"><mxGeometry x=\"113\" y=\"400\" width=\"35\" height=\"70\" as=\"geometry\"></mxGeometry></mxCell><mxCell id=\"systemcontext_2146PUr3DvS_421Pva4g1g8R\" style=\"shape=process;html=1;whiteSpace=wrap;\" vertex=\"1\" modelId=\"actor_2146RuT3PyV\" parent=\"1\"><mxGeometry x=\"330\" y=\"370\" width=\"120\" height=\"60\" as=\"geometry\"></mxGeometry></mxCell><mxCell id=\"systemcontext_2146PUr3DvS_521Pva4gek8D\" style=\"edgeStyle=orthogonalEdgeStyle;rounded=0;html=1;jettySize=auto;orthogonalLoop=1;\" edge=\"1\" modelId=\"connector_2146ShpOiz3\" parent=\"1\" source=\"systemcontext_2146PUr3DvS_221Pva4gWmWR\" target=\"systemcontext_2146PUr3DvS_421Pva4g1g8R\"><mxGeometry relative=\"1\" as=\"geometry\"></mxGeometry></mxCell><mxCell id=\"systemcontext_2146PUr3DvS_621Pva4gXSd4\" style=\"edgeStyle=orthogonalEdgeStyle;rounded=0;html=1;entryX=0.5;entryY=0;entryPerimeter=0;jettySize=auto;orthogonalLoop=1;\" edge=\"1\" modelId=\"connector_21Pv80XkzEt\" parent=\"1\" source=\"systemcontext_2146PUr3DvS_221Pva4gWmWR\" target=\"systemcontext_2146PUr3DvS_321Pva4gU676\"><mxGeometry relative=\"1\" as=\"geometry\"></mxGeometry></mxCell><mxCell id=\"systemcontext_2146PUr3DvS_1021PvbhQiQub\" style=\"edgeStyle=orthogonalEdgeStyle;rounded=0;html=1;jettySize=auto;orthogonalLoop=1;\" edge=\"1\" modelId=\"connector_21PvbhRgtoo\" parent=\"1\" source=\"systemcontext_2146PUr3DvS_321Pva4gU676\" target=\"systemcontext_2146PUr3DvS_421Pva4g1g8R\"><mxGeometry relative=\"1\" as=\"geometry\"></mxGeometry></mxCell></root></mxGraphModel>","coreInfo":[{"modelType":"SystemContext","lastModifiedUserId":"gbbguoxa@cn.ibm.com","description":"","lastModified":"2019-12-06T05:33:58Z","_id":"systemcontext_2146PUr3DvS","label":"System Context"},{"modelType":"Connector","description":"","_id":"connector_2146ShpOiz3","type":"function","label":""},{"modelType":"TargetSystem","description":"","_id":"targetsystem_2146QtyDFHq","label":"Target System"},{"modelType":"Connector","description":"","_id":"connector_21Pv80XkzEt","type":"function","label":""},{"modelType":"Connector","description":"","_id":"connector_21PvbhRgtoo","type":"function","label":""}]},"aodenterprise_214bRDYysm2":{"uiInfo":"<mxGraphModel dx=\"753\" dy=\"682\" grid=\"1\" gridSize=\"10\" guides=\"1\" tooltips=\"1\" connect=\"1\" arrows=\"1\" fold=\"1\" page=\"1\" pageScale=\"1\" pageWidth=\"1169\" pageHeight=\"827\" background=\"#ffffff\"><root><mxCell id=\"0\" modelId=\"aodenterprise_214bRDYysm2\"></mxCell><mxCell id=\"1\" parent=\"0\"></mxCell><mxCell id=\"aodenterprise_214bRDYysm2_8214bTo6BXfB\" style=\"rounded=1;whiteSpace=wrap;html=1;\" vertex=\"1\" modelId=\"logicalcomponent_214bTo62sfh\" parent=\"1\"><mxGeometry x=\"260\" y=\"160\" width=\"120\" height=\"60\" as=\"geometry\"></mxGeometry></mxCell><mxCell id=\"aodenterprise_214bRDYysm2_9214bTV3yODo\" style=\"shape=image;html=1;verticalLabelPosition=bottom;labelBackgroundColor=#ffffff;verticalAlign=top;imageAspect=0;image=/cogarch/assets/mxgraph/stencils/clipart/aodenterprise/channel.svg\" vertex=\"1\" modelId=\"logicalcomponent_214bTV3gDNf\" parent=\"1\"><mxGeometry x=\"540\" y=\"520\" width=\"72\" height=\"50\" as=\"geometry\"></mxGeometry></mxCell><mxCell id=\"aodenterprise_214bRDYysm2_10214bUok5NyK\" style=\"shape=umlActor;html=1;verticalLabelPosition=bottom;verticalAlign=top;\" vertex=\"1\" modelId=\"actor_2146R0ZFACC\" parent=\"1\"><mxGeometry x=\"110\" y=\"470\" width=\"35\" height=\"70\" as=\"geometry\"></mxGeometry></mxCell><mxCell id=\"aodenterprise_214bRDYysm2_11214bUYyPYWc\" style=\"edgeStyle=orthogonalEdgeStyle;rounded=0;html=1;jettySize=auto;orthogonalLoop=1;\" edge=\"1\" modelId=\"logicalconnector_214bUYzbkRK\" parent=\"1\" source=\"aodenterprise_214bRDYysm2_10214bUok5NyK\" target=\"aodenterprise_214bRDYysm2_8214bTo6BXfB\"><mxGeometry relative=\"1\" as=\"geometry\"></mxGeometry></mxCell><mxCell id=\"aodenterprise_214bRDYysm2_12214bVGquJdQ\" style=\"edgeStyle=orthogonalEdgeStyle;rounded=0;html=1;jettySize=auto;orthogonalLoop=1;\" edge=\"1\" modelId=\"logicalconnector_214bVGqULui\" parent=\"1\" source=\"aodenterprise_214bRDYysm2_8214bTo6BXfB\" target=\"aodenterprise_214bRDYysm2_9214bTV3yODo\"><mxGeometry relative=\"1\" as=\"geometry\"></mxGeometry></mxCell></root></mxGraphModel>","coreInfo":[{"modelType":"AODEnterprise","lastModifiedUserId":"casup@cn.ibm.com","description":"","lastModified":"2019-11-28T07:37:45Z","_id":"aodenterprise_214bRDYysm2","label":"ev"}]},"cmstaticview_214MGVikqq3":{"uiInfo":"<mxGraphModel dx=\"753\" dy=\"432\" grid=\"1\" gridSize=\"10\" guides=\"1\" tooltips=\"1\" connect=\"1\" arrows=\"1\" fold=\"1\" page=\"1\" pageScale=\"1\" pageWidth=\"1169\" pageHeight=\"827\" background=\"#ffffff\"><root><mxCell id=\"0\" modelId=\"cmstaticview_214MGVikqq3\"></mxCell><mxCell id=\"1\" parent=\"0\"></mxCell><mxCell id=\"cmstaticview_214MGVikqq3_2214Nm0D477R\" style=\"html=1;\" vertex=\"1\" modelId=\"logicalcomponent_214MXlrgzdV\" parent=\"1\"><mxGeometry x=\"470\" y=\"170\" width=\"180\" height=\"90\" as=\"geometry\"></mxGeometry></mxCell><mxCell id=\"cmstaticview_214MGVikqq3_3214Nm0Di3QY\" value=\"\" style=\"shape=component;jettyWidth=8;jettyHeight=4;connectable=0;constituent=1;\" parent=\"cmstaticview_214MGVikqq3_2214Nm0D477R\" vertex=\"1\"><mxGeometry x=\"1\" width=\"20\" height=\"20\" relative=\"1\" as=\"geometry\"><mxPoint x=\"-27\" y=\"7\" as=\"offset\"></mxPoint></mxGeometry></mxCell><mxCell id=\"cmstaticview_214MGVikqq3_4214Nm0D5Ojq\" style=\"shape=process;html=1;whiteSpace=wrap;\" vertex=\"1\" modelId=\"actor_2146RuT3PyV\" parent=\"1\"><mxGeometry x=\"140\" y=\"370\" width=\"120\" height=\"60\" as=\"geometry\"></mxGeometry></mxCell><mxCell id=\"cmstaticview_214MGVikqq3_5214Nm0DG2Rf\" style=\"shape=process;html=1;whiteSpace=wrap;\" vertex=\"1\" modelId=\"actor_2146RuT3PyV\" parent=\"1\"><mxGeometry x=\"100\" y=\"70\" width=\"120\" height=\"60\" as=\"geometry\"></mxGeometry></mxCell><mxCell id=\"cmstaticview_214MGVikqq3_6214Nm0D8jEz\" style=\"edgeStyle=orthogonalEdgeStyle;rounded=0;html=1;dashed=1;jettySize=auto;orthogonalLoop=1;\" edge=\"1\" modelId=\"logicalconnector_214NdpzpPRQ\" parent=\"1\" source=\"cmstaticview_214MGVikqq3_5214Nm0DG2Rf\" target=\"cmstaticview_214MGVikqq3_2214Nm0D477R\"><mxGeometry relative=\"1\" as=\"geometry\"></mxGeometry></mxCell><mxCell id=\"cmstaticview_214MGVikqq3_7214Nm0DprEY\" style=\"edgeStyle=orthogonalEdgeStyle;rounded=0;html=1;dashed=1;entryX=0.5;entryY=1;jettySize=auto;orthogonalLoop=1;\" edge=\"1\" modelId=\"logicalconnector_214NeAMeHMI\" parent=\"1\" source=\"cmstaticview_214MGVikqq3_4214Nm0D5Ojq\" target=\"cmstaticview_214MGVikqq3_5214Nm0DG2Rf\"><mxGeometry relative=\"1\" as=\"geometry\"></mxGeometry></mxCell></root></mxGraphModel>","coreInfo":[{"modelType":"CMStaticView","lastModifiedUserId":"casup@cn.ibm.com","description":"static view diagram description","lastModified":"2019-11-28T07:37:47Z","_id":"cmstaticview_214MGVikqq3","type":"Component Relationship Diagram","label":"stv"}]},"aoditsystem_214bYbQR0pf":{"uiInfo":"<mxGraphModel dx=\"753\" dy=\"682\" grid=\"1\" gridSize=\"10\" guides=\"1\" tooltips=\"1\" connect=\"1\" arrows=\"1\" fold=\"1\" page=\"1\" pageScale=\"1\" pageWidth=\"1169\" pageHeight=\"827\" background=\"#ffffff\"><root><mxCell id=\"0\" modelId=\"aoditsystem_214bYbQR0pf\"></mxCell><mxCell id=\"1\" parent=\"0\"></mxCell><mxCell id=\"aoditsystem_214bYbQR0pf_2214drPvhuKq\" style=\"whiteSpace=wrap;html=1;align=center;verticalAlign=top;strokeWidth=4;strokeColor=#CCCCCC;fillColor=none;\" vertex=\"1\" modelId=\"location_214c2MWNhB5\" parent=\"1\"><mxGeometry x=\"20\" y=\"120\" width=\"610\" height=\"550\" as=\"geometry\"></mxGeometry></mxCell><mxCell id=\"aoditsystem_214bYbQR0pf_3214drPv1gWV\" style=\"whiteSpace=wrap;html=1;align=center;verticalAlign=top;strokeWidth=4;strokeColor=#CCCCCC;fillColor=none;\" vertex=\"1\" modelId=\"location_214c2MVF79P\" parent=\"1\"><mxGeometry x=\"660\" y=\"120\" width=\"250\" height=\"200\" as=\"geometry\"></mxGeometry></mxCell><mxCell id=\"aoditsystem_214bYbQR0pf_4214drPvkRej\" style=\"swimlane;whiteSpace=wrap;html=1;align=left;swimlaneLine=0;verticalAlign=top;collapsible=0;\" vertex=\"1\" modelId=\"subsystem_214c2MXCfMQ\" parent=\"1\"><mxGeometry x=\"30\" y=\"230\" width=\"410\" height=\"220\" as=\"geometry\"></mxGeometry></mxCell><mxCell id=\"aoditsystem_214bYbQR0pf_5214drPvPIli\" style=\"shape=image;html=1;verticalLabelPosition=bottom;labelBackgroundColor=#ffffff;verticalAlign=top;imageAspect=0;image=/cogarch/assets/mxgraph/stencils/clipart/others/generic.svg\" vertex=\"1\" modelId=\"logicalnode_214c3nx1NUK\" parent=\"aoditsystem_214bYbQR0pf_4214drPvkRej\"><mxGeometry x=\"140\" y=\"60\" width=\"60\" height=\"60\" as=\"geometry\"></mxGeometry></mxCell><mxCell id=\"aoditsystem_214bYbQR0pf_7214drPvf2Rl\" modelId=\"logicalnode_214c2MY0PFE\" parent=\"1\"></mxCell><mxCell id=\"aoditsystem_214bYbQR0pf_8214drPvo9F6\" style=\"shape=image;html=1;verticalLabelPosition=bottom;labelBackgroundColor=#ffffff;verticalAlign=top;imageAspect=0;image=/cogarch/assets/mxgraph/stencils/clipart/others/generic.svg\" vertex=\"1\" modelId=\"logicalnode_214c2MY0PFE\" parent=\"1\"><mxGeometry x=\"770\" y=\"180\" width=\"60\" height=\"60\" as=\"geometry\"></mxGeometry></mxCell><mxCell id=\"aoditsystem_214bYbQR0pf_24214dtF1Knwy\" style=\"edgeStyle=orthogonalEdgeStyle;rounded=0;html=1;jettySize=auto;orthogonalLoop=1;\" edge=\"1\" modelId=\"logicalconnection_214dtF2oRDc\" parent=\"1\" source=\"aoditsystem_214bYbQR0pf_5214drPvPIli\" target=\"aoditsystem_214bYbQR0pf_8214drPvo9F6\"><mxGeometry relative=\"1\" as=\"geometry\"></mxGeometry></mxCell></root></mxGraphModel>","coreInfo":[{"modelType":"AODITSystem","lastModifiedUserId":"casup@cn.ibm.com","description":"","lastModified":"2019-11-28T07:37:45Z","_id":"aoditsystem_214bYbQR0pf","label":"its"},{"modelType":"Location","description":"","_id":"location_214c2MVF79P","label":"Location1","children":"logicalnode_214c2MY0PFE"},{"modelType":"Location","description":"","_id":"location_214c2MWNhB5","label":"Location","children":"subsystem_214c2MXCfMQ"},{"modelType":"SubSystem","description":"","_id":"subsystem_214c2MXCfMQ","label":"SubSystem","children":"logicalnode_214c3nx1NUK"},{"modelType":"LogicalConnection","description":"","_id":"logicalconnection_214dtF2oRDc","flowType":"not specified","label":""}]},"usecasediagram_HycGtnnhr":{"uiInfo":"<mxGraphModel dx=\"753\" dy=\"682\" grid=\"1\" gridSize=\"10\" guides=\"1\" tooltips=\"1\" connect=\"1\" arrows=\"1\" fold=\"1\" page=\"1\" pageScale=\"1\" pageWidth=\"1169\" pageHeight=\"827\" background=\"#ffffff\"><root><mxCell id=\"0\" modelId=\"usecasediagram_HycGtnnhr\"></mxCell><mxCell id=\"1\" parent=\"0\"></mxCell><mxCell id=\"usecasediagram_HycGtnnhr_2214796TK8AQ\" style=\"ellipse;whiteSpace=wrap;html=1;\" vertex=\"1\" modelId=\"usecase_2146Vjv54Mb\" parent=\"1\"><mxGeometry x=\"110\" y=\"130\" width=\"140\" height=\"70\" as=\"geometry\"></mxGeometry></mxCell><mxCell id=\"usecasediagram_HycGtnnhr_3214796TLiBp\" style=\"ellipse;whiteSpace=wrap;html=1;\" vertex=\"1\" modelId=\"usecase_2146Vyd2iSV\" parent=\"1\"><mxGeometry x=\"580\" y=\"120\" width=\"140\" height=\"70\" as=\"geometry\"></mxGeometry></mxCell><mxCell id=\"usecasediagram_HycGtnnhr_4214796T1QZM\" style=\"shape=umlActor;html=1;verticalLabelPosition=bottom;verticalAlign=top;\" vertex=\"1\" modelId=\"actor_2146R0ZFACC\" parent=\"1\"><mxGeometry x=\"163\" y=\"460\" width=\"35\" height=\"70\" as=\"geometry\"></mxGeometry></mxCell><mxCell id=\"usecasediagram_HycGtnnhr_6214796TiHML\" style=\"edgeStyle=orthogonalEdgeStyle;rounded=0;html=1;endArrow=block;endSize=16;endFill=0;dashed=1;exitX=1;exitY=0.5;\" edge=\"1\" modelId=\"association_2147cCzOFt2\" parent=\"1\" source=\"usecasediagram_HycGtnnhr_162147aCZLTQA\" target=\"usecasediagram_HycGtnnhr_3214796TLiBp\"><mxGeometry relative=\"1\" as=\"geometry\"><Array as=\"points\"><mxPoint x=\"650\" y=\"55\"></mxPoint></Array></mxGeometry></mxCell><mxCell id=\"usecasediagram_HycGtnnhr_7214796TvAhF\" style=\"shape=process;html=1;whiteSpace=wrap;\" vertex=\"1\" modelId=\"actor_2146RuT3PyV\" parent=\"1\"><mxGeometry x=\"560\" y=\"510\" width=\"120\" height=\"60\" as=\"geometry\"></mxGeometry></mxCell><mxCell id=\"usecasediagram_HycGtnnhr_8214796TnGjX\" style=\"edgeStyle=orthogonalEdgeStyle;rounded=0;html=1;endArrow=none;exitX=1;exitY=0;\" edge=\"1\" modelId=\"association_2147dVZI4kx\" parent=\"1\" source=\"usecasediagram_HycGtnnhr_162147aCZLTQA\" target=\"usecasediagram_HycGtnnhr_7214796TvAhF\"><mxGeometry relative=\"1\" as=\"geometry\"><Array as=\"points\"><mxPoint x=\"340\" y=\"30\"></mxPoint><mxPoint x=\"340\" y=\"310\"></mxPoint><mxPoint x=\"620\" y=\"310\"></mxPoint></Array></mxGeometry></mxCell><mxCell id=\"usecasediagram_HycGtnnhr_162147aCZLTQA\" style=\"ellipse;whiteSpace=wrap;html=1;\" vertex=\"1\" modelId=\"usecase_2147aD03dF4\" parent=\"1\"><mxGeometry x=\"70\" y=\"20\" width=\"140\" height=\"70\" as=\"geometry\"></mxGeometry></mxCell><mxCell id=\"ui_SkbaecvD6S\" style=\"endArrow=none;html=1;\" edge=\"1\" modelId=\"association_21PvhA9ykx9\" parent=\"1\" source=\"usecasediagram_HycGtnnhr_3214796TLiBp\" target=\"usecasediagram_HycGtnnhr_7214796TvAhF\"><mxGeometry relative=\"1\" as=\"geometry\"></mxGeometry></mxCell><mxCell id=\"ui_SyMpe5DwpS\" style=\"endArrow=none;html=1;\" edge=\"1\" modelId=\"association_21PvglGjimt\" parent=\"1\" source=\"usecasediagram_HycGtnnhr_2214796TK8AQ\" target=\"usecasediagram_HycGtnnhr_7214796TvAhF\"><mxGeometry relative=\"1\" as=\"geometry\"></mxGeometry></mxCell></root></mxGraphModel>","coreInfo":[{"modelType":"UseCaseDiagram","lastModifiedUserId":"casup@cn.ibm.com","description":"","lastModified":"2019-11-28T07:37:43Z","_id":"usecasediagram_HycGtnnhr","label":"ucd2"}]},"usecasediagram_2146Uedc5BB":{"uiInfo":"<mxGraphModel dx=\"1138\" dy=\"501\" grid=\"1\" gridSize=\"10\" guides=\"1\" tooltips=\"1\" connect=\"1\" arrows=\"1\" fold=\"1\" page=\"1\" pageScale=\"1\" pageWidth=\"1169\" pageHeight=\"827\" background=\"#ffffff\"><root><mxCell id=\"0\" modelId=\"usecasediagram_2146Uedc5BB\"></mxCell><mxCell id=\"1\" parent=\"0\"></mxCell><mxCell id=\"usecasediagram_2146Uedc5BB_221PvdQLa5Xi\" style=\"ellipse;whiteSpace=wrap;html=1;\" vertex=\"1\" modelId=\"usecase_2146Vyd2iSV\" parent=\"1\"><mxGeometry x=\"580\" y=\"120\" width=\"140\" height=\"70\" as=\"geometry\"></mxGeometry></mxCell><mxCell id=\"usecasediagram_2146Uedc5BB_321PvdQLkxlR\" style=\"shape=umlActor;html=1;verticalLabelPosition=bottom;verticalAlign=top;\" vertex=\"1\" modelId=\"actor_2146R0ZFACC\" parent=\"1\"><mxGeometry x=\"163\" y=\"460\" width=\"35\" height=\"70\" as=\"geometry\"></mxGeometry></mxCell><mxCell id=\"usecasediagram_2146Uedc5BB_421PvdQLBeyo\" style=\"shape=process;html=1;whiteSpace=wrap;\" vertex=\"1\" modelId=\"actor_2146RuT3PyV\" parent=\"1\"><mxGeometry x=\"560\" y=\"510\" width=\"120\" height=\"60\" as=\"geometry\"></mxGeometry></mxCell><mxCell id=\"usecasediagram_2146Uedc5BB_521PvdQLzRtg\" style=\"ellipse;whiteSpace=wrap;html=1;\" vertex=\"1\" modelId=\"usecase_2146Vjv54Mb\" parent=\"1\"><mxGeometry x=\"90\" y=\"140\" width=\"140\" height=\"70\" as=\"geometry\"></mxGeometry></mxCell><mxCell id=\"usecasediagram_2146Uedc5BB_621PvdQL8SqN\" style=\"endArrow=none;html=1;exitX=0;exitY=1;\" edge=\"1\" modelId=\"association_21PvkmteZ9b\" parent=\"1\" source=\"usecasediagram_2146Uedc5BB_2121PvipPuLP7\" target=\"usecasediagram_2146Uedc5BB_321PvdQLkxlR\"><mxGeometry relative=\"1\" as=\"geometry\"></mxGeometry></mxCell><mxCell id=\"usecasediagram_2146Uedc5BB_721PvdQM9bnZ\" style=\"endArrow=block;html=1;endSize=16;endFill=0;dashed=1;exitX=0.5;exitY=1;\" edge=\"1\" modelId=\"association_21Pvlki5yly\" parent=\"1\" source=\"usecasediagram_2146Uedc5BB_2121PvipPuLP7\" target=\"usecasediagram_2146Uedc5BB_221PvdQLa5Xi\"><mxGeometry relative=\"1\" as=\"geometry\"></mxGeometry></mxCell><mxCell id=\"usecasediagram_2146Uedc5BB_1921PvglFDl5e\" style=\"edgeStyle=orthogonalEdgeStyle;rounded=0;html=1;endArrow=none;\" edge=\"1\" modelId=\"association_21PvglGjimt\" parent=\"1\" source=\"usecasediagram_2146Uedc5BB_521PvdQLzRtg\" target=\"usecasediagram_2146Uedc5BB_421PvdQLBeyo\"><mxGeometry relative=\"1\" as=\"geometry\"><Array as=\"points\"><mxPoint x=\"160\" y=\"290\"></mxPoint><mxPoint x=\"620\" y=\"290\"></mxPoint></Array></mxGeometry></mxCell><mxCell id=\"usecasediagram_2146Uedc5BB_2021PvhA9uffi\" style=\"edgeStyle=orthogonalEdgeStyle;rounded=0;html=1;endArrow=none;entryX=0.75;entryY=0;\" edge=\"1\" modelId=\"association_21PvhA9ykx9\" parent=\"1\" source=\"usecasediagram_2146Uedc5BB_221PvdQLa5Xi\" target=\"usecasediagram_2146Uedc5BB_421PvdQLBeyo\"><mxGeometry relative=\"1\" as=\"geometry\"></mxGeometry></mxCell><mxCell id=\"usecasediagram_2146Uedc5BB_2121PvipPuLP7\" style=\"ellipse;whiteSpace=wrap;html=1;\" vertex=\"1\" modelId=\"usecase_21PvipPjG6n\" parent=\"1\"><mxGeometry x=\"280\" y=\"40\" width=\"140\" height=\"70\" as=\"geometry\"></mxGeometry></mxCell></root></mxGraphModel>","coreInfo":[{"modelType":"UseCaseDiagram","lastModifiedUserId":"gbbguoxa@cn.ibm.com","description":"","lastModified":"2019-12-06T05:34:33Z","_id":"usecasediagram_2146Uedc5BB","label":"cud"}]},"aodservices_2149ByiZOzQ":{"uiInfo":"<mxGraphModel dx=\"753\" dy=\"407\" grid=\"1\" gridSize=\"10\" guides=\"1\" tooltips=\"1\" connect=\"1\" arrows=\"1\" fold=\"1\" page=\"1\" pageScale=\"1\" pageWidth=\"1169\" pageHeight=\"827\" background=\"#ffffff\"><root><mxCell id=\"0\" modelId=\"aodservices_2149ByiZOzQ\"></mxCell><mxCell id=\"1\" parent=\"0\"></mxCell><mxCell id=\"aodservices_2149ByiZOzQ_2215bcZHlyx8\" style=\"rounded=1;whiteSpace=wrap;html=1;\" vertex=\"1\" modelId=\"logicalcomponent_2149FmQpKF8\" parent=\"1\"><mxGeometry x=\"510\" y=\"260\" width=\"120\" height=\"60\" as=\"geometry\"></mxGeometry></mxCell><mxCell id=\"aodservices_2149ByiZOzQ_3215bcZIP8kh\" style=\"swimlane;whiteSpace=wrap;html=1;align=left;swimlaneLine=0;verticalAlign=top;collapsible=0;\" vertex=\"1\" modelId=\"subsystem_2149RusCY8Y\" parent=\"1\"><mxGeometry x=\"100\" y=\"50\" width=\"200\" height=\"150\" as=\"geometry\"></mxGeometry></mxCell><mxCell id=\"aodservices_2149ByiZOzQ_4215bcZIe6RZ\" style=\"rounded=1;whiteSpace=wrap;html=1;\" vertex=\"1\" modelId=\"logicalcomponent_2149FmQpKF8\" parent=\"aodservices_2149ByiZOzQ_3215bcZIP8kh\"><mxGeometry x=\"41\" y=\"45\" width=\"120\" height=\"60\" as=\"geometry\"></mxGeometry></mxCell><mxCell id=\"aodservices_2149ByiZOzQ_5215bcZIXnwg\" style=\"edgeStyle=orthogonalEdgeStyle;rounded=0;html=1;jettySize=auto;orthogonalLoop=1;\" edge=\"1\" modelId=\"logicalconnector_214bBTgCPqi\" parent=\"1\" source=\"aodservices_2149ByiZOzQ_4215bcZIe6RZ\" target=\"aodservices_2149ByiZOzQ_2215bcZHlyx8\"><mxGeometry relative=\"1\" as=\"geometry\"></mxGeometry></mxCell></root></mxGraphModel>","coreInfo":[{"modelType":"AODServices","lastModifiedUserId":"casup@cn.ibm.com","description":"","lastModified":"2019-11-28T07:37:45Z","_id":"aodservices_2149ByiZOzQ","label":"sv"},{"modelType":"SubSystem","description":"Subsystem in source","_id":"subsystem_2149RusCY8Y","label":"SubSystem","children":"logicalcomponent_2149FmQpKF8"}]},"logicalerd_2149f59o6yv":{"uiInfo":"<mxGraphModel dx=\"753\" dy=\"682\" grid=\"1\" gridSize=\"10\" guides=\"1\" tooltips=\"1\" connect=\"1\" arrows=\"1\" fold=\"1\" page=\"1\" pageScale=\"1\" pageWidth=\"1169\" pageHeight=\"827\" background=\"#ffffff\"><root><mxCell id=\"0\" modelId=\"logicalerd_2149f59o6yv\"></mxCell><mxCell id=\"1\" parent=\"0\"></mxCell><mxCell id=\"logicalerd_2149f59o6yv_22149oc5HFCi\" style=\"swimlane;fontStyle=0;childLayout=stackLayout;horizontal=1;startSize=26;horizontalStack=0;resizeParent=1;resizeParentMax=0;resizeLast=0;collapsible=0;marginBottom=0;swimlaneFillColor=#ffffff;\" vertex=\"1\" modelId=\"entity_2148GmFWoNJ\" parent=\"1\"><mxGeometry x=\"260\" y=\"60\" width=\"140\" height=\"74\" as=\"geometry\"></mxGeometry></mxCell><mxCell id=\"logicalerd_2149f59o6yv_212149ocf69Jo\" style=\"text;align=left;verticalAlign=top;spacingLeft=4;spacingRight=4;overflow=hidden;rotatable=0;points=[[0,0.5],[1,0.5]];portConstraint=eastwest;connectable=0;\" vertex=\"1\" modelId=\"attribute_2148GmFinb5\" parent=\"logicalerd_2149f59o6yv_22149oc5HFCi\"><mxGeometry y=\"26\" width=\"140\" height=\"24\" as=\"geometry\"></mxGeometry></mxCell><mxCell id=\"logicalerd_2149f59o6yv_222149ocfn8p2\" style=\"text;align=left;verticalAlign=top;spacingLeft=4;spacingRight=4;overflow=hidden;rotatable=0;points=[[0,0.5],[1,0.5]];portConstraint=eastwest;connectable=0;\" vertex=\"1\" modelId=\"attribute_2148GmFeHP0\" parent=\"logicalerd_2149f59o6yv_22149oc5HFCi\"><mxGeometry y=\"50\" width=\"140\" height=\"24\" as=\"geometry\"></mxGeometry></mxCell><mxCell id=\"logicalerd_2149f59o6yv_52149oc5rwfD\" style=\"swimlane;fontStyle=0;childLayout=stackLayout;horizontal=1;startSize=26;horizontalStack=0;resizeParent=1;resizeParentMax=0;resizeLast=0;collapsible=0;marginBottom=0;swimlaneFillColor=#ffffff;\" vertex=\"1\" modelId=\"entity_2148GmFRHqc\" parent=\"1\"><mxGeometry x=\"720\" y=\"270\" width=\"140\" height=\"110\" as=\"geometry\"></mxGeometry></mxCell><mxCell id=\"logicalerd_2149f59o6yv_252149so91q72\" value=\"this is a erd diagram\" style=\"text;html=1;align=center;verticalAlign=middle;whiteSpace=wrap;\" parent=\"1\" vertex=\"1\"><mxGeometry x=\"210\" y=\"320\" width=\"140\" height=\"30\" as=\"geometry\"></mxGeometry></mxCell><mxCell id=\"logicalerd_2149f59o6yv_262149t98xtrz\" value=\"\" style=\"shape=actor;whiteSpace=wrap;verticalLabelPosition=bottom;labelPosition=center;align=center;verticalAlign=top;html=1;\" parent=\"1\" vertex=\"1\"><mxGeometry x=\"260\" y=\"240\" width=\"40\" height=\"60\" as=\"geometry\"></mxGeometry></mxCell></root></mxGraphModel>","coreInfo":[{"modelType":"LogicalERD","lastModifiedUserId":"casup@cn.ibm.com","description":"","lastModified":"2019-11-28T07:37:47Z","_id":"logicalerd_2149f59o6yv","label":"erd1"}]},"logicalerd_2148Cfv7LdQ":{"uiInfo":"<mxGraphModel dx=\"1138\" dy=\"501\" grid=\"1\" gridSize=\"10\" guides=\"1\" tooltips=\"1\" connect=\"1\" arrows=\"1\" fold=\"1\" page=\"1\" pageScale=\"1\" pageWidth=\"1169\" pageHeight=\"827\" background=\"#ffffff\"><root><mxCell id=\"0\" modelId=\"logicalerd_2148Cfv7LdQ\"></mxCell><mxCell id=\"1\" parent=\"0\"></mxCell><mxCell id=\"logicalerd_2148Cfv7LdQ_221PwwITX5YS\" style=\"swimlane;fontStyle=0;childLayout=stackLayout;horizontal=1;startSize=26;horizontalStack=0;resizeParent=1;resizeParentMax=0;resizeLast=0;collapsible=0;marginBottom=0;swimlaneFillColor=#ffffff;\" vertex=\"1\" modelId=\"entity_2148GmFWoNJ\" parent=\"1\"><mxGeometry x=\"400\" y=\"40\" width=\"140\" height=\"74\" as=\"geometry\"></mxGeometry></mxCell><mxCell id=\"logicalerd_2148Cfv7LdQ_2621PwwJpKYy4\" style=\"text;align=left;verticalAlign=top;spacingLeft=4;spacingRight=4;overflow=hidden;rotatable=0;points=[[0,0.5],[1,0.5]];portConstraint=eastwest;connectable=0;\" vertex=\"1\" modelId=\"attribute_2148GmFeHP0\" parent=\"logicalerd_2148Cfv7LdQ_221PwwITX5YS\"><mxGeometry y=\"26\" width=\"140\" height=\"24\" as=\"geometry\"></mxGeometry></mxCell><mxCell id=\"logicalerd_2148Cfv7LdQ_2721PwwJqMNyk\" style=\"text;align=left;verticalAlign=top;spacingLeft=4;spacingRight=4;overflow=hidden;rotatable=0;points=[[0,0.5],[1,0.5]];portConstraint=eastwest;connectable=0;\" vertex=\"1\" modelId=\"attribute_2148GmFinb5\" parent=\"logicalerd_2148Cfv7LdQ_221PwwITX5YS\"><mxGeometry y=\"50\" width=\"140\" height=\"24\" as=\"geometry\"></mxGeometry></mxCell><mxCell id=\"logicalerd_2148Cfv7LdQ_521PwwITNcgL\" style=\"swimlane;fontStyle=0;childLayout=stackLayout;horizontal=1;startSize=26;horizontalStack=0;resizeParent=1;resizeParentMax=0;resizeLast=0;collapsible=0;marginBottom=0;swimlaneFillColor=#ffffff;\" vertex=\"1\" modelId=\"entity_2148GmFrZA1\" parent=\"1\"><mxGeometry x=\"650\" y=\"350\" width=\"140\" height=\"110\" as=\"geometry\"></mxGeometry></mxCell><mxCell id=\"logicalerd_2148Cfv7LdQ_621PwwIT1jSI\" style=\"swimlane;fontStyle=0;childLayout=stackLayout;horizontal=1;startSize=26;horizontalStack=0;resizeParent=1;resizeParentMax=0;resizeLast=0;collapsible=0;marginBottom=0;swimlaneFillColor=#ffffff;\" vertex=\"1\" modelId=\"entity_2148GmFRHqc\" parent=\"1\"><mxGeometry x=\"230\" y=\"369\" width=\"140\" height=\"110\" as=\"geometry\"></mxGeometry></mxCell><mxCell id=\"logicalerd_2148Cfv7LdQ_721PwwITM9te\" style=\"rhombus;html=1;\" vertex=\"1\" modelId=\"relationship_2148GmFVoyZ\" parent=\"1\"><mxGeometry x=\"525\" y=\"195\" width=\"140\" height=\"70\" as=\"geometry\"></mxGeometry></mxCell><mxCell id=\"logicalerd_2148Cfv7LdQ_821PwwITo3Rw\" style=\"edgeStyle=orthogonalEdgeStyle;html=1;fontStyle=1;fontSize=12;endArrow=none;endSize=8;editable=0;\" edge=\"1\" modelId=\"relationshipconnection_2148GmFNH2P\" parent=\"1\" source=\"logicalerd_2148Cfv7LdQ_221PwwITX5YS\" target=\"logicalerd_2148Cfv7LdQ_721PwwITM9te\"><mxGeometry x=\"-0.5\" relative=\"1\" as=\"geometry\"></mxGeometry></mxCell><mxCell id=\"logicalerd_2148Cfv7LdQ_921PwwITpDTQ\" style=\"edgeStyle=orthogonalEdgeStyle;html=1;fontStyle=1;fontSize=12;endArrow=none;endSize=8;editable=0;rounded=1;entryX=0;entryY=0.5;\" edge=\"1\" modelId=\"relationshipconnection_2148GmFdTj3\" parent=\"1\" source=\"logicalerd_2148Cfv7LdQ_721PwwITM9te\" target=\"logicalerd_2148Cfv7LdQ_521PwwITNcgL\"><mxGeometry x=\"0.5\" relative=\"1\" as=\"geometry\"></mxGeometry></mxCell><mxCell id=\"logicalerd_2148Cfv7LdQ_1021PwwIT3jwy\" style=\"edgeStyle=orthogonalEdgeStyle;rounded=1;html=1;endArrow=none;fontStyle=1;fontSize=12;editable=0;entryX=1;entryY=0.5;\" edge=\"1\" modelId=\"relationshipconnection_2148GmF8W46\" parent=\"1\" source=\"logicalerd_2148Cfv7LdQ_721PwwITM9te\" target=\"logicalerd_2148Cfv7LdQ_621PwwIT1jSI\"><mxGeometry x=\"0.5\" relative=\"1\" as=\"geometry\"></mxGeometry></mxCell><mxCell id=\"logicalerd_2148Cfv7LdQ_1121PwwIThXLk\" style=\"shape=triangle;whiteSpace=wrap;html=1;flipV=1;flipH=0;direction=south;hasHoverIcons=0;editable=0;\" vertex=\"1\" modelId=\"specialization_2148GmFPVWl\" parent=\"1\"><mxGeometry x=\"740\" y=\"165\" width=\"80\" height=\"60\" as=\"geometry\"></mxGeometry></mxCell><mxCell id=\"logicalerd_2148Cfv7LdQ_1221PwwITSCTv\" style=\"edgeStyle=orthogonalEdgeStyle;html=1;exitX=0;exitY=0.5;exitDx=0;exitDy=0;jettySize=auto;orthogonalLoop=1;endArrow=none;editable=0;entryX=1;entryY=0.75;\" edge=\"1\" modelId=\"specializationconnection_21PwGQi1Xfx\" parent=\"1\" source=\"logicalerd_2148Cfv7LdQ_1121PwwIThXLk\" target=\"logicalerd_2148Cfv7LdQ_221PwwITX5YS\"><mxGeometry relative=\"1\" as=\"geometry\"><mxPoint x=\"230\" y=\"120\" as=\"targetPoint\"></mxPoint><Array as=\"points\"><mxPoint x=\"780\" y=\"77\"></mxPoint><mxPoint x=\"540\" y=\"77\"></mxPoint></Array></mxGeometry></mxCell><mxCell id=\"logicalerd_2148Cfv7LdQ_1321PwwIURHGF\" style=\"edgeStyle=orthogonalEdgeStyle;html=1;entryX=1;entryY=0.5;exitDx=0;exitDy=0;jettySize=auto;orthogonalLoop=1;endArrow=none;editable=0;exitX=0.75;exitY=0;\" edge=\"1\" modelId=\"specializationconnection_21PwCj6d5mh\" parent=\"1\" source=\"logicalerd_2148Cfv7LdQ_521PwwITNcgL\" target=\"logicalerd_2148Cfv7LdQ_1121PwwIThXLk\"><mxGeometry relative=\"1\" as=\"geometry\"><mxPoint x=\"230\" y=\"300\" as=\"sourcePoint\"></mxPoint><Array as=\"points\"><mxPoint x=\"780\" y=\"350\"></mxPoint></Array></mxGeometry></mxCell></root></mxGraphModel>","coreInfo":[{"modelType":"LogicalERD","lastModifiedUserId":"gbbguoxa@cn.ibm.com","description":"","lastModified":"2019-12-06T05:39:53Z","_id":"logicalerd_2148Cfv7LdQ","label":"red"}]},"pomview_215dHlie926":{"uiInfo":"<mxGraphModel dx=\"878\" dy=\"501\" grid=\"1\" gridSize=\"10\" guides=\"1\" tooltips=\"1\" connect=\"1\" arrows=\"1\" fold=\"1\" page=\"1\" pageScale=\"1\" pageWidth=\"1169\" pageHeight=\"827\" background=\"#ffffff\"><root><mxCell id=\"0\" modelId=\"pomview_215dHlie926\"></mxCell><mxCell id=\"1\" parent=\"0\"></mxCell><mxCell id=\"pomview_215dHlie926_2215En2Y53Wz\" style=\"shape=corner;whiteSpace=wrap;html=1;fillColor=none;container=1;align=center;verticalAlign=top;strokeWidth=4;strokeColor=#CCCCCC;dx=450;dy=300;\" vertex=\"1\" modelId=\"omlocation_215dIWqKLoB\" parent=\"1\"><mxGeometry x=\"250\" y=\"100\" width=\"450\" height=\"300\" as=\"geometry\"></mxGeometry></mxCell><mxCell id=\"pomview_215dHlie926_3215En2Y4Tol\" style=\"swimlane;fontStyle=0;horizontal=1;startSize=26;horizontalStack=0;resizeParent=1;resizeParentMax=0;resizeLast=0;collapsible=1;marginBottom=0;swimlaneFillColor=#ffffff;\" vertex=\"1\" modelId=\"physicalnode_215dJQ0tTPL\" parent=\"pomview_215dHlie926_2215En2Y53Wz\"><mxGeometry x=\"110\" y=\"90\" width=\"190\" height=\"170\" as=\"geometry\"></mxGeometry></mxCell><mxCell id=\"pomview_215dHlie926_4215En2YQYtm\" style=\"swimlane;fontStyle=0;childLayout=stackLayout;horizontal=1;startSize=26;horizontalStack=0;resizeParent=1;resizeParentMax=0;resizeLast=0;collapsible=1;marginBottom=0;swimlaneFillColor=#ffffff;\" vertex=\"1\" modelId=\"logicalnode_215dKXtL1HR\" parent=\"pomview_215dHlie926_3215En2Y4Tol\"><mxGeometry x=\"50\" y=\"60\" width=\"140\" height=\"74\" as=\"geometry\"></mxGeometry></mxCell></root></mxGraphModel>","coreInfo":[{"modelType":"POMView","logicalLayerStatus":"on","lastModifiedUserId":"gbbguoxa@cn.ibm.com","description":"","lastModified":"2019-11-28T09:22:11Z","_id":"pomview_215dHlie926","label":"pom1"},{"modelType":"OMLocation","description":"","_id":"omlocation_215dIWqKLoB","cardinality":"1","label":"OMLocation","children":"physicalnode_215dJQ0tTPL"},{"modelType":"PhysicalNode","description":"","_id":"physicalnode_215dJQ0tTPL","type":"Physical","cardinality":"1","label":"P. Node-duplicate","children":"logicalnode_215dKXtL1HR"}]},"pomview_214XWZbSaRI":{"uiInfo":"<mxGraphModel dx=\"753\" dy=\"407\" grid=\"1\" gridSize=\"10\" guides=\"1\" tooltips=\"1\" connect=\"1\" arrows=\"1\" fold=\"1\" page=\"1\" pageScale=\"1\" pageWidth=\"1169\" pageHeight=\"827\" background=\"#ffffff\"><root><mxCell id=\"0\" modelId=\"pomview_214XWZbSaRI\"></mxCell><mxCell id=\"1\" parent=\"0\"></mxCell><mxCell id=\"pomview_214XWZbSaRI_2215dlNQCo7B\" style=\"shape=corner;whiteSpace=wrap;html=1;fillColor=none;container=1;align=center;verticalAlign=top;strokeWidth=4;strokeColor=#CCCCCC;dx=450;dy=300;\" vertex=\"1\" modelId=\"omlocation_214WaSTfOqx\" parent=\"1\"><mxGeometry x=\"110\" y=\"40\" width=\"450\" height=\"300\" as=\"geometry\"></mxGeometry></mxCell><mxCell id=\"pomview_214XWZbSaRI_3215dlNQRcD0\" style=\"swimlane;fontStyle=0;horizontal=1;startSize=26;horizontalStack=0;resizeParent=1;resizeParentMax=0;resizeLast=0;collapsible=1;marginBottom=0;swimlaneFillColor=#ffffff;\" vertex=\"1\" modelId=\"physicalnode_214Y0JuyzQy\" parent=\"pomview_214XWZbSaRI_2215dlNQCo7B\"><mxGeometry x=\"190\" y=\"70\" width=\"175\" height=\"180\" as=\"geometry\"></mxGeometry></mxCell><mxCell id=\"pomview_214XWZbSaRI_4215dlNQJaCA\" style=\"swimlane;fontStyle=0;childLayout=stackLayout;horizontal=1;startSize=26;horizontalStack=0;resizeParent=1;resizeParentMax=0;resizeLast=0;collapsible=1;marginBottom=0;swimlaneFillColor=#ffffff;\" vertex=\"1\" modelId=\"logicalnode_214c3nx1NUK\" parent=\"pomview_214XWZbSaRI_3215dlNQRcD0\"><mxGeometry x=\"35\" y=\"70\" width=\"140\" height=\"50\" as=\"geometry\"></mxGeometry></mxCell><mxCell id=\"pomview_214XWZbSaRI_5215dlNQIlRK\" style=\"shape=corner;whiteSpace=wrap;html=1;fillColor=none;container=1;align=center;verticalAlign=top;strokeWidth=4;strokeColor=#CCCCCC;dx=450;dy=300;\" vertex=\"1\" modelId=\"omlocation_214XIDwZOmE\" parent=\"1\"><mxGeometry x=\"600\" y=\"40\" width=\"450\" height=\"300\" as=\"geometry\"></mxGeometry></mxCell><mxCell id=\"pomview_214XWZbSaRI_6215dlNQAKdy\" style=\"swimlane;fontStyle=0;childLayout=stackLayout;horizontal=1;startSize=26;horizontalStack=0;resizeParent=1;resizeParentMax=0;resizeLast=0;collapsible=1;marginBottom=0;swimlaneFillColor=#ffffff;\" visible=\"0\" vertex=\"1\" modelId=\"logicalnode_214c2MY0PFE\" parent=\"pomview_214XWZbSaRI_5215dlNQIlRK\"><mxGeometry x=\"180\" y=\"90\" width=\"140\" height=\"110\" as=\"geometry\"></mxGeometry></mxCell><mxCell id=\"pomview_214XWZbSaRI_65215dmIIIOnN\" style=\"swimlane;fontStyle=0;horizontal=1;startSize=26;horizontalStack=0;resizeParent=1;resizeParentMax=0;resizeLast=0;collapsible=1;marginBottom=0;swimlaneFillColor=#ffffff;\" vertex=\"1\" modelId=\"physicalnode_215dmII6WpH\" parent=\"pomview_214XWZbSaRI_5215dlNQIlRK\"><mxGeometry x=\"70\" y=\"70\" width=\"200\" height=\"170\" as=\"geometry\"></mxGeometry></mxCell><mxCell id=\"pomview_214XWZbSaRI_66215drfwdxep\" style=\"swimlane;fontStyle=0;childLayout=stackLayout;horizontal=1;startSize=26;horizontalStack=0;resizeParent=1;resizeParentMax=0;resizeLast=0;collapsible=1;marginBottom=0;swimlaneFillColor=#ffffff;\" vertex=\"1\" modelId=\"logicalnode_215drfx8nJJ\" parent=\"pomview_214XWZbSaRI_65215dmIIIOnN\"><mxGeometry x=\"60\" y=\"60\" width=\"140\" height=\"50\" as=\"geometry\"></mxGeometry></mxCell><mxCell id=\"pomview_214XWZbSaRI_7215dlNQAFlB\" style=\"endArrow=classic;html=1;noLabel=0;\" edge=\"1\" visible=\"0\" modelId=\"logicalconnection_214XLFieYBK\" parent=\"1\" source=\"pomview_214XWZbSaRI_4215dlNQJaCA\" target=\"pomview_214XWZbSaRI_6215dlNQAKdy\"><mxGeometry relative=\"1\" as=\"geometry\"></mxGeometry></mxCell></root></mxGraphModel>","coreInfo":[{"modelType":"POMView","logicalLayerStatus":"on","lastModifiedUserId":"casup@cn.ibm.com","description":"","lastModified":"2019-11-28T07:37:47Z","_id":"pomview_214XWZbSaRI","label":"pom"},{"modelType":"PhysicalNode","memory":"memory","os":"os","networkPorts":"port","provision":"GTS/GBS","offering":"Managed","cpu":"cpu","description":"","_id":"physicalnode_214Y0JuyzQy","type":"Physical","cardinality":"999","label":"P. Node","children":"logicalnode_214c3nx1NUK"},{"modelType":"OMLocation","description":"","_id":"omlocation_214WaSTfOqx","cardinality":"777","label":"OMLocation1","children":"physicalnode_214Y0JuyzQy"},{"modelType":"LogicalConnection","description":"ln2-device asso desc","_id":"logicalconnection_214XLFieYBK","flowType":"not specified","label":"ln2-device asso","from":"logicalnode_214c3nx1NUK","to":"logicalnode_214c2MY0PFE"},{"modelType":"OMLocation","description":"","_id":"omlocation_214XIDwZOmE","cardinality":"1","label":"OMLocation2","children":"logicalnode_214c2MY0PFE,physicalnode_215dmII6WpH"},{"modelType":"PhysicalNode","description":"","_id":"physicalnode_215dmII6WpH","type":"Physical","cardinality":"1","label":"P. Node-duplicate-uploaded","children":"logicalnode_215drfx8nJJ"}]},"cmdynamicview_214V8jwvvg9":{"uiInfo":"<mxGraphModel dx=\"753\" dy=\"432\" grid=\"1\" gridSize=\"10\" guides=\"1\" tooltips=\"1\" connect=\"1\" arrows=\"1\" fold=\"1\" page=\"1\" pageScale=\"1\" pageWidth=\"1169\" pageHeight=\"827\" background=\"#ffffff\"><root><mxCell id=\"0\" modelId=\"cmdynamicview_214V8jwvvg9\"></mxCell><mxCell id=\"1\" parent=\"0\"></mxCell><mxCell id=\"cmdynamicview_214V8jwvvg9_2214VXfOlCPR\" style=\"shape=umlLifeline;rounded=1;perimeter=lifelinePerimeter;whiteSpace=wrap;html=1;container=1;collapsible=0;recursiveResize=0;outlineConnect=0;fillColor=#00FF00;strokeColor=#FF0000;strokeWidth=7;\" vertex=\"1\" modelId=\"timeline_214Vm4Dhnwr\" parent=\"1\"><mxGeometry x=\"310\" y=\"40\" width=\"100\" height=\"300\" as=\"geometry\"></mxGeometry></mxCell><mxCell id=\"cmdynamicview_214V8jwvvg9_3214VXfO7fFB\" modelId=\"logicalcomponent_214bTo62sfh\" parent=\"1\"></mxCell><mxCell id=\"cmdynamicview_214V8jwvvg9_4214VXfO0ua6\" style=\"shape=umlLifeline;rounded=1;perimeter=lifelinePerimeter;whiteSpace=wrap;html=1;container=1;collapsible=0;recursiveResize=0;outlineConnect=0;\" vertex=\"1\" modelId=\"timeline_214VmunJE9X\" parent=\"1\"><mxGeometry x=\"620\" y=\"210\" width=\"100\" height=\"300\" as=\"geometry\"></mxGeometry></mxCell><mxCell id=\"cmdynamicview_214V8jwvvg9_5214VXfOgns5\" modelId=\"logicalcomponent_2149FmQpKF8\" parent=\"1\"></mxCell><mxCell id=\"cmdynamicview_214V8jwvvg9_6214VXfORfwC\" style=\"shape=umlLifeline;participant=umlActor;perimeter=lifelinePerimeter;whiteSpace=wrap;html=1;container=1;collapsible=0;recursiveResize=0;verticalAlign=top;spacingTop=36;labelBackgroundColor=#ffffff;outlineConnect=0;\" vertex=\"1\" modelId=\"timeline_214VnEZ0RFW\" parent=\"1\"><mxGeometry x=\"110\" y=\"210\" width=\"20\" height=\"300\" as=\"geometry\"></mxGeometry></mxCell><mxCell id=\"cmdynamicview_214V8jwvvg9_7214VXfOGjis\" modelId=\"actor_2146R0ZFACC\" parent=\"1\"></mxCell><mxCell id=\"cmdynamicview_214V8jwvvg9_8214VXfOlvg6\" style=\"edgeStyle=orthogonalEdgeStyle;rounded=0;html=1;noLabel=0;jettySize=auto;orthogonalLoop=1;\" edge=\"1\" modelId=\"componentmessage_214VvooRE5u\" parent=\"1\" source=\"cmdynamicview_214V8jwvvg9_6214VXfORfwC\" target=\"cmdynamicview_214V8jwvvg9_4214VXfO0ua6\"><mxGeometry relative=\"1\" as=\"geometry\"></mxGeometry></mxCell><mxCell id=\"cmdynamicview_214V8jwvvg9_9214VXfOW7Nf\" style=\"html=1;verticalAlign=bottom;endArrow=open;dashed=1;endSize=8;noLabel=0;entryX=0.5;entryY=0.8;entryPerimeter=0;\" edge=\"1\" modelId=\"componentmessage_214VwsV9h3Q\" parent=\"1\" source=\"cmdynamicview_214V8jwvvg9_4214VXfO0ua6\" target=\"cmdynamicview_214V8jwvvg9_2214VXfOlCPR\"><mxGeometry relative=\"1\" as=\"geometry\"><mxPoint x=\"520\" y=\"160\" as=\"sourcePoint\"></mxPoint><mxPoint x=\"440\" y=\"160\" as=\"targetPoint\"></mxPoint></mxGeometry></mxCell><mxCell id=\"cmdynamicview_214V8jwvvg9_11214VXfPISIp\" value=\"\" style=\"shape=actor;whiteSpace=wrap;verticalLabelPosition=bottom;labelPosition=center;align=center;verticalAlign=top;html=1;\" parent=\"1\" vertex=\"1\"><mxGeometry x=\"140\" y=\"40\" width=\"40\" height=\"60\" as=\"geometry\"></mxGeometry></mxCell><mxCell id=\"cmdynamicview_214V8jwvvg9_12214VXfPCv6Q\" value=\"this is a diagram which created by casup@cn.ibm.com\" style=\"text;html=1;align=center;verticalAlign=middle;whiteSpace=wrap;\" parent=\"1\" vertex=\"1\"><mxGeometry x=\"75\" y=\"120\" width=\"170\" height=\"20\" as=\"geometry\"></mxGeometry></mxCell></root></mxGraphModel>","coreInfo":[{"modelType":"CMDynamicView","lastModifiedUserId":"casup@cn.ibm.com","description":"dv diagram ","lastModified":"2019-11-28T07:37:47Z","_id":"cmdynamicview_214V8jwvvg9","type":"Component Interaction Diagram","label":"dv"},{"modelType":"ComponentMessage","description":"","_id":"componentmessage_214VvooRE5u","type":"Call","label":"Call"},{"modelType":"Timeline","_id":"timeline_214VnEZ0RFW","children":"actor_2146R0ZFACC"},{"modelType":"Timeline","_id":"timeline_214VmunJE9X","children":"logicalcomponent_2149FmQpKF8"},{"modelType":"ComponentMessage","description":"","_id":"componentmessage_214VwsV9h3Q","type":"Return","label":"Return"},{"modelType":"Timeline","_id":"timeline_214Vm4Dhnwr","children":"logicalcomponent_214bTo62sfh"}]}}},"solution_advisors":{},"auditLog":{"_id":"architectureauditentry_P3j4VIHGy","archId":"arch_S15Ud332B","archChangeLog":[{"_id":"architecturechangelog_CGtI4xhAP","date":"2019-12-06T05:37:03.042Z","type":"CREATE_INST","user":{"fullname":"Bei Bei Guo","email":"gbbguoxa@cn.ibm.com"},"artifactTypeId":"artifacttype_HJS0sRKcir","instanceName":"nfr3"},{"_id":"architecturechangelog_6VQ0Lmupa","date":"2019-12-06T05:36:00.161Z","type":"DELETE_INST","user":{"fullname":"Bei Bei Guo","email":"gbbguoxa@cn.ibm.com"},"artifactTypeId":"artifacttype_HkZRoRKcsH","instanceName":"fr"},{"_id":"architecturechangelog__7wPZqiG6","date":"2019-12-06T05:34:55.466Z","type":"CREATE_INST","user":{"fullname":"Bei Bei Guo","email":"gbbguoxa@cn.ibm.com"},"artifactTypeId":"artifacttype_HkZRoRKcsH","instanceName":"fr"},{"_id":"architecturechangelog_mY9WtTkaI","date":"2019-12-06T05:30:29.353Z","type":"PEN_GET","user":{"fullname":"Bei Bei Guo","email":"gbbguoxa@cn.ibm.com"}},{"_id":"architecturechangelog_ROxBIs2lW","date":"2019-12-06T05:12:15.551Z","type":"CREATE_INST","user":{"fullname":"Bei Bei Guo","email":"gbbguoxa@cn.ibm.com"},"artifactTypeId":"artifacttype_HkZRoRKcsH","instanceName":"r"},{"_id":"architecturechangelog_WqLzwXLpO","date":"2019-12-06T05:04:17.340Z","type":"CREATE_INST","user":{"fullname":"Bei Bei Guo","email":"gbbguoxa@cn.ibm.com"},"artifactTypeId":"artifacttype_rkVRj0YqsH","instanceName":"u"},{"_id":"architecturechangelog_8odTgB-dK","date":"2019-12-06T05:04:06.928Z","type":"CREATE_INST","user":{"fullname":"Bei Bei Guo","email":"gbbguoxa@cn.ibm.com"},"artifactTypeId":"artifacttype_rkVRj0YqsH","instanceName":"uc"},{"_id":"architecturechangelog_120v9IpLX","date":"2019-12-06T05:00:59.789Z","type":"CREATE_INST","user":{"fullname":"Bei Bei Guo","email":"gbbguoxa@cn.ibm.com"},"artifactTypeId":"artifacttype_rkVRj0YqsH","instanceName":"c"},{"_id":"architecturechangelog_ArtHUbsXy","date":"2019-11-28T08:58:37.489Z","type":"PEN_RETURN","user":{"fullname":"Bei Bei Guo","email":"gbbguoxa@cn.ibm.com"}},{"_id":"architecturechangelog_Fh4FOhHH9","date":"2019-11-28T08:27:52.392Z","type":"PEN_GET","user":{"fullname":"Bei Bei Guo","email":"gbbguoxa@cn.ibm.com"}},{"_id":"architecturechangelog_gRUnDfwGY","date":"2019-11-28T08:27:49.744Z","type":"PEN_RETURN","user":{"email":"cogarch@us.ibm.com"}},{"_id":"architecturechangelog_cybyT9fg2","date":"2019-11-28T07:40:40.206Z","type":"GITHUB_EXPORT","user":{"fullname":"Bei Bei Guo","email":"gbbguoxa@cn.ibm.com"},"appVersion":"2.6.1","dataVersion":"1.1"},{"_id":"architecturechangelog_8duqObLdC","date":"2019-11-28T07:37:48.186Z","type":"UPDATE","user":{"fullname":"Cognitive Architect Cognitive Architect Support","email":"casup@cn.ibm.com"}},{"_id":"architecturechangelog_Yc3oztdSi","date":"2019-11-28T07:37:46.396Z","type":"UPDATE","user":{"fullname":"Cognitive Architect Cognitive Architect Support","email":"casup@cn.ibm.com"}},{"_id":"architecturechangelog_hH8FMowv8","date":"2019-11-28T07:36:07.226Z","type":"CREATE_INST","user":{"fullname":"Cognitive Architect Cognitive Architect Support","email":"casup@cn.ibm.com"},"artifactTypeId":"artifacttype_rJExCiAt5iH","instanceName":"pom1"},{"_id":"architecturechangelog_CBFq31jL5","date":"2019-11-28T07:35:53.050Z","type":"CREATE_INST","user":{"fullname":"Cognitive Architect Cognitive Architect Support","email":"casup@cn.ibm.com"},"artifactTypeId":"artifacttype_rkPCs0YcoB","instanceName":"ad-duplicate"},{"_id":"architecturechangelog_vtsk9P7te","date":"2019-11-28T06:53:18.004Z","type":"DOWNLOAD","user":{"fullname":"Cognitive Architect Cognitive Architect Support","email":"casup@cn.ibm.com"},"appVersion":"2.6.1","dataVersion":"1.1"},{"_id":"architecturechangelog_J7eFdQYxf6","date":"2019-11-28T06:41:22.848Z","type":"INVITE","user":{"fullname":"Cognitive Architect Cognitive Architect Support","email":"casup@cn.ibm.com"},"viewer":[],"editor":[],"admin":[{"fullname":"Bei Bei Guo","email":"gbbguoxa@cn.ibm.com"}]},{"_id":"architecturechangelog_cERqlkP_G","date":"2019-11-28T06:41:22.728Z","type":"PEN_GET","user":{"email":"cogarch@us.ibm.com"}},{"_id":"architecturechangelog_2yJ5eXLJ4","date":"2019-11-28T06:39:14.195Z","type":"GITHUB_EXPORT","user":{"fullname":"Cognitive Architect Cognitive Architect Support","email":"casup@cn.ibm.com"},"appVersion":"2.6.1","dataVersion":"1.1"},{"_id":"architecturechangelog_Bw0Lwt3ID","date":"2019-11-28T06:38:11.440Z","type":"DELETE_INST","user":{"fullname":"Cognitive Architect Cognitive Architect Support","email":"casup@cn.ibm.com"},"artifactTypeId":"artifacttype_ByMxRiRY5sB","instanceName":"SD"},{"_id":"architecturechangelog_diPKk_kig","date":"2019-11-28T06:38:05.764Z","type":"CREATE_INST","user":{"fullname":"Cognitive Architect Cognitive Architect Support","email":"casup@cn.ibm.com"},"artifactTypeId":"artifacttype_ByMxRiRY5sB","instanceName":"SD"},{"_id":"architecturechangelog_9sbO1P5-L","date":"2019-11-28T06:37:07.142Z","type":"CREATE_INST","user":{"fullname":"Cognitive Architect Cognitive Architect Support","email":"casup@cn.ibm.com"},"artifactTypeId":"artifacttype_ByMxRiRY5sB","instanceName":"aa"},{"_id":"architecturechangelog_-UBVLpjNN","date":"2019-11-28T06:36:31.608Z","type":"CREATE_INST","user":{"fullname":"Cognitive Architect Cognitive Architect Support","email":"casup@cn.ibm.com"},"artifactTypeId":"artifacttype_BJoCjCF9jB","instanceName":"ap"},{"_id":"architecturechangelog_qmqWevcn6","date":"2019-11-28T06:36:19.471Z","type":"CREATE_INST","user":{"fullname":"Cognitive Architect Cognitive Architect Support","email":"casup@cn.ibm.com"},"artifactTypeId":"artifacttype_S1qCiCY9ir","instanceName":"d"},{"_id":"architecturechangelog_2mrWjZ_AP","date":"2019-11-28T06:36:19.468Z","type":"CREATE_INST","user":{"fullname":"Cognitive Architect Cognitive Architect Support","email":"casup@cn.ibm.com"},"artifactTypeId":"artifacttype_S1qCiCY9ir","instanceName":"Copy of d"},{"_id":"architecturechangelog_dwxF9FsXh","date":"2019-11-28T06:36:07.155Z","type":"CREATE_INST","user":{"fullname":"Cognitive Architect Cognitive Architect Support","email":"casup@cn.ibm.com"},"artifactTypeId":"artifacttype_ByZeAiCK9sB","instanceName":"issu1"},{"_id":"architecturechangelog_Sr7kPvukD","date":"2019-11-28T06:36:07.152Z","type":"CREATE_INST","user":{"fullname":"Cognitive Architect Cognitive Architect Support","email":"casup@cn.ibm.com"},"artifactTypeId":"artifacttype_ByZeAiCK9sB","instanceName":"issu"},{"_id":"architecturechangelog_CcAXgLck4","date":"2019-11-28T06:35:55.859Z","type":"CREATE_INST","user":{"fullname":"Cognitive Architect Cognitive Architect Support","email":"casup@cn.ibm.com"},"artifactTypeId":"artifacttype_S13RjAt5jH","instanceName":"a"},{"_id":"architecturechangelog_jp3olnk1d","date":"2019-11-28T06:35:55.855Z","type":"CREATE_INST","user":{"fullname":"Cognitive Architect Cognitive Architect Support","email":"casup@cn.ibm.com"},"artifactTypeId":"artifacttype_S13RjAt5jH","instanceName":"a1"},{"_id":"architecturechangelog_hvBYxRfNd","date":"2019-11-28T06:35:38.341Z","type":"CREATE_INST","user":{"fullname":"Cognitive Architect Cognitive Architect Support","email":"casup@cn.ibm.com"},"artifactTypeId":"artifacttype_BkelRs0tciS","instanceName":"r1"},{"_id":"architecturechangelog_dWfpUj5f4","date":"2019-11-28T06:34:53.269Z","type":"CREATE_INST","user":{"fullname":"Cognitive Architect Cognitive Architect Support","email":"casup@cn.ibm.com"},"artifactTypeId":"artifacttype_BkelRs0tciS","instanceName":"risk"},{"_id":"architecturechangelog_hCYey8vum","date":"2019-11-28T06:33:34.326Z","type":"CREATE_INST","user":{"fullname":"Cognitive Architect Cognitive Architect Support","email":"casup@cn.ibm.com"},"artifactTypeId":"artifacttype_rJExCiAt5iH","instanceName":"pom"},{"_id":"architecturechangelog_SSkTSQUPu","date":"2019-11-28T06:26:10.946Z","type":"CREATE_INST","user":{"fullname":"Cognitive Architect Cognitive Architect Support","email":"casup@cn.ibm.com"},"artifactTypeId":"artifacttype_Hya0sRKqjS","instanceName":"lom"},{"_id":"architecturechangelog_7vmGVxau4","date":"2019-11-28T06:22:22.882Z","type":"CREATE_INST","user":{"fullname":"Cognitive Architect Cognitive Architect Support","email":"casup@cn.ibm.com"},"artifactTypeId":"artifacttype_SyC0sAY5sB","instanceName":"dv"},{"_id":"architecturechangelog_issC2xaUf","date":"2019-11-28T05:48:50.676Z","type":"CREATE_INST","user":{"fullname":"Cognitive Architect Cognitive Architect Support","email":"casup@cn.ibm.com"},"artifactTypeId":"artifacttype_SykgAi0YqoS","instanceName":"stv"},{"_id":"architecturechangelog_EcGJ2oh75","date":"2019-11-28T03:35:05.277Z","type":"CREATE_INST","user":{"fullname":"Cognitive Architect Cognitive Architect Support","email":"casup@cn.ibm.com"},"artifactTypeId":"artifacttype_rkPCs0YcoB","instanceName":"fj name"},{"_id":"architecturechangelog_MSMjX6ZjR","date":"2019-11-28T03:34:47.260Z","type":"CREATE_INST","user":{"fullname":"Cognitive Architect Cognitive Architect Support","email":"casup@cn.ibm.com"},"artifactTypeId":"artifacttype_rkPCs0YcoB","instanceName":"zoo name"},{"_id":"architecturechangelog_jMDR1CkjDr","date":"2019-11-28T03:31:19.779Z","type":"CREATE_INST","user":{"fullname":"Cognitive Architect Cognitive Architect Support","email":"casup@cn.ibm.com"},"artifactTypeId":"artifacttype_rkPCs0YcoB","instanceName":"ad"},{"_id":"architecturechangelog_zd1SYo1b-","date":"2019-11-28T03:31:19.775Z","type":"CREATE_INST","user":{"fullname":"Cognitive Architect Cognitive Architect Support","email":"casup@cn.ibm.com"},"artifactTypeId":"artifacttype_rkPCs0YcoB","instanceName":"ad1"},{"_id":"architecturechangelog_bSF_y7MLP","date":"2019-11-28T03:30:58.999Z","type":"CREATE_INST","user":{"fullname":"Cognitive Architect Cognitive Architect Support","email":"casup@cn.ibm.com"},"artifactTypeId":"artifacttype_rkdAjRtcor","instanceName":"us2"},{"_id":"architecturechangelog_2iYfIeHpv","date":"2019-11-28T03:30:26.090Z","type":"CREATE_INST","user":{"fullname":"Cognitive Architect Cognitive Architect Support","email":"casup@cn.ibm.com"},"artifactTypeId":"artifacttype_rkdAjRtcor","instanceName":"us1"},{"_id":"architecturechangelog__2lqubndW","date":"2019-11-28T03:22:59.079Z","type":"CREATE_INST","user":{"fullname":"Cognitive Architect Cognitive Architect Support","email":"casup@cn.ibm.com"},"artifactTypeId":"artifacttype_rkfCjRK9sB","instanceName":"its"},{"_id":"architecturechangelog_A79BzswQz","date":"2019-11-28T03:22:33.930Z","type":"CREATE_INST","user":{"fullname":"Cognitive Architect Cognitive Architect Support","email":"casup@cn.ibm.com"},"artifactTypeId":"artifacttype_SytRiCtcoB","instanceName":"ev"},{"_id":"architecturechangelog_x8lmD-aLQ","date":"2019-11-28T03:13:35.415Z","type":"CREATE_INST","user":{"fullname":"Cognitive Architect Cognitive Architect Support","email":"casup@cn.ibm.com"},"artifactTypeId":"artifacttype_HkL0jAt5sH","instanceName":"sv"},{"_id":"architecturechangelog_wXw2DwkFo","date":"2019-11-28T03:12:08.795Z","type":"CREATE_INST","user":{"fullname":"Cognitive Architect Cognitive Architect Support","email":"casup@cn.ibm.com"},"artifactTypeId":"artifacttype_S1deRj0t5oS","instanceName":"erd1"},{"_id":"architecturechangelog_jZI3jAIBv","date":"2019-11-28T03:09:39.542Z","type":"CREATE_INST","user":{"fullname":"Cognitive Architect Cognitive Architect Support","email":"casup@cn.ibm.com"},"artifactTypeId":"artifacttype_S1deRj0t5oS","instanceName":"red"},{"_id":"architecturechangelog_yFc6-8RLv","date":"2019-11-28T03:08:26.391Z","type":"CREATE_INST","user":{"fullname":"Cognitive Architect Cognitive Architect Support","email":"casup@cn.ibm.com"},"artifactTypeId":"artifacttype_HJS0sRKcir","instanceName":"Copy of nfr"},{"_id":"architecturechangelog_8QJS83XHQ","date":"2019-11-28T03:08:26.388Z","type":"CREATE_INST","user":{"fullname":"Cognitive Architect Cognitive Architect Support","email":"casup@cn.ibm.com"},"artifactTypeId":"artifacttype_HJS0sRKcir","instanceName":"nfr1"},{"_id":"architecturechangelog_Mk-1VJXX1","date":"2019-11-28T03:08:16.275Z","type":"CREATE_INST","user":{"fullname":"Cognitive Architect Cognitive Architect Support","email":"casup@cn.ibm.com"},"artifactTypeId":"artifacttype_HJS0sRKcir","instanceName":"nfr"},{"_id":"architecturechangelog_MeOLIpfne","date":"2019-11-28T03:07:39.645Z","type":"CREATE_INST","user":{"fullname":"Cognitive Architect Cognitive Architect Support","email":"casup@cn.ibm.com"},"artifactTypeId":"artifacttype_HkZRoRKcsH","instanceName":"fr"},{"_id":"architecturechangelog_VcsBycG2A","date":"2019-11-28T03:03:46.281Z","type":"CREATE_INST","user":{"fullname":"Cognitive Architect Cognitive Architect Support","email":"casup@cn.ibm.com"},"artifactTypeId":"artifacttype_r1DxAiAY5iH","instanceName":"ucd2"},{"_id":"architecturechangelog_vZ8_3B8X3","date":"2019-11-28T03:02:52.079Z","type":"CREATE_INST","user":{"fullname":"Cognitive Architect Cognitive Architect Support","email":"casup@cn.ibm.com"},"artifactTypeId":"artifacttype_r1DxAiAY5iH","instanceName":"cud"},{"_id":"architecturechangelog_yU4h1z_Rv","date":"2019-11-28T03:02:46.467Z","type":"CREATE_INST","user":{"fullname":"Cognitive Architect Cognitive Architect Support","email":"casup@cn.ibm.com"},"artifactTypeId":"artifacttype_B1QCoRt9jr","instanceName":"System Context"},{"_id":"architecturechangelog_rIjAynjQW","date":"2019-11-28T03:02:29.119Z","type":"CREATE_INST","user":{"fullname":"Cognitive Architect Cognitive Architect Support","email":"casup@cn.ibm.com"},"artifactTypeId":"artifacttype_SkAjAt9jH","instanceName":""},{"_id":"architecturechangelog_4pMYEq8ai","date":"2019-11-28T03:02:03.391Z","type":"CREATE_INST","user":{"fullname":"Cognitive Architect Cognitive Architect Support","email":"casup@cn.ibm.com"},"artifactTypeId":"artifacttype_HylCjCK5oH","instanceName":""},{"_id":"architecturechangelog_bve0dNMbD","date":"2019-11-28T03:00:35.232Z","type":"CREATE","user":{"fullname":"Cognitive Architect Cognitive Architect Support","email":"casup@cn.ibm.com"}}]}}