{"_id":"arch_S1jy-s2OF","name":"1125","type":"Solution","status":"Pending","created":"2021-11-25T05:36:35Z","lastModified":"2021-11-25T05:46:38Z","includedArtifacts":[{"globalTOCPosition":"8","typeId":"assetartifact_miscdiagram","_id":"art_HyxKf7i3OF","artifactTypeId":"artifacttype_02226b19-474e-37a6-ab39-d9bb31767fb5","type":"Misc Diagram"},{"globalTOCPosition":"5.1.3","typeId":"assetartifact_architectureoverview_itsystem","_id":"art_H1eWuGinOt","artifactTypeId":"artifacttype_355f72be-6566-3f48-8b15-c30f671d7c8f","type":"IT System View"},{"globalTOCPosition":"2.2","typeId":"assetartifact_systemcontext","_id":"art_S1b7b-jn_t","artifactTypeId":"artifacttype_8ca70362-e3d1-3b9c-91d1-f755d029a2e3","type":"System Context"}],"tag":[],"industry":[],"technology":[],"technicalCapability":[],"businessCapability":[],"client":[],"taxonomies":[],"implementations":[],"capabilities":[],"template":{"name":"Solution Architecture Template","description":"Default ToC","_id":"template_company_ibm","isGlobalDefaultTemplate":true},"executiveSummary":"","schemaVersion":"1.4","customizedTemplates":[],"lastModifiedUser":{"_id":"cogarch@us.ibm.com","fullname":"cogarch@us.ibm.com","privacyConstent":{"isAccept":true,"acceptedDate":"2021-09-14T12:40:11.434Z","country":"CN"},"lastLoginDate":"2021-11-25T05:36:22.574Z","bookmarkedArchList":[],"username":"cogarch@us.ibm.com","email":"cogarch@us.ibm.com","userPreference":{"defaultTemplate":"template_company_ibm"},"geographyList":[],"businessUnitList":[],"collaborationGroupList":[]},"owner":{"_id":"cogarch@us.ibm.com","fullname":"cogarch@us.ibm.com","privacyConstent":{"isAccept":true,"acceptedDate":"2021-09-14T12:40:11.434Z","country":"CN"},"lastLoginDate":"2021-11-25T05:36:22.574Z","bookmarkedArchList":[],"username":"cogarch@us.ibm.com","email":"cogarch@us.ibm.com","userPreference":{"defaultTemplate":"template_company_ibm"},"collaborationGroupList":[]},"appVersion":"3.5.4"}