{"toc":[{"artifactTypeName":"Overview","globalTOCPosition":"1","artifactType":"assetartifact_executivesummary","displayName":"Overview","format":"text","typeId":"1","_id":"artifacttype_9edbd406-69fb-3a95-8b2e-58a0974b2710","child":[],"hasContent":false},{"globalTOCPosition":"2","displayName":"Scope","_id":"artifactgroup_7dc829db-0746-3ddc-816c-d07338d4eebf","child":[{"globalTOCPosition":"2.1","artifactTypeName":"Business Challenge","artifactType":"assetartifact_businesschallenge","displayName":"Business Challenge","format":"text","typeId":"2.1","_id":"artifacttype_d1ab4a95-e05f-3882-9f19-6500fc0d3b2b","hasContent":false},{"artifactTypeName":"System Context","globalTOCPosition":"2.2","artifactType":"assetartifact_systemcontext","displayName":"System Context","format":"diagram","typeId":"2.2","_id":"artifacttype_8ca70362-e3d1-3b9c-91d1-f755d029a2e3","hasContent":true}]},{"globalTOCPosition":"3","displayName":"Requirement","_id":"artifactgroup_3b8700e6-c854-3ec9-af0e-9b2e600721ce","child":[{"globalTOCPosition":"3.1","parentGroup":"artifactgroup_3b8700e6-c854-3ec9-af0e-9b2e600721ce","_id":"artifactgroup_6e299154-751f-36ee-acb2-145c8af87481","displayName":"Use Case Model","child":[{"globalTOCPosition":"3.1.1","artifactTypeName":"Use Case Diagram","artifactType":"assetartifact_usecase_ucdiagram","displayName":"Use Case Diagram","format":"diagram","typeId":"3.1.1","_id":"artifacttype_cde39d5e-c892-3093-ab3d-bad448acb8a0","hasContent":false},{"artifactTypeName":"Use Case","globalTOCPosition":"3.1.2","artifactType":"assetartifact_usecase_uctext","displayName":"Use Case","format":"text","typeId":"3.1.2","_id":"artifacttype_dde4b71c-82db-3f66-964a-3a04fbf56dff","hasContent":false}]},{"globalTOCPosition":"3.2","artifactTypeName":"Functional Requirements","artifactType":"assetartifact_functionalrequirement","displayName":"Functional Requirements","format":"text","typeId":"3.2","_id":"artifacttype_12eefe0a-435b-3176-8bbe-4dc928a2e4c3","hasContent":false},{"globalTOCPosition":"3.3","artifactTypeName":"Non Functional Requirements","artifactType":"assetartifact_nonfunctionalrequirement","displayName":"Non Functional Requirements","format":"text","typeId":"3.3","_id":"artifacttype_f0eebd79-15c9-3ebc-a73b-8efc3f634f59","hasContent":false}]},{"globalTOCPosition":"4","displayName":"Data Model","_id":"artifactgroup_40044cbe-6c76-33a1-b9e0-eab8937d30ca","child":[{"globalTOCPosition":"4.1","artifactTypeName":"Logical Data Model","artifactType":"assetartifact_logical_datamodel","displayName":"Logical Data Model","format":"diagram","typeId":"4.1","_id":"artifacttype_246bc46f-0286-3ad4-bf01-679592db59c7","hasContent":false}]},{"globalTOCPosition":"5","displayName":"Architecture","_id":"artifactgroup_074a2b74-43d8-315a-b88b-c0b421754f02","child":[{"globalTOCPosition":"5.1","parentGroup":"artifactgroup_074a2b74-43d8-315a-b88b-c0b421754f02","_id":"artifactgroup_771e7b65-3b46-390d-bc41-3c88cfaf13ef","displayName":"Architecture Overview","child":[{"artifactTypeName":"Services View","globalTOCPosition":"5.1.1","artifactType":"assetartifact_architectureoverview_aodservice","displayName":"Services View","format":"diagram","typeId":"5.1.1","_id":"artifacttype_2c548a13-6bd9-3edc-a496-0318af82f0d1","hasContent":false},{"artifactTypeName":"Enterprise View","globalTOCPosition":"5.1.2","artifactType":"assetartifact_architectureoverview_enterprise","displayName":"Enterprise View","format":"diagram","typeId":"5.1.2","_id":"artifacttype_16bfe592-ae95-371c-9f64-3a881b667707","hasContent":false},{"artifactTypeName":"IT System View","globalTOCPosition":"5.1.3","artifactType":"assetartifact_architectureoverview_itsystem","displayName":"IT System View","format":"diagram","typeId":"5.1.3","_id":"artifacttype_355f72be-6566-3f48-8b15-c30f671d7c8f","hasContent":true},{"artifactTypeName":"Usage Scenario","globalTOCPosition":"5.1.4","artifactType":"assetartifact_architectureoverview_usagescenario","displayName":"Usage Scenario","format":"diagram","typeId":"5.1.4","_id":"artifacttype_d118451c-0816-3aa5-8b89-3119feb4168a","hasContent":false}]},{"globalTOCPosition":"5.2","artifactTypeName":"Architectural Decisions","artifactType":"assetartifact_architecturedecision","displayName":"Architectural Decisions","format":"text","typeId":"5.2","_id":"artifacttype_fddae3fa-aafa-32af-94a4-bc3e1ed255cc","parentGroup":"artifactgroup_074a2b74-43d8-315a-b88b-c0b421754f02","child":[],"hasContent":false},{"globalTOCPosition":"5.3","parentGroup":"artifactgroup_074a2b74-43d8-315a-b88b-c0b421754f02","_id":"artifactgroup_c848fca1-3956-3bb4-8c88-8815b99e00fc","displayName":"Component Model","child":[{"artifactTypeName":"Static View","globalTOCPosition":"5.3.1","artifactType":"assetartifact_componentmodel_staticview","displayName":"Static View","format":"diagram","typeId":"5.3.1","_id":"artifacttype_4a44b8fa-5057-3826-84d7-169a6fc1f2ed","hasContent":false},{"artifactTypeName":"Sequence View","globalTOCPosition":"5.3.2","artifactType":"assetartifact_componentmodel_dynamicview","displayName":"Sequence View","format":"diagram","typeId":"5.3.2","_id":"artifacttype_6e1239a1-6a68-3dae-ae87-b05ecf80d25b","hasContent":false},{"globalTOCPosition":"5.3.3","artifactTypeName":"Collaboration View","artifactType":"assetartifact_componentmodel_collaborationdiagram","displayName":"Collaboration View","format":"diagram","typeId":"5.3.3","_id":"artifacttype_217cdbd4-c76f-3355-a3b1-443b0a0d2651","hasContent":false}]},{"globalTOCPosition":"5.4","parentGroup":"artifactgroup_074a2b74-43d8-315a-b88b-c0b421754f02","_id":"artifactgroup_aef1c0cc-540d-31c6-8817-ac2b282f37d3","displayName":"Operational Model","child":[{"globalTOCPosition":"5.4.1","artifactTypeName":"Logical Operational View","artifactType":"assetartifact_operationalmodel_logicaloperational","displayName":"Logical Operational View","format":"diagram","typeId":"5.4.1","_id":"artifacttype_5ca43d50-d7da-322f-a1b0-f65b0c12b2c8","hasContent":false},{"globalTOCPosition":"5.4.2","artifactTypeName":"Prescribed Operational Model","artifactType":"assetartifact_operationalmodel_physicaloperational","displayName":"Prescribed Operational Model","format":"diagram","typeId":"5.4.2","_id":"artifacttype_7503dbb1-18f7-36ac-ad12-98d977ef3d0d","hasContent":false}]}]},{"globalTOCPosition":"6","displayName":"RAID","_id":"artifactgroup_7cddcb3d-c508-3828-8893-128dc3d6c8b7","child":[{"artifactTypeName":"Risks","globalTOCPosition":"6.1","artifactType":"assetartifact_risk","displayName":"Risks","format":"text","typeId":"6.1","_id":"artifacttype_94622837-e58f-34c3-9263-8260b69601c8","hasContent":false},{"artifactTypeName":"Assumptions","globalTOCPosition":"6.2","artifactType":"assetartifact_assumption","displayName":"Assumptions","format":"text","typeId":"6.2","_id":"artifacttype_2142b656-62ba-304d-95d4-77b1b144e5e1","hasContent":false},{"artifactTypeName":"Issues","globalTOCPosition":"6.3","artifactType":"assetartifact_issue","displayName":"Issues","format":"text","typeId":"6.3","_id":"artifacttype_f4d01807-f847-3ccd-87a2-32877074295e","hasContent":false},{"artifactTypeName":"Dependencies","globalTOCPosition":"6.4","artifactType":"assetartifact_dependency","displayName":"Dependencies","format":"text","typeId":"6.4","_id":"artifacttype_9c5463b3-5c9e-3790-86cb-9b8866cc062a","hasContent":false}]},{"globalTOCPosition":"7","artifactTypeName":"Architectural Principles","artifactType":"assetartifact_architecture_principles","displayName":"Architectural Principles","format":"text","typeId":"7","_id":"artifacttype_92ccfc5d-c31a-349d-97c0-6d75c8841a8a","child":[],"hasContent":false},{"artifactTypeName":"Misc Diagram","globalTOCPosition":"8","artifactType":"assetartifact_miscdiagram","displayName":"Misc Diagram","format":"diagram","typeId":"9","_id":"artifacttype_02226b19-474e-37a6-ab39-d9bb31767fb5","child":[],"hasContent":true},{"artifactTypeName":"Notes","globalTOCPosition":"9","artifactType":"assetartifact_notes","displayName":"Notes","format":"text","typeId":"8","_id":"artifacttype_23219eb8-b210-3e5a-8621-9881bee93055","child":[],"hasContent":false}],"toc_cards":{"aodITSystems":{"artifacttype_355f72be-6566-3f48-8b15-c30f671d7c8f":[{"additionalInfo":{},"_id":"aoditsystem_37JvWn9LQ8r","name":"itsv","description":"","lastModifiedInfo":{"userId":"cogarch@us.ibm.com","date":"2021-11-25T05:45:41Z"}}]},"miscDiagram":{"artifacttype_02226b19-474e-37a6-ab39-d9bb31767fb5":[{"additionalInfo":{"labels":[]},"_id":"miscdiagram_37JwE3TrWxd","name":"m","description":"","lastModifiedInfo":{"userId":"cogarch@us.ibm.com","date":"2021-11-25T05:46:38Z"}}]},"systemContext":{"artifacttype_8ca70362-e3d1-3b9c-91d1-f755d029a2e3":[{"additionalInfo":{},"_id":"systemcontext_37Jul88o6ns","name":"System Context","description":"","lastModifiedInfo":{"userId":"cogarch@us.ibm.com","date":"2021-11-25T05:36:58Z"}}]},"executivesummary":{"artifacttype_9edbd406-69fb-3a95-8b2e-58a0974b2710":[]},"businesschallenge":{"artifacttype_d1ab4a95-e05f-3882-9f19-6500fc0d3b2b":[]},"useCaseViews":{"artifacttype_cde39d5e-c892-3093-ab3d-bad448acb8a0":[]},"usecasetext":{"artifacttype_dde4b71c-82db-3f66-964a-3a04fbf56dff":[]},"functionalrequirement":{"artifacttype_12eefe0a-435b-3176-8bbe-4dc928a2e4c3":[]},"nonfunctionalrequirement":{"artifacttype_f0eebd79-15c9-3ebc-a73b-8efc3f634f59":[]},"logicalERD":{"artifacttype_246bc46f-0286-3ad4-bf01-679592db59c7":[]},"aodServices":{"artifacttype_2c548a13-6bd9-3edc-a496-0318af82f0d1":[]},"aodEnterprises":{"artifacttype_16bfe592-ae95-371c-9f64-3a881b667707":[]},"aodUsageScenarios":{"artifacttype_d118451c-0816-3aa5-8b89-3119feb4168a":[]},"architecturaldecision":{"artifacttype_fddae3fa-aafa-32af-94a4-bc3e1ed255cc":[]},"cmStaticViews":{"artifacttype_4a44b8fa-5057-3826-84d7-169a6fc1f2ed":[]},"cmDynamicViews":{"artifacttype_6e1239a1-6a68-3dae-ae87-b05ecf80d25b":[]},"cmCollaboration":{"artifacttype_217cdbd4-c76f-3355-a3b1-443b0a0d2651":[]},"lomViews":{"artifacttype_5ca43d50-d7da-322f-a1b0-f65b0c12b2c8":[]},"lomPhysicalViews":{"artifacttype_7503dbb1-18f7-36ac-ad12-98d977ef3d0d":[]},"risk":{"artifacttype_94622837-e58f-34c3-9263-8260b69601c8":[]},"assumption":{"artifacttype_2142b656-62ba-304d-95d4-77b1b144e5e1":[]},"issue":{"artifacttype_f4d01807-f847-3ccd-87a2-32877074295e":[]},"dependency":{"artifacttype_9c5463b3-5c9e-3790-86cb-9b8866cc062a":[]},"architectureprinciple":{"artifacttype_92ccfc5d-c31a-349d-97c0-6d75c8841a8a":[]},"notes":{"artifacttype_23219eb8-b210-3e5a-8621-9881bee93055":[]}},"combined":{"coreInfo":[{"modelType":"LogicalNode","Icon-Name":"application","description":"","_id":"logicalnode_37Jw4ijdKDj","cardinality":"1","label":"Generic Node"},{"modelType":"Actor","Icon-Name":"default","description":"","_id":"actor_37Jw3iffgcr","type":"IT System","label":"IT System"},{"modelType":"GenericGroup","description":"Either the security controls have not been specified or cannot be controlled.","_id":"genericgroup_SysjNWAMF","category":"Security-Zone","type":"Pre-Defined","label":"none"},{"modelType":"GenericGroup","description":"Trusted security zone, all traffic and access is by known and trusted parties.","_id":"genericgroup_rkxsoNWRfF","category":"Security-Zone","type":"Pre-Defined","label":"trusted"},{"modelType":"GenericGroup","description":"Direct access to un-trusted network, no sensitive data. Controlled access to trusted zone.","_id":"genericgroup_BJWjoVbAzF","category":"Security-Zone","type":"Pre-Defined","label":"dmz"},{"modelType":"GenericGroup","description":"Untrusted traffic, often public networks.","_id":"genericgroup_HJMioNZ0zY","category":"Security-Zone","type":"Pre-Defined","label":"un-trusted"},{"modelType":"GenericGroup","description":"Unmanaged entity.","_id":"genericgroup_Skmoo4-RMF","category":"Management-Zone","type":"Pre-Defined","label":"none"},{"modelType":"GenericGroup","description":"Fully managed.","_id":"genericgroup_S14is4W0fK","category":"Management-Zone","type":"Pre-Defined","label":"full"},{"modelType":"GenericGroup","description":"Partially managed.","_id":"genericgroup_HJBoiNWAGF","category":"Management-Zone","type":"Pre-Defined","label":"limited"},{"modelType":"GenericGroup","description":"No direct management.","_id":"genericgroup_rJ8soV-Azt","category":"Management-Zone","type":"Pre-Defined","label":"no direct"},{"modelType":"GenericGroup","description":"High availability replica actively handling workload.","_id":"genericgroup_rJDos4ZAMF","category":"HA-Mode","type":"Pre-Defined","label":"active"},{"modelType":"GenericGroup","description":"High availability replica not handling active workload.","_id":"genericgroup_r1_ji4W0GY","category":"HA-Mode","type":"Pre-Defined","label":"passive"},{"modelType":"GenericGroup","description":"Element unchanged in this phase or release.","_id":"genericgroup_ByFsiNZCfF","type":"Pre-Defined","category":"Transition-Elements","label":"unchanged"},{"modelType":"GenericGroup","description":"Element is modified or updated in this phase or release.","_id":"genericgroup_B1csjV-CMY","type":"Pre-Defined","category":"Transition-Elements","label":"updated"},{"modelType":"GenericGroup","description":"Element being removed in this phase or release.","_id":"genericgroup_ryiis4WCMY","type":"Pre-Defined","category":"Transition-Elements","label":"removed"},{"modelType":"GenericGroup","description":"Element being added in this phase or release.","_id":"genericgroup_B1niiEbCGK","type":"Pre-Defined","category":"Transition-Elements","label":"added"},{"modelType":"GenericGroup","description":"Element is being planned for some future phase or release.","_id":"genericgroup_BJTisEZAGF","type":"Pre-Defined","category":"Transition-Elements","label":"planned"}]},"diagram":{"instances":{"aoditsystem_37JvWn9LQ8r":{"uiInfo":"<mxGraphModel dx=\"1111\" dy=\"614\" grid=\"1\" gridSize=\"8\" guides=\"1\" tooltips=\"1\" connect=\"1\" arrows=\"1\" fold=\"1\" page=\"1\" pageScale=\"1\" pageWidth=\"1169\" pageHeight=\"827\" background=\"#ffffff\"><root><mxCell id=\"0\" modelId=\"aoditsystem_37JvWn9LQ8r\"></mxCell><mxCell id=\"1\" parent=\"0\"></mxCell><mxCell id=\"aoditsystem_37JvWn9LQ8r_237Jwnd41MT3\" style=\"shape=mxgraph.ibm2mondrian.base;shapeType=pg;shapeLayout=expanded;colorFamily=blue;html=1;whiteSpace=wrap;fontFamily=IBM Plex Sans;fontColor=#000000;fontSize=14;verticalAlign=middle;align=left;spacing=0;spacingLeft=12;spacingRight=16;spacingTop=0;spacingBottom=0;metaEdit=1;strokeWidth=1;container=0;collapsible=0;recursiveResize=0;expand=0;image=;colorFillIcon=noColor;colorBackground=noColor:noColor;\" vertex=\"1\" modelId=\"location_37Jw3DNHcpY\" parent=\"1\"><mxGeometry x=\"336\" y=\"152\" width=\"240\" height=\"240\" as=\"geometry\"></mxGeometry></mxCell><mxCell id=\"aoditsystem_37JvWn9LQ8r_337Jwnd4PgOl\" style=\"shape=mxgraph.ibm2mondrian.base;shapeType=actor;shapeLayout=collapsed;colorFamily=blue;html=1;whiteSpace=wrap;fontFamily=IBM Plex Sans;fontColor=#000000;fontSize=14;verticalAlign=top;align=center;spacing=0;spacingLeft=0;spacingRight=0;spacingTop=0;spacingBottom=0;verticalLabelPosition=bottom;labelPosition=center;positionText=bottom;metaEdit=1;strokeWidth=1;container=0;collapsible=0;recursiveResize=0;expand=0;image=/api/FileManagerAPIs/containers/cafiles/files/file_5874d428089c55c8.png;iconImage=imageIcon;\" vertex=\"1\" modelId=\"actor_37Jw3iffgcr\" parent=\"1\"><mxGeometry x=\"160\" y=\"104\" width=\"48\" height=\"48\" as=\"geometry\"></mxGeometry></mxCell><mxCell id=\"aoditsystem_37JvWn9LQ8r_437Jwnd4S5vf\" style=\"shape=mxgraph.ibm2mondrian.base;shapeType=ln;shapeLayout=collapsed;colorFamily=blue;html=1;whiteSpace=wrap;fontFamily=IBM Plex Sans;fontColor=#000000;fontSize=14;verticalAlign=top;align=center;spacing=0;spacingLeft=0;spacingRight=0;spacingTop=0;spacingBottom=0;verticalLabelPosition=bottom;labelPosition=center;positionText=bottom;metaEdit=1;strokeWidth=1;container=1;collapsible=0;recursiveResize=0;expand=0;image=\" vertex=\"1\" modelId=\"logicalnode_37Jw4ijdKDj\" parent=\"1\"><mxGeometry x=\"408\" y=\"216\" width=\"48\" height=\"48\" as=\"geometry\"></mxGeometry></mxCell><mxCell id=\"aoditsystem_37JvWn9LQ8r_537Jwnd4uKpB\" style=\"edgeStyle=orthogonalEdgeStyle;rounded=1;orthogonalLoop=1;jettySize=auto;html=1;jumpStyle=arc;jumpSize=8;entryX=0.4;entryY=0;entryDx=0;entryDy=0;entryPerimeter=0;\" edge=\"1\" modelId=\"logicalconnection_37Jw5fKTrWC\" parent=\"1\" source=\"aoditsystem_37JvWn9LQ8r_337Jwnd4PgOl\" target=\"aoditsystem_37JvWn9LQ8r_437Jwnd4S5vf\"><mxGeometry relative=\"1\" as=\"geometry\"></mxGeometry></mxCell></root></mxGraphModel>","coreInfo":[{"modelType":"AODITSystem","lastModifiedUserId":"cogarch@us.ibm.com","description":"","_id":"aoditsystem_37JvWn9LQ8r","lastModified":"2021-11-25T05:45:41Z","label":"itsv"},{"modelType":"Location","Icon-Name":"x","description":"","_id":"location_37Jw3DNHcpY","label":"Location","children":"logicalnode_37Jw4ijdKDj"},{"modelType":"LogicalConnection","description":"","_id":"logicalconnection_37Jw5fKTrWC","flowType":"not specified","label":""}]},"miscdiagram_37JwE3TrWxd":{"uiInfo":"<mxGraphModel dx=\"1111\" dy=\"466\" grid=\"1\" gridSize=\"8\" guides=\"1\" tooltips=\"1\" connect=\"1\" arrows=\"1\" fold=\"1\" page=\"1\" pageScale=\"1\" pageWidth=\"1169\" pageHeight=\"827\" background=\"#ffffff\"><root><mxCell id=\"0\" modelId=\"miscdiagram_37JwE3TrWxd\"></mxCell><mxCell id=\"miscdiagram_37JwE3TrWxd_237JwMEDmFfJ\" style=\"\" parent=\"0\"></mxCell><mxCell id=\"miscdiagram_37JwE3TrWxd_337JwMEDyoma\" value=\"Cloud Provider\" style=\"shape=mxgraph.ibm.box;prType=enterprise;fontStyle=0;verticalAlign=top;align=left;spacingLeft=32;spacingTop=4;fillColor=none;rounded=0;whiteSpace=wrap;html=1;strokeColor=#4376BB;strokeWidth=3;dashed=0;container=0;spacing=-4;collapsible=0;fontColor=#000000;labelBackgroundColor=#ffffff;fontSize=18;\" parent=\"miscdiagram_37JwE3TrWxd_237JwMEDmFfJ\" vertex=\"1\"><mxGeometry x=\"30\" y=\"150\" width=\"1290\" height=\"1320\" as=\"geometry\"></mxGeometry></mxCell><mxCell id=\"miscdiagram_37JwE3TrWxd_437JwMED6OZc\" value=\"Zone 1\" style=\"shape=mxgraph.ibm.box;prType=zone;fontStyle=0;verticalAlign=top;align=left;spacingLeft=32;spacingTop=4;fillColor=#E0E0E0;rounded=0;whiteSpace=wrap;html=1;strokeColor=#919191;strokeWidth=1;dashed=0;container=0;spacing=-4;collapsible=0;fontColor=#000000;fontSize=14;\" parent=\"miscdiagram_37JwE3TrWxd_237JwMEDmFfJ\" vertex=\"1\"><mxGeometry x=\"80\" y=\"180\" width=\"310\" height=\"1140\" as=\"geometry\"></mxGeometry></mxCell><mxCell id=\"miscdiagram_37JwE3TrWxd_537JwMEDhplC\" value=\"Zone 2\" style=\"shape=mxgraph.ibm.box;prType=zone;fontStyle=0;verticalAlign=top;align=left;spacingLeft=32;spacingTop=4;fillColor=#E0E0E0;rounded=0;whiteSpace=wrap;html=1;strokeColor=#919191;strokeWidth=1;dashed=0;container=0;spacing=-4;collapsible=0;fontColor=#000000;fontSize=14;\" parent=\"miscdiagram_37JwE3TrWxd_237JwMEDmFfJ\" vertex=\"1\"><mxGeometry x=\"520\" y=\"185.32\" width=\"310\" height=\"1134.68\" as=\"geometry\"></mxGeometry></mxCell><mxCell id=\"miscdiagram_37JwE3TrWxd_637JwMED1WRv\" value=\"Zone 3\" style=\"shape=mxgraph.ibm.box;prType=zone;fontStyle=0;verticalAlign=top;align=left;spacingLeft=32;spacingTop=4;fillColor=#E0E0E0;rounded=0;whiteSpace=wrap;html=1;strokeColor=#919191;strokeWidth=1;dashed=0;container=0;spacing=-4;collapsible=0;fontColor=#000000;fontSize=14;\" parent=\"miscdiagram_37JwE3TrWxd_237JwMEDmFfJ\" vertex=\"1\"><mxGeometry x=\"963\" y=\"185.32\" width=\"310\" height=\"1134.68\" as=\"geometry\"></mxGeometry></mxCell><mxCell id=\"miscdiagram_37JwE3TrWxd_737JwMEDIK2Q\" value=\"\" style=\"shape=link;html=1;fontSize=14;fontColor=#000000;exitX=0.5;exitY=1;exitDx=0;exitDy=0;\" parent=\"miscdiagram_37JwE3TrWxd_237JwMEDmFfJ\" source=\"miscdiagram_37JwE3TrWxd_537JwMEDhplC\" target=\"miscdiagram_37JwE3TrWxd_1037JwMEDiThE\" edge=\"1\"><mxGeometry width=\"50\" height=\"50\" relative=\"1\" as=\"geometry\"><mxPoint x=\"680\" y=\"1170\" as=\"sourcePoint\"></mxPoint><mxPoint x=\"673\" y=\"1250\" as=\"targetPoint\"></mxPoint></mxGeometry></mxCell><mxCell id=\"miscdiagram_37JwE3TrWxd_837JwMEDyxFO\" value=\"\" style=\"shape=link;html=1;fontSize=15;fontColor=#000000;exitX=0.5;exitY=1;exitDx=0;exitDy=0;\" parent=\"miscdiagram_37JwE3TrWxd_237JwMEDmFfJ\" source=\"miscdiagram_37JwE3TrWxd_637JwMED1WRv\" target=\"miscdiagram_37JwE3TrWxd_1037JwMEDiThE\" edge=\"1\"><mxGeometry width=\"50\" height=\"50\" relative=\"1\" as=\"geometry\"><mxPoint x=\"650\" y=\"1967\" as=\"sourcePoint\"></mxPoint><mxPoint x=\"1068\" y=\"1253\" as=\"targetPoint\"></mxPoint></mxGeometry></mxCell><mxCell id=\"miscdiagram_37JwE3TrWxd_937JwMED0NHS\" value=\"\" style=\"shape=link;html=1;fontSize=14;fontColor=#000000;entryX=0.5;entryY=1;entryDx=0;entryDy=0;\" parent=\"miscdiagram_37JwE3TrWxd_237JwMEDmFfJ\" source=\"miscdiagram_37JwE3TrWxd_1037JwMEDiThE\" target=\"miscdiagram_37JwE3TrWxd_437JwMED6OZc\" edge=\"1\"><mxGeometry width=\"50\" height=\"50\" relative=\"1\" as=\"geometry\"><mxPoint x=\"165\" y=\"970\" as=\"sourcePoint\"></mxPoint><mxPoint x=\"200\" y=\"1613.1693599999999\" as=\"targetPoint\"></mxPoint></mxGeometry></mxCell><mxCell id=\"miscdiagram_37JwE3TrWxd_1037JwMEDiThE\" value=\"Common Network\" style=\"html=1;outlineConnect=0;fillColor=#CCCCCC;strokeColor=#6881B3;gradientColor=none;gradientDirection=north;strokeWidth=2;shape=mxgraph.networks.bus;gradientColor=none;gradientDirection=north;fontColor=#ffffff;perimeter=backbonePerimeter;backboneSize=20;labelBackgroundColor=none;align=center;container=0;\" parent=\"miscdiagram_37JwE3TrWxd_237JwMEDmFfJ\" vertex=\"1\"><mxGeometry x=\"80.00181818181818\" y=\"1419.9990782170607\" width=\"1199.1136363636365\" height=\"32.670459183673465\" as=\"geometry\"></mxGeometry></mxCell><mxCell id=\"miscdiagram_37JwE3TrWxd_1137JwMED3hV3\" value=\"\" style=\"group\" parent=\"miscdiagram_37JwE3TrWxd_237JwMEDmFfJ\" vertex=\"1\" connectable=\"0\"><mxGeometry x=\"991.75\" y=\"1070\" width=\"220\" height=\"160\" as=\"geometry\"></mxGeometry></mxCell><mxCell id=\"miscdiagram_37JwE3TrWxd_1237JwMEDcGZp\" value=\"\" style=\"group\" parent=\"miscdiagram_37JwE3TrWxd_237JwMEDmFfJ\" vertex=\"1\" connectable=\"0\"><mxGeometry x=\"410\" y=\"1560\" width=\"570\" height=\"160\" as=\"geometry\"></mxGeometry></mxCell><mxCell id=\"miscdiagram_37JwE3TrWxd_1337JwMEDmqqK\" value=\"Infrastructure Services\" style=\"rounded=0;whiteSpace=wrap;html=1;verticalAlign=top;align=left;dashed=1;fontSize=15;container=0;\" parent=\"miscdiagram_37JwE3TrWxd_1237JwMEDcGZp\" vertex=\"1\"><mxGeometry width=\"570\" height=\"160\" as=\"geometry\"></mxGeometry></mxCell><mxCell id=\"miscdiagram_37JwE3TrWxd_1437JwMEDwxNY\" value=\"Storage\" style=\"aspect=fixed;perimeter=ellipsePerimeter;html=1;align=center;shadow=0;dashed=0;fontColor=#4277BB;labelBackgroundColor=#ffffff;fontSize=12;spacingTop=3;image;image=/assets/mxgraph/stencils/lib/ibm/data/data_services.svg;container=0;\" parent=\"miscdiagram_37JwE3TrWxd_1237JwMEDcGZp\" vertex=\"1\"><mxGeometry x=\"420\" y=\"50\" width=\"60\" height=\"60\" as=\"geometry\"></mxGeometry></mxCell><mxCell id=\"miscdiagram_37JwE3TrWxd_1537JwMEDeFRt\" value=\"DHCP\" style=\"aspect=fixed;perimeter=ellipsePerimeter;html=1;align=center;shadow=0;dashed=0;fontColor=#4277BB;labelBackgroundColor=#ffffff;fontSize=12;spacingTop=3;image;image=/assets/mxgraph/stencils/lib/ibm/infrastructure/infrastructure_services.svg;container=0;\" parent=\"miscdiagram_37JwE3TrWxd_1237JwMEDcGZp\" vertex=\"1\"><mxGeometry x=\"340\" y=\"50\" width=\"60\" height=\"60\" as=\"geometry\"></mxGeometry></mxCell><mxCell id=\"miscdiagram_37JwE3TrWxd_1637JwMEDskm5\" value=\"NTP\" style=\"aspect=fixed;perimeter=ellipsePerimeter;html=1;align=center;shadow=0;dashed=0;fontColor=#4277BB;labelBackgroundColor=#ffffff;fontSize=12;spacingTop=3;image;image=/assets/mxgraph/stencils/lib/ibm/infrastructure/infrastructure_services.svg;container=0;\" parent=\"miscdiagram_37JwE3TrWxd_1237JwMEDcGZp\" vertex=\"1\"><mxGeometry x=\"260\" y=\"50\" width=\"60\" height=\"60\" as=\"geometry\"></mxGeometry></mxCell><mxCell id=\"miscdiagram_37JwE3TrWxd_1737JwMEDvuJB\" value=\"DNS\" style=\"aspect=fixed;perimeter=ellipsePerimeter;html=1;align=center;shadow=0;dashed=0;fontColor=#4277BB;labelBackgroundColor=#ffffff;fontSize=12;spacingTop=3;image;image=/assets/mxgraph/stencils/lib/ibm/infrastructure/infrastructure_services.svg;container=0;\" parent=\"miscdiagram_37JwE3TrWxd_1237JwMEDcGZp\" vertex=\"1\"><mxGeometry x=\"180\" y=\"50\" width=\"60\" height=\"60\" as=\"geometry\"></mxGeometry></mxCell><mxCell id=\"miscdiagram_37JwE3TrWxd_1837JwMEDPdiA\" value=\"Service Directory\" style=\"aspect=fixed;perimeter=ellipsePerimeter;html=1;align=center;shadow=0;dashed=0;fontColor=#4277BB;labelBackgroundColor=#ffffff;fontSize=12;spacingTop=3;image;image=/assets/mxgraph/stencils/lib/ibm/users/user.svg;container=0;\" parent=\"miscdiagram_37JwE3TrWxd_1237JwMEDcGZp\" vertex=\"1\"><mxGeometry x=\"90\" y=\"50\" width=\"60\" height=\"60\" as=\"geometry\"></mxGeometry></mxCell><mxCell id=\"miscdiagram_37JwE3TrWxd_1937JwMEEkgzo\" value=\"Control Plane\" parent=\"0\"></mxCell><mxCell id=\"miscdiagram_37JwE3TrWxd_2037JwMEEB7Xz\" value=\"\" style=\"group\" parent=\"miscdiagram_37JwE3TrWxd_1937JwMEEkgzo\" vertex=\"1\" connectable=\"0\"><mxGeometry x=\"90\" y=\"220\" width=\"1170\" height=\"250\" as=\"geometry\"></mxGeometry></mxCell><mxCell id=\"miscdiagram_37JwE3TrWxd_2137JwMEEFVJL\" value=\"Control Plane Subnet\" style=\"outlineConnect=0;gradientColor=none;html=1;whiteSpace=wrap;fontSize=12;fontStyle=0;shape=mxgraph.aws4.group;grIcon=mxgraph.aws4.group_subnet;strokeColor=#879196;fillColor=none;verticalAlign=top;align=left;spacingLeft=30;fontColor=#879196;dashed=0;container=0;\" parent=\"miscdiagram_37JwE3TrWxd_2037JwMEEB7Xz\" vertex=\"1\"><mxGeometry width=\"1170\" height=\"250\" as=\"geometry\"></mxGeometry></mxCell><mxCell id=\"miscdiagram_37JwE3TrWxd_2237JwMEETdzb\" value=\"\" style=\"group\" parent=\"miscdiagram_37JwE3TrWxd_2037JwMEEB7Xz\" vertex=\"1\" connectable=\"0\"><mxGeometry x=\"40\" y=\"30\" width=\"220\" height=\"195.32\" as=\"geometry\"></mxGeometry></mxCell><mxCell id=\"miscdiagram_37JwE3TrWxd_2337JwMEEfXsf\" value=\"master-1\" style=\"rounded=0;whiteSpace=wrap;html=1;align=center;fillColor=#f8cecc;strokeColor=#b85450;verticalAlign=top;container=0;\" parent=\"miscdiagram_37JwE3TrWxd_2237JwMEETdzb\" vertex=\"1\"><mxGeometry width=\"220\" height=\"195.32\" as=\"geometry\"></mxGeometry></mxCell><mxCell id=\"miscdiagram_37JwE3TrWxd_2437JwMEEmGcm\" value=\"etcd\" style=\"html=1;dashed=0;whitespace=wrap;fillColor=#2875E2;strokeColor=#ffffff;points=[[0.005,0.63,0],[0.1,0.2,0],[0.9,0.2,0],[0.5,0,0],[0.995,0.63,0],[0.72,0.99,0],[0.5,1,0],[0.28,0.99,0]];shape=mxgraph.kubernetes.icon;prIcon=etcd;fontColor=#000000;align=center;labelPosition=center;verticalLabelPosition=bottom;verticalAlign=top;container=0;\" parent=\"miscdiagram_37JwE3TrWxd_2237JwMEETdzb\" vertex=\"1\"><mxGeometry x=\"140\" y=\"120\" width=\"50\" height=\"48\" as=\"geometry\"></mxGeometry></mxCell><mxCell id=\"miscdiagram_37JwE3TrWxd_2537JwMEEd1FW\" value=\"OpenShift Services\" style=\"aspect=fixed;html=1;points=[];align=center;image;fontSize=12;image=img/lib/mscae/OpenShift.svg;labelBackgroundColor=none;container=0;\" parent=\"miscdiagram_37JwE3TrWxd_2237JwMEETdzb\" vertex=\"1\"><mxGeometry x=\"40\" y=\"40\" width=\"50\" height=\"46\" as=\"geometry\"></mxGeometry></mxCell><mxCell id=\"miscdiagram_37JwE3TrWxd_2637JwMEEQdOC\" value=\"API\" style=\"html=1;dashed=0;whitespace=wrap;fillColor=#2875E2;strokeColor=#ffffff;points=[[0.005,0.63,0],[0.1,0.2,0],[0.9,0.2,0],[0.5,0,0],[0.995,0.63,0],[0.72,0.99,0],[0.5,1,0],[0.28,0.99,0]];shape=mxgraph.kubernetes.icon;prIcon=api;fontColor=#000000;align=center;verticalAlign=top;labelPosition=center;verticalLabelPosition=bottom;container=0;\" parent=\"miscdiagram_37JwE3TrWxd_2237JwMEETdzb\" vertex=\"1\"><mxGeometry x=\"140\" y=\"39\" width=\"50\" height=\"48\" as=\"geometry\"></mxGeometry></mxCell><mxCell id=\"miscdiagram_37JwE3TrWxd_2737JwMEEw5aZ\" value=\"CoreDNS\" style=\"html=1;dashed=0;whitespace=wrap;fillColor=#2875E2;strokeColor=#ffffff;points=[[0.005,0.63,0],[0.1,0.2,0],[0.9,0.2,0],[0.5,0,0],[0.995,0.63,0],[0.72,0.99,0],[0.5,1,0],[0.28,0.99,0]];shape=mxgraph.kubernetes.icon;prIcon=ds;fontColor=#000000;align=center;labelPosition=center;verticalLabelPosition=bottom;verticalAlign=top;container=0;\" parent=\"miscdiagram_37JwE3TrWxd_2237JwMEETdzb\" vertex=\"1\"><mxGeometry x=\"40\" y=\"120\" width=\"50\" height=\"48\" as=\"geometry\"></mxGeometry></mxCell><mxCell id=\"miscdiagram_37JwE3TrWxd_2837JwMEESwsx\" value=\"\" style=\"group\" parent=\"miscdiagram_37JwE3TrWxd_2037JwMEEB7Xz\" vertex=\"1\" connectable=\"0\"><mxGeometry x=\"480\" y=\"30\" width=\"220\" height=\"195.32\" as=\"geometry\"></mxGeometry></mxCell><mxCell id=\"miscdiagram_37JwE3TrWxd_2937JwMEEPftS\" value=\"master-2\" style=\"rounded=0;whiteSpace=wrap;html=1;align=center;fillColor=#f8cecc;strokeColor=#b85450;verticalAlign=top;container=0;\" parent=\"miscdiagram_37JwE3TrWxd_2837JwMEESwsx\" vertex=\"1\"><mxGeometry width=\"220\" height=\"195.32\" as=\"geometry\"></mxGeometry></mxCell><mxCell id=\"miscdiagram_37JwE3TrWxd_3037JwMEEQFiR\" value=\"etcd\" style=\"html=1;dashed=0;whitespace=wrap;fillColor=#2875E2;strokeColor=#ffffff;points=[[0.005,0.63,0],[0.1,0.2,0],[0.9,0.2,0],[0.5,0,0],[0.995,0.63,0],[0.72,0.99,0],[0.5,1,0],[0.28,0.99,0]];shape=mxgraph.kubernetes.icon;prIcon=etcd;fontColor=#000000;align=center;labelPosition=center;verticalLabelPosition=bottom;verticalAlign=top;container=0;\" parent=\"miscdiagram_37JwE3TrWxd_2837JwMEESwsx\" vertex=\"1\"><mxGeometry x=\"140\" y=\"120\" width=\"50\" height=\"48\" as=\"geometry\"></mxGeometry></mxCell><mxCell id=\"miscdiagram_37JwE3TrWxd_3137JwMEEpOhM\" value=\"OpenShift Services\" style=\"aspect=fixed;html=1;points=[];align=center;image;fontSize=12;image=img/lib/mscae/OpenShift.svg;labelBackgroundColor=none;container=0;\" parent=\"miscdiagram_37JwE3TrWxd_2837JwMEESwsx\" vertex=\"1\"><mxGeometry x=\"40\" y=\"40\" width=\"50\" height=\"46\" as=\"geometry\"></mxGeometry></mxCell><mxCell id=\"miscdiagram_37JwE3TrWxd_3237JwMEEnKIi\" value=\"API\" style=\"html=1;dashed=0;whitespace=wrap;fillColor=#2875E2;strokeColor=#ffffff;points=[[0.005,0.63,0],[0.1,0.2,0],[0.9,0.2,0],[0.5,0,0],[0.995,0.63,0],[0.72,0.99,0],[0.5,1,0],[0.28,0.99,0]];shape=mxgraph.kubernetes.icon;prIcon=api;fontColor=#000000;align=center;verticalAlign=top;labelPosition=center;verticalLabelPosition=bottom;container=0;\" parent=\"miscdiagram_37JwE3TrWxd_2837JwMEESwsx\" vertex=\"1\"><mxGeometry x=\"140\" y=\"39\" width=\"50\" height=\"48\" as=\"geometry\"></mxGeometry></mxCell><mxCell id=\"miscdiagram_37JwE3TrWxd_3337JwMEEZppw\" value=\"CoreDNS\" style=\"html=1;dashed=0;whitespace=wrap;fillColor=#2875E2;strokeColor=#ffffff;points=[[0.005,0.63,0],[0.1,0.2,0],[0.9,0.2,0],[0.5,0,0],[0.995,0.63,0],[0.72,0.99,0],[0.5,1,0],[0.28,0.99,0]];shape=mxgraph.kubernetes.icon;prIcon=ds;fontColor=#000000;align=center;labelPosition=center;verticalLabelPosition=bottom;verticalAlign=top;container=0;\" parent=\"miscdiagram_37JwE3TrWxd_2837JwMEESwsx\" vertex=\"1\"><mxGeometry x=\"40\" y=\"120\" width=\"50\" height=\"48\" as=\"geometry\"></mxGeometry></mxCell><mxCell id=\"miscdiagram_37JwE3TrWxd_3437JwMEEor4o\" value=\"\" style=\"group\" parent=\"miscdiagram_37JwE3TrWxd_2037JwMEEB7Xz\" vertex=\"1\" connectable=\"0\"><mxGeometry x=\"923\" y=\"30\" width=\"220\" height=\"195.32\" as=\"geometry\"></mxGeometry></mxCell><mxCell id=\"miscdiagram_37JwE3TrWxd_3537JwMEEyFrA\" value=\"master-3\" style=\"rounded=0;whiteSpace=wrap;html=1;align=center;fillColor=#f8cecc;strokeColor=#b85450;verticalAlign=top;container=0;\" parent=\"miscdiagram_37JwE3TrWxd_3437JwMEEor4o\" vertex=\"1\"><mxGeometry width=\"220\" height=\"195.32\" as=\"geometry\"></mxGeometry></mxCell><mxCell id=\"miscdiagram_37JwE3TrWxd_3637JwMEEhrnv\" value=\"etcd\" style=\"html=1;dashed=0;whitespace=wrap;fillColor=#2875E2;strokeColor=#ffffff;points=[[0.005,0.63,0],[0.1,0.2,0],[0.9,0.2,0],[0.5,0,0],[0.995,0.63,0],[0.72,0.99,0],[0.5,1,0],[0.28,0.99,0]];shape=mxgraph.kubernetes.icon;prIcon=etcd;fontColor=#000000;align=center;labelPosition=center;verticalLabelPosition=bottom;verticalAlign=top;container=0;\" parent=\"miscdiagram_37JwE3TrWxd_3437JwMEEor4o\" vertex=\"1\"><mxGeometry x=\"140\" y=\"120\" width=\"50\" height=\"48\" as=\"geometry\"></mxGeometry></mxCell><mxCell id=\"miscdiagram_37JwE3TrWxd_3737JwMEEgT4k\" value=\"OpenShift Services\" style=\"aspect=fixed;html=1;points=[];align=center;image;fontSize=12;image=img/lib/mscae/OpenShift.svg;labelBackgroundColor=none;container=0;\" parent=\"miscdiagram_37JwE3TrWxd_3437JwMEEor4o\" vertex=\"1\"><mxGeometry x=\"40\" y=\"40\" width=\"50\" height=\"46\" as=\"geometry\"></mxGeometry></mxCell><mxCell id=\"miscdiagram_37JwE3TrWxd_3837JwMEEpkFr\" value=\"API\" style=\"html=1;dashed=0;whitespace=wrap;fillColor=#2875E2;strokeColor=#ffffff;points=[[0.005,0.63,0],[0.1,0.2,0],[0.9,0.2,0],[0.5,0,0],[0.995,0.63,0],[0.72,0.99,0],[0.5,1,0],[0.28,0.99,0]];shape=mxgraph.kubernetes.icon;prIcon=api;fontColor=#000000;align=center;verticalAlign=top;labelPosition=center;verticalLabelPosition=bottom;container=0;\" parent=\"miscdiagram_37JwE3TrWxd_3437JwMEEor4o\" vertex=\"1\"><mxGeometry x=\"140\" y=\"39\" width=\"50\" height=\"48\" as=\"geometry\"></mxGeometry></mxCell><mxCell id=\"miscdiagram_37JwE3TrWxd_3937JwMEEEZki\" value=\"CoreDNS\" style=\"html=1;dashed=0;whitespace=wrap;fillColor=#2875E2;strokeColor=#ffffff;points=[[0.005,0.63,0],[0.1,0.2,0],[0.9,0.2,0],[0.5,0,0],[0.995,0.63,0],[0.72,0.99,0],[0.5,1,0],[0.28,0.99,0]];shape=mxgraph.kubernetes.icon;prIcon=ds;fontColor=#000000;align=center;labelPosition=center;verticalLabelPosition=bottom;verticalAlign=top;container=0;\" parent=\"miscdiagram_37JwE3TrWxd_3437JwMEEor4o\" vertex=\"1\"><mxGeometry x=\"40\" y=\"120\" width=\"50\" height=\"48\" as=\"geometry\"></mxGeometry></mxCell><mxCell id=\"miscdiagram_37JwE3TrWxd_4037JwMEEzoT3\" value=\"\" style=\"shape=flexArrow;endArrow=classic;startArrow=classic;html=1;fontColor=#000000;fillColor=#ffe6cc;strokeColor=#d79b00;endWidth=28;endSize=9.33;startWidth=28;startSize=9.33;\" parent=\"miscdiagram_37JwE3TrWxd_2037JwMEEB7Xz\" source=\"miscdiagram_37JwE3TrWxd_2937JwMEEPftS\" target=\"miscdiagram_37JwE3TrWxd_3537JwMEEyFrA\" edge=\"1\"><mxGeometry x=\"160\" y=\"400\" width=\"50\" height=\"50\" as=\"geometry\"><mxPoint x=\"790\" y=\"347.3463157894739\" as=\"sourcePoint\"></mxPoint><mxPoint x=\"1010\" y=\"347.1599879007863\" as=\"targetPoint\"></mxPoint></mxGeometry></mxCell><mxCell id=\"miscdiagram_37JwE3TrWxd_4137JwMEEUBiv\" value=\"Anti-affinity rules\" style=\"text;html=1;align=center;verticalAlign=middle;resizable=0;points=[];labelBackgroundColor=#ffffff;fontColor=#000000;fontSize=14;container=0;\" parent=\"miscdiagram_37JwE3TrWxd_4037JwMEEzoT3\" vertex=\"1\" connectable=\"0\"><mxGeometry x=\"-0.1909\" relative=\"1\" as=\"geometry\"><mxPoint x=\"21\" y=\"0.56\" as=\"offset\"></mxPoint></mxGeometry></mxCell><mxCell id=\"miscdiagram_37JwE3TrWxd_4237JwMEEYVCC\" value=\"\" style=\"shape=flexArrow;endArrow=classic;startArrow=classic;html=1;fontColor=#000000;fillColor=#ffe6cc;strokeColor=#d79b00;endWidth=28;endSize=9.33;startWidth=28;startSize=9.33;\" parent=\"miscdiagram_37JwE3TrWxd_1937JwMEEkgzo\" edge=\"1\"><mxGeometry x=\"160\" y=\"400\" width=\"50\" height=\"50\" as=\"geometry\"><mxPoint x=\"350\" y=\"347\" as=\"sourcePoint\"></mxPoint><mxPoint x=\"570\" y=\"347\" as=\"targetPoint\"></mxPoint></mxGeometry></mxCell><mxCell id=\"miscdiagram_37JwE3TrWxd_4337JwMEEm7hU\" value=\"Anti-affinity rules\" style=\"text;html=1;align=center;verticalAlign=middle;resizable=0;points=[];labelBackgroundColor=#ffffff;fontColor=#000000;fontSize=14;container=0;\" parent=\"miscdiagram_37JwE3TrWxd_4237JwMEEYVCC\" vertex=\"1\" connectable=\"0\"><mxGeometry x=\"-0.1909\" relative=\"1\" as=\"geometry\"><mxPoint x=\"21\" y=\"0.56\" as=\"offset\"></mxPoint></mxGeometry></mxCell><mxCell id=\"miscdiagram_37JwE3TrWxd_4437JwMEEif8V\" value=\"&lt;font style=&quot;font-size: 10px&quot;&gt;&lt;b&gt;API&lt;br&gt;LoadBalancer&lt;/b&gt;&lt;br&gt;&lt;/font&gt;\" style=\"fontColor=#0066CC;verticalAlign=top;verticalLabelPosition=bottom;labelPosition=center;align=center;html=1;outlineConnect=0;fillColor=#CCCCCC;strokeColor=#6881B3;gradientColor=none;gradientDirection=north;strokeWidth=2;shape=mxgraph.networks.load_balancer;\" parent=\"miscdiagram_37JwE3TrWxd_1937JwMEEkgzo\" vertex=\"1\"><mxGeometry x=\"1420\" y=\"270\" width=\"140\" height=\"40\" as=\"geometry\"></mxGeometry></mxCell><mxCell id=\"miscdiagram_37JwE3TrWxd_4537JwMEEQkk2\" value=\"&lt;font style=&quot;font-size: 10px&quot;&gt;&lt;b&gt;API-INT&lt;br&gt;LoadBalancer&lt;/b&gt;&lt;br&gt;&lt;/font&gt;\" style=\"fontColor=#0066CC;verticalAlign=top;verticalLabelPosition=bottom;labelPosition=center;align=center;html=1;outlineConnect=0;fillColor=#CCCCCC;strokeColor=#6881B3;gradientColor=none;gradientDirection=north;strokeWidth=2;shape=mxgraph.networks.load_balancer;\" parent=\"miscdiagram_37JwE3TrWxd_1937JwMEEkgzo\" vertex=\"1\"><mxGeometry x=\"1420\" y=\"380\" width=\"140\" height=\"40\" as=\"geometry\"></mxGeometry></mxCell><mxCell id=\"miscdiagram_37JwE3TrWxd_4637JwMEE1oya\" value=\"\" style=\"edgeStyle=orthogonalEdgeStyle;rounded=0;orthogonalLoop=1;jettySize=auto;html=1;\" parent=\"miscdiagram_37JwE3TrWxd_1937JwMEEkgzo\" source=\"miscdiagram_37JwE3TrWxd_4437JwMEEif8V\" target=\"miscdiagram_37JwE3TrWxd_2137JwMEEFVJL\" edge=\"1\"><mxGeometry relative=\"1\" as=\"geometry\"></mxGeometry></mxCell><mxCell id=\"miscdiagram_37JwE3TrWxd_4737JwMEENGdQ\" style=\"edgeStyle=orthogonalEdgeStyle;rounded=0;orthogonalLoop=1;jettySize=auto;html=1;\" parent=\"miscdiagram_37JwE3TrWxd_1937JwMEEkgzo\" source=\"miscdiagram_37JwE3TrWxd_4537JwMEEQkk2\" target=\"miscdiagram_37JwE3TrWxd_2137JwMEEFVJL\" edge=\"1\"><mxGeometry relative=\"1\" as=\"geometry\"></mxGeometry></mxCell><mxCell id=\"miscdiagram_37JwE3TrWxd_4837JwMEEPzWu\" value=\"Infra\" parent=\"0\"></mxCell><mxCell id=\"miscdiagram_37JwE3TrWxd_4937JwMEEZ0CB\" value=\"Infra Subnet\" style=\"outlineConnect=0;gradientColor=none;html=1;whiteSpace=wrap;fontSize=12;fontStyle=0;shape=mxgraph.aws4.group;grIcon=mxgraph.aws4.group_subnet;strokeColor=#879196;fillColor=none;verticalAlign=top;align=left;spacingLeft=30;fontColor=#879196;dashed=0;container=0;\" parent=\"miscdiagram_37JwE3TrWxd_4837JwMEEPzWu\" vertex=\"1\"><mxGeometry x=\"90\" y=\"490\" width=\"1170\" height=\"490\" as=\"geometry\"></mxGeometry></mxCell><mxCell id=\"miscdiagram_37JwE3TrWxd_5037JwMEERW3G\" value=\"Storage MachineSets\" style=\"outlineConnect=0;gradientColor=none;html=1;whiteSpace=wrap;fontSize=12;fontStyle=0;shape=mxgraph.aws4.group;grIcon=mxgraph.aws4.group_region;strokeColor=#B6BABF;fillColor=none;verticalAlign=top;align=left;spacingLeft=30;fontColor=#B6BABF;dashed=1;container=0;\" parent=\"miscdiagram_37JwE3TrWxd_4837JwMEEPzWu\" vertex=\"1\"><mxGeometry x=\"96.75\" y=\"752.66\" width=\"1153.5\" height=\"215\" as=\"geometry\"></mxGeometry></mxCell><mxCell id=\"miscdiagram_37JwE3TrWxd_5137JwMEEtbKd\" value=\"Infra MachineSets\" style=\"outlineConnect=0;gradientColor=none;html=1;whiteSpace=wrap;fontSize=12;fontStyle=0;shape=mxgraph.aws4.group;grIcon=mxgraph.aws4.group_region;strokeColor=#B6BABF;fillColor=none;verticalAlign=top;align=left;spacingLeft=30;fontColor=#B6BABF;dashed=1;container=0;\" parent=\"miscdiagram_37JwE3TrWxd_4837JwMEEPzWu\" vertex=\"1\"><mxGeometry x=\"96.75\" y=\"527.5\" width=\"1153.5\" height=\"215\" as=\"geometry\"></mxGeometry></mxCell><mxCell id=\"miscdiagram_37JwE3TrWxd_5237JwMEEFu9e\" value=\"\" style=\"group\" parent=\"miscdiagram_37JwE3TrWxd_4837JwMEEPzWu\" vertex=\"1\" connectable=\"0\"><mxGeometry x=\"125\" y=\"555\" width=\"1108\" height=\"160\" as=\"geometry\"></mxGeometry></mxCell><mxCell id=\"miscdiagram_37JwE3TrWxd_5337JwMEEzIqA\" value=\"\" style=\"group\" parent=\"miscdiagram_37JwE3TrWxd_5237JwMEEFu9e\" vertex=\"1\" connectable=\"0\"><mxGeometry width=\"220\" height=\"160\" as=\"geometry\"></mxGeometry></mxCell><mxCell id=\"miscdiagram_37JwE3TrWxd_5437JwMEEIa03\" value=\"\" style=\"group\" parent=\"miscdiagram_37JwE3TrWxd_5337JwMEEzIqA\" vertex=\"1\" connectable=\"0\"><mxGeometry width=\"220\" height=\"160\" as=\"geometry\"></mxGeometry></mxCell><mxCell id=\"miscdiagram_37JwE3TrWxd_5537JwMEEgfee\" value=\"infra-1\" style=\"rounded=0;whiteSpace=wrap;html=1;align=center;fillColor=#f8cecc;strokeColor=#b85450;verticalAlign=top;container=0;\" parent=\"miscdiagram_37JwE3TrWxd_5437JwMEEIa03\" vertex=\"1\"><mxGeometry width=\"220\" height=\"160\" as=\"geometry\"></mxGeometry></mxCell><mxCell id=\"miscdiagram_37JwE3TrWxd_5637JwMEEDlJa\" value=\"&lt;font color=&quot;#000000&quot;&gt;&lt;span style=&quot;background-color: rgb(248 , 206 , 204)&quot;&gt;Registry&lt;/span&gt;&lt;br&gt;&lt;/font&gt;\" style=\"aspect=fixed;perimeter=ellipsePerimeter;html=1;align=center;shadow=0;dashed=0;fontColor=#4277BB;labelBackgroundColor=#ffffff;fontSize=12;spacingTop=3;image;image=/assets/mxgraph/stencils/lib/ibm/infrastructure/mobile_backend.svg;strokeColor=#000000;strokeWidth=2;imageBackground=none;container=0;\" parent=\"miscdiagram_37JwE3TrWxd_5437JwMEEIa03\" vertex=\"1\"><mxGeometry x=\"36\" y=\"20\" width=\"40\" height=\"40\" as=\"geometry\"></mxGeometry></mxCell><mxCell id=\"miscdiagram_37JwE3TrWxd_5737JwMEEk0Xq\" value=\"&lt;font color=&quot;#000000&quot; style=&quot;background-color: rgb(248 , 206 , 204)&quot;&gt;Router&lt;/font&gt;\" style=\"aspect=fixed;perimeter=ellipsePerimeter;html=1;align=center;shadow=0;dashed=0;fontColor=#4277BB;labelBackgroundColor=#ffffff;fontSize=12;spacingTop=3;image;image=/assets/mxgraph/stencils/lib/ibm/infrastructure/load_balancing_routing.svg;strokeColor=#000000;strokeWidth=2;container=0;\" parent=\"miscdiagram_37JwE3TrWxd_5437JwMEEIa03\" vertex=\"1\"><mxGeometry x=\"146\" y=\"20\" width=\"40\" height=\"40\" as=\"geometry\"></mxGeometry></mxCell><mxCell id=\"miscdiagram_37JwE3TrWxd_5837JwMEEtmBK\" value=\"&lt;font color=&quot;#000000&quot; style=&quot;background-color: rgb(248 , 206 , 204)&quot;&gt;Monitoring&lt;/font&gt;\" style=\"aspect=fixed;perimeter=ellipsePerimeter;html=1;align=center;shadow=0;dashed=0;fontColor=#4277BB;labelBackgroundColor=#ffffff;fontSize=12;spacingTop=3;image;image=/assets/mxgraph/stencils/lib/ibm/infrastructure/monitoring.svg;strokeColor=#000000;strokeWidth=2;container=0;\" parent=\"miscdiagram_37JwE3TrWxd_5437JwMEEIa03\" vertex=\"1\"><mxGeometry x=\"36\" y=\"90\" width=\"41.43\" height=\"41.43\" as=\"geometry\"></mxGeometry></mxCell><mxCell id=\"miscdiagram_37JwE3TrWxd_5937JwMEEJCrr\" value=\"&lt;font color=&quot;#000000&quot; style=&quot;background-color: rgb(248 , 206 , 204)&quot;&gt;Logging&lt;/font&gt;\" style=\"aspect=fixed;perimeter=ellipsePerimeter;html=1;align=center;shadow=0;dashed=0;fontColor=#4277BB;labelBackgroundColor=#ffffff;fontSize=12;spacingTop=3;image;image=/assets/mxgraph/stencils/lib/ibm/infrastructure/monitoring_logging.svg;strokeColor=#000000;strokeWidth=2;container=0;\" parent=\"miscdiagram_37JwE3TrWxd_5437JwMEEIa03\" vertex=\"1\"><mxGeometry x=\"146\" y=\"90\" width=\"41.43\" height=\"41.43\" as=\"geometry\"></mxGeometry></mxCell><mxCell id=\"miscdiagram_37JwE3TrWxd_6037JwMEEzLlw\" value=\"\" style=\"group\" parent=\"miscdiagram_37JwE3TrWxd_5237JwMEEFu9e\" vertex=\"1\" connectable=\"0\"><mxGeometry x=\"445\" width=\"220\" height=\"160\" as=\"geometry\"></mxGeometry></mxCell><mxCell id=\"miscdiagram_37JwE3TrWxd_6137JwMEEfK7a\" value=\"\" style=\"group\" parent=\"miscdiagram_37JwE3TrWxd_6037JwMEEzLlw\" vertex=\"1\" connectable=\"0\"><mxGeometry width=\"220\" height=\"160\" as=\"geometry\"></mxGeometry></mxCell><mxCell id=\"miscdiagram_37JwE3TrWxd_6237JwMEEQcXY\" value=\"infra-2\" style=\"rounded=0;whiteSpace=wrap;html=1;align=center;fillColor=#f8cecc;strokeColor=#b85450;verticalAlign=top;container=0;\" parent=\"miscdiagram_37JwE3TrWxd_6137JwMEEfK7a\" vertex=\"1\"><mxGeometry width=\"220\" height=\"160\" as=\"geometry\"></mxGeometry></mxCell><mxCell id=\"miscdiagram_37JwE3TrWxd_6337JwMEEgGlb\" value=\"&lt;font color=&quot;#000000&quot;&gt;&lt;span style=&quot;background-color: rgb(248 , 206 , 204)&quot;&gt;Registry&lt;/span&gt;&lt;br&gt;&lt;/font&gt;\" style=\"aspect=fixed;perimeter=ellipsePerimeter;html=1;align=center;shadow=0;dashed=0;fontColor=#4277BB;labelBackgroundColor=#ffffff;fontSize=12;spacingTop=3;image;image=/assets/mxgraph/stencils/lib/ibm/infrastructure/mobile_backend.svg;strokeColor=#000000;strokeWidth=2;imageBackground=none;container=0;\" parent=\"miscdiagram_37JwE3TrWxd_6137JwMEEfK7a\" vertex=\"1\"><mxGeometry x=\"36\" y=\"20\" width=\"40\" height=\"40\" as=\"geometry\"></mxGeometry></mxCell><mxCell id=\"miscdiagram_37JwE3TrWxd_6437JwMEE8oLB\" value=\"&lt;font color=&quot;#000000&quot; style=&quot;background-color: rgb(248 , 206 , 204)&quot;&gt;Router&lt;/font&gt;\" style=\"aspect=fixed;perimeter=ellipsePerimeter;html=1;align=center;shadow=0;dashed=0;fontColor=#4277BB;labelBackgroundColor=#ffffff;fontSize=12;spacingTop=3;image;image=/assets/mxgraph/stencils/lib/ibm/infrastructure/load_balancing_routing.svg;strokeColor=#000000;strokeWidth=2;container=0;\" parent=\"miscdiagram_37JwE3TrWxd_6137JwMEEfK7a\" vertex=\"1\"><mxGeometry x=\"146\" y=\"20\" width=\"40\" height=\"40\" as=\"geometry\"></mxGeometry></mxCell><mxCell id=\"miscdiagram_37JwE3TrWxd_6537JwMEExLU3\" value=\"&lt;font color=&quot;#000000&quot; style=&quot;background-color: rgb(248 , 206 , 204)&quot;&gt;Monitoring&lt;/font&gt;\" style=\"aspect=fixed;perimeter=ellipsePerimeter;html=1;align=center;shadow=0;dashed=0;fontColor=#4277BB;labelBackgroundColor=#ffffff;fontSize=12;spacingTop=3;image;image=/assets/mxgraph/stencils/lib/ibm/infrastructure/monitoring.svg;strokeColor=#000000;strokeWidth=2;container=0;\" parent=\"miscdiagram_37JwE3TrWxd_6137JwMEEfK7a\" vertex=\"1\"><mxGeometry x=\"36\" y=\"90\" width=\"41.43\" height=\"41.43\" as=\"geometry\"></mxGeometry></mxCell><mxCell id=\"miscdiagram_37JwE3TrWxd_6637JwMEE9YMU\" value=\"&lt;font color=&quot;#000000&quot; style=&quot;background-color: rgb(248 , 206 , 204)&quot;&gt;Logging&lt;/font&gt;\" style=\"aspect=fixed;perimeter=ellipsePerimeter;html=1;align=center;shadow=0;dashed=0;fontColor=#4277BB;labelBackgroundColor=#ffffff;fontSize=12;spacingTop=3;image;image=/assets/mxgraph/stencils/lib/ibm/infrastructure/monitoring_logging.svg;strokeColor=#000000;strokeWidth=2;container=0;\" parent=\"miscdiagram_37JwE3TrWxd_6137JwMEEfK7a\" vertex=\"1\"><mxGeometry x=\"146\" y=\"90\" width=\"41.43\" height=\"41.43\" as=\"geometry\"></mxGeometry></mxCell><mxCell id=\"miscdiagram_37JwE3TrWxd_6737JwMEE7W6F\" value=\"\" style=\"shape=flexArrow;endArrow=classic;startArrow=classic;html=1;fontColor=#000000;fillColor=#ffe6cc;strokeColor=#d79b00;endWidth=28;endSize=9.33;startWidth=28;startSize=9.33;exitX=1;exitY=0.5;exitDx=0;exitDy=0;entryX=0;entryY=0.5;entryDx=0;entryDy=0;\" parent=\"miscdiagram_37JwE3TrWxd_5237JwMEEFu9e\" source=\"miscdiagram_37JwE3TrWxd_5537JwMEEgfee\" target=\"miscdiagram_37JwE3TrWxd_6237JwMEEQcXY\" edge=\"1\"><mxGeometry x=\"-1\" y=\"305\" width=\"50\" height=\"50\" as=\"geometry\"><mxPoint x=\"219\" y=\"401.85859014778316\" as=\"sourcePoint\"></mxPoint><mxPoint x=\"439\" y=\"401.7122066995073\" as=\"targetPoint\"></mxPoint></mxGeometry></mxCell><mxCell id=\"miscdiagram_37JwE3TrWxd_6837JwMEEbc34\" value=\"Anti-affinity rules\" style=\"text;html=1;align=center;verticalAlign=middle;resizable=0;points=[];labelBackgroundColor=#ffffff;fontColor=#000000;fontSize=14;container=0;\" parent=\"miscdiagram_37JwE3TrWxd_6737JwMEE7W6F\" vertex=\"1\" connectable=\"0\"><mxGeometry x=\"-0.1909\" relative=\"1\" as=\"geometry\"><mxPoint x=\"21\" y=\"0.56\" as=\"offset\"></mxPoint></mxGeometry></mxCell><mxCell id=\"miscdiagram_37JwE3TrWxd_6937JwMEEpq4p\" value=\"\" style=\"group\" parent=\"miscdiagram_37JwE3TrWxd_5237JwMEEFu9e\" vertex=\"1\" connectable=\"0\"><mxGeometry x=\"888\" width=\"220\" height=\"160\" as=\"geometry\"></mxGeometry></mxCell><mxCell id=\"miscdiagram_37JwE3TrWxd_7037JwMEEr1bj\" value=\"\" style=\"group\" parent=\"miscdiagram_37JwE3TrWxd_6937JwMEEpq4p\" vertex=\"1\" connectable=\"0\"><mxGeometry width=\"220\" height=\"160\" as=\"geometry\"></mxGeometry></mxCell><mxCell id=\"miscdiagram_37JwE3TrWxd_7137JwMEE7P5C\" value=\"infra-3\" style=\"rounded=0;whiteSpace=wrap;html=1;align=center;fillColor=#f8cecc;strokeColor=#b85450;verticalAlign=top;container=0;\" parent=\"miscdiagram_37JwE3TrWxd_7037JwMEEr1bj\" vertex=\"1\"><mxGeometry width=\"220\" height=\"160\" as=\"geometry\"></mxGeometry></mxCell><mxCell id=\"miscdiagram_37JwE3TrWxd_7237JwMEESWfj\" value=\"&lt;font color=&quot;#000000&quot;&gt;&lt;span style=&quot;background-color: rgb(248 , 206 , 204)&quot;&gt;Registry&lt;/span&gt;&lt;br&gt;&lt;/font&gt;\" style=\"aspect=fixed;perimeter=ellipsePerimeter;html=1;align=center;shadow=0;dashed=0;fontColor=#4277BB;labelBackgroundColor=#ffffff;fontSize=12;spacingTop=3;image;image=/assets/mxgraph/stencils/lib/ibm/infrastructure/mobile_backend.svg;strokeColor=#000000;strokeWidth=2;imageBackground=none;container=0;\" parent=\"miscdiagram_37JwE3TrWxd_7037JwMEEr1bj\" vertex=\"1\"><mxGeometry x=\"43\" y=\"20\" width=\"40\" height=\"40\" as=\"geometry\"></mxGeometry></mxCell><mxCell id=\"miscdiagram_37JwE3TrWxd_7337JwMEE6dn0\" value=\"&lt;font color=&quot;#000000&quot; style=&quot;background-color: rgb(248 , 206 , 204)&quot;&gt;Router&lt;/font&gt;\" style=\"aspect=fixed;perimeter=ellipsePerimeter;html=1;align=center;shadow=0;dashed=0;fontColor=#4277BB;labelBackgroundColor=#ffffff;fontSize=12;spacingTop=3;image;image=/assets/mxgraph/stencils/lib/ibm/infrastructure/load_balancing_routing.svg;strokeColor=#000000;strokeWidth=2;container=0;\" parent=\"miscdiagram_37JwE3TrWxd_7037JwMEEr1bj\" vertex=\"1\"><mxGeometry x=\"153\" y=\"20\" width=\"40\" height=\"40\" as=\"geometry\"></mxGeometry></mxCell><mxCell id=\"miscdiagram_37JwE3TrWxd_7437JwMEEPFFx\" value=\"&lt;font color=&quot;#000000&quot; style=&quot;background-color: rgb(248 , 206 , 204)&quot;&gt;Monitoring&lt;/font&gt;\" style=\"aspect=fixed;perimeter=ellipsePerimeter;html=1;align=center;shadow=0;dashed=0;fontColor=#4277BB;labelBackgroundColor=#ffffff;fontSize=12;spacingTop=3;image;image=/assets/mxgraph/stencils/lib/ibm/infrastructure/monitoring.svg;strokeColor=#000000;strokeWidth=2;container=0;\" parent=\"miscdiagram_37JwE3TrWxd_7037JwMEEr1bj\" vertex=\"1\"><mxGeometry x=\"43\" y=\"90\" width=\"41.43\" height=\"41.43\" as=\"geometry\"></mxGeometry></mxCell><mxCell id=\"miscdiagram_37JwE3TrWxd_7537JwMEEp7Hh\" value=\"&lt;font color=&quot;#000000&quot; style=&quot;background-color: rgb(248 , 206 , 204)&quot;&gt;Logging&lt;/font&gt;\" style=\"aspect=fixed;perimeter=ellipsePerimeter;html=1;align=center;shadow=0;dashed=0;fontColor=#4277BB;labelBackgroundColor=#ffffff;fontSize=12;spacingTop=3;image;image=/assets/mxgraph/stencils/lib/ibm/infrastructure/monitoring_logging.svg;strokeColor=#000000;strokeWidth=2;container=0;\" parent=\"miscdiagram_37JwE3TrWxd_7037JwMEEr1bj\" vertex=\"1\"><mxGeometry x=\"153\" y=\"90\" width=\"41.43\" height=\"41.43\" as=\"geometry\"></mxGeometry></mxCell><mxCell id=\"miscdiagram_37JwE3TrWxd_7637JwMEE6z2x\" value=\"\" style=\"shape=flexArrow;endArrow=classic;startArrow=classic;html=1;fontColor=#000000;fillColor=#ffe6cc;strokeColor=#d79b00;endWidth=28;endSize=9.33;startWidth=28;startSize=9.33;exitX=1;exitY=0.5;exitDx=0;exitDy=0;\" parent=\"miscdiagram_37JwE3TrWxd_5237JwMEEFu9e\" source=\"miscdiagram_37JwE3TrWxd_6237JwMEEQcXY\" target=\"miscdiagram_37JwE3TrWxd_7137JwMEE7P5C\" edge=\"1\"><mxGeometry x=\"-35\" y=\"-65\" width=\"50\" height=\"50\" as=\"geometry\"><mxPoint x=\"659\" y=\"401.708481803081\" as=\"sourcePoint\"></mxPoint><mxPoint x=\"879.5\" y=\"401.99277497536946\" as=\"targetPoint\"></mxPoint></mxGeometry></mxCell><mxCell id=\"miscdiagram_37JwE3TrWxd_7737JwMEEytB9\" value=\"Anti-affinity rules\" style=\"text;html=1;align=center;verticalAlign=middle;resizable=0;points=[];labelBackgroundColor=#ffffff;fontColor=#000000;fontSize=14;container=0;\" parent=\"miscdiagram_37JwE3TrWxd_7637JwMEE6z2x\" vertex=\"1\" connectable=\"0\"><mxGeometry x=\"-0.1909\" relative=\"1\" as=\"geometry\"><mxPoint x=\"21\" y=\"0.56\" as=\"offset\"></mxPoint></mxGeometry></mxCell><mxCell id=\"miscdiagram_37JwE3TrWxd_7837JwMEEpBwk\" value=\"\" style=\"group\" parent=\"miscdiagram_37JwE3TrWxd_4837JwMEEPzWu\" vertex=\"1\" connectable=\"0\"><mxGeometry x=\"125\" y=\"800\" width=\"1108.5\" height=\"162.65999999999997\" as=\"geometry\"></mxGeometry></mxCell><mxCell id=\"miscdiagram_37JwE3TrWxd_7937JwMEE2jwx\" value=\"\" style=\"group\" parent=\"miscdiagram_37JwE3TrWxd_7837JwMEEpBwk\" vertex=\"1\" connectable=\"0\"><mxGeometry y=\"2.659999999999968\" width=\"220\" height=\"160\" as=\"geometry\"></mxGeometry></mxCell><mxCell id=\"miscdiagram_37JwE3TrWxd_8037JwMEEBDRM\" value=\"\" style=\"group\" parent=\"miscdiagram_37JwE3TrWxd_7937JwMEE2jwx\" vertex=\"1\" connectable=\"0\"><mxGeometry width=\"220\" height=\"160\" as=\"geometry\"></mxGeometry></mxCell><mxCell id=\"miscdiagram_37JwE3TrWxd_8137JwMEEbnGE\" value=\"storage-1\" style=\"rounded=0;whiteSpace=wrap;html=1;align=center;fillColor=#f8cecc;strokeColor=#b85450;verticalAlign=top;container=0;\" parent=\"miscdiagram_37JwE3TrWxd_8037JwMEEBDRM\" vertex=\"1\"><mxGeometry width=\"220\" height=\"160\" as=\"geometry\"></mxGeometry></mxCell><mxCell id=\"miscdiagram_37JwE3TrWxd_8237JwMEEOdY6\" value=\"OpenShift Container Storage\" style=\"aspect=fixed;html=1;points=[];align=center;image;fontSize=12;image=img/lib/mscae/OpenShift.svg;labelBackgroundColor=none;container=0;\" parent=\"miscdiagram_37JwE3TrWxd_8037JwMEEBDRM\" vertex=\"1\"><mxGeometry x=\"85\" y=\"57\" width=\"50\" height=\"46\" as=\"geometry\"></mxGeometry></mxCell><mxCell id=\"miscdiagram_37JwE3TrWxd_8337JwMEE9wBE\" value=\"\" style=\"shape=flexArrow;endArrow=classic;startArrow=classic;html=1;fontColor=#000000;fillColor=#ffe6cc;strokeColor=#d79b00;endWidth=28;endSize=9.33;startWidth=28;startSize=9.33;exitX=1;exitY=0.5;exitDx=0;exitDy=0;entryX=0;entryY=0.5;entryDx=0;entryDy=0;\" parent=\"miscdiagram_37JwE3TrWxd_7837JwMEEpBwk\" source=\"miscdiagram_37JwE3TrWxd_8137JwMEEbnGE\" target=\"miscdiagram_37JwE3TrWxd_8637JwMEEcRBW\" edge=\"1\"><mxGeometry x=\"5.5\" y=\"307.6600000000001\" width=\"50\" height=\"50\" as=\"geometry\"><mxPoint x=\"225.5\" y=\"404.51859014778324\" as=\"sourcePoint\"></mxPoint><mxPoint x=\"445.5\" y=\"404.3722066995074\" as=\"targetPoint\"></mxPoint></mxGeometry></mxCell><mxCell id=\"miscdiagram_37JwE3TrWxd_8437JwMEEOXeV\" value=\"Anti-affinity rules\" style=\"text;html=1;align=center;verticalAlign=middle;resizable=0;points=[];labelBackgroundColor=#ffffff;fontColor=#000000;fontSize=14;container=0;\" parent=\"miscdiagram_37JwE3TrWxd_8337JwMEE9wBE\" vertex=\"1\" connectable=\"0\"><mxGeometry x=\"-0.1909\" relative=\"1\" as=\"geometry\"><mxPoint x=\"21\" y=\"0.56\" as=\"offset\"></mxPoint></mxGeometry></mxCell><mxCell id=\"miscdiagram_37JwE3TrWxd_8537JwMEEvKnr\" value=\"\" style=\"group\" parent=\"miscdiagram_37JwE3TrWxd_7837JwMEEpBwk\" vertex=\"1\" connectable=\"0\"><mxGeometry x=\"445\" width=\"220\" height=\"160\" as=\"geometry\"></mxGeometry></mxCell><mxCell id=\"miscdiagram_37JwE3TrWxd_8637JwMEEcRBW\" value=\"storage-2\" style=\"rounded=0;whiteSpace=wrap;html=1;align=center;fillColor=#f8cecc;strokeColor=#b85450;verticalAlign=top;container=0;\" parent=\"miscdiagram_37JwE3TrWxd_8537JwMEEvKnr\" vertex=\"1\"><mxGeometry width=\"220\" height=\"160\" as=\"geometry\"></mxGeometry></mxCell><mxCell id=\"miscdiagram_37JwE3TrWxd_8737JwMEEYN0b\" value=\"OpenShift Container Storage\" style=\"aspect=fixed;html=1;points=[];align=center;image;fontSize=12;image=img/lib/mscae/OpenShift.svg;labelBackgroundColor=none;container=0;\" parent=\"miscdiagram_37JwE3TrWxd_8537JwMEEvKnr\" vertex=\"1\"><mxGeometry x=\"80\" y=\"57\" width=\"50\" height=\"46\" as=\"geometry\"></mxGeometry></mxCell><mxCell id=\"miscdiagram_37JwE3TrWxd_8837JwMEENLL3\" value=\"\" style=\"group\" parent=\"miscdiagram_37JwE3TrWxd_7837JwMEEpBwk\" vertex=\"1\" connectable=\"0\"><mxGeometry x=\"888.5\" width=\"220\" height=\"160\" as=\"geometry\"></mxGeometry></mxCell><mxCell id=\"miscdiagram_37JwE3TrWxd_8937JwMEE31DO\" value=\"storage-3\" style=\"rounded=0;whiteSpace=wrap;html=1;align=center;fillColor=#f8cecc;strokeColor=#b85450;verticalAlign=top;container=0;\" parent=\"miscdiagram_37JwE3TrWxd_8837JwMEENLL3\" vertex=\"1\"><mxGeometry width=\"220\" height=\"160\" as=\"geometry\"></mxGeometry></mxCell><mxCell id=\"miscdiagram_37JwE3TrWxd_9037JwMEEI1AE\" value=\"OpenShift Container Storage\" style=\"aspect=fixed;html=1;points=[];align=center;image;fontSize=12;image=img/lib/mscae/OpenShift.svg;labelBackgroundColor=none;container=0;\" parent=\"miscdiagram_37JwE3TrWxd_8837JwMEENLL3\" vertex=\"1\"><mxGeometry x=\"85\" y=\"57\" width=\"50\" height=\"46\" as=\"geometry\"></mxGeometry></mxCell><mxCell id=\"miscdiagram_37JwE3TrWxd_9137JwMEE5FlO\" value=\"\" style=\"shape=flexArrow;endArrow=classic;startArrow=classic;html=1;fontColor=#000000;fillColor=#ffe6cc;strokeColor=#d79b00;endWidth=28;endSize=9.33;startWidth=28;startSize=9.33;exitX=1;exitY=0.5;exitDx=0;exitDy=0;\" parent=\"miscdiagram_37JwE3TrWxd_7837JwMEEpBwk\" source=\"miscdiagram_37JwE3TrWxd_8637JwMEEcRBW\" target=\"miscdiagram_37JwE3TrWxd_8937JwMEE31DO\" edge=\"1\"><mxGeometry x=\"-28.5\" y=\"-62.34000000000003\" width=\"50\" height=\"50\" as=\"geometry\"><mxPoint x=\"665.5\" y=\"404.36848180308107\" as=\"sourcePoint\"></mxPoint><mxPoint x=\"886\" y=\"404.65277497536954\" as=\"targetPoint\"></mxPoint></mxGeometry></mxCell><mxCell id=\"miscdiagram_37JwE3TrWxd_9237JwMEENLKQ\" value=\"Anti-affinity rules\" style=\"text;html=1;align=center;verticalAlign=middle;resizable=0;points=[];labelBackgroundColor=#ffffff;fontColor=#000000;fontSize=14;container=0;\" parent=\"miscdiagram_37JwE3TrWxd_9137JwMEE5FlO\" vertex=\"1\" connectable=\"0\"><mxGeometry x=\"-0.1909\" relative=\"1\" as=\"geometry\"><mxPoint x=\"21\" y=\"0.56\" as=\"offset\"></mxPoint></mxGeometry></mxCell><mxCell id=\"miscdiagram_37JwE3TrWxd_9337JwMEE00Kl\" value=\"\" style=\"edgeStyle=orthogonalEdgeStyle;rounded=0;orthogonalLoop=1;jettySize=auto;html=1;\" parent=\"miscdiagram_37JwE3TrWxd_4837JwMEEPzWu\" source=\"miscdiagram_37JwE3TrWxd_9437JwMEE1Zha\" target=\"miscdiagram_37JwE3TrWxd_5137JwMEEtbKd\" edge=\"1\"><mxGeometry relative=\"1\" as=\"geometry\"></mxGeometry></mxCell><mxCell id=\"miscdiagram_37JwE3TrWxd_9437JwMEE1Zha\" value=\"&lt;font style=&quot;font-size: 10px&quot;&gt;&lt;b&gt;*.APPS&lt;br&gt;LoadBalancer&lt;/b&gt;&lt;br&gt;&lt;/font&gt;\" style=\"fontColor=#0066CC;verticalAlign=top;verticalLabelPosition=bottom;labelPosition=center;align=center;html=1;outlineConnect=0;fillColor=#CCCCCC;strokeColor=#6881B3;gradientColor=none;gradientDirection=north;strokeWidth=2;shape=mxgraph.networks.load_balancer;\" parent=\"miscdiagram_37JwE3TrWxd_4837JwMEEPzWu\" vertex=\"1\"><mxGeometry x=\"1420\" y=\"615\" width=\"140\" height=\"40\" as=\"geometry\"></mxGeometry></mxCell><mxCell id=\"miscdiagram_37JwE3TrWxd_9537JwMEEaTMW\" value=\"Worker\" parent=\"0\"></mxCell><mxCell id=\"miscdiagram_37JwE3TrWxd_9637JwMEEPE9c\" value=\"\" style=\"group;container=0;\" parent=\"miscdiagram_37JwE3TrWxd_9537JwMEEaTMW\" vertex=\"1\" connectable=\"0\"><mxGeometry x=\"553.8181818181819\" y=\"1017.9362063225409\" width=\"215\" height=\"257.14126088025733\" as=\"geometry\"></mxGeometry></mxCell><mxCell id=\"miscdiagram_37JwE3TrWxd_9737JwMEEBuBa\" value=\"Worker Subnet\" style=\"outlineConnect=0;gradientColor=none;html=1;whiteSpace=wrap;fontSize=12;fontStyle=0;shape=mxgraph.aws4.group;grIcon=mxgraph.aws4.group_subnet;strokeColor=#879196;fillColor=none;verticalAlign=top;align=left;spacingLeft=30;fontColor=#879196;dashed=0;container=0;\" parent=\"miscdiagram_37JwE3TrWxd_9537JwMEEaTMW\" vertex=\"1\"><mxGeometry x=\"90\" y=\"1010\" width=\"1170\" height=\"270\" as=\"geometry\"></mxGeometry></mxCell><mxCell id=\"miscdiagram_37JwE3TrWxd_9837JwMEEnP5E\" value=\"\" style=\"group\" parent=\"miscdiagram_37JwE3TrWxd_9537JwMEEaTMW\" vertex=\"1\" connectable=\"0\"><mxGeometry x=\"98.25\" y=\"1040\" width=\"1153.5\" height=\"230\" as=\"geometry\"></mxGeometry></mxCell><mxCell id=\"miscdiagram_37JwE3TrWxd_9937JwMEEHR6T\" value=\"\" style=\"rounded=0;whiteSpace=wrap;html=1;align=center;fillColor=#f8cecc;strokeColor=#b85450;verticalAlign=top;container=0;\" parent=\"miscdiagram_37JwE3TrWxd_9837JwMEEnP5E\" vertex=\"1\"><mxGeometry x=\"891.75\" y=\"30\" width=\"220\" height=\"159.99999999999997\" as=\"geometry\"></mxGeometry></mxCell><mxCell id=\"miscdiagram_37JwE3TrWxd_10037JwMEEqtr9\" value=\"\" style=\"rounded=0;whiteSpace=wrap;html=1;align=center;fillColor=#f8cecc;strokeColor=#b85450;verticalAlign=top;container=0;\" parent=\"miscdiagram_37JwE3TrWxd_9837JwMEEnP5E\" vertex=\"1\"><mxGeometry x=\"457.5\" y=\"35\" width=\"220\" height=\"159.99999999999997\" as=\"geometry\"></mxGeometry></mxCell><mxCell id=\"miscdiagram_37JwE3TrWxd_10137JwMEE1Otq\" value=\"\" style=\"rounded=0;whiteSpace=wrap;html=1;align=center;fillColor=#f8cecc;strokeColor=#b85450;verticalAlign=top;container=0;\" parent=\"miscdiagram_37JwE3TrWxd_9837JwMEEnP5E\" vertex=\"1\"><mxGeometry x=\"17.5\" y=\"35\" width=\"220\" height=\"159.99999999999997\" as=\"geometry\"></mxGeometry></mxCell><mxCell id=\"miscdiagram_37JwE3TrWxd_10237JwMEEZ16W\" value=\"Workers MachineSets\" style=\"outlineConnect=0;gradientColor=none;html=1;whiteSpace=wrap;fontSize=12;fontStyle=0;shape=mxgraph.aws4.group;grIcon=mxgraph.aws4.group_region;strokeColor=#B6BABF;fillColor=none;verticalAlign=top;align=left;spacingLeft=30;fontColor=#B6BABF;dashed=1;container=0;\" parent=\"miscdiagram_37JwE3TrWxd_9837JwMEEnP5E\" vertex=\"1\"><mxGeometry width=\"1153.5\" height=\"230\" as=\"geometry\"></mxGeometry></mxCell><mxCell id=\"miscdiagram_37JwE3TrWxd_10337JwMEEr8cn\" value=\"\" style=\"rounded=0;whiteSpace=wrap;html=1;align=center;fillColor=#f8cecc;strokeColor=#b85450;verticalAlign=top;container=0;\" parent=\"miscdiagram_37JwE3TrWxd_9837JwMEEnP5E\" vertex=\"1\"><mxGeometry x=\"27.5\" y=\"46.309999999999945\" width=\"220\" height=\"158.69\" as=\"geometry\"></mxGeometry></mxCell><mxCell id=\"miscdiagram_37JwE3TrWxd_10437JwMEEOaoN\" value=\"Workers\" style=\"rounded=0;whiteSpace=wrap;html=1;align=center;fillColor=#f8cecc;strokeColor=#b85450;verticalAlign=top;container=0;\" parent=\"miscdiagram_37JwE3TrWxd_9837JwMEEnP5E\" vertex=\"1\"><mxGeometry x=\"36\" y=\"57.6099999999999\" width=\"220\" height=\"157.39\" as=\"geometry\"></mxGeometry></mxCell><mxCell id=\"miscdiagram_37JwE3TrWxd_10537JwMEEIKcm\" value=\"\" style=\"aspect=fixed;perimeter=ellipsePerimeter;html=1;align=center;shadow=0;dashed=0;fontColor=#4277BB;labelBackgroundColor=#ffffff;fontSize=12;spacingTop=3;image;image=/assets/mxgraph/stencils/lib/ibm/applications/enterprise_applications.svg;container=0;\" parent=\"miscdiagram_37JwE3TrWxd_9837JwMEEnP5E\" vertex=\"1\"><mxGeometry x=\"64.91\" y=\"92.40852051221714\" width=\"45.18059991255275\" height=\"45.18059991255275\" as=\"geometry\"></mxGeometry></mxCell><mxCell id=\"miscdiagram_37JwE3TrWxd_10637JwMEEkqCg\" value=\"\" style=\"aspect=fixed;perimeter=ellipsePerimeter;html=1;align=center;shadow=0;dashed=0;fontColor=#4277BB;labelBackgroundColor=#ffffff;fontSize=12;spacingTop=3;image;image=/assets/mxgraph/stencils/lib/ibm/applications/enterprise_applications.svg;container=0;\" parent=\"miscdiagram_37JwE3TrWxd_9837JwMEEnP5E\" vertex=\"1\"><mxGeometry x=\"164.91000000000003\" y=\"92.40852051221714\" width=\"45.18059991255275\" height=\"45.18059991255275\" as=\"geometry\"></mxGeometry></mxCell><mxCell id=\"miscdiagram_37JwE3TrWxd_10737JwMEEAQG1\" value=\"\" style=\"aspect=fixed;perimeter=ellipsePerimeter;html=1;align=center;shadow=0;dashed=0;fontColor=#4277BB;labelBackgroundColor=#ffffff;fontSize=12;spacingTop=3;image;image=/assets/mxgraph/stencils/lib/ibm/applications/enterprise_applications.svg;container=0;\" parent=\"miscdiagram_37JwE3TrWxd_9837JwMEEnP5E\" vertex=\"1\"><mxGeometry x=\"164.91000000000003\" y=\"152.41214152791508\" width=\"45.18059991255275\" height=\"45.18059991255275\" as=\"geometry\"></mxGeometry></mxCell><mxCell id=\"miscdiagram_37JwE3TrWxd_10837JwMEE3d3o\" value=\"\" style=\"aspect=fixed;perimeter=ellipsePerimeter;html=1;align=center;shadow=0;dashed=0;fontColor=#000000;labelBackgroundColor=#F8CECC;fontSize=12;spacingTop=3;image;image=/assets/mxgraph/stencils/lib/ibm/applications/enterprise_applications.svg;container=0;\" parent=\"miscdiagram_37JwE3TrWxd_9837JwMEEnP5E\" vertex=\"1\"><mxGeometry x=\"64.91\" y=\"152.41155353581053\" width=\"45.18059991255275\" height=\"45.18059991255275\" as=\"geometry\"></mxGeometry></mxCell><mxCell id=\"miscdiagram_37JwE3TrWxd_10937JwMEE1Nih\" value=\"\" style=\"rounded=0;whiteSpace=wrap;html=1;align=center;fillColor=#f8cecc;strokeColor=#b85450;verticalAlign=top;container=0;\" parent=\"miscdiagram_37JwE3TrWxd_9837JwMEEnP5E\" vertex=\"1\"><mxGeometry x=\"467.5\" y=\"46.309999999999945\" width=\"220\" height=\"158.69\" as=\"geometry\"></mxGeometry></mxCell><mxCell id=\"miscdiagram_37JwE3TrWxd_11037JwMEEGp6i\" value=\"Workers\" style=\"rounded=0;whiteSpace=wrap;html=1;align=center;fillColor=#f8cecc;strokeColor=#b85450;verticalAlign=top;container=0;\" parent=\"miscdiagram_37JwE3TrWxd_9837JwMEEnP5E\" vertex=\"1\"><mxGeometry x=\"476\" y=\"57.6099999999999\" width=\"220\" height=\"157.39\" as=\"geometry\"></mxGeometry></mxCell><mxCell id=\"miscdiagram_37JwE3TrWxd_11137JwMEENKBK\" value=\"\" style=\"aspect=fixed;perimeter=ellipsePerimeter;html=1;align=center;shadow=0;dashed=0;fontColor=#4277BB;labelBackgroundColor=#ffffff;fontSize=12;spacingTop=3;image;image=/assets/mxgraph/stencils/lib/ibm/applications/enterprise_applications.svg;container=0;\" parent=\"miscdiagram_37JwE3TrWxd_9837JwMEEnP5E\" vertex=\"1\"><mxGeometry x=\"504.90999999999997\" y=\"92.40852051221714\" width=\"45.18059991255275\" height=\"45.18059991255275\" as=\"geometry\"></mxGeometry></mxCell><mxCell id=\"miscdiagram_37JwE3TrWxd_11237JwMEEmvTQ\" value=\"\" style=\"aspect=fixed;perimeter=ellipsePerimeter;html=1;align=center;shadow=0;dashed=0;fontColor=#4277BB;labelBackgroundColor=#ffffff;fontSize=12;spacingTop=3;image;image=/assets/mxgraph/stencils/lib/ibm/applications/enterprise_applications.svg;container=0;\" parent=\"miscdiagram_37JwE3TrWxd_9837JwMEEnP5E\" vertex=\"1\"><mxGeometry x=\"604.9100000000001\" y=\"92.40852051221714\" width=\"45.18059991255275\" height=\"45.18059991255275\" as=\"geometry\"></mxGeometry></mxCell><mxCell id=\"miscdiagram_37JwE3TrWxd_11337JwMEEVdna\" value=\"\" style=\"aspect=fixed;perimeter=ellipsePerimeter;html=1;align=center;shadow=0;dashed=0;fontColor=#4277BB;labelBackgroundColor=#ffffff;fontSize=12;spacingTop=3;image;image=/assets/mxgraph/stencils/lib/ibm/applications/enterprise_applications.svg;container=0;\" parent=\"miscdiagram_37JwE3TrWxd_9837JwMEEnP5E\" vertex=\"1\"><mxGeometry x=\"604.9100000000001\" y=\"152.41214152791508\" width=\"45.18059991255275\" height=\"45.18059991255275\" as=\"geometry\"></mxGeometry></mxCell><mxCell id=\"miscdiagram_37JwE3TrWxd_11437JwMEE3ovJ\" value=\"\" style=\"aspect=fixed;perimeter=ellipsePerimeter;html=1;align=center;shadow=0;dashed=0;fontColor=#000000;labelBackgroundColor=#F8CECC;fontSize=12;spacingTop=3;image;image=/assets/mxgraph/stencils/lib/ibm/applications/enterprise_applications.svg;container=0;\" parent=\"miscdiagram_37JwE3TrWxd_9837JwMEEnP5E\" vertex=\"1\"><mxGeometry x=\"504.90999999999997\" y=\"152.41155353581053\" width=\"45.18059991255275\" height=\"45.18059991255275\" as=\"geometry\"></mxGeometry></mxCell><mxCell id=\"miscdiagram_37JwE3TrWxd_11537JwMEECvDX\" value=\"\" style=\"rounded=0;whiteSpace=wrap;html=1;align=center;fillColor=#f8cecc;strokeColor=#b85450;verticalAlign=top;container=0;\" parent=\"miscdiagram_37JwE3TrWxd_9837JwMEEnP5E\" vertex=\"1\"><mxGeometry x=\"901.75\" y=\"41.309999999999945\" width=\"220\" height=\"158.69\" as=\"geometry\"></mxGeometry></mxCell><mxCell id=\"miscdiagram_37JwE3TrWxd_11637JwMEEkEoq\" value=\"Workers\" style=\"rounded=0;whiteSpace=wrap;html=1;align=center;fillColor=#f8cecc;strokeColor=#b85450;verticalAlign=top;container=0;\" parent=\"miscdiagram_37JwE3TrWxd_9837JwMEEnP5E\" vertex=\"1\"><mxGeometry x=\"910.25\" y=\"52.6099999999999\" width=\"220\" height=\"157.39\" as=\"geometry\"></mxGeometry></mxCell><mxCell id=\"miscdiagram_37JwE3TrWxd_11737JwMEEJy8v\" value=\"\" style=\"aspect=fixed;perimeter=ellipsePerimeter;html=1;align=center;shadow=0;dashed=0;fontColor=#4277BB;labelBackgroundColor=#ffffff;fontSize=12;spacingTop=3;image;image=/assets/mxgraph/stencils/lib/ibm/applications/enterprise_applications.svg;container=0;\" parent=\"miscdiagram_37JwE3TrWxd_9837JwMEEnP5E\" vertex=\"1\"><mxGeometry x=\"939.1600000000001\" y=\"87.40852051221714\" width=\"45.18059991255275\" height=\"45.18059991255275\" as=\"geometry\"></mxGeometry></mxCell><mxCell id=\"miscdiagram_37JwE3TrWxd_11837JwMEE2N7I\" value=\"\" style=\"aspect=fixed;perimeter=ellipsePerimeter;html=1;align=center;shadow=0;dashed=0;fontColor=#4277BB;labelBackgroundColor=#ffffff;fontSize=12;spacingTop=3;image;image=/assets/mxgraph/stencils/lib/ibm/applications/enterprise_applications.svg;container=0;\" parent=\"miscdiagram_37JwE3TrWxd_9837JwMEEnP5E\" vertex=\"1\"><mxGeometry x=\"1039.16\" y=\"87.40852051221714\" width=\"45.18059991255275\" height=\"45.18059991255275\" as=\"geometry\"></mxGeometry></mxCell><mxCell id=\"miscdiagram_37JwE3TrWxd_11937JwMEEFtUA\" value=\"\" style=\"aspect=fixed;perimeter=ellipsePerimeter;html=1;align=center;shadow=0;dashed=0;fontColor=#4277BB;labelBackgroundColor=#ffffff;fontSize=12;spacingTop=3;image;image=/assets/mxgraph/stencils/lib/ibm/applications/enterprise_applications.svg;container=0;\" parent=\"miscdiagram_37JwE3TrWxd_9837JwMEEnP5E\" vertex=\"1\"><mxGeometry x=\"1039.16\" y=\"147.41214152791508\" width=\"45.18059991255275\" height=\"45.18059991255275\" as=\"geometry\"></mxGeometry></mxCell><mxCell id=\"miscdiagram_37JwE3TrWxd_12037JwMEEvahh\" value=\"\" style=\"aspect=fixed;perimeter=ellipsePerimeter;html=1;align=center;shadow=0;dashed=0;fontColor=#000000;labelBackgroundColor=#F8CECC;fontSize=12;spacingTop=3;image;image=/assets/mxgraph/stencils/lib/ibm/applications/enterprise_applications.svg;container=0;\" parent=\"miscdiagram_37JwE3TrWxd_9837JwMEEnP5E\" vertex=\"1\"><mxGeometry x=\"939.1600000000001\" y=\"147.41155353581053\" width=\"45.18059991255275\" height=\"45.18059991255275\" as=\"geometry\"></mxGeometry></mxCell><mxCell id=\"miscdiagram_37JwE3TrWxd_12137JwMEEKaR0\" value=\"\" style=\"shape=flexArrow;endArrow=classic;startArrow=classic;html=1;fontColor=#000000;fillColor=#ffe6cc;strokeColor=#d79b00;endWidth=28;endSize=9.33;startWidth=28;startSize=9.33;entryX=0;entryY=0.5;entryDx=0;entryDy=0;exitX=1;exitY=0.5;exitDx=0;exitDy=0;\" parent=\"miscdiagram_37JwE3TrWxd_9837JwMEEnP5E\" source=\"miscdiagram_37JwE3TrWxd_11037JwMEEGp6i\" target=\"miscdiagram_37JwE3TrWxd_11637JwMEEkEoq\" edge=\"1\"><mxGeometry x=\"-103.25\" y=\"-1315\" width=\"50\" height=\"50\" as=\"geometry\"><mxPoint x=\"701.75\" y=\"-118.69500000000016\" as=\"sourcePoint\"></mxPoint><mxPoint x=\"919.75\" y=\"-119.55902439024408\" as=\"targetPoint\"></mxPoint></mxGeometry></mxCell><mxCell id=\"miscdiagram_37JwE3TrWxd_12237JwMEEc4Se\" value=\"Anti-affinity rules\" style=\"text;html=1;align=center;verticalAlign=middle;resizable=0;points=[];labelBackgroundColor=#ffffff;fontColor=#000000;fontSize=14;container=0;\" parent=\"miscdiagram_37JwE3TrWxd_12137JwMEEKaR0\" vertex=\"1\" connectable=\"0\"><mxGeometry x=\"-0.1909\" relative=\"1\" as=\"geometry\"><mxPoint x=\"21\" y=\"0.56\" as=\"offset\"></mxPoint></mxGeometry></mxCell><mxCell id=\"miscdiagram_37JwE3TrWxd_12337JwMEEx3fB\" value=\"\" style=\"shape=flexArrow;endArrow=classic;startArrow=classic;html=1;fontColor=#000000;fillColor=#ffe6cc;strokeColor=#d79b00;endWidth=28;endSize=9.33;startWidth=28;startSize=9.33;exitX=1;exitY=0.5;exitDx=0;exitDy=0;\" parent=\"miscdiagram_37JwE3TrWxd_9837JwMEEnP5E\" source=\"miscdiagram_37JwE3TrWxd_10437JwMEEOaoN\" target=\"miscdiagram_37JwE3TrWxd_11037JwMEEGp6i\" edge=\"1\"><mxGeometry x=\"-93.25\" y=\"-1305\" width=\"50\" height=\"50\" as=\"geometry\"><mxPoint x=\"706\" y=\"146.30499999999984\" as=\"sourcePoint\"></mxPoint><mxPoint x=\"920.25\" y=\"141.30499999999984\" as=\"targetPoint\"></mxPoint></mxGeometry></mxCell><mxCell id=\"miscdiagram_37JwE3TrWxd_12437JwMEEiHSu\" value=\"Anti-affinity rules\" style=\"text;html=1;align=center;verticalAlign=middle;resizable=0;points=[];labelBackgroundColor=#ffffff;fontColor=#000000;fontSize=14;container=0;\" parent=\"miscdiagram_37JwE3TrWxd_12337JwMEEx3fB\" vertex=\"1\" connectable=\"0\"><mxGeometry x=\"-0.1909\" relative=\"1\" as=\"geometry\"><mxPoint x=\"21\" y=\"0.56\" as=\"offset\"></mxPoint></mxGeometry></mxCell><mxCell id=\"miscdiagram_37JwE3TrWxd_12537JwMEEyzJU\" value=\"Microservices\" style=\"\" parent=\"0\" visible=\"0\"></mxCell><mxCell id=\"miscdiagram_37JwE3TrWxd_12637JwMEEeRjQ\" value=\"\" style=\"shape=link;html=1;fontSize=14;fontColor=#000000;exitX=0.463;exitY=-0.015;exitDx=0;exitDy=0;exitPerimeter=0;\" parent=\"miscdiagram_37JwE3TrWxd_12537JwMEEyzJU\" source=\"miscdiagram_37JwE3TrWxd_1337JwMEDmqqK\" target=\"miscdiagram_37JwE3TrWxd_1037JwMEDiThE\" edge=\"1\"><mxGeometry width=\"50\" height=\"50\" relative=\"1\" as=\"geometry\"><mxPoint x=\"685\" y=\"1180\" as=\"sourcePoint\"></mxPoint><mxPoint x=\"685\" y=\"1270\" as=\"targetPoint\"></mxPoint></mxGeometry></mxCell></root></mxGraphModel>","coreInfo":[{"modelType":"MiscDiagram","lastModifiedUserId":"cogarch@us.ibm.com","description":"","_id":"miscdiagram_37JwE3TrWxd","lastModified":"2021-11-25T05:46:38Z","label":"m"}]},"systemcontext_37Jul88o6ns":{"uiInfo":"<mxGraphModel dx=\"811\" dy=\"606\" grid=\"1\" gridSize=\"8\" guides=\"1\" tooltips=\"1\" connect=\"1\" arrows=\"1\" fold=\"1\" page=\"1\" pageScale=\"1\" pageWidth=\"1169\" pageHeight=\"827\" background=\"#ffffff\"><root><mxCell id=\"0\" modelId=\"systemcontext_37Jul88o6ns\"></mxCell><mxCell id=\"1\" parent=\"0\"></mxCell><mxCell id=\"assetartifact_systemcontext_1737Jumj21bt4\" style=\"shape=mxgraph.ibm2mondrian.base;shapeType=ts;shapeLayout=expanded;colorFamily=blue;html=1;whiteSpace=wrap;fontFamily=IBM Plex Sans;fontColor=#ffffff;fontSize=14;verticalAlign=middle;align=center;spacing=0;spacingLeft=12;spacingRight=12;spacingTop=0;spacingBottom=0;metaEdit=1;strokeWidth=1;container=0;collapsible=0;recursiveResize=0;expand=0;image=;iconImage=noIcon;\" vertex=\"1\" modelId=\"targetsystem_37Jumj3x0Yq\" parent=\"1\"><mxGeometry x=\"232\" y=\"144\" width=\"144\" height=\"48\" as=\"geometry\"></mxGeometry></mxCell></root></mxGraphModel>","coreInfo":[{"modelType":"SystemContext","lastModifiedUserId":"cogarch@us.ibm.com","description":"","_id":"systemcontext_37Jul88o6ns","lastModified":"2021-11-25T05:36:58Z","label":"System Context"},{"modelType":"TargetSystem","Icon-Name":"default","description":"","_id":"targetsystem_37Jumj3x0Yq","label":"Target System"}]}}},"textual":{"instances":{}},"solution_advisors":{},"auditLog":{"_id":"architectureauditentry_1kTQ-SDnm","archId":"arch_S1jy-s2OF","archChangeLog":[{"_id":"architecturechangelog_wnlxSkHML","date":"2021-11-25T05:45:53.233Z","type":"CREATE_INST","user":{"fullname":"cogarch@us.ibm.com","email":"cogarch@us.ibm.com"},"artifactTypeId":"artifacttype_02226b19-474e-37a6-ab39-d9bb31767fb5","instanceName":"m","instanceId":"miscdiagram_37JwE3TrWxd"},{"_id":"architecturechangelog_p81bsEarx","date":"2021-11-25T05:43:05.321Z","type":"CREATE_INST","user":{"fullname":"cogarch@us.ibm.com","email":"cogarch@us.ibm.com"},"artifactTypeId":"artifacttype_355f72be-6566-3f48-8b15-c30f671d7c8f","instanceName":"itsv","instanceId":"aoditsystem_37JvWn9LQ8r"},{"_id":"architecturechangelog_Jfz_lnb3J","date":"2021-11-25T05:36:59.159Z","type":"CREATE_INST","user":{"fullname":"cogarch@us.ibm.com","email":"cogarch@us.ibm.com"},"artifactTypeId":"artifacttype_8ca70362-e3d1-3b9c-91d1-f755d029a2e3","instanceName":"System Context","instanceId":"systemcontext_37Jul88o6ns"},{"_id":"architecturechangelog_AsJTENi4sr","date":"2021-11-25T05:36:35.514Z","type":"CREATE","user":{"fullname":"cogarch@us.ibm.com","email":"cogarch@us.ibm.com"}}]},"iconPalettes":[{"_id":"37Jw09KjWu1","name":"a","updateTime":1637819008509,"icons":[{"type":1,"title":"application","data":"application","base64":"","w":32,"h":32},{"type":1,"title":"application--mobile","data":"application--mobile","base64":"","w":32,"h":32},{"type":1,"title":"application--virtual","data":"application--virtual","base64":"","w":32,"h":32},{"type":1,"title":"application--web","data":"application--web","base64":"","w":32,"h":32},{"type":1,"title":"archive","data":"archive","base64":"","w":32,"h":32},{"type":1,"title":"autoscaling","data":"autoscaling","base64":"","w":32,"h":32},{"type":1,"title":"bare-metal-server","data":"bare-metal-server","base64":"","w":32,"h":32},{"type":1,"title":"bastion-host","data":"bastion-host","base64":"","w":32,"h":32},{"type":1,"title":"block-storage","data":"block-storage","base64":"","w":32,"h":32},{"type":1,"title":"block-storage--alt","data":"block-storage--alt","base64":"","w":32,"h":32},{"type":1,"title":"chat--operational","data":"chat--operational","base64":"","w":32,"h":32},{"type":1,"title":"cloud--alerting","data":"cloud--alerting","base64":"","w":32,"h":32},{"type":1,"title":"cloud--auditing","data":"cloud--auditing","base64":"","w":32,"h":32},{"type":1,"title":"cloud--logging","data":"cloud--logging","base64":"","w":32,"h":32},{"type":1,"title":"cloud--monitoring","data":"cloud--monitoring","base64":"","w":32,"h":32},{"type":1,"title":"cloud--service-management","data":"cloud--service-management","base64":"","w":32,"h":32},{"type":1,"title":"cloud-services","data":"cloud-services","base64":"","w":32,"h":32},{"type":1,"title":"code-signing-service","data":"code-signing-service","base64":"","w":32,"h":32},{"type":1,"title":"collaborate","data":"collaborate","base64":"","w":32,"h":32},{"type":1,"title":"connect","data":"connect","base64":"","w":32,"h":32},{"type":1,"title":"container-registry","data":"container-registry","base64":"","w":32,"h":32},{"type":1,"title":"container-services","data":"container-services","base64":"","w":32,"h":32},{"type":1,"title":"content-delivery-network","data":"content-delivery-network","base64":"","w":32,"h":32},{"type":1,"title":"credentials","data":"credentials","base64":"","w":32,"h":32},{"type":1,"title":"data--base","data":"data--base","base64":"","w":32,"h":32},{"type":1,"title":"data--base--alt","data":"data--base--alt","base64":"","w":32,"h":32},{"type":1,"title":"data--center","data":"data--center","base64":"","w":32,"h":32},{"type":1,"title":"data-accessor","data":"data-accessor","base64":"","w":32,"h":32},{"type":1,"title":"data-backup","data":"data-backup","base64":"","w":32,"h":32},{"type":1,"title":"data-blob","data":"data-blob","base64":"","w":32,"h":32},{"type":1,"title":"data-diode","data":"data-diode","base64":"","w":32,"h":32},{"type":1,"title":"devices","data":"devices","base64":"","w":32,"h":32},{"type":1,"title":"direct-link","data":"direct-link","base64":"","w":32,"h":32},{"type":1,"title":"dns-services","data":"dns-services","base64":"","w":32,"h":32},{"type":1,"title":"document--protected","data":"document--protected","base64":"","w":32,"h":32},{"type":1,"title":"document--security","data":"document--security","base64":"","w":32,"h":32},{"type":1,"title":"document--signed","data":"document--signed","base64":"","w":32,"h":32},{"type":1,"title":"document--unprotected","data":"document--unprotected","base64":"","w":32,"h":32},{"type":1,"title":"edge-node","data":"edge-node","base64":"","w":32,"h":32},{"type":1,"title":"edge-node--alt","data":"edge-node--alt","base64":"","w":32,"h":32},{"type":1,"title":"enterprise","data":"enterprise","base64":"","w":32,"h":32},{"type":1,"title":"events","data":"events","base64":"","w":32,"h":32},{"type":1,"title":"file-storage","data":"file-storage","base64":"","w":32,"h":32},{"type":1,"title":"file-storage--alt","data":"file-storage--alt","base64":"","w":32,"h":32},{"type":1,"title":"fingerprint-recognition","data":"fingerprint-recognition","base64":"","w":32,"h":32},{"type":1,"title":"firewall","data":"firewall","base64":"","w":32,"h":32},{"type":1,"title":"firewall--classic","data":"firewall--classic","base64":"","w":32,"h":32},{"type":1,"title":"flag","data":"flag","base64":"","w":32,"h":32},{"type":1,"title":"floating-ip","data":"floating-ip","base64":"","w":32,"h":32},{"type":1,"title":"flow-logs-vpc","data":"flow-logs-vpc","base64":"","w":32,"h":32},{"type":1,"title":"gateway","data":"gateway","base64":"","w":32,"h":32},{"type":1,"title":"gateway--api","data":"gateway--api","base64":"","w":32,"h":32},{"type":1,"title":"gateway--mail","data":"gateway--mail","base64":"","w":32,"h":32},{"type":1,"title":"gateway--public","data":"gateway--public","base64":"","w":32,"h":32},{"type":1,"title":"gateway--security","data":"gateway--security","base64":"","w":32,"h":32},{"type":1,"title":"gateway--user-access","data":"gateway--user-access","base64":"","w":32,"h":32},{"type":1,"title":"gateway--vpn","data":"gateway--vpn","base64":"","w":32,"h":32},{"type":1,"title":"group","data":"group","base64":"","w":32,"h":32},{"type":1,"title":"group--access","data":"group--access","base64":"","w":32,"h":32},{"type":1,"title":"group--account","data":"group--account","base64":"","w":32,"h":32},{"type":1,"title":"group--resource","data":"group--resource","base64":"","w":32,"h":32},{"type":1,"title":"group--security","data":"group--security","base64":"","w":32,"h":32},{"type":1,"title":"gui","data":"gui","base64":"","w":32,"h":32},{"type":1,"title":"gui--management","data":"gui--management","base64":"","w":32,"h":32},{"type":1,"title":"hardware-security-module","data":"hardware-security-module","base64":"","w":32,"h":32},{"type":1,"title":"hybrid-networking--alt","data":"hybrid-networking--alt","base64":"","w":32,"h":32},{"type":1,"title":"ibm-cloud","data":"ibm-cloud","base64":"","w":32,"h":32},{"type":1,"title":"ibm-cloud--dedicated-host","data":"ibm-cloud--dedicated-host","base64":"","w":32,"h":32},{"type":1,"title":"ibm-cloud--internet-services","data":"ibm-cloud--internet-services","base64":"","w":32,"h":32},{"type":1,"title":"ibm-cloud--subnets","data":"ibm-cloud--subnets","base64":"","w":32,"h":32},{"type":1,"title":"ibm-cloud--vpc-endpoints","data":"ibm-cloud--vpc-endpoints","base64":"","w":32,"h":32},{"type":1,"title":"ibm-security--services","data":"ibm-security--services","base64":"","w":32,"h":32},{"type":1,"title":"id-management","data":"id-management","base64":"","w":32,"h":32},{"type":1,"title":"image-service","data":"image-service","base64":"","w":32,"h":32},{"type":1,"title":"infrastructure--classic","data":"infrastructure--classic","base64":"","w":32,"h":32},{"type":1,"title":"instance--bx","data":"instance--bx","base64":"","w":32,"h":32},{"type":1,"title":"instance--classic","data":"instance--classic","base64":"","w":32,"h":32},{"type":1,"title":"instance--cx","data":"instance--cx","base64":"","w":32,"h":32},{"type":1,"title":"instance--mx","data":"instance--mx","base64":"","w":32,"h":32},{"type":1,"title":"instance--virtual","data":"instance--virtual","base64":"","w":32,"h":32},{"type":1,"title":"intrusion-prevention","data":"intrusion-prevention","base64":"","w":32,"h":32},{"type":1,"title":"kubernetes","data":"kubernetes","base64":"","w":32,"h":32},{"type":1,"title":"laptop","data":"laptop","base64":"","w":32,"h":32},{"type":1,"title":"load-balancer--application","data":"load-balancer--application","base64":"","w":32,"h":32},{"type":1,"title":"load-balancer--classic","data":"load-balancer--classic","base64":"","w":32,"h":32},{"type":1,"title":"load-balancer--global","data":"load-balancer--global","base64":"","w":32,"h":32},{"type":1,"title":"load-balancer--listener","data":"load-balancer--listener","base64":"","w":32,"h":32},{"type":1,"title":"load-balancer--local","data":"load-balancer--local","base64":"","w":32,"h":32},{"type":1,"title":"load-balancer--network","data":"load-balancer--network","base64":"","w":32,"h":32},{"type":1,"title":"load-balancer--pool","data":"load-balancer--pool","base64":"","w":32,"h":32},{"type":1,"title":"load-balancer--vpc","data":"load-balancer--vpc","base64":"","w":32,"h":32},{"type":1,"title":"location","data":"location","base64":"","w":32,"h":32},{"type":1,"title":"locked","data":"locked","base64":"","w":32,"h":32},{"type":1,"title":"message-queue","data":"message-queue","base64":"","w":32,"h":32},{"type":1,"title":"mobile","data":"mobile","base64":"","w":32,"h":32},{"type":1,"title":"mobility--services","data":"mobility--services","base64":"","w":32,"h":32},{"type":1,"title":"network--2","data":"network--2","base64":"","w":32,"h":32},{"type":1,"title":"network--enterprise","data":"network--enterprise","base64":"","w":32,"h":32},{"type":1,"title":"network--overlay","data":"network--overlay","base64":"","w":32,"h":32},{"type":1,"title":"network--public","data":"network--public","base64":"","w":32,"h":32},{"type":1,"title":"object-storage","data":"object-storage","base64":"","w":32,"h":32},{"type":1,"title":"object-storage--alt","data":"object-storage--alt","base64":"","w":32,"h":32},{"type":1,"title":"parent-child","data":"parent-child","base64":"","w":32,"h":32},{"type":1,"title":"phone--application","data":"phone--application","base64":"","w":32,"h":32},{"type":1,"title":"phone--settings","data":"phone--settings","base64":"","w":32,"h":32},{"type":1,"title":"point-of-presence","data":"point-of-presence","base64":"","w":32,"h":32},{"type":1,"title":"policy","data":"policy","base64":"","w":32,"h":32},{"type":1,"title":"radio--combat","data":"radio--combat","base64":"","w":32,"h":32},{"type":1,"title":"radio--push-to-talk","data":"radio--push-to-talk","base64":"","w":32,"h":32},{"type":1,"title":"replicate","data":"replicate","base64":"","w":32,"h":32},{"type":1,"title":"router","data":"router","base64":"","w":32,"h":32},{"type":1,"title":"router--voice","data":"router--voice","base64":"","w":32,"h":32},{"type":1,"title":"router--wifi","data":"router--wifi","base64":"","w":32,"h":32},{"type":1,"title":"rule","data":"rule","base64":"","w":32,"h":32},{"type":1,"title":"security","data":"security","base64":"","w":32,"h":32},{"type":1,"title":"security-services","data":"security-services","base64":"","w":32,"h":32},{"type":1,"title":"server--dns","data":"server--dns","base64":"","w":32,"h":32},{"type":1,"title":"server--proxy","data":"server--proxy","base64":"","w":32,"h":32},{"type":1,"title":"server--time","data":"server--time","base64":"","w":32,"h":32},{"type":1,"title":"sim-card","data":"sim-card","base64":"","w":32,"h":32},{"type":1,"title":"slisor","data":"slisor","base64":"","w":32,"h":32},{"type":1,"title":"stop","data":"stop","base64":"","w":32,"h":32},{"type":1,"title":"subnet-acl-rules","data":"subnet-acl-rules","base64":"","w":32,"h":32},{"type":1,"title":"switch-layer-2","data":"switch-layer-2","base64":"","w":32,"h":32},{"type":1,"title":"switch-layer-3","data":"switch-layer-3","base64":"","w":32,"h":32},{"type":1,"title":"tablet","data":"tablet","base64":"","w":32,"h":32},{"type":1,"title":"terminal","data":"terminal","base64":"","w":32,"h":32},{"type":1,"title":"transmission-lte","data":"transmission-lte","base64":"","w":32,"h":32},{"type":1,"title":"two-factor-authentication","data":"two-factor-authentication","base64":"","w":32,"h":32},{"type":1,"title":"undefined","data":"undefined","base64":"","w":32,"h":32},{"type":1,"title":"user","data":"user","base64":"","w":32,"h":32},{"type":1,"title":"user--military","data":"user--military","base64":"","w":32,"h":32},{"type":1,"title":"user--service-desk","data":"user--service-desk","base64":"","w":32,"h":32},{"type":1,"title":"user--settings","data":"user--settings","base64":"","w":32,"h":32},{"type":1,"title":"vehicle--api","data":"vehicle--api","base64":"","w":32,"h":32},{"type":1,"title":"vehicle--connected","data":"vehicle--connected","base64":"","w":32,"h":32},{"type":1,"title":"vehicle--insights","data":"vehicle--insights","base64":"","w":32,"h":32},{"type":1,"title":"vehicle--services","data":"vehicle--services","base64":"","w":32,"h":32},{"type":1,"title":"virtual-desktop","data":"virtual-desktop","base64":"","w":32,"h":32},{"type":1,"title":"virtual-machine","data":"virtual-machine","base64":"","w":32,"h":32},{"type":1,"title":"virtual-private-cloud","data":"virtual-private-cloud","base64":"","w":32,"h":32},{"type":1,"title":"virtual-private-cloud--alt","data":"virtual-private-cloud--alt","base64":"","w":32,"h":32},{"type":1,"title":"vlan","data":"vlan","base64":"","w":32,"h":32},{"type":1,"title":"vlan--ibm","data":"vlan--ibm","base64":"","w":32,"h":32},{"type":1,"title":"VPN","data":"VPN","base64":"","w":32,"h":32},{"type":1,"title":"vpn--connection","data":"vpn--connection","base64":"","w":32,"h":32},{"type":1,"title":"vpn--policy","data":"vpn--policy","base64":"","w":32,"h":32},{"type":1,"title":"wifi--controller","data":"wifi--controller","base64":"","w":32,"h":32},{"type":1,"title":"wifi--not-secure","data":"wifi--not-secure","base64":"","w":32,"h":32},{"type":1,"title":"wifi--secure","data":"wifi--secure","base64":"","w":32,"h":32},{"type":1,"title":"wifi-bridge","data":"wifi-bridge","base64":"","w":32,"h":32},{"type":1,"title":"wifi-bridge--alt","data":"wifi-bridge--alt","base64":"","w":32,"h":32},{"type":1,"title":"wikis","data":"wikis","base64":"","w":32,"h":32}]}]}