{
	"_id": "arch_Hy6bTLneB",
	"name": "test-offline sys online93",
	"type": "Solution",
	"status": "Pending",
	"created": "2019-07-05T05:15:49Z",
	"lastModified": "2019-07-05 13:38:54",
	"includedArtifacts": [
		{
			"type": "Non Functional Requirements",
			"typeId": "assetartifact_nonfunctionalrequirement",
			"_id": "art_assetartifact_nonfunctionalrequirement"
		},
		{
			"type": "Architectural Decisions",
			"typeId": "assetartifact_architecturedecision",
			"_id": "art_assetartifact_architecturedecision"
		},
		{
			"type": "Services View",
			"typeId": "assetartifact_architectureoverview_aodservice",
			"_id": "art_assetartifact_architectureoverview_aodservice"
		},
		{
			"type": "Logical Operational Model",
			"typeId": "assetartifact_operationalmodel_logicaloperational",
			"_id": "art_assetartifact_operationalmodel_logicaloperational"
		},
		{
			"type": "Physical Operational Model",
			"typeId": "assetartifact_operationalmodel_physicaloperational",
			"_id": "art_assetartifact_operationalmodel_physicaloperational"
		}
	],
	"industry": [],
	"technology": [],
	"technicalCapability": [],
	"businessCapability": [],
	"client": [],
	"executiveSummary": "",
	"tag": [],
	"schemaVersion": "1.0",
	"appVersion": "2.3.1"
}