{"_id":"arch_Sy157cwvu","name":"arch with CDM 0429","type":"Solution","status":"Pending","created":"2021-04-29T02:01:42Z","lastModified":"2021-04-29T03:04:23Z","includedArtifacts":[{"globalTOCPosition":"5.4.3","typeId":"assetartifact_deploymentmodel_cloud","_id":"art_HJWnV5vPd","artifactTypeId":"artifacttype_deebe4b5-6344-3d37-8d0f-bc181c181e6f","type":"Cloud Deployment Model"}],"tag":[],"industry":[],"technology":[],"technicalCapability":[],"businessCapability":[],"client":[],"taxonomies":[],"implementations":[],"capabilities":[],"template":{"name":"Solution Architecture Template","description":"Default ToC","_id":"template_company_ibm","isGlobalDefaultTemplate":true},"executiveSummary":"","schemaVersion":"1.4","lastModifiedUser":{"_id":"xierulei@cn.ibm.com","fullname":"RU LEI XIE","notesId":"Ru Lei Xie","jobResponsibilities":"STAFF SOFTWARE ENGINEER","avatar":"https://w3-services1.w3-969.ibm.com/myw3/unified-profile-photo/v1/image/xierulei@cn.ibm.com?def=avatar","privacyConstent":{"isAccept":true,"country":"CN","acceptedDate":"2019-06-06T03:02:25.804Z"},"lastLoginDate":"2021-04-28T09:59:56.608Z","bookmarkedArchList":["arch_SkSV-wOWV","architecture_BJpFTNPnQ","architecture_HJjqOxbZw"],"chatbotToken":"5405a57a295149c1b613cab21a80f481","username":"xierulei@cn.ibm.com","email":"xierulei@cn.ibm.com","userPreference":{"defaultTemplate":"template_company_ibm","defaultGithubInfo":{"_id":null,"repoUrl":"https://github.com/guoliabei/ca-public.git"}},"geographyList":["672"],"businessUnitList":["GBS"],"collaborationGroupList":["5ede41230ad2e20008c6c7bf"]},"owner":{"_id":"xierulei@cn.ibm.com","fullname":"RU LEI XIE","notesId":"Ru Lei Xie","jobResponsibilities":"STAFF SOFTWARE ENGINEER","avatar":"https://w3-services1.w3-969.ibm.com/myw3/unified-profile-photo/v1/image/xierulei@cn.ibm.com?def=avatar","privacyConstent":{"isAccept":true,"country":"CN","acceptedDate":"2019-06-06T03:02:25.804Z"},"lastLoginDate":"2021-04-28T09:59:56.608Z","bookmarkedArchList":["arch_SkSV-wOWV","architecture_BJpFTNPnQ","architecture_HJjqOxbZw"],"chatbotToken":"5405a57a295149c1b613cab21a80f481","username":"xierulei@cn.ibm.com","email":"xierulei@cn.ibm.com","userPreference":{"defaultTemplate":"template_company_ibm","defaultGithubInfo":{"_id":null,"repoUrl":"https://github.com/guoliabei/ca-public.git"}},"collaborationGroupList":["5ede41230ad2e20008c6c7bf"],"businessUnit":{"_id":"GBS","name":"Global Business Services","description":""},"geography":{"_id":"672","iot":"GCG IOT","imt_market":"Peoples Rep of China","country":"China"}},"appVersion":"3.3.0"}