{"toc":[{"globalTOCPosition":"1","artifactTypeName":"Overview","artifactType":"assetartifact_executivesummary","displayName":"Overview","format":"text","typeId":"1","_id":"artifacttype_9edbd406-69fb-3a95-8b2e-58a0974b2710","child":[],"hasContent":false},{"globalTOCPosition":"2","parentGroup":"","_id":"artifactgroup_7dc829db-0746-3ddc-816c-d07338d4eebf","displayName":"Scope","child":[{"globalTOCPosition":"2.1","artifactTypeName":"Business Challenge","artifactType":"assetartifact_businesschallenge","displayName":"Business Challenge","format":"text","typeId":"2.1","_id":"artifacttype_d1ab4a95-e05f-3882-9f19-6500fc0d3b2b","hasContent":false},{"globalTOCPosition":"2.2","artifactTypeName":"System Context","artifactType":"assetartifact_systemcontext","displayName":"System Context","format":"diagram","typeId":"2.2","_id":"artifacttype_8ca70362-e3d1-3b9c-91d1-f755d029a2e3","hasContent":false}]},{"globalTOCPosition":"3","parentGroup":"","_id":"artifactgroup_3b8700e6-c854-3ec9-af0e-9b2e600721ce","displayName":"Requirement","child":[{"globalTOCPosition":"3.1","parentGroup":"artifactgroup_3b8700e6-c854-3ec9-af0e-9b2e600721ce","_id":"artifactgroup_6e299154-751f-36ee-acb2-145c8af87481","displayName":"Use Case Model","child":[{"artifactTypeName":"Use Case Diagram","globalTOCPosition":"3.1.1","artifactType":"assetartifact_usecase_ucdiagram","displayName":"Use Case Diagram","format":"diagram","typeId":"3.1.1","_id":"artifacttype_cde39d5e-c892-3093-ab3d-bad448acb8a0","hasContent":false},{"globalTOCPosition":"3.1.2","artifactTypeName":"Use Case","artifactType":"assetartifact_usecase_uctext","displayName":"Use Case","format":"text","typeId":"3.1.2","_id":"artifacttype_dde4b71c-82db-3f66-964a-3a04fbf56dff","hasContent":false}]},{"globalTOCPosition":"3.2","artifactTypeName":"Functional Requirements","artifactType":"assetartifact_functionalrequirement","displayName":"Functional Requirements","format":"text","typeId":"3.2","_id":"artifacttype_12eefe0a-435b-3176-8bbe-4dc928a2e4c3","hasContent":false},{"artifactTypeName":"Non Functional Requirements","globalTOCPosition":"3.3","artifactType":"assetartifact_nonfunctionalrequirement","displayName":"Non Functional Requirements","format":"text","typeId":"3.3","_id":"artifacttype_f0eebd79-15c9-3ebc-a73b-8efc3f634f59","hasContent":false}]},{"globalTOCPosition":"4","parentGroup":"","_id":"artifactgroup_40044cbe-6c76-33a1-b9e0-eab8937d30ca","displayName":"Data Model","child":[{"artifactTypeName":"Logical Data Model","globalTOCPosition":"4.1","artifactType":"assetartifact_logical_datamodel","displayName":"Logical Data Model","format":"diagram","typeId":"4.1","_id":"artifacttype_246bc46f-0286-3ad4-bf01-679592db59c7","hasContent":false}]},{"globalTOCPosition":"5","parentGroup":"","_id":"artifactgroup_074a2b74-43d8-315a-b88b-c0b421754f02","displayName":"Architecture","child":[{"globalTOCPosition":"5.1","parentGroup":"artifactgroup_074a2b74-43d8-315a-b88b-c0b421754f02","_id":"artifactgroup_771e7b65-3b46-390d-bc41-3c88cfaf13ef","displayName":"Architecture Overview","child":[{"artifactTypeName":"Services View","globalTOCPosition":"5.1.1","artifactType":"assetartifact_architectureoverview_aodservice","displayName":"Services View","format":"diagram","typeId":"5.1.1","_id":"artifacttype_2c548a13-6bd9-3edc-a496-0318af82f0d1","hasContent":false},{"artifactTypeName":"Enterprise View","globalTOCPosition":"5.1.2","artifactType":"assetartifact_architectureoverview_enterprise","displayName":"Enterprise View","format":"diagram","typeId":"5.1.2","_id":"artifacttype_16bfe592-ae95-371c-9f64-3a881b667707","hasContent":false},{"globalTOCPosition":"5.1.3","artifactTypeName":"IT System View","artifactType":"assetartifact_architectureoverview_itsystem","displayName":"IT System View","format":"diagram","typeId":"5.1.3","_id":"artifacttype_355f72be-6566-3f48-8b15-c30f671d7c8f","hasContent":false},{"artifactTypeName":"Usage Scenario","globalTOCPosition":"5.1.4","artifactType":"assetartifact_architectureoverview_usagescenario","displayName":"Usage Scenario","format":"diagram","typeId":"5.1.4","_id":"artifacttype_d118451c-0816-3aa5-8b89-3119feb4168a","hasContent":false}]},{"globalTOCPosition":"5.2","artifactTypeName":"Architectural Decisions","artifactType":"assetartifact_architecturedecision","displayName":"Architectural Decisions","format":"text","typeId":"5.2","_id":"artifacttype_fddae3fa-aafa-32af-94a4-bc3e1ed255cc","parentGroup":"artifactgroup_074a2b74-43d8-315a-b88b-c0b421754f02","child":[],"hasContent":false},{"globalTOCPosition":"5.3","parentGroup":"artifactgroup_074a2b74-43d8-315a-b88b-c0b421754f02","_id":"artifactgroup_c848fca1-3956-3bb4-8c88-8815b99e00fc","displayName":"Component Model","child":[{"globalTOCPosition":"5.3.1","artifactTypeName":"Static View","artifactType":"assetartifact_componentmodel_staticview","displayName":"Static View","format":"diagram","typeId":"5.3.1","_id":"artifacttype_4a44b8fa-5057-3826-84d7-169a6fc1f2ed","hasContent":false},{"globalTOCPosition":"5.3.2","artifactTypeName":"Dynamic View","artifactType":"assetartifact_componentmodel_dynamicview","displayName":"Dynamic View","format":"diagram","typeId":"5.3.2","_id":"artifacttype_6e1239a1-6a68-3dae-ae87-b05ecf80d25b","hasContent":false}]},{"globalTOCPosition":"5.4","parentGroup":"artifactgroup_074a2b74-43d8-315a-b88b-c0b421754f02","_id":"artifactgroup_aef1c0cc-540d-31c6-8817-ac2b282f37d3","displayName":"Operational Model","child":[{"artifactTypeName":"Logical Operational View","globalTOCPosition":"5.4.1","artifactType":"assetartifact_operationalmodel_logicaloperational","displayName":"Logical Operational View","format":"diagram","typeId":"5.4.1","_id":"artifacttype_5ca43d50-d7da-322f-a1b0-f65b0c12b2c8","hasContent":false},{"artifactTypeName":"Prescribed Operational View","globalTOCPosition":"5.4.2","artifactType":"assetartifact_operationalmodel_physicaloperational","displayName":"Prescribed Operational View","format":"diagram","typeId":"5.4.2","_id":"artifacttype_7503dbb1-18f7-36ac-ad12-98d977ef3d0d","hasContent":false}]}]},{"globalTOCPosition":"6","parentGroup":"","_id":"artifactgroup_7cddcb3d-c508-3828-8893-128dc3d6c8b7","displayName":"RAID","child":[{"globalTOCPosition":"6.1","artifactTypeName":"Risks","artifactType":"assetartifact_risk","displayName":"Risks","format":"text","typeId":"6.1","_id":"artifacttype_94622837-e58f-34c3-9263-8260b69601c8","hasContent":false},{"globalTOCPosition":"6.2","artifactTypeName":"Assumptions","artifactType":"assetartifact_assumption","displayName":"Assumptions","format":"text","typeId":"6.2","_id":"artifacttype_2142b656-62ba-304d-95d4-77b1b144e5e1","hasContent":false},{"globalTOCPosition":"6.3","artifactTypeName":"Issues","artifactType":"assetartifact_issue","displayName":"Issues","format":"text","typeId":"6.3","_id":"artifacttype_f4d01807-f847-3ccd-87a2-32877074295e","hasContent":false},{"globalTOCPosition":"6.4","artifactTypeName":"Dependencies","artifactType":"assetartifact_dependency","displayName":"Dependencies","format":"text","typeId":"6.4","_id":"artifacttype_9c5463b3-5c9e-3790-86cb-9b8866cc062a","hasContent":false}]},{"globalTOCPosition":"7","artifactTypeName":"Architectural Principles","artifactType":"assetartifact_architecture_principles","displayName":"Architectural Principles","format":"text","typeId":"7","_id":"artifacttype_92ccfc5d-c31a-349d-97c0-6d75c8841a8a","child":[],"hasContent":false},{"artifactTypeName":"Misc Diagram","globalTOCPosition":"8","artifactType":"assetartifact_miscdiagram","displayName":"Misc Diagram","format":"diagram","typeId":"9","_id":"artifacttype_23219eb8-b210-3e5a-8621-9881bee93055","child":[],"hasContent":false},{"artifactTypeName":"Notes","globalTOCPosition":"9","artifactType":"assetartifact_notes","displayName":"Notes","format":"text","typeId":"8","_id":"artifacttype_02226b19-474e-37a6-ab39-d9bb31767fb5","child":[],"hasContent":false}],"toc_cards":{"cloudDeploymentModel":{"artifacttype_deebe4b5-6344-3d37-8d0f-bc181c181e6f":[{"additionalInfo":{},"_id":"clouddeploymentmodel_2NUXgyFdgU1","name":"created from maze rename in ca","description":"","lastModifiedInfo":{"userId":"xierulei@cn.ibm.com","date":"2021-04-29T03:03:31Z"},"projectId":1467},{"additionalInfo":{},"_id":"clouddeploymentmodel_2NUX1Dz225A","name":"logical xie test 0409","description":"","lastModifiedInfo":{"userId":"xierulei@cn.ibm.com","date":"2021-04-29T03:02:34Z"},"projectId":1388}]},"executivesummary":{"artifacttype_9edbd406-69fb-3a95-8b2e-58a0974b2710":[]},"businesschallenge":{"artifacttype_d1ab4a95-e05f-3882-9f19-6500fc0d3b2b":[]},"systemContext":{"artifacttype_8ca70362-e3d1-3b9c-91d1-f755d029a2e3":[]},"useCaseViews":{"artifacttype_cde39d5e-c892-3093-ab3d-bad448acb8a0":[]},"usecasetext":{"artifacttype_dde4b71c-82db-3f66-964a-3a04fbf56dff":[]},"functionalrequirement":{"artifacttype_12eefe0a-435b-3176-8bbe-4dc928a2e4c3":[]},"nonfunctionalrequirement":{"artifacttype_f0eebd79-15c9-3ebc-a73b-8efc3f634f59":[]},"logicalERD":{"artifacttype_246bc46f-0286-3ad4-bf01-679592db59c7":[]},"aodServices":{"artifacttype_2c548a13-6bd9-3edc-a496-0318af82f0d1":[]},"aodEnterprises":{"artifacttype_16bfe592-ae95-371c-9f64-3a881b667707":[]},"aodITSystems":{"artifacttype_355f72be-6566-3f48-8b15-c30f671d7c8f":[]},"aodUsageScenarios":{"artifacttype_d118451c-0816-3aa5-8b89-3119feb4168a":[]},"architecturaldecision":{"artifacttype_fddae3fa-aafa-32af-94a4-bc3e1ed255cc":[]},"cmStaticViews":{"artifacttype_4a44b8fa-5057-3826-84d7-169a6fc1f2ed":[]},"cmDynamicViews":{"artifacttype_6e1239a1-6a68-3dae-ae87-b05ecf80d25b":[]},"lomViews":{"artifacttype_5ca43d50-d7da-322f-a1b0-f65b0c12b2c8":[]},"lomPhysicalViews":{"artifacttype_7503dbb1-18f7-36ac-ad12-98d977ef3d0d":[]},"risk":{"artifacttype_94622837-e58f-34c3-9263-8260b69601c8":[]},"assumption":{"artifacttype_2142b656-62ba-304d-95d4-77b1b144e5e1":[]},"issue":{"artifacttype_f4d01807-f847-3ccd-87a2-32877074295e":[]},"dependency":{"artifacttype_9c5463b3-5c9e-3790-86cb-9b8866cc062a":[]},"architectureprinciple":{"artifacttype_92ccfc5d-c31a-349d-97c0-6d75c8841a8a":[]},"miscDiagram":{"artifacttype_23219eb8-b210-3e5a-8621-9881bee93055":[]},"notes":{"artifacttype_02226b19-474e-37a6-ab39-d9bb31767fb5":[]}},"combined":{"coreInfo":[{"name":"CA","description":"CA","_id":"label_1OhKj1ilrmn_rkm6cR0-H","userId":"xierulei@cn.ibm.com","label":"CA","modelType":"Label"},{"name":"this","description":"this","_id":"label_rJNY-UYH2oS_ry5whAtI8","userId":"xierulei@cn.ibm.com","label":"this","modelType":"Label"},{"name":"ha'h","description":"ha'h","_id":"label_H1vKZLtH2sS_ry5whAtI8","userId":"xierulei@cn.ibm.com","label":"ha'h","modelType":"Label"},{"name":"Notification","description":"Notification","_id":"label_SJrK-8tr2iH_ry5whAtI8","userId":"xierulei@cn.ibm.com","label":"Notification","modelType":"Label"},{"name":"Workshop Jan. 2019","description":"Workshop Jan. 2019","_id":"label_BJ8tZUYH2jH_ry5whAtI8","userId":"xierulei@cn.ibm.com","label":"Workshop Jan. 2019","modelType":"Label"},{"name":"label","description":"label","_id":"label_Hyrde9Vg15wH_Bk2Zjk5PS_SkaXOndpI","userId":"xierulei@cn.ibm.com","label":"label","modelType":"Label"},{"name":"a note","description":"a note","_id":"label_HktOx94g1cvH_Bk2Zjk5PS_SkaXOndpI","userId":"xierulei@cn.ibm.com","label":"a note","modelType":"Label"},{"name":"is","description":"is","_id":"label_S1IOxc4xycvS_Bk2Zjk5PS","userId":"xierulei@cn.ibm.com","label":"is","modelType":"Label"},{"name":"a","description":"a","_id":"label_rJwdg5VlyqDS_Bk2Zjk5PS","userId":"xierulei@cn.ibm.com","label":"a","modelType":"Label"},{"name":"hahah","description":"hahah","_id":"label_HkpOe5VgycDS_Bk2Zjk5PS","userId":"xierulei@cn.ibm.com","label":"hahah","modelType":"Label"},{"name":"image","description":"image","_id":"label_24tYxylsUsa_HJR5iKnkL","userId":"xierulei@cn.ibm.com","label":"image","modelType":"Label"},{"name":"attach","description":"attach","_id":"label_24tYxylTtTA_Byd5EQllI","userId":"xierulei@cn.ibm.com","label":"attach","modelType":"Label"},{"name":"2.8.2","description":"2.8.2","_id":"label_2cS7LcZ5VCu_SkzN8pZPL","userId":"xierulei@cn.ibm.com","label":"2.8.2","modelType":"Label"},{"name":"f","description":"f","_id":"label_Hk1JZ9k8yGrv_B1IdN2trD_BkSq1Sirv","userId":"xierulei@cn.ibm.com","label":"f","modelType":"Label"},{"name":"0930","description":"0930","_id":"label_2u1RGY7zjgc","userId":"xierulei@cn.ibm.com","label":"0930","modelType":"Label"},{"name":"0220","description":"0220","_id":"label_2u1RGY7kkXZ","userId":"xierulei@cn.ibm.com","label":"0220","modelType":"Label"},{"name":"new","description":"new","_id":"label_2DL8d7Cj9Q0","userId":"xierulei@cn.ibm.com","label":"new","modelType":"Label"},{"name":"New label","description":"New label","_id":"label_2DnOP6xBmKx_ryvCoiFCD","userId":"xierulei@cn.ibm.com","label":"New label","modelType":"Label"},{"name":"new label","description":"new label","_id":"label_HJpesyg3Xvu","userId":"xierulei@cn.ibm.com","label":"new label","modelType":"Label"},{"name":"New Lable-for update","description":"New Lable-for update","_id":"label_2NlYzODSKLW_H1Ikso7wO","userId":"xierulei@cn.ibm.com","label":"New Lable-for update","modelType":"Label"}]},"diagram":{"instances":{"clouddeploymentmodel_2NUX1Dz225A":{"uiInfo":"<mxGraphModel dx=\"838\" dy=\"661\" grid=\"1\" gridSize=\"10\" guides=\"1\" tooltips=\"1\" connect=\"1\" arrows=\"1\" fold=\"1\" page=\"1\" pageScale=\"1\" pageWidth=\"1169\" pageHeight=\"827\" background=\"#ffffff\"><root><mxCell id=\"0\" modelId=\"clouddeploymentmodel_2NUX1Dz225A\"></mxCell><mxCell id=\"1\" parent=\"0\"></mxCell></root></mxGraphModel>","coreInfo":[{"modelType":"CloudDeploymentModel","lastModifiedUserId":"xierulei@cn.ibm.com","description":"","lastModified":"2021-04-29T03:02:34Z","_id":"clouddeploymentmodel_2NUX1Dz225A","projectId":1388,"label":"logical xie test 0409"}]},"clouddeploymentmodel_2NUXgyFdgU1":{"uiInfo":"<mxGraphModel dx=\"838\" dy=\"661\" grid=\"1\" gridSize=\"10\" guides=\"1\" tooltips=\"1\" connect=\"1\" arrows=\"1\" fold=\"1\" page=\"1\" pageScale=\"1\" pageWidth=\"1169\" pageHeight=\"827\" background=\"#ffffff\"><root><mxCell id=\"0\" modelId=\"clouddeploymentmodel_2NUXgyFdgU1\"></mxCell><mxCell id=\"1\" parent=\"0\"></mxCell></root></mxGraphModel>","coreInfo":[{"modelType":"CloudDeploymentModel","lastModifiedUserId":"xierulei@cn.ibm.com","description":"","lastModified":"2021-04-29T03:03:31Z","_id":"clouddeploymentmodel_2NUXgyFdgU1","projectId":1467,"label":"created from maze rename in ca"}]}}},"textual":{"instances":{}},"solution_advisors":{},"auditLog":{"_id":"architectureauditentry_hhBg4HDTJ","archId":"arch_Sy157cwvu","archChangeLog":[{"_id":"architecturechangelog_0NZIuQTu5","date":"2021-04-29T03:05:57.978Z","type":"DOWNLOAD","user":{"fullname":"RU LEI XIE","email":"xierulei@cn.ibm.com"},"appVersion":"3.3.0","dataVersion":"1.4"},{"_id":"architecturechangelog_G22_F6bHx","date":"2021-04-29T03:05:39.896Z","type":"DOWNLOAD","user":{"fullname":"RU LEI XIE","email":"xierulei@cn.ibm.com"},"appVersion":"3.3.0","dataVersion":"1.4"},{"_id":"architecturechangelog_J5fbZTl6Y","date":"2021-04-29T03:04:23.939Z","type":"DELETE_INST","user":{"fullname":"RU LEI XIE","email":"xierulei@cn.ibm.com"},"artifactTypeId":"artifacttype_deebe4b5-6344-3d37-8d0f-bc181c181e6f","instanceName":"CDM 0429 rename by ca","instanceId":"clouddeploymentmodel_2NUIV7KhRuX"},{"_id":"architecturechangelog_AgupxZvnY","date":"2021-04-29T03:03:31.793Z","type":"CREATE_INST","user":{"fullname":"RU LEI XIE","email":"xierulei@cn.ibm.com"},"artifactTypeId":"artifacttype_deebe4b5-6344-3d37-8d0f-bc181c181e6f","instanceName":"created from maze rename in ca","instanceId":"clouddeploymentmodel_2NUXgyFdgU1"},{"_id":"architecturechangelog_di2s2LZXy","date":"2021-04-29T03:02:34.287Z","type":"CREATE_INST","user":{"fullname":"RU LEI XIE","email":"xierulei@cn.ibm.com"},"artifactTypeId":"artifacttype_deebe4b5-6344-3d37-8d0f-bc181c181e6f","instanceName":"logical xie test 0409","instanceId":"clouddeploymentmodel_2NUX1Dz225A"},{"_id":"architecturechangelog_CS2LhymNV","date":"2021-04-29T03:01:59.203Z","type":"RENAME_INST","user":{"fullname":"RU LEI XIE","email":"xierulei@cn.ibm.com"},"artifactTypeId":"artifacttype_deebe4b5-6344-3d37-8d0f-bc181c181e6f","originalName":"CDM 0429 rename","newName":"CDM 0429 rename by ca","instanceId":"clouddeploymentmodel_2NUIV7KhRuX"},{"_id":"architecturechangelog_x9Yrtqkbt","date":"2021-04-29T03:01:46.378Z","type":"RENAME_INST","user":{"fullname":"RU LEI XIE","email":"xierulei@cn.ibm.com"},"artifactTypeId":"artifacttype_deebe4b5-6344-3d37-8d0f-bc181c181e6f","originalName":"CDM 0429","newName":"CDM 0429 rename","instanceId":"clouddeploymentmodel_2NUIV7KhRuX"},{"_id":"architecturechangelog_NBBFPvJ7k","date":"2021-04-29T02:06:32.927Z","type":"CREATE_INST","user":{"fullname":"RU LEI XIE","email":"xierulei@cn.ibm.com"},"artifactTypeId":"artifacttype_deebe4b5-6344-3d37-8d0f-bc181c181e6f","instanceName":"CDM 0429","instanceId":"clouddeploymentmodel_2NUIV7KhRuX"},{"_id":"architecturechangelog_-vJZsALm8d","date":"2021-04-29T02:01:43.102Z","type":"CREATE","user":{"fullname":"RU LEI XIE","email":"xierulei@cn.ibm.com"}}]}}