{"_id":"arch_BJ10wzRnL","name":"arch created 20200610 2.9 regression","type":"Solution","status":"Pending","created":"2020-06-10T08:20:23Z","lastModified":"2020-06-10T13:02:37Z","includedArtifacts":[],"industry":[{"name":"Banking & FM","_id":"industry_banking"}],"technology":[{"name":"Analytics","_id":"technology_analytics"}],"technicalCapability":[],"businessCapability":[],"taxonomies":["Vendor Lock-in","Integrating apps & data","Be more responsive"],"template":{"name":"Solution Architecture Template","description":"Default ToC","_id":"template_company_ibm","isGlobalDefaultTemplate":true},"executiveSummary":"","tag":[],"schemaVersion":"1.2","lastModifiedUser":{"_id":"xierulei@cn.ibm.com","fullname":"RU LEI XIE","notesId":"Ru Lei Xie","jobResponsibilities":"STAFF SOFTWARE ENGINEER","avatar":"https://faces.tap.ibm.com/imagesrv/913773672.jpg?s=50","privacyConstent":{"isAccept":true,"country":"CN","acceptedDate":"2019-06-06T03:02:25.804Z"},"lastLoginDate":"2020-06-10T13:01:31.270Z","bookmarkedArchList":["copied_0050ba20_ad57_11e7_971d_1dbaf50a3a74_COPY_architecture_ab8c2831_a7e8_11e7_8703_cf7fc382471f","arch_SkSV-wOWV"],"chatbotToken":"5405a57a295149c1b613cab21a80f481","username":"xierulei@cn.ibm.com","email":"xierulei@cn.ibm.com","userPreference":{"defaultTemplate":"template_company_ibm","defaultGithubInfo":{"_id":null,"repoUrl":"https://github.ibm.com/gbbguoxa/ca-public.git"}},"geographyList":["672"],"businessUnitList":["GBS"],"collaborationGroupList":["5ee07ac8ccb1090008398602"]},"owner":{"_id":"xierulei@cn.ibm.com","fullname":"RU LEI XIE","notesId":"Ru Lei Xie","jobResponsibilities":"STAFF SOFTWARE ENGINEER","avatar":"https://faces.tap.ibm.com/imagesrv/913773672.jpg?s=50","privacyConstent":{"isAccept":true,"country":"CN","acceptedDate":"2019-06-06T03:02:25.804Z"},"lastLoginDate":"2020-06-10T13:01:31.270Z","bookmarkedArchList":["copied_0050ba20_ad57_11e7_971d_1dbaf50a3a74_COPY_architecture_ab8c2831_a7e8_11e7_8703_cf7fc382471f","arch_SkSV-wOWV"],"chatbotToken":"5405a57a295149c1b613cab21a80f481","username":"xierulei@cn.ibm.com","email":"xierulei@cn.ibm.com","userPreference":{"defaultTemplate":"template_company_ibm","defaultGithubInfo":{"_id":null,"repoUrl":"https://github.ibm.com/gbbguoxa/ca-public.git"}},"collaborationGroupList":["5ee07ac8ccb1090008398602"],"businessUnit":{"_id":"GBS","name":"Global Business Services","description":""},"geography":{"_id":"672","iot":"GCG IOT","imt_market":"Peoples Rep of China","country":"China"}},"appVersion":"2.8.3"}