{"toc":[{"artifactTypeName":"Overview","globalTOCPosition":"1","artifactType":"assetartifact_executivesummary","displayName":"Overview","format":"text","_id":"artifacttype_9edbd406-69fb-3a95-8b2e-58a0974b2710","child":[],"hasContent":true},{"globalTOCPosition":"2","displayName":"Scope","parentGroup":"","_id":"artifactgroup_7dc829db-0746-3ddc-816c-d07338d4eebf","child":[{"globalTOCPosition":"2.1","artifactTypeName":"Business Challenge","artifactType":"assetartifact_businesschallenge","displayName":"Business Challenge","format":"text","_id":"artifacttype_d1ab4a95-e05f-3882-9f19-6500fc0d3b2b","hasContent":true},{"artifactTypeName":"System Context","globalTOCPosition":"2.2","artifactType":"assetartifact_systemcontext","displayName":"System Context","format":"diagram","_id":"artifacttype_8ca70362-e3d1-3b9c-91d1-f755d029a2e3","hasContent":true}]},{"globalTOCPosition":"3","displayName":"Requirement","parentGroup":"","_id":"artifactgroup_3b8700e6-c854-3ec9-af0e-9b2e600721ce","child":[{"globalTOCPosition":"3.1","displayName":"Use Case Model","parentGroup":"artifactgroup_3b8700e6-c854-3ec9-af0e-9b2e600721ce","_id":"artifactgroup_6e299154-751f-36ee-acb2-145c8af87481","child":[{"globalTOCPosition":"3.1.1","artifactTypeName":"Use Case Diagram","artifactType":"assetartifact_usecase_ucdiagram","displayName":"Use Case Diagram","format":"diagram","_id":"artifacttype_cde39d5e-c892-3093-ab3d-bad448acb8a0","hasContent":true},{"artifactTypeName":"Use Case","globalTOCPosition":"3.1.2","artifactType":"assetartifact_usecase_uctext","displayName":"Use Case","format":"text","_id":"artifacttype_dde4b71c-82db-3f66-964a-3a04fbf56dff","hasContent":true}]},{"globalTOCPosition":"3.2","artifactTypeName":"Functional Requirements","artifactType":"assetartifact_functionalrequirement","displayName":"Functional Requirements","format":"text","_id":"artifacttype_12eefe0a-435b-3176-8bbe-4dc928a2e4c3","hasContent":true},{"globalTOCPosition":"3.3","artifactTypeName":"Non Functional Requirements","artifactType":"assetartifact_nonfunctionalrequirement","displayName":"Non Functional Requirements","format":"text","_id":"artifacttype_f0eebd79-15c9-3ebc-a73b-8efc3f634f59","hasContent":true}]},{"globalTOCPosition":"4","displayName":"Data Model","parentGroup":"","_id":"artifactgroup_40044cbe-6c76-33a1-b9e0-eab8937d30ca","child":[{"globalTOCPosition":"4.1","artifactTypeName":"Logical Data Model","artifactType":"assetartifact_logical_datamodel","displayName":"Logical Data Model","format":"diagram","_id":"artifacttype_246bc46f-0286-3ad4-bf01-679592db59c7","hasContent":true}]},{"globalTOCPosition":"5","displayName":"Architecture","parentGroup":"","_id":"artifactgroup_074a2b74-43d8-315a-b88b-c0b421754f02","child":[{"globalTOCPosition":"5.1","displayName":"Architecture Overview","parentGroup":"artifactgroup_074a2b74-43d8-315a-b88b-c0b421754f02","_id":"artifactgroup_771e7b65-3b46-390d-bc41-3c88cfaf13ef","child":[{"artifactTypeName":"Services View","globalTOCPosition":"5.1.1","artifactType":"assetartifact_architectureoverview_aodservice","displayName":"Services View","format":"diagram","_id":"artifacttype_2c548a13-6bd9-3edc-a496-0318af82f0d1","hasContent":true},{"artifactTypeName":"Enterprise View","globalTOCPosition":"5.1.2","artifactType":"assetartifact_architectureoverview_enterprise","displayName":"Enterprise View","format":"diagram","_id":"artifacttype_16bfe592-ae95-371c-9f64-3a881b667707","hasContent":true},{"artifactTypeName":"IT System View","globalTOCPosition":"5.1.3","artifactType":"assetartifact_architectureoverview_itsystem","displayName":"IT System View","format":"diagram","_id":"artifacttype_355f72be-6566-3f48-8b15-c30f671d7c8f","hasContent":true},{"artifactTypeName":"Usage Scenario","globalTOCPosition":"5.1.4","artifactType":"assetartifact_architectureoverview_usagescenario","displayName":"Usage Scenario","format":"diagram","_id":"artifacttype_d118451c-0816-3aa5-8b89-3119feb4168a","hasContent":true}]},{"globalTOCPosition":"5.2","artifactTypeName":"Architectural Decisions","artifactType":"assetartifact_architecturedecision","displayName":"Architectural Decisions","format":"text","_id":"artifacttype_fddae3fa-aafa-32af-94a4-bc3e1ed255cc","parentGroup":"artifactgroup_074a2b74-43d8-315a-b88b-c0b421754f02","child":[],"hasContent":true},{"globalTOCPosition":"5.3","displayName":"Component Model","parentGroup":"artifactgroup_074a2b74-43d8-315a-b88b-c0b421754f02","_id":"artifactgroup_c848fca1-3956-3bb4-8c88-8815b99e00fc","child":[{"artifactTypeName":"Static View","globalTOCPosition":"5.3.1","artifactType":"assetartifact_componentmodel_staticview","displayName":"Static View","format":"diagram","_id":"artifacttype_4a44b8fa-5057-3826-84d7-169a6fc1f2ed","hasContent":true},{"artifactTypeName":"Dynamic View","globalTOCPosition":"5.3.2","artifactType":"assetartifact_componentmodel_dynamicview","displayName":"Dynamic View","format":"diagram","_id":"artifacttype_6e1239a1-6a68-3dae-ae87-b05ecf80d25b","hasContent":true}]},{"globalTOCPosition":"5.4","displayName":"Operational Model","parentGroup":"artifactgroup_074a2b74-43d8-315a-b88b-c0b421754f02","_id":"artifactgroup_aef1c0cc-540d-31c6-8817-ac2b282f37d3","child":[{"globalTOCPosition":"5.4.1","artifactTypeName":"Logical Operational View","artifactType":"assetartifact_operationalmodel_logicaloperational","displayName":"Logical Operational View","format":"diagram","_id":"artifacttype_5ca43d50-d7da-322f-a1b0-f65b0c12b2c8","hasContent":true},{"globalTOCPosition":"5.4.2","artifactTypeName":"Physical Operational View","artifactType":"assetartifact_operationalmodel_physicaloperational","displayName":"Physical Operational View","format":"diagram","_id":"artifacttype_7503dbb1-18f7-36ac-ad12-98d977ef3d0d","hasContent":true}]}]},{"globalTOCPosition":"6","displayName":"RAID","parentGroup":"","_id":"artifactgroup_7cddcb3d-c508-3828-8893-128dc3d6c8b7","child":[{"artifactTypeName":"Risks","globalTOCPosition":"6.1","artifactType":"assetartifact_risk","displayName":"Risks","format":"text","_id":"artifacttype_94622837-e58f-34c3-9263-8260b69601c8","hasContent":true},{"artifactTypeName":"Assumptions","globalTOCPosition":"6.2","artifactType":"assetartifact_assumption","displayName":"Assumptions","format":"text","_id":"artifacttype_2142b656-62ba-304d-95d4-77b1b144e5e1","hasContent":true},{"artifactTypeName":"Issues","globalTOCPosition":"6.3","artifactType":"assetartifact_issue","displayName":"Issues","format":"text","_id":"artifacttype_f4d01807-f847-3ccd-87a2-32877074295e","hasContent":true},{"globalTOCPosition":"6.4","artifactTypeName":"assetartifact_dependency","artifactType":"assetartifact_dependency","displayName":"Dependencies","format":"text","_id":"artifacttype_9c5463b3-5c9e-3790-86cb-9b8866cc062a","hasContent":true}]},{"globalTOCPosition":"7","artifactTypeName":"Architectural Principles","artifactType":"assetartifact_architecture_principles","displayName":"Architectural Principles","format":"text","_id":"artifacttype_92ccfc5d-c31a-349d-97c0-6d75c8841a8a","child":[],"hasContent":true},{"artifactTypeName":"Notes","globalTOCPosition":"8","artifactType":"assetartifact_notes","displayName":"Notes","format":"text","_id":"artifacttype_02226b19-474e-37a6-ab39-d9bb31767fb5","child":[],"hasContent":true}],"toc_cards":{"usecasetext":{"artifacttype_dde4b71c-82db-3f66-964a-3a04fbf56dff":["usecasetext_SyzlUxdM8","usecasetext_r1fGxIxuz8"]},"architectureprinciple":{"artifacttype_92ccfc5d-c31a-349d-97c0-6d75c8841a8a":["architectureprinciple_S1gPWLtS3jB_BykeIe_fL"]},"dependency":{"artifacttype_9c5463b3-5c9e-3790-86cb-9b8866cc062a":["dependency_BJOGbIFHhoS_BykeIe_fL"]},"logicalERD":{"artifacttype_246bc46f-0286-3ad4-bf01-679592db59c7":[{"additionalInfo":{},"_id":"logicalerd_HkrvWItrhor_BykeIe_fL","name":"erd","description":"","lastModifiedInfo":{"userId":"xierulei@cn.ibm.com","date":"2020-02-05T07:59:46Z"}}]},"notes":{"artifacttype_02226b19-474e-37a6-ab39-d9bb31767fb5":["notes_rkXK-LFHnsH_BykeIe_fL"]},"architecturaldecision":{"artifacttype_fddae3fa-aafa-32af-94a4-bc3e1ed255cc":["architecturaldecision_rJKFWUFr3iS_BykeIe_fL"]},"aodServices":{"artifacttype_2c548a13-6bd9-3edc-a496-0318af82f0d1":[{"additionalInfo":{},"_id":"aodservices_Hk5Sb8tSnjS_BykeIe_fL","name":"sv","description":"","lastModifiedInfo":{"userId":"xierulei@cn.ibm.com","date":"2020-02-05T07:59:39Z"}}]},"executivesummary":{"artifacttype_9edbd406-69fb-3a95-8b2e-58a0974b2710":["executivesummary_rk3IZLYS3ir_BykeIe_fL"]},"risk":{"artifacttype_94622837-e58f-34c3-9263-8260b69601c8":["risk_BkCIWLtShjS_BykeIe_fL"]},"aodITSystems":{"artifacttype_355f72be-6566-3f48-8b15-c30f671d7c8f":[{"additionalInfo":{},"_id":"aoditsystem_HJEOWLYrnoH_BykeIe_fL","name":"itsv","description":"","lastModifiedInfo":{"userId":"xierulei@cn.ibm.com","date":"2020-02-05T07:59:41Z"}}]},"lomPhysicalViews":{"artifacttype_7503dbb1-18f7-36ac-ad12-98d977ef3d0d":[{"additionalInfo":{},"_id":"pomview_HkNIbUYSnsS_BykeIe_fL","name":"pom","description":"","lastModifiedInfo":{"userId":"xierulei@cn.ibm.com","date":"2020-02-05T07:59:43Z"}}]},"assumption":{"artifacttype_2142b656-62ba-304d-95d4-77b1b144e5e1":["assumption_rybZLYHhor_BykeIe_fL","assumption_ryGWUtr2jB_BykeIe_fL"]},"nonfunctionalrequirement":{"artifacttype_f0eebd79-15c9-3ebc-a73b-8efc3f634f59":["nonfunctionalrequirement_HkzU-UtS3oS_BykeIe_fL"]},"aodEnterprises":{"artifacttype_16bfe592-ae95-371c-9f64-3a881b667707":[{"additionalInfo":{},"_id":"aodenterprise_Hy2_bLYS2sr_BykeIe_fL","name":"ev","description":"","lastModifiedInfo":{"userId":"xierulei@cn.ibm.com","date":"2020-02-05T07:59:40Z"}}]},"businesschallenge":{"artifacttype_d1ab4a95-e05f-3882-9f19-6500fc0d3b2b":["businesschallenge_BJ9IZ8YB2jS_BykeIe_fL"]},"functionalrequirement":{"artifacttype_12eefe0a-435b-3176-8bbe-4dc928a2e4c3":["functionalrequirement_B15VWUKrniB_BykeIe_fL"]},"issue":{"artifacttype_f4d01807-f847-3ccd-87a2-32877074295e":["issue_BJGwW8YBnoB_BykeIe_fL","issue_HJQvWLKHnoB_BykeIe_fL"]},"lomViews":{"artifacttype_5ca43d50-d7da-322f-a1b0-f65b0c12b2c8":[{"additionalInfo":{},"_id":"lomview_rJYub8Yr2jB_BykeIe_fL","name":"lom","description":"","lastModifiedInfo":{"userId":"xierulei@cn.ibm.com","date":"2020-02-05T07:59:42Z"}},{"additionalInfo":{},"_id":"lomview_25dY6AuIUxy_BykeIe_fL","name":"OXP9kt5gHO","description":"","lastModifiedInfo":{"userId":"xierulei@cn.ibm.com","date":"2020-02-05T07:59:42Z"}},{"additionalInfo":{},"_id":"lomview_25dY26QkO0B_BykeIe_fL","name":"pML8H3V46U","description":"","lastModifiedInfo":{"userId":"xierulei@cn.ibm.com","date":"2020-02-05T07:59:42Z"}}]},"systemContext":{"artifacttype_8ca70362-e3d1-3b9c-91d1-f755d029a2e3":[{"additionalInfo":{},"_id":"systemcontext_Sk34-LFrhsB_BykeIe_fL","name":"System Context","description":"","lastModifiedInfo":{"userId":"xierulei@cn.ibm.com","date":"2020-02-05T07:59:35Z"}}]},"aodUsageScenarios":{"artifacttype_d118451c-0816-3aa5-8b89-3119feb4168a":[{"additionalInfo":{"refType":"AODServices","refName":"sv"},"_id":"aodusagescenario_SkQS-ItShoB_BykeIe_fL","name":"us","description":"","lastModifiedInfo":{"userId":"xierulei@cn.ibm.com","date":"2020-02-05T07:59:42Z"}}]},"cmStaticViews":{"artifacttype_4a44b8fa-5057-3826-84d7-169a6fc1f2ed":[{"additionalInfo":{},"_id":"cmstaticview_r1YW-IFS2iB_BykeIe_fL","name":"stv","description":"","lastModifiedInfo":{"userId":"xierulei@cn.ibm.com","date":"2020-02-05T07:59:44Z"}}]},"cmDynamicViews":{"artifacttype_6e1239a1-6a68-3dae-ae87-b05ecf80d25b":[{"additionalInfo":{},"_id":"cmdynamicview_rkSgbLKHhsB_BykeIe_fL","name":"dv","description":"","lastModifiedInfo":{"userId":"xierulei@cn.ibm.com","date":"2020-02-05T07:59:45Z"}}]},"useCaseViews":{"artifacttype_cde39d5e-c892-3093-ab3d-bad448acb8a0":[{"additionalInfo":{},"_id":"usecasediagram_rkarZ8tBhsr_BykeIe_fL","name":"ucd","description":"ucd desc","lastModifiedInfo":{"userId":"xierulei@cn.ibm.com","date":"2020-02-05T07:59:38Z"}}]}},"combined":{"coreInfo":[{"_id":"du_Sy_4bIYHnjB_BykeIe_fL","name":"du5","description":"","level":"Functional","type":"Executable","label":"du5","modelType":"DU"},{"_id":"du_ByTm-8FB2jH_BykeIe_fL","name":"du4","description":"","level":"Functional","type":"Executable","label":"du4","modelType":"DU"},{"_id":"du_ByaMWIYSnsB_BykeIe_fL","name":"du3","description":"","level":"Functional","type":"Executable","label":"du3","modelType":"DU"},{"modelType":"UseCase","alternativeFlows":"","description":"","_id":"usecase_HkfxbLtBhiH_BykeIe_fL","basicFlow":"","label":"ki2VuEme6u1f7iB5ZLeebqj69P8pb61C19G9701q3o75zq6S0L","uc_id":"uc2"},{"modelType":"UseCase","description":"","_id":"usecase_B1HbIKB3jB_BykeIe_fL","label":"uc1","uc_id":"uc1"},{"modelType":"Association","description":"","_id":"association_Sykg-IFH2jB_BykeIe_fL","type":"","label":"","from":"usecase_B1HbIKB3jB_BykeIe_fL","to":"actor_SJOZUtB2jB_BykeIe_fL"},{"modelType":"Actor","description":"","_id":"actor_SJOZUtB2jB_BykeIe_fL","type":"Human","label":"Human"},{"modelType":"SpecializationConnection","_id":"specializationconnection_SkIDWIYSnjS_BykeIe_fL","type":"child","label":"","to":"specialization_H1DPWUKShoH_BykeIe_fL","from":"entity_SJRm-UFS3iS_BykeIe_fL"},{"modelType":"Entity","description":"","_id":"entity_SJRm-UFS3iS_BykeIe_fL","label":"Entity2"},{"modelType":"Specialization","description":"","_id":"specialization_H1DPWUKShoH_BykeIe_fL","label":"ISA"},{"modelType":"SpecializationConnection","_id":"specializationconnection_r1kOW8YHhiB_BykeIe_fL","type":"parent","label":"","to":"entity_HJe4-LtrhjS_BykeIe_fL","from":"specialization_H1DPWUKShoH_BykeIe_fL"},{"modelType":"Entity","description":"","_id":"entity_HJe4-LtrhjS_BykeIe_fL","label":"Entity1"},{"modelType":"RelationshipConnection","_id":"relationshipconnection_B19PWIYrhjH_BykeIe_fL","type":"1","label":"1","to":"entity_SJRm-UFS3iS_BykeIe_fL","from":"relationship_ry3v-IKH3sS_BykeIe_fL"},{"modelType":"Relationship","description":"","_id":"relationship_ry3v-IKH3sS_BykeIe_fL","label":"Relationship"},{"modelType":"RelationshipConnection","_id":"relationshipconnection_B1WOZUKSniB_BykeIe_fL","type":"1","label":"1","from":"relationship_ry3v-IKH3sS_BykeIe_fL","to":"entity_HJe4-LtrhjS_BykeIe_fL"},{"modelType":"LogicalComponent","level":"Application","description":"","_id":"logicalcomponent_BJnb-8YH2ir_BykeIe_fL","label":"lc1","children":"physicalcomponent_SyJMZIKr2iS_BykeIe_fL"},{"modelType":"LogicalConnector","description":"","_id":"logicalconnector_r1rBZ8FHhoH_BykeIe_fL","label":""},{"modelType":"PhysicalComponent","description":"","_id":"physicalcomponent_SyJMZIKr2iS_BykeIe_fL","url":"","label":"pc1"},{"level":"Functional","description":"This was derived from the logical node in the IT System View","_id":"du_BJ_QWLtBhsH_BykeIe_fL","type":"Executable","modelType":"DU","label":"SYS_DU_1Nj8gdSmShH","children":"logicalcomponent_ByembUFSnjH_BykeIe_fL"},{"level":"Functional","description":"","_id":"du_r1NVW8tSniS_BykeIe_fL","type":"Executable","modelType":"DU","label":"du1"},{"modelType":"LogicalNode","description":"","_id":"logicalnode_SyLQb8Kr2oS_BykeIe_fL","cardinality":"1","label":"ln2","children":"du_BJ_QWLtBhsH_BykeIe_fL"},{"modelType":"LogicalComponent","level":"Application","description":"This was derived from the deployment unit in the IT System View","_id":"logicalcomponent_ByembUFSnjH_BykeIe_fL","label":"SYS_LC_1Nj8gdSmShH","children":"physicalcomponent_HJb7ZUKr2oH_BykeIe_fL"},{"modelType":"PhysicalComponent","description":"","_id":"physicalcomponent_HJb7ZUKr2oH_BykeIe_fL","url":"","label":"pc2"},{"modelType":"PhysicalNode","description":"","_id":"physicalnode_HyX7W8YSnoB_BykeIe_fL","type":"Container","cardinality":"1","label":"C. Node"},{"modelType":"PhysicalNode","description":"","_id":"physicalnode_rJM7bUtHhjS_BykeIe_fL","type":"Virtual","cardinality":"1","label":"V. Node","children":"logicalnode_SyLQb8Kr2oS_BykeIe_fL,physicalnode_HyX7W8YSnoB_BykeIe_fL"},{"modelType":"PhysicalNode","description":"","_id":"physicalnode_rkjXWUYHnoB_BykeIe_fL","type":"Physical","cardinality":"1","label":"P. Node","children":"logicalnode_rk9fWIFShsB_BykeIe_fL,physicalnode_rJM7bUtHhjS_BykeIe_fL"},{"modelType":"LogicalNode","description":"","_id":"logicalnode_rk9fWIFShsB_BykeIe_fL","cardinality":"1","label":"ln5"},{"modelType":"OMLocation","description":"","_id":"omlocation_r1SE-IKH2oB_BykeIe_fL","cardinality":"1","label":"OMLocation","children":"actor_SJOZUtB2jB_BykeIe_fL,physicalnode_rkjXWUYHnoB_BykeIe_fL,logicalnode_SyLQb8Kr2oS_BykeIe_fL,logicalnode_rk9fWIFShsB_BykeIe_fL"},{"modelType":"LogicalConnector","description":"","_id":"logicalconnector_HJpubLKH2or_BykeIe_fL","label":""},{"modelType":"LogicalConnector","description":"","_id":"logicalconnector_BylK-8FrniS_BykeIe_fL","label":""},{"modelType":"LogicalComponent","level":"Application","description":"","_id":"logicalcomponent_B10zW8tB3iS_BykeIe_fL","label":"Channel"},{"modelType":"Actor","description":"","_id":"actor_Sy_ebLYBniB_BykeIe_fL","type":"IT System","label":"IT System"},{"modelType":"LogicalComponent","level":"Application","description":"","_id":"logicalcomponent_ryQMWUKB2iS_BykeIe_fL","label":"lc3","children":"physicalcomponent_rkHfbLtHhsS_BykeIe_fL"},{"modelType":"LogicalConnector","description":"","_id":"logicalconnector_rk5-bUFr2ir_BykeIe_fL","label":""},{"modelType":"LogicalConnector","description":"","_id":"logicalconnector_SyWMZIFB3oH_BykeIe_fL","label":"LogicalConnector"},{"modelType":"PhysicalComponent","description":"","_id":"physicalcomponent_rkHfbLtHhsS_BykeIe_fL","url":"","label":"pc3"},{"modelType":"LogicalComponent","level":"Application","description":"","_id":"logicalcomponent_B1ebZUYrnir_BykeIe_fL","label":"lc4","children":"physicalcomponent_ryb-bLFrnjB_BykeIe_fL"},{"modelType":"PhysicalComponent","description":"","_id":"physicalcomponent_ryb-bLFrnjB_BykeIe_fL","url":"","label":"pc4"},{"modelType":"Association","description":"","_id":"association_Sy0H-8tr3sS_BykeIe_fL","type":"Extend","label":"Extend"}]},"textual":{"instances":{"usecasetext_SyzlUxdM8":{"coreInfo":[{"modelType":"UseCaseText","lastModifiedUserId":"xierulei@cn.ibm.com","description":"","_id":"usecasetext_SyzlUxdM8","lastModified":"2020-02-05T07:59:38Z","label":"ki2vueme6u1f7ib5zleebqj69p8pb61c19g9701q3o75zq6s0l_r1xGgIguM8","children":"usecase_HkfxbLtBhiH_BykeIe_fL"}]},"usecasetext_r1fGxIxuz8":{"coreInfo":[{"modelType":"UseCaseText","lastModifiedUserId":"xierulei@cn.ibm.com","description":"","_id":"usecasetext_r1fGxIxuz8","lastModified":"2020-02-05T07:59:38Z","label":"uc1_SJmGg8xOMU","children":"usecase_B1HbIKB3jB_BykeIe_fL,association_Sykg-IFH2jB_BykeIe_fL,actor_SJOZUtB2jB_BykeIe_fL"}]},"architectureprinciple_S1gPWLtS3jB_BykeIe_fL":{"coreInfo":[{"modelType":"ArchitecturePrinciple","lastModifiedUserId":"xierulei@cn.ibm.com","_id":"architectureprinciple_S1gPWLtS3jB_BykeIe_fL","lastModified":"2020-02-05T07:59:35Z","label":"ap1"}]},"dependency_BJOGbIFHhoS_BykeIe_fL":{"coreInfo":[{"modelType":"Dependency","isKey":true,"lastModifiedUserId":"xierulei@cn.ibm.com","description":"","effectOnPlan":"","_id":"dependency_BJOGbIFHhoS_BykeIe_fL","lastModified":"2020-02-05T07:59:35Z","label":"d"}]},"notes_rkXK-LFHnsH_BykeIe_fL":{"coreInfo":[{"modelType":"Notes","attachments":["https://cse-qa-app.austin.ibm.com:4009/api/FileManagerAPIs/containers/cafiles/files/file_f1d6d88d4d643292.json#arch_Hy6bTLneB.summary.json","https://cse-qa-app.austin.ibm.com:4009/api/FileManagerAPIs/containers/cafiles/files/file_c512fe5e0450b076.json#arch_Hy6bTLneB.detail.json"],"lastModifiedUserId":"xierulei@cn.ibm.com","_id":"notes_rkXK-LFHnsH_BykeIe_fL","lastModified":"2020-02-05T07:59:38Z","content":"<img style=\"height:100px;\" src=\"/api/FileManagerAPIs/containers/cafiles/files/file_31854f1a0a70be4e.png\"><img style=\"height:100px;\" src=\"/api/FileManagerAPIs/containers/cafiles/files/file_3b9e4ae38a3e6a56.png\">","label":"note"},{"modelType":"Label","description":"Notification","_id":"label_SJrK-8tr2iH_BykeIe_fL","userId":"xierulei@cn.ibm.com","label":"Notification"},{"modelType":"Label","description":"Workshop Jan. 2019","_id":"label_BJ8tZUYH2jH_BykeIe_fL","userId":"xierulei@cn.ibm.com","label":"Workshop Jan. 2019"},{"modelType":"Label","description":"this","_id":"label_rJNY-UYH2oS_BykeIe_fL","userId":"xierulei@cn.ibm.com","label":"this"},{"modelType":"Label","description":"ha'h","_id":"label_H1vKZLtH2sS_BykeIe_fL","userId":"xierulei@cn.ibm.com","label":"ha'h"}]},"architecturaldecision_rJKFWUFr3iS_BykeIe_fL":{"coreInfo":[{"modelType":"ArchitecturalDecision","lastUpdated":"2019-07-05","lastModifiedUserId":"xierulei@cn.ibm.com","_id":"architecturaldecision_rJKFWUFr3iS_BykeIe_fL","lastModified":"2020-02-05T07:59:35Z","status":"proposed","label":"ad","ad_id":"ad","children":"logicalcomponent_BJnb-8YH2ir_BykeIe_fL,logicalnode_SyLQb8Kr2oS_BykeIe_fL,physicalnode_rJM7bUtHhjS_BykeIe_fL,logicalnode_rk9fWIFShsB_BykeIe_fL,physicalnode_HyX7W8YSnoB_BykeIe_fL,physicalnode_rkjXWUYHnoB_BykeIe_fL,logicalcomponent_ryQMWUKB2iS_BykeIe_fL,logicalcomponent_B1ebZUYrnir_BykeIe_fL"}]},"executivesummary_rk3IZLYS3ir_BykeIe_fL":{"coreInfo":[{"modelType":"ExecutiveSummary","lastModifiedUserId":"xierulei@cn.ibm.com","description":"Y07EsIJsyJx06iaM7CXhtYmTo9Bthis is overview<div><br></div><img style=\"height:100px;\" src=\"/api/FileManagerAPIs/containers/cafiles/files/file_fc52d57b2b7b992c.png\">","_id":"executivesummary_rk3IZLYS3ir_BykeIe_fL","lastModified":"2020-02-05T07:59:35Z","label":""}]},"risk_BkCIWLtShjS_BykeIe_fL":{"coreInfo":[{"modelType":"Risk","lastModifiedUserId":"xierulei@cn.ibm.com","_id":"risk_BkCIWLtShjS_BykeIe_fL","lastModified":"2020-02-05T07:59:35Z","label":"risk"}]},"assumption_rybZLYHhor_BykeIe_fL":{"coreInfo":[{"modelType":"Assumption","lastModifiedUserId":"xierulei@cn.ibm.com","_id":"assumption_rybZLYHhor_BykeIe_fL","lastModified":"2020-02-05T07:59:35Z","label":"a1"}]},"assumption_ryGWUtr2jB_BykeIe_fL":{"coreInfo":[{"modelType":"Assumption","lastModifiedUserId":"xierulei@cn.ibm.com","_id":"assumption_ryGWUtr2jB_BykeIe_fL","lastModified":"2020-02-05T07:59:35Z","label":"a2"}]},"nonfunctionalrequirement_HkzU-UtS3oS_BykeIe_fL":{"coreInfo":[{"modelType":"NonFunctionalRequirement","lastModifiedUserId":"xierulei@cn.ibm.com","theme":"Performance","_id":"nonfunctionalrequirement_HkzU-UtS3oS_BykeIe_fL","lastModified":"2020-02-05T07:59:35Z","priority":"Critical","label":"nfr","nfr_id":"nfr","children":"du_r1NVW8tSniS_BykeIe_fL,logicalcomponent_BJnb-8YH2ir_BykeIe_fL,logicalnode_SyLQb8Kr2oS_BykeIe_fL,physicalnode_HyX7W8YSnoB_BykeIe_fL,physicalnode_rJM7bUtHhjS_BykeIe_fL,physicalnode_rkjXWUYHnoB_BykeIe_fL,logicalnode_rk9fWIFShsB_BykeIe_fL,logicalcomponent_ryQMWUKB2iS_BykeIe_fL,logicalcomponent_B1ebZUYrnir_BykeIe_fL"}]},"businesschallenge_BJ9IZ8YB2jS_BykeIe_fL":{"coreInfo":[{"modelType":"BusinessChallenge","lastModifiedUserId":"xierulei@cn.ibm.com","description":"this is bc<div><br></div><img style=\"height:100px;\" src=\"/api/FileManagerAPIs/containers/cafiles/files/file_fc52d57b2b7b992c.png\">","_id":"businesschallenge_BJ9IZ8YB2jS_BykeIe_fL","lastModified":"2020-02-05T07:59:35Z","label":""}]},"functionalrequirement_B15VWUKrniB_BykeIe_fL":{"coreInfo":[{"modelType":"FunctionalRequirement","owner":"fr","impact":"fr","lastModifiedUserId":"xierulei@cn.ibm.com","description":"fr","weight":"Low","id":"fr","_id":"functionalrequirement_B15VWUKrniB_BykeIe_fL","lastModified":"2020-02-05T07:59:42Z","label":"fr","children":"logicalcomponent_BJnb-8YH2ir_BykeIe_fL"}]},"issue_HJQvWLKHnoB_BykeIe_fL":{"coreInfo":[{"modelType":"Issue","lastModifiedUserId":"xierulei@cn.ibm.com","_id":"issue_HJQvWLKHnoB_BykeIe_fL","lastModified":"2020-02-05T07:59:35Z","label":"i2"}]},"issue_BJGwW8YBnoB_BykeIe_fL":{"coreInfo":[{"modelType":"Issue","lastModifiedUserId":"xierulei@cn.ibm.com","_id":"issue_BJGwW8YBnoB_BykeIe_fL","lastModified":"2020-02-05T07:59:35Z","label":"i1"}]}}},"diagram":{"instances":{"logicalerd_HkrvWItrhor_BykeIe_fL":{"uiInfo":"<mxGraphModel dx=\"996\" dy=\"633\" grid=\"1\" gridSize=\"10\" guides=\"1\" tooltips=\"1\" connect=\"1\" arrows=\"1\" fold=\"1\" page=\"1\" pageScale=\"1\" pageWidth=\"1169\" pageHeight=\"827\" background=\"#ffffff\"><root><mxCell id=\"0\" modelId=\"logicalerd_HkrvWItrhor_BykeIe_fL\"></mxCell><mxCell id=\"1\" parent=\"0\"></mxCell><mxCell id=\"logicalerd_1SWSoDC3XaA_21SWSqNUBRGa\" style=\"swimlane;fontStyle=0;childLayout=stackLayout;horizontal=1;startSize=26;horizontalStack=0;resizeParent=1;resizeParentMax=0;resizeLast=0;collapsible=0;marginBottom=0;swimlaneFillColor=#ffffff;\" vertex=\"1\" modelId=\"entity_HJe4-LtrhjS_BykeIe_fL\" parent=\"1\"><mxGeometry x=\"330\" y=\"60\" width=\"140\" height=\"110\" as=\"geometry\"></mxGeometry></mxCell><mxCell id=\"logicalerd_1SWSoDC3XaA_31SWSrSDL5fH\" style=\"swimlane;fontStyle=0;childLayout=stackLayout;horizontal=1;startSize=26;horizontalStack=0;resizeParent=1;resizeParentMax=0;resizeLast=0;collapsible=0;marginBottom=0;swimlaneFillColor=#ffffff;\" vertex=\"1\" modelId=\"entity_SJRm-UFS3iS_BykeIe_fL\" parent=\"1\"><mxGeometry x=\"320\" y=\"510\" width=\"140\" height=\"110\" as=\"geometry\"></mxGeometry></mxCell><mxCell id=\"logicalerd_1SWSoDC3XaA_51SWSu4UNl4W\" style=\"rhombus;html=1;\" vertex=\"1\" modelId=\"relationship_ry3v-IKH3sS_BykeIe_fL\" parent=\"1\"><mxGeometry x=\"325\" y=\"285\" width=\"140\" height=\"70\" as=\"geometry\"></mxGeometry></mxCell><mxCell id=\"logicalerd_1SWSoDC3XaA_61SWSu4Wgn1Z\" style=\"edgeStyle=orthogonalEdgeStyle;html=1;fontStyle=1;fontSize=12;endArrow=none;endSize=8;editable=0;\" edge=\"1\" modelId=\"relationshipconnection_B1WOZUKSniB_BykeIe_fL\" parent=\"1\" source=\"logicalerd_1SWSoDC3XaA_21SWSqNUBRGa\" target=\"logicalerd_1SWSoDC3XaA_51SWSu4UNl4W\"><mxGeometry x=\"-0.5\" relative=\"1\" as=\"geometry\"></mxGeometry></mxCell><mxCell id=\"logicalerd_1SWSoDC3XaA_41SWSu4QlL7x\" style=\"edgeStyle=orthogonalEdgeStyle;html=1;fontStyle=1;fontSize=12;endArrow=none;endSize=8;editable=0;rounded=1;entryX=0.5;entryY=0;\" edge=\"1\" modelId=\"relationshipconnection_B19PWIYrhjH_BykeIe_fL\" parent=\"1\" source=\"logicalerd_1SWSoDC3XaA_51SWSu4UNl4W\" target=\"logicalerd_1SWSoDC3XaA_31SWSrSDL5fH\"><mxGeometry x=\"0.5\" relative=\"1\" as=\"geometry\"></mxGeometry></mxCell><mxCell id=\"logicalerd_1SWSoDC3XaA_71SWSuEJYEnA\" style=\"shape=triangle;whiteSpace=wrap;html=1;flipV=1;flipH=0;direction=south;hasHoverIcons=0;editable=0;\" vertex=\"1\" modelId=\"specialization_H1DPWUKShoH_BykeIe_fL\" parent=\"1\"><mxGeometry x=\"130\" y=\"290\" width=\"80\" height=\"60\" as=\"geometry\"></mxGeometry></mxCell><mxCell id=\"logicalerd_1SWSoDC3XaA_81SWSuEJpyaZ\" style=\"edgeStyle=orthogonalEdgeStyle;html=1;exitX=0;exitY=0.5;exitDx=0;exitDy=0;jettySize=auto;orthogonalLoop=1;endArrow=none;editable=0;entryX=0;entryY=0.5;\" edge=\"1\" modelId=\"specializationconnection_r1kOW8YHhiB_BykeIe_fL\" parent=\"1\" source=\"logicalerd_1SWSoDC3XaA_71SWSuEJYEnA\" target=\"logicalerd_1SWSoDC3XaA_21SWSqNUBRGa\"><mxGeometry relative=\"1\" as=\"geometry\"><mxPoint x=\"170\" y=\"230\" as=\"targetPoint\"></mxPoint><Array as=\"points\"><mxPoint x=\"170\" y=\"115\"></mxPoint></Array></mxGeometry></mxCell><mxCell id=\"logicalerd_1SWSoDC3XaA_91SWSuEKmuQJ\" style=\"edgeStyle=orthogonalEdgeStyle;html=1;entryX=1;entryY=0.5;exitDx=0;exitDy=0;jettySize=auto;orthogonalLoop=1;endArrow=none;editable=0;exitX=0;exitY=0.5;\" edge=\"1\" modelId=\"specializationconnection_SkIDWIYSnjS_BykeIe_fL\" parent=\"1\" source=\"logicalerd_1SWSoDC3XaA_31SWSrSDL5fH\" target=\"logicalerd_1SWSoDC3XaA_71SWSuEJYEnA\"><mxGeometry relative=\"1\" as=\"geometry\"><mxPoint x=\"170\" y=\"410\" as=\"sourcePoint\"></mxPoint><Array as=\"points\"><mxPoint x=\"170\" y=\"565\"></mxPoint></Array></mxGeometry></mxCell></root></mxGraphModel>","coreInfo":[{"modelType":"LogicalERD","lastModifiedUserId":"xierulei@cn.ibm.com","description":"","_id":"logicalerd_HkrvWItrhor_BykeIe_fL","lastModified":"2020-02-05T07:59:46Z","label":"erd"}]},"aodservices_Hk5Sb8tSnjS_BykeIe_fL":{"uiInfo":"<mxGraphModel dx=\"1138\" dy=\"549\" grid=\"1\" gridSize=\"10\" guides=\"1\" tooltips=\"1\" connect=\"1\" arrows=\"1\" fold=\"1\" page=\"1\" pageScale=\"1\" pageWidth=\"1169\" pageHeight=\"827\" background=\"#ffffff\"><root><mxCell id=\"0\" modelId=\"aodservices_Hk5Sb8tSnjS_BykeIe_fL\"></mxCell><mxCell id=\"1\" parent=\"0\"></mxCell><mxCell id=\"aodservices_S1jBxy56_Er_SkHl91qrB_31SQV46fRfKV\" style=\"swimlane;whiteSpace=wrap;html=1;align=left;swimlaneLine=0;verticalAlign=top;collapsible=0;\" vertex=\"1\" modelId=\"subsystem_SyUHWUYrnjH_BykeIe_fL\" parent=\"1\"><mxGeometry x=\"80\" y=\"155\" width=\"200\" height=\"150\" as=\"geometry\"></mxGeometry></mxCell><mxCell id=\"aodservices_S1jBxy56_Er_SkHl91qrB_41SQV46fBAZA\" style=\"rounded=1;whiteSpace=wrap;html=1;\" vertex=\"1\" modelId=\"logicalcomponent_BJnb-8YH2ir_BykeIe_fL\" parent=\"1\"><mxGeometry x=\"710\" y=\"170\" width=\"120\" height=\"60\" as=\"geometry\"></mxGeometry></mxCell><mxCell id=\"aodservices_S1jBxy56_Er_SkHl91qrB_51SQV46frFoT\" style=\"edgeStyle=orthogonalEdgeStyle;rounded=0;html=1;jettySize=auto;orthogonalLoop=1;\" edge=\"1\" modelId=\"logicalconnector_r1rBZ8FHhoH_BykeIe_fL\" parent=\"1\" source=\"aodservices_S1jBxy56_Er_SkHl91qrB_31SQV46fRfKV\" target=\"aodservices_S1jBxy56_Er_SkHl91qrB_41SQV46fBAZA\"><mxGeometry relative=\"1\" as=\"geometry\"></mxGeometry></mxCell></root></mxGraphModel>","coreInfo":[{"modelType":"AODServices","lastModifiedUserId":"xierulei@cn.ibm.com","description":"","_id":"aodservices_Hk5Sb8tSnjS_BykeIe_fL","lastModified":"2020-02-05T07:59:39Z","label":"sv"},{"modelType":"SubSystem","description":"","_id":"subsystem_SyUHWUYrnjH_BykeIe_fL","label":"SubSystem"}]},"aoditsystem_HJEOWLYrnoH_BykeIe_fL":{"uiInfo":"<mxGraphModel dx=\"939\" dy=\"598\" grid=\"1\" gridSize=\"10\" guides=\"1\" tooltips=\"1\" connect=\"1\" arrows=\"1\" fold=\"1\" page=\"1\" pageScale=\"1\" pageWidth=\"1169\" pageHeight=\"827\" background=\"#ffffff\"><root><mxCell id=\"0\" modelId=\"aoditsystem_HJEOWLYrnoH_BykeIe_fL\"></mxCell><mxCell id=\"1\" parent=\"0\"></mxCell><mxCell id=\"aoditsystem_HkyLxJ5TuVS_21RCZiFWr2ek\" style=\"whiteSpace=wrap;html=1;align=center;verticalAlign=top;strokeWidth=4;strokeColor=#CCCCCC;fillColor=none;\" vertex=\"1\" modelId=\"location_r1Ud-UYH3oH_BykeIe_fL\" parent=\"1\"><mxGeometry x=\"480\" y=\"110\" width=\"250\" height=\"200\" as=\"geometry\"></mxGeometry></mxCell><mxCell id=\"aoditsystem_HkyLxJ5TuVS_31RCZiFWn6of\" style=\"shape=image;html=1;verticalLabelPosition=bottom;labelBackgroundColor=#ffffff;verticalAlign=top;imageAspect=0;image=/cogarch/assets/mxgraph/stencils/clipart/others/generic.svg\" vertex=\"1\" modelId=\"logicalnode_SyLQb8Kr2oS_BykeIe_fL\" parent=\"1\"><mxGeometry x=\"590\" y=\"180\" width=\"60\" height=\"60\" as=\"geometry\"></mxGeometry></mxCell></root></mxGraphModel>","coreInfo":[{"modelType":"AODITSystem","lastModifiedUserId":"xierulei@cn.ibm.com","description":"","_id":"aoditsystem_HJEOWLYrnoH_BykeIe_fL","lastModified":"2020-02-05T07:59:41Z","label":"itsv"},{"modelType":"Location","description":"","_id":"location_r1Ud-UYH3oH_BykeIe_fL","label":"Location","children":"logicalnode_SyLQb8Kr2oS_BykeIe_fL"}]},"pomview_HkNIbUYSnsS_BykeIe_fL":{"uiInfo":"<mxGraphModel dx=\"1182\" dy=\"477\" grid=\"1\" gridSize=\"10\" guides=\"1\" tooltips=\"1\" connect=\"1\" arrows=\"1\" fold=\"1\" page=\"1\" pageScale=\"1\" pageWidth=\"1169\" pageHeight=\"827\" background=\"#ffffff\"><root><mxCell id=\"0\" modelId=\"pomview_HkNIbUYSnsS_BykeIe_fL\"></mxCell><mxCell id=\"1\" parent=\"0\"></mxCell><mxCell id=\"pomview_1Nja2QQ9MGC_21NjaefMJJ8k\" style=\"shape=corner;whiteSpace=wrap;html=1;fillColor=none;container=1;align=center;verticalAlign=top;strokeWidth=4;strokeColor=#CCCCCC;dx=450;dy=300;\" vertex=\"1\" modelId=\"omlocation_r1SE-IKH2oB_BykeIe_fL\" parent=\"1\"><mxGeometry x=\"400\" y=\"90\" width=\"450\" height=\"435\" as=\"geometry\"></mxGeometry></mxCell><mxCell id=\"pomview_1Nja2QQ9MGC_31NjaefMk8H8\" style=\"shape=umlActor;html=1;verticalLabelPosition=bottom;verticalAlign=top;\" vertex=\"1\" modelId=\"actor_SJOZUtB2jB_BykeIe_fL\" parent=\"pomview_1Nja2QQ9MGC_21NjaefMJJ8k\"><mxGeometry x=\"50\" y=\"35\" width=\"35\" height=\"70\" as=\"geometry\"></mxGeometry></mxCell><mxCell id=\"pomview_1Nja2QQ9MGC_41NjaefMvADT\" style=\"swimlane;fontStyle=0;horizontal=1;startSize=26;horizontalStack=0;resizeParent=1;resizeParentMax=0;resizeLast=0;collapsible=1;marginBottom=0;swimlaneFillColor=#ffffff;\" vertex=\"1\" modelId=\"physicalnode_rkjXWUYHnoB_BykeIe_fL\" parent=\"pomview_1Nja2QQ9MGC_21NjaefMJJ8k\"><mxGeometry x=\"160\" y=\"95\" width=\"280\" height=\"340\" as=\"geometry\"></mxGeometry></mxCell><mxCell id=\"pomview_1Nja2QQ9MGC_51NjaefMNl2l\" style=\"swimlane;fontStyle=0;childLayout=stackLayout;horizontal=1;startSize=26;horizontalStack=0;resizeParent=1;resizeParentMax=0;resizeLast=0;collapsible=1;marginBottom=0;swimlaneFillColor=#ffffff;\" vertex=\"1\" modelId=\"logicalnode_rk9fWIFShsB_BykeIe_fL\" parent=\"pomview_1Nja2QQ9MGC_41NjaefMvADT\"><mxGeometry x=\"50\" y=\"55\" width=\"140\" height=\"110\" as=\"geometry\"></mxGeometry></mxCell><mxCell id=\"pomview_1Nja2QQ9MGC_321Njai8KsfeQ\" style=\"swimlane;fontStyle=0;horizontal=1;startSize=26;horizontalStack=0;resizeParent=1;resizeParentMax=0;resizeLast=0;collapsible=1;marginBottom=0;swimlaneFillColor=#ffffff;\" vertex=\"1\" modelId=\"physicalnode_rJM7bUtHhjS_BykeIe_fL\" parent=\"pomview_1Nja2QQ9MGC_41NjaefMvADT\"><mxGeometry x=\"20\" y=\"150\" width=\"260\" height=\"190\" as=\"geometry\"></mxGeometry></mxCell><mxCell id=\"pomview_1Nja2QQ9MGC_331Njajkllvxs\" style=\"swimlane;fontStyle=0;horizontal=1;startSize=26;horizontalStack=0;resizeParent=1;resizeParentMax=0;resizeLast=0;collapsible=1;marginBottom=0;swimlaneFillColor=#ffffff;\" vertex=\"1\" modelId=\"physicalnode_HyX7W8YSnoB_BykeIe_fL\" parent=\"pomview_1Nja2QQ9MGC_321Njai8KsfeQ\"><mxGeometry x=\"120\" y=\"25\" width=\"140\" height=\"110\" as=\"geometry\"></mxGeometry></mxCell><mxCell id=\"pomview_1Nja2QQ9MGC_351Njaowr7n4W\" style=\"swimlane;fontStyle=0;childLayout=stackLayout;horizontal=1;startSize=26;horizontalStack=0;resizeParent=1;resizeParentMax=0;resizeLast=0;collapsible=1;marginBottom=0;swimlaneFillColor=#ffffff;\" vertex=\"1\" modelId=\"logicalnode_SyLQb8Kr2oS_BykeIe_fL\" parent=\"pomview_1Nja2QQ9MGC_321Njai8KsfeQ\"><mxGeometry x=\"20\" y=\"80\" width=\"140\" height=\"50\" as=\"geometry\"></mxGeometry></mxCell><mxCell id=\"pomview_1Nja2QQ9MGC_61NjaefM9qrg\" style=\"endArrow=classic;html=1;noLabel=0;\" edge=\"1\" modelId=\"logicalconnection_rJU8ZLKBhiH_BykeIe_fL\" parent=\"pomview_1Nja2QQ9MGC_21NjaefMJJ8k\" source=\"pomview_1Nja2QQ9MGC_31NjaefMk8H8\" target=\"pomview_1Nja2QQ9MGC_51NjaefMNl2l\"><mxGeometry relative=\"1\" as=\"geometry\"></mxGeometry></mxCell></root></mxGraphModel>","coreInfo":[{"modelType":"POMView","logicalLayerStatus":"on","lastModifiedUserId":"xierulei@cn.ibm.com","description":"","_id":"pomview_HkNIbUYSnsS_BykeIe_fL","lastModified":"2020-02-05T07:59:43Z","label":"pom"},{"modelType":"PhysicalNode","description":"","_id":"physicalnode_HyX7W8YSnoB_BykeIe_fL","type":"Container","cardinality":"1","label":"C. Node"},{"modelType":"PhysicalNode","description":"","_id":"physicalnode_rJM7bUtHhjS_BykeIe_fL","type":"Virtual","cardinality":"1","label":"V. Node","children":"logicalnode_SyLQb8Kr2oS_BykeIe_fL,physicalnode_HyX7W8YSnoB_BykeIe_fL"},{"modelType":"PhysicalNode","description":"","_id":"physicalnode_rkjXWUYHnoB_BykeIe_fL","type":"Physical","cardinality":"1","label":"P. Node","children":"logicalnode_rk9fWIFShsB_BykeIe_fL,physicalnode_rJM7bUtHhjS_BykeIe_fL"},{"modelType":"OMLocation","description":"","_id":"omlocation_r1SE-IKH2oB_BykeIe_fL","cardinality":"1","label":"OMLocation","children":"actor_SJOZUtB2jB_BykeIe_fL,physicalnode_rkjXWUYHnoB_BykeIe_fL"},{"modelType":"LogicalConnection","description":"","_id":"logicalconnection_rJU8ZLKBhiH_BykeIe_fL","flowType":"Message (MQ, SMTP, SNMP, etc)","label":"","to":"logicalnode_rk9fWIFShsB_BykeIe_fL","from":"actor_SJOZUtB2jB_BykeIe_fL"}]},"aodenterprise_Hy2_bLYS2sr_BykeIe_fL":{"uiInfo":"<mxGraphModel dx=\"939\" dy=\"598\" grid=\"1\" gridSize=\"10\" guides=\"1\" tooltips=\"1\" connect=\"1\" arrows=\"1\" fold=\"1\" page=\"1\" pageScale=\"1\" pageWidth=\"1169\" pageHeight=\"827\" background=\"#ffffff\"><root><mxCell id=\"0\" modelId=\"aodenterprise_Hy2_bLYS2sr_BykeIe_fL\"></mxCell><mxCell id=\"1\" parent=\"0\"></mxCell><mxCell id=\"aodenterprise_SkDEey5puEH_21RCZcrehHmm\" style=\"shape=image;html=1;verticalLabelPosition=bottom;labelBackgroundColor=#ffffff;verticalAlign=top;imageAspect=0;image=/cogarch/assets/mxgraph/stencils/clipart/aodenterprise/channel.svg\" vertex=\"1\" modelId=\"logicalcomponent_B10zW8tB3iS_BykeIe_fL\" parent=\"1\"><mxGeometry x=\"610\" y=\"110\" width=\"72\" height=\"50\" as=\"geometry\"></mxGeometry></mxCell><mxCell id=\"aodenterprise_SkDEey5puEH_31RCZcrfAYlm\" style=\"shape=umlActor;html=1;verticalLabelPosition=bottom;verticalAlign=top;\" vertex=\"1\" modelId=\"actor_SJOZUtB2jB_BykeIe_fL\" parent=\"1\"><mxGeometry x=\"230\" y=\"200\" width=\"35\" height=\"70\" as=\"geometry\"></mxGeometry></mxCell><mxCell id=\"aodenterprise_SkDEey5puEH_51RCZcrfKDP8\" style=\"edgeStyle=orthogonalEdgeStyle;rounded=0;html=1;entryX=0;entryY=0.5;jettySize=auto;orthogonalLoop=1;\" edge=\"1\" modelId=\"logicalconnector_BylK-8FrniS_BykeIe_fL\" parent=\"1\" source=\"aodenterprise_SkDEey5puEH_31RCZcrfAYlm\" target=\"aodenterprise_SkDEey5puEH_21RCZcrehHmm\"><mxGeometry relative=\"1\" as=\"geometry\"></mxGeometry></mxCell><mxCell id=\"aodenterprise_SkDEey5puEH_71RCZcrfLs2P\" style=\"rounded=1;whiteSpace=wrap;html=1;\" vertex=\"1\" modelId=\"logicalcomponent_BJnb-8YH2ir_BykeIe_fL\" parent=\"1\"><mxGeometry x=\"341\" y=\"370\" width=\"120\" height=\"60\" as=\"geometry\"></mxGeometry></mxCell><mxCell id=\"aodenterprise_SkDEey5puEH_81RCZcrfZGju\" style=\"edgeStyle=orthogonalEdgeStyle;rounded=0;html=1;jettySize=auto;orthogonalLoop=1;\" edge=\"1\" modelId=\"logicalconnector_HJpubLKH2or_BykeIe_fL\" parent=\"1\" source=\"aodenterprise_SkDEey5puEH_31RCZcrfAYlm\" target=\"aodenterprise_SkDEey5puEH_71RCZcrfLs2P\"><mxGeometry relative=\"1\" as=\"geometry\"></mxGeometry></mxCell></root></mxGraphModel>","coreInfo":[{"modelType":"AODEnterprise","lastModifiedUserId":"xierulei@cn.ibm.com","description":"","_id":"aodenterprise_Hy2_bLYS2sr_BykeIe_fL","lastModified":"2020-02-05T07:59:40Z","label":"ev"}]},"lomview_25dY6AuIUxy_BykeIe_fL":{"uiInfo":"<mxGraphModel dx=\"838\" dy=\"661\" grid=\"1\" gridSize=\"10\" guides=\"1\" tooltips=\"1\" connect=\"1\" arrows=\"1\" fold=\"1\" page=\"1\" pageScale=\"1\" pageWidth=\"1169\" pageHeight=\"827\" background=\"#ffffff\"><root><mxCell id=\"0\" modelId=\"lomview_25dY6AuIUxy_BykeIe_fL\"></mxCell><mxCell id=\"1\" parent=\"0\"></mxCell></root></mxGraphModel>","coreInfo":[{"modelType":"LOMView","lastModifiedUserId":"xierulei@cn.ibm.com","description":"","_id":"lomview_25dY6AuIUxy_BykeIe_fL","lastModified":"2020-02-05T07:59:42Z","label":"OXP9kt5gHO"}]},"lomview_25dY26QkO0B_BykeIe_fL":{"uiInfo":"<mxGraphModel dx=\"838\" dy=\"661\" grid=\"1\" gridSize=\"10\" guides=\"1\" tooltips=\"1\" connect=\"1\" arrows=\"1\" fold=\"1\" page=\"1\" pageScale=\"1\" pageWidth=\"1169\" pageHeight=\"827\" background=\"#ffffff\"><root><mxCell id=\"0\" modelId=\"lomview_25dY26QkO0B_BykeIe_fL\"></mxCell><mxCell id=\"1\" parent=\"0\"></mxCell></root></mxGraphModel>","coreInfo":[{"modelType":"LOMView","lastModifiedUserId":"xierulei@cn.ibm.com","description":"","_id":"lomview_25dY26QkO0B_BykeIe_fL","lastModified":"2020-02-05T07:59:42Z","label":"pML8H3V46U"}]},"lomview_rJYub8Yr2jB_BykeIe_fL":{"uiInfo":"<mxGraphModel dx=\"939\" dy=\"598\" grid=\"1\" gridSize=\"10\" guides=\"1\" tooltips=\"1\" connect=\"1\" arrows=\"1\" fold=\"1\" page=\"1\" pageScale=\"1\" pageWidth=\"1169\" pageHeight=\"827\" background=\"#ffffff\"><root><mxCell id=\"0\" modelId=\"lomview_rJYub8Yr2jB_BykeIe_fL\"></mxCell><mxCell id=\"1\" parent=\"0\"></mxCell><mxCell id=\"lomview_SkWlk5TO4B_21RCZD2oAETt\" style=\"shape=corner;whiteSpace=wrap;html=1;fillColor=none;container=1;align=center;verticalAlign=top;strokeWidth=4;strokeColor=#CCCCCC;dx=450;dy=300;\" vertex=\"1\" modelId=\"omlocation_r1SE-IKH2oB_BykeIe_fL\" parent=\"1\"><mxGeometry x=\"400\" y=\"90\" width=\"450\" height=\"300\" as=\"geometry\"></mxGeometry></mxCell><mxCell id=\"lomview_SkWlk5TO4B_31RCZD2ovY7J\" style=\"swimlane;fontStyle=0;childLayout=stackLayout;horizontal=1;startSize=26;horizontalStack=0;resizeParent=1;resizeParentMax=0;resizeLast=0;collapsible=1;marginBottom=0;swimlaneFillColor=#ffffff;\" vertex=\"1\" modelId=\"logicalnode_rk9fWIFShsB_BykeIe_fL\" parent=\"lomview_SkWlk5TO4B_21RCZD2oAETt\"><mxGeometry x=\"115\" y=\"180\" width=\"140\" height=\"110\" as=\"geometry\"></mxGeometry></mxCell><mxCell id=\"lomview_SkWlk5TO4B_41RCZD2oTzdv\" style=\"shape=umlActor;html=1;verticalLabelPosition=bottom;verticalAlign=top;\" vertex=\"1\" modelId=\"actor_SJOZUtB2jB_BykeIe_fL\" parent=\"lomview_SkWlk5TO4B_21RCZD2oAETt\"><mxGeometry x=\"50\" y=\"35\" width=\"35\" height=\"70\" as=\"geometry\"></mxGeometry></mxCell><mxCell id=\"lomview_SkWlk5TO4B_61RCZD2oSJOu\" style=\"swimlane;fontStyle=0;childLayout=stackLayout;horizontal=1;startSize=26;horizontalStack=0;resizeParent=1;resizeParentMax=0;resizeLast=0;collapsible=1;marginBottom=0;swimlaneFillColor=#ffffff;\" vertex=\"1\" modelId=\"logicalnode_SyLQb8Kr2oS_BykeIe_fL\" parent=\"lomview_SkWlk5TO4B_21RCZD2oAETt\"><mxGeometry x=\"290\" y=\"130\" width=\"140\" height=\"50\" as=\"geometry\"></mxGeometry></mxCell></root></mxGraphModel>","coreInfo":[{"modelType":"LOMView","lastModifiedUserId":"xierulei@cn.ibm.com","description":"","_id":"lomview_rJYub8Yr2jB_BykeIe_fL","lastModified":"2020-02-05T07:59:42Z","label":"lom"},{"modelType":"PhysicalNode","description":"","_id":"physicalnode_HyX7W8YSnoB_BykeIe_fL","type":"Container","cardinality":"1","owned":"-1","label":"C. Node"},{"modelType":"PhysicalNode","description":"","_id":"physicalnode_rJM7bUtHhjS_BykeIe_fL","type":"Virtual","cardinality":"1","owned":"-1","label":"V. Node"},{"modelType":"PhysicalNode","description":"","_id":"physicalnode_rkjXWUYHnoB_BykeIe_fL","type":"Physical","cardinality":"1","owned":"-1","label":"P. Node"},{"modelType":"OMLocation","description":"","_id":"omlocation_r1SE-IKH2oB_BykeIe_fL","cardinality":"1","label":"OMLocation","children":"actor_SJOZUtB2jB_BykeIe_fL,logicalnode_SyLQb8Kr2oS_BykeIe_fL,logicalnode_rk9fWIFShsB_BykeIe_fL"}]},"systemcontext_Sk34-LFrhsB_BykeIe_fL":{"uiInfo":"<mxGraphModel dx=\"761\" dy=\"661\" grid=\"1\" gridSize=\"10\" guides=\"1\" tooltips=\"1\" connect=\"1\" arrows=\"1\" fold=\"1\" page=\"1\" pageScale=\"1\" pageWidth=\"1169\" pageHeight=\"827\" background=\"#ffffff\"><root><mxCell id=\"0\" modelId=\"systemcontext_Sk34-LFrhsB_BykeIe_fL\"></mxCell><mxCell id=\"1\" parent=\"0\"></mxCell><mxCell id=\"_61NSzMT430c7\" style=\"ellipse;whiteSpace=wrap;html=1;\" vertex=\"1\" modelId=\"targetsystem_BJkHWUtS2ir_BykeIe_fL\" parent=\"1\"><mxGeometry x=\"310\" y=\"40\" width=\"140\" height=\"70\" as=\"geometry\"></mxGeometry></mxCell><mxCell id=\"_71NSzNwBgd7c\" style=\"shape=umlActor;html=1;verticalLabelPosition=bottom;verticalAlign=top;\" vertex=\"1\" modelId=\"actor_SJOZUtB2jB_BykeIe_fL\" parent=\"1\"><mxGeometry x=\"170\" y=\"320\" width=\"35\" height=\"70\" as=\"geometry\"></mxGeometry></mxCell><mxCell id=\"_81NSzOfZ1Kwh\" style=\"shape=process;html=1;whiteSpace=wrap;\" vertex=\"1\" modelId=\"actor_Sy_ebLYBniB_BykeIe_fL\" parent=\"1\"><mxGeometry x=\"610\" y=\"325\" width=\"120\" height=\"60\" as=\"geometry\"></mxGeometry></mxCell><mxCell id=\"_91NSzPawSC7k\" style=\"edgeStyle=orthogonalEdgeStyle;rounded=0;html=1;entryX=0.5;entryY=0;entryPerimeter=0;jettySize=auto;orthogonalLoop=1;\" edge=\"1\" modelId=\"connector_BJ64-UKr3oH_BykeIe_fL\" parent=\"1\" source=\"_61NSzMT430c7\" target=\"_71NSzNwBgd7c\"><mxGeometry relative=\"1\" as=\"geometry\"></mxGeometry></mxCell></root></mxGraphModel>","coreInfo":[{"modelType":"SystemContext","lastModifiedUserId":"xierulei@cn.ibm.com","description":"","_id":"systemcontext_Sk34-LFrhsB_BykeIe_fL","lastModified":"2020-02-05T07:59:35Z","label":"System Context"},{"modelType":"Connector","description":"","_id":"connector_BJ64-UKr3oH_BykeIe_fL","type":"function","label":""},{"modelType":"TargetSystem","description":"","_id":"targetsystem_BJkHWUtS2ir_BykeIe_fL","label":"Target System"}]},"aodusagescenario_SkQS-ItShoB_BykeIe_fL":{"uiInfo":"<mxGraphModel dx=\"1389\" dy=\"477\" grid=\"1\" gridSize=\"10\" guides=\"1\" tooltips=\"1\" connect=\"1\" arrows=\"1\" fold=\"1\" page=\"1\" pageScale=\"1\" pageWidth=\"1169\" pageHeight=\"827\" background=\"#ffffff\"><root><mxCell id=\"0\" modelId=\"aodusagescenario_SkQS-ItShoB_BykeIe_fL\"></mxCell><mxCell id=\"1\" parent=\"0\"></mxCell><mxCell id=\"aodservices_S1jBxy56_Er_SkHl91qrB_31SQV46fRfKV\" style=\"swimlane;whiteSpace=wrap;html=1;align=left;swimlaneLine=0;verticalAlign=top;collapsible=0;\" vertex=\"1\" modelId=\"subsystem_SyUHWUYrnjH_BykeIe_fL\" parent=\"1\"><mxGeometry x=\"80\" y=\"155\" width=\"200\" height=\"150\" as=\"geometry\"></mxGeometry></mxCell><mxCell id=\"aodservices_S1jBxy56_Er_SkHl91qrB_41SQV46fBAZA\" style=\"rounded=1;whiteSpace=wrap;html=1;\" vertex=\"1\" modelId=\"logicalcomponent_BJnb-8YH2ir_BykeIe_fL\" parent=\"1\"><mxGeometry x=\"710\" y=\"170\" width=\"120\" height=\"60\" as=\"geometry\"></mxGeometry></mxCell><mxCell id=\"aodservices_S1jBxy56_Er_SkHl91qrB_51SQV46frFoT\" style=\"edgeStyle=orthogonalEdgeStyle;rounded=0;html=1;jettySize=auto;orthogonalLoop=1;\" edge=\"1\" modelId=\"logicalconnector_r1rBZ8FHhoH_BykeIe_fL\" parent=\"1\" source=\"aodservices_S1jBxy56_Er_SkHl91qrB_31SQV46fRfKV\" target=\"aodservices_S1jBxy56_Er_SkHl91qrB_41SQV46fBAZA\"><mxGeometry relative=\"1\" as=\"geometry\"></mxGeometry></mxCell><mxCell id=\"ui_SyBJZbdML\" modelId=\"aodservices_Hk5Sb8tSnjS_BykeIe_fL\" parent=\"1\"></mxCell></root></mxGraphModel>","coreInfo":[{"modelType":"AODUsageScenario","lastModifiedUserId":"xierulei@cn.ibm.com","description":"","_id":"aodusagescenario_SkQS-ItShoB_BykeIe_fL","lastModified":"2020-02-05T07:59:42Z","label":"us"},{"modelType":"UsageStep","description":"","_id":"usagestep_Hk4BbUFH2sB_BykeIe_fL","label":"1","children":"logicalconnector_r1rBZ8FHhoH_BykeIe_fL"},{"modelType":"AODServices","annotation":["{\"dx\":1138,\"dy\":549,\"grid\":1,\"gridSize\":10,\"guides\":1,\"tooltips\":1,\"connect\":1,\"arrows\":1,\"fold\":1,\"page\":1,\"pageScale\":1,\"pageWidth\":1169,\"pageHeight\":827,\"background\":\"#ffffff\"}"],"lastModifiedUserId":"xierulei@cn.ibm.com","description":"","_id":"aodservices_Hk5Sb8tSnjS_BykeIe_fL","lastModified":"2020-02-05T07:59:39Z","label":"sv","children":"logicalconnector_r1rBZ8FHhoH_BykeIe_fL"},{"modelType":"SubSystem","description":"","_id":"subsystem_SyUHWUYrnjH_BykeIe_fL","label":"SubSystem"}],"additional":{"owneds":[]}},"cmstaticview_r1YW-IFS2iB_BykeIe_fL":{"uiInfo":"<mxGraphModel dx=\"1182\" dy=\"477\" grid=\"1\" gridSize=\"10\" guides=\"1\" tooltips=\"1\" connect=\"1\" arrows=\"1\" fold=\"1\" page=\"1\" pageScale=\"1\" pageWidth=\"1169\" pageHeight=\"827\" background=\"#ffffff\"><root><mxCell id=\"0\" modelId=\"cmstaticview_r1YW-IFS2iB_BykeIe_fL\"></mxCell><mxCell id=\"1\" parent=\"0\"></mxCell><mxCell id=\"cmstaticview_1Nj8wbFxom3_21Nj97MCysZf\" style=\"html=1;\" vertex=\"1\" modelId=\"logicalcomponent_BJnb-8YH2ir_BykeIe_fL\" parent=\"1\"><mxGeometry x=\"650\" y=\"90\" width=\"180\" height=\"90\" as=\"geometry\"></mxGeometry></mxCell><mxCell id=\"cmstaticview_1Nj8wbFxom3_31Nj97MCg13E\" value=\"\" style=\"shape=component;jettyWidth=8;jettyHeight=4;connectable=0;constituent=1;\" parent=\"cmstaticview_1Nj8wbFxom3_21Nj97MCysZf\" vertex=\"1\"><mxGeometry x=\"1\" width=\"20\" height=\"20\" relative=\"1\" as=\"geometry\"><mxPoint x=\"-27\" y=\"7\" as=\"offset\"></mxPoint></mxGeometry></mxCell><mxCell id=\"cmstaticview_1Nj8wbFxom3_41Nj97MChmoC\" style=\"html=1;\" vertex=\"1\" modelId=\"logicalcomponent_ryQMWUKB2iS_BykeIe_fL\" parent=\"1\"><mxGeometry x=\"650\" y=\"300\" width=\"180\" height=\"90\" as=\"geometry\"></mxGeometry></mxCell><mxCell id=\"cmstaticview_1Nj8wbFxom3_51Nj97MCBDp3\" value=\"\" style=\"shape=component;jettyWidth=8;jettyHeight=4;connectable=0;constituent=1;\" parent=\"cmstaticview_1Nj8wbFxom3_41Nj97MChmoC\" vertex=\"1\"><mxGeometry x=\"1\" width=\"20\" height=\"20\" relative=\"1\" as=\"geometry\"><mxPoint x=\"-27\" y=\"7\" as=\"offset\"></mxPoint></mxGeometry></mxCell><mxCell id=\"cmstaticview_1Nj8wbFxom3_61Nj97MC1GXk\" style=\"shape=umlActor;html=1;verticalLabelPosition=bottom;verticalAlign=top;\" vertex=\"1\" modelId=\"actor_SJOZUtB2jB_BykeIe_fL\" parent=\"1\"><mxGeometry x=\"160\" y=\"100\" width=\"35\" height=\"70\" as=\"geometry\"></mxGeometry></mxCell><mxCell id=\"cmstaticview_1Nj8wbFxom3_71Nj97MCYBRx\" style=\"shape=process;html=1;whiteSpace=wrap;\" vertex=\"1\" modelId=\"actor_Sy_ebLYBniB_BykeIe_fL\" parent=\"1\"><mxGeometry x=\"178\" y=\"300\" width=\"120\" height=\"60\" as=\"geometry\"></mxGeometry></mxCell><mxCell id=\"cmstaticview_1Nj8wbFxom3_81Nj97MCXNLa\" style=\"endArrow=classic;html=1;dashed=1;entryX=0;entryY=0.5;exitX=1;exitY=1;exitPerimeter=0;\" edge=\"1\" modelId=\"logicalconnector_SyWMZIFB3oH_BykeIe_fL\" parent=\"1\" source=\"cmstaticview_1Nj8wbFxom3_61Nj97MC1GXk\" target=\"cmstaticview_1Nj8wbFxom3_41Nj97MChmoC\"><mxGeometry width=\"70\" height=\"50\" relative=\"1\" as=\"geometry\"><mxPoint x=\"380\" y=\"270\" as=\"sourcePoint\"></mxPoint><mxPoint x=\"450\" y=\"220\" as=\"targetPoint\"></mxPoint></mxGeometry></mxCell><mxCell id=\"cmstaticview_1Nj8wbFxom3_251Nj98Hx4G1A\" style=\"edgeStyle=orthogonalEdgeStyle;rounded=0;html=1;dashed=1;entryX=0;entryY=0.5;jettySize=auto;orthogonalLoop=1;\" edge=\"1\" modelId=\"logicalconnector_rk5-bUFr2ir_BykeIe_fL\" parent=\"1\" source=\"cmstaticview_1Nj8wbFxom3_71Nj97MCYBRx\" target=\"cmstaticview_1Nj8wbFxom3_21Nj97MCysZf\"><mxGeometry relative=\"1\" as=\"geometry\"></mxGeometry></mxCell></root></mxGraphModel>","coreInfo":[{"modelType":"CMStaticView","lastModifiedUserId":"xierulei@cn.ibm.com","description":"","_id":"cmstaticview_r1YW-IFS2iB_BykeIe_fL","lastModified":"2020-02-05T07:59:44Z","type":"Component Relationship Diagram","label":"stv"}]},"cmdynamicview_rkSgbLKHhsB_BykeIe_fL":{"uiInfo":"<mxGraphModel dx=\"996\" dy=\"192\" grid=\"1\" gridSize=\"10\" guides=\"1\" tooltips=\"1\" connect=\"1\" arrows=\"1\" fold=\"1\" page=\"1\" pageScale=\"1\" pageWidth=\"1169\" pageHeight=\"827\" background=\"#ffffff\"><root><mxCell id=\"0\" modelId=\"cmdynamicview_rkSgbLKHhsB_BykeIe_fL\"></mxCell><mxCell id=\"1\" parent=\"0\"></mxCell><mxCell id=\"cmdynamicview_Hk7BfQWrsrS_21TJafYFM171\" style=\"html=1;verticalAlign=bottom;endArrow=block;noLabel=0;\" edge=\"1\" modelId=\"componentmessage_SyLgbUFr3sH_BykeIe_fL\" parent=\"1\" source=\"cmdynamicview_Hk7BfQWrsrS_51TJafYGqAYr\" target=\"cmdynamicview_Hk7BfQWrsrS_61TJafYHcg5D\"><mxGeometry width=\"80\" relative=\"1\" as=\"geometry\"><mxPoint x=\"390\" y=\"140\" as=\"sourcePoint\"></mxPoint><mxPoint x=\"470\" y=\"140\" as=\"targetPoint\"></mxPoint><Array as=\"points\"><mxPoint x=\"520\" y=\"140\"></mxPoint></Array></mxGeometry></mxCell><mxCell id=\"cmdynamicview_Hk7BfQWrsrS_31TJafYG78Yr\" style=\"edgeStyle=orthogonalEdgeStyle;html=1;align=left;spacingLeft=2;endArrow=block;rounded=0;noLabel=0;\" edge=\"1\" modelId=\"componentmessage_ryNbWLFr3ir_BykeIe_fL\" parent=\"1\" source=\"cmdynamicview_Hk7BfQWrsrS_61TJafYHcg5D\" target=\"cmdynamicview_Hk7BfQWrsrS_61TJafYHcg5D\"><mxGeometry relative=\"1\" as=\"geometry\"><mxPoint x=\"860\" y=\"170\" as=\"sourcePoint\"></mxPoint><mxPoint x=\"860\" y=\"190\" as=\"targetPoint\"></mxPoint><Array as=\"points\"><mxPoint x=\"935\" y=\"170\"></mxPoint><mxPoint x=\"935\" y=\"190\"></mxPoint></Array></mxGeometry></mxCell><mxCell id=\"cmdynamicview_Hk7BfQWrsrS_41TJafYGyyLM\" style=\"html=1;verticalAlign=bottom;endArrow=open;dashed=1;endSize=8;noLabel=0;\" edge=\"1\" modelId=\"componentmessage_BkLZ-LKr3ir_BykeIe_fL\" parent=\"1\" source=\"cmdynamicview_Hk7BfQWrsrS_61TJafYHcg5D\" target=\"cmdynamicview_Hk7BfQWrsrS_51TJafYGqAYr\"><mxGeometry relative=\"1\" as=\"geometry\"><mxPoint x=\"530\" y=\"250\" as=\"sourcePoint\"></mxPoint><mxPoint x=\"450\" y=\"250\" as=\"targetPoint\"></mxPoint><Array as=\"points\"><mxPoint x=\"520\" y=\"220\"></mxPoint></Array></mxGeometry></mxCell><mxCell id=\"cmdynamicview_Hk7BfQWrsrS_51TJafYGqAYr\" style=\"shape=umlLifeline;participant=process;perimeter=lifelinePerimeter;whiteSpace=wrap;html=1;container=1;collapsible=0;recursiveResize=0;outlineConnect=0;\" vertex=\"1\" modelId=\"timeline_SkDl-UFr3iS_BykeIe_fL\" parent=\"1\"><mxGeometry x=\"200\" y=\"50\" width=\"100\" height=\"300\" as=\"geometry\"></mxGeometry></mxCell><mxCell id=\"cmdynamicview_Hk7BfQWrsrS_61TJafYHcg5D\" style=\"shape=umlLifeline;rounded=1;perimeter=lifelinePerimeter;whiteSpace=wrap;html=1;container=1;collapsible=0;recursiveResize=0;outlineConnect=0;\" vertex=\"1\" modelId=\"timeline_r1CebUYB3sB_BykeIe_fL\" parent=\"1\"><mxGeometry x=\"740\" y=\"50\" width=\"100\" height=\"300\" as=\"geometry\"></mxGeometry></mxCell><mxCell id=\"cmdynamicview_Hk7BfQWrsrS_71TJafYHUrb6\" modelId=\"logicalcomponent_B1ebZUYrnir_BykeIe_fL\" parent=\"1\"></mxCell><mxCell id=\"cmdynamicview_Hk7BfQWrsrS_81TJafYHcIiK\" modelId=\"actor_Sy_ebLYBniB_BykeIe_fL\" parent=\"1\"></mxCell></root></mxGraphModel>","coreInfo":[{"modelType":"CMDynamicView","lastModifiedUserId":"xierulei@cn.ibm.com","description":"","_id":"cmdynamicview_rkSgbLKHhsB_BykeIe_fL","lastModified":"2020-02-05T07:59:45Z","type":"Component Interaction Diagram","label":"dv"},{"modelType":"ComponentMessage","description":"","_id":"componentmessage_ryNbWLFr3ir_BykeIe_fL","type":"Call","label":"Call"},{"modelType":"Timeline","_id":"timeline_r1CebUYB3sB_BykeIe_fL","children":"logicalcomponent_B1ebZUYrnir_BykeIe_fL"},{"modelType":"ComponentMessage","description":"","_id":"componentmessage_SyLgbUFr3sH_BykeIe_fL","type":"Call","label":"Call"},{"modelType":"Timeline","_id":"timeline_SkDl-UFr3iS_BykeIe_fL","children":"actor_Sy_ebLYBniB_BykeIe_fL"},{"modelType":"ComponentMessage","description":"","_id":"componentmessage_BkLZ-LKr3ir_BykeIe_fL","type":"Return","label":"Return"}]},"usecasediagram_rkarZ8tBhsr_BykeIe_fL":{"uiInfo":"<mxGraphModel dx=\"1138\" dy=\"491\" grid=\"1\" gridSize=\"10\" guides=\"1\" tooltips=\"1\" connect=\"1\" arrows=\"1\" fold=\"1\" page=\"1\" pageScale=\"1\" pageWidth=\"1169\" pageHeight=\"827\" background=\"#ffffff\"><root><mxCell id=\"0\" modelId=\"usecasediagram_rkarZ8tBhsr_BykeIe_fL\"></mxCell><mxCell id=\"1\" parent=\"0\"></mxCell><mxCell id=\"usecasediagram_HygMCDV50tr_21XMmyRceGKr\" style=\"edgeStyle=orthogonalEdgeStyle;rounded=0;html=1;endArrow=none;entryX=0.5;entryY=0;entryPerimeter=0;\" edge=\"1\" modelId=\"association_Sykg-IFH2jB_BykeIe_fL\" parent=\"1\" source=\"usecasediagram_HygMCDV50tr_51XMmyRdNVJs\" target=\"usecasediagram_HygMCDV50tr_31XMmyRdsMoB\"><mxGeometry relative=\"1\" as=\"geometry\"></mxGeometry></mxCell><mxCell id=\"usecasediagram_HygMCDV50tr_31XMmyRdsMoB\" style=\"shape=umlActor;html=1;verticalLabelPosition=bottom;verticalAlign=top;\" vertex=\"1\" modelId=\"actor_SJOZUtB2jB_BykeIe_fL\" parent=\"1\"><mxGeometry x=\"210\" y=\"320\" width=\"35\" height=\"70\" as=\"geometry\"></mxGeometry></mxCell><mxCell id=\"usecasediagram_HygMCDV50tr_41XMmyRdOQle\" style=\"edgeStyle=orthogonalEdgeStyle;rounded=0;html=1;endArrow=block;endSize=16;endFill=0;dashed=1;entryX=0;entryY=0.5;\" edge=\"1\" modelId=\"association_Sy0H-8tr3sS_BykeIe_fL\" parent=\"1\" source=\"usecasediagram_HygMCDV50tr_51XMmyRdNVJs\" target=\"usecasediagram_HygMCDV50tr_61XMmyRdQnDl\"><mxGeometry relative=\"1\" as=\"geometry\"></mxGeometry></mxCell><mxCell id=\"usecasediagram_HygMCDV50tr_51XMmyRdNVJs\" style=\"ellipse;whiteSpace=wrap;html=1;\" vertex=\"1\" modelId=\"usecase_B1HbIKB3jB_BykeIe_fL\" parent=\"1\"><mxGeometry x=\"170\" y=\"70\" width=\"140\" height=\"70\" as=\"geometry\"></mxGeometry></mxCell><mxCell id=\"usecasediagram_HygMCDV50tr_61XMmyRdQnDl\" style=\"ellipse;whiteSpace=wrap;html=1;\" vertex=\"1\" modelId=\"usecase_HkfxbLtBhiH_BykeIe_fL\" parent=\"1\"><mxGeometry x=\"570\" y=\"105\" width=\"140\" height=\"70\" as=\"geometry\"></mxGeometry></mxCell></root></mxGraphModel>","coreInfo":[{"modelType":"UseCaseDiagram","lastModifiedUserId":"xierulei@cn.ibm.com","description":"ucd desc","_id":"usecasediagram_rkarZ8tBhsr_BykeIe_fL","lastModified":"2020-02-05T07:59:38Z","label":"ucd"}]}}},"solution_advisors":{},"auditLog":{"_id":"architectureauditentry_irygtutWD","archId":"arch_rygyg8e_fU","archChangeLog":[{"_id":"architecturechangelog_PGwnUuv3MT","date":"2020-02-05T07:59:47.276Z","type":"CREATE","user":{"fullname":"Rulei Xie","email":"xierulei@cn.ibm.com"}}]}}