{"_id":"arch_rygyg8e_fU","name":"CA_Donot_Edit_AutoSourceForCoRelation_cabuild_import 3","type":"Solution","status":"Pending","created":"2020-02-05T07:59:34Z","lastModified":"2020-02-05T07:59:47Z","includedArtifacts":[{"_id":"art_SkUJg8euzI","typeId":"assetartifact_usecase_uctext","artifactTypeId":"artifacttype_dde4b71c-82db-3f66-964a-3a04fbf56dff","type":"Use Case","globalTOCPosition":"3.1.2"},{"_id":"art_SkBylLldGI","typeId":"assetartifact_dependency","artifactTypeId":"artifacttype_9c5463b3-5c9e-3790-86cb-9b8866cc062a","type":"Dependencies","globalTOCPosition":"6.4"},{"_id":"art_SkEyxIedGU","typeId":"assetartifact_businesschallenge","artifactTypeId":"artifacttype_d1ab4a95-e05f-3882-9f19-6500fc0d3b2b","type":"Business Challenge","globalTOCPosition":"2.1"},{"_id":"art_SyQ1xLxdzU","typeId":"assetartifact_issue","artifactTypeId":"artifacttype_f4d01807-f847-3ccd-87a2-32877074295e","type":"Issues","globalTOCPosition":"6.3"},{"_id":"art_BJc1eLlOfU","typeId":"assetartifact_notes","artifactTypeId":"artifacttype_02226b19-474e-37a6-ab39-d9bb31767fb5","type":"Notes","globalTOCPosition":"8"},{"_id":"art_BytyeIgdfI","typeId":"assetartifact_risk","artifactTypeId":"artifacttype_94622837-e58f-34c3-9263-8260b69601c8","type":"Risks","globalTOCPosition":"6.1"},{"_id":"art_SJ_keLldf8","typeId":"assetartifact_architecture_principles","artifactTypeId":"artifacttype_92ccfc5d-c31a-349d-97c0-6d75c8841a8a","type":"Architectural Principles","globalTOCPosition":"7"},{"_id":"art_ByDkeLlOfL","typeId":"assetartifact_assumption","artifactTypeId":"artifacttype_2142b656-62ba-304d-95d4-77b1b144e5e1","type":"Assumptions","globalTOCPosition":"6.2"},{"_id":"art_SyzkxLluz8","typeId":"assetartifact_executivesummary","artifactTypeId":"artifacttype_9edbd406-69fb-3a95-8b2e-58a0974b2710","type":"Overview","globalTOCPosition":"1"},{"_id":"art_ryQxJgIgOGL","typeId":"assetartifact_architectureoverview_enterprise","artifactTypeId":"artifacttype_16bfe592-ae95-371c-9f64-3a881b667707","type":"Enterprise View","globalTOCPosition":"5.1.2"},{"_id":"art_SJ4lJxIxdfL","typeId":"assetartifact_usecase_ucdiagram","artifactTypeId":"artifacttype_cde39d5e-c892-3093-ab3d-bad448acb8a0","type":"Use Case Diagram","globalTOCPosition":"3.1.1"},{"_id":"art_BkBgJgIgOzU","typeId":"assetartifact_logical_datamodel","artifactTypeId":"artifacttype_246bc46f-0286-3ad4-bf01-679592db59c7","type":"Logical Data Model","globalTOCPosition":"4.1"},{"_id":"art_Sy8eke8luzI","typeId":"assetartifact_operationalmodel_logicaloperational","artifactTypeId":"artifacttype_5ca43d50-d7da-322f-a1b0-f65b0c12b2c8","type":"Logical Operational View","globalTOCPosition":"5.4.1"},{"_id":"art_H1vxJlUxdf8","typeId":"assetartifact_architectureoverview_aodservice","artifactTypeId":"artifacttype_2c548a13-6bd9-3edc-a496-0318af82f0d1","type":"Services View","globalTOCPosition":"5.1.1"},{"_id":"art_Hk_gyeLlOMU","typeId":"assetartifact_architectureoverview_itsystem","artifactTypeId":"artifacttype_355f72be-6566-3f48-8b15-c30f671d7c8f","type":"IT System View","globalTOCPosition":"5.1.3"},{"_id":"art_rJi1x8gufU","typeId":"assetartifact_functionalrequirement","artifactTypeId":"artifacttype_12eefe0a-435b-3176-8bbe-4dc928a2e4c3","type":"Functional Requirements","globalTOCPosition":"3.2"},{"_id":"art_By2klUlufI","typeId":"assetartifact_nonfunctionalrequirement","artifactTypeId":"artifacttype_f0eebd79-15c9-3ebc-a73b-8efc3f634f59","type":"Non Functional Requirements","globalTOCPosition":"3.3"},{"_id":"art_rkT1e8gOfU","typeId":"assetartifact_architecturedecision","artifactTypeId":"artifacttype_fddae3fa-aafa-32af-94a4-bc3e1ed255cc","type":"Architectural Decisions","globalTOCPosition":"5.2"},{"_id":"art_SJRyxIxdML","typeId":"assetartifact_architectureoverview_usagescenario","artifactTypeId":"artifacttype_d118451c-0816-3aa5-8b89-3119feb4168a","type":"Usage Scenario","globalTOCPosition":"5.1.4"},{"_id":"art_H1kl1xIgdMI","typeId":"assetartifact_componentmodel_staticview","artifactTypeId":"artifacttype_4a44b8fa-5057-3826-84d7-169a6fc1f2ed","type":"Static View","globalTOCPosition":"5.3.1"},{"_id":"art_r1lxJl8e_M8","typeId":"assetartifact_operationalmodel_physicaloperational","artifactTypeId":"artifacttype_7503dbb1-18f7-36ac-ad12-98d977ef3d0d","type":"Physical Operational View","globalTOCPosition":"5.4.2"},{"_id":"art_S1WeyeUx_MU","typeId":"assetartifact_systemcontext","artifactTypeId":"artifacttype_8ca70362-e3d1-3b9c-91d1-f755d029a2e3","type":"System Context","globalTOCPosition":"2.2"},{"_id":"art_HkflJl8eufU","typeId":"assetartifact_componentmodel_dynamicview","artifactTypeId":"artifacttype_6e1239a1-6a68-3dae-ae87-b05ecf80d25b","type":"Dynamic View","globalTOCPosition":"5.3.2"}],"industry":[],"technology":[],"technicalCapability":[],"businessCapability":[],"client":[],"template":{"_id":"template_company_ibm","name":"Solution Architecture Template","description":"Default ToC","isGlobalDefaultTemplate":true},"executiveSummary":"Y07EsIJsyJx06iaM7CXhtYmTo9Bthis is overview<div><br></div><img style=\"height:100px;\" src=\"/api/FileManagerAPIs/containers/cafiles/files/file_fc52d57b2b7b992c.png\">","tag":[],"schemaVersion":"1.2","appVersion":"2.7.1"}