{"toc":[{"globalTOCPosition":"1","displayName":"OVERVIEW","_id":"artifactgroup_3e984e2e-1e5e-37c0-b367-acbf6bf1ab0e","child":[{"globalTOCPosition":"1.1","artifactTypeName":"Business Challenge","artifactType":"assetartifact_businesschallenge","displayName":"Business Context","format":"text","_id":"artifacttype_7e1a0a64-9638-3567-bae1-d895778a288a","hasContent":true},{"artifactTypeName":"Notes","globalTOCPosition":"1.2","artifactType":"assetartifact_notes","displayName":"Roadmap","format":"text","_id":"artifacttype_d350e494-2909-366d-8175-fbbb3e7b69ef","hasContent":true}]},{"globalTOCPosition":"2","displayName":"ARCHITECTURE PRINCIPLES, DECISIONS AND KEY NFR’S","_id":"artifactgroup_296a1d18-864d-3749-8446-12ccde58f90e","child":[{"globalTOCPosition":"2.1","artifactTypeName":"Architectural Principles","artifactType":"assetartifact_architecture_principles","displayName":"Principles","format":"text","_id":"artifacttype_400db48f-39bd-3a1b-84ea-ee5cffbacb8c","hasContent":true},{"artifactTypeName":"Assumptions","globalTOCPosition":"2.2","artifactType":"assetartifact_assumption","displayName":"Assumptions","format":"text","_id":"artifacttype_2a091746-9283-3fa5-95dc-9720b752a145","hasContent":true},{"globalTOCPosition":"2.3","artifactTypeName":"Architectural Decisions","artifactType":"assetartifact_architecturedecision","displayName":"Architectural Decisions","format":"text","_id":"artifacttype_2568ead9-9341-32cd-a397-1dae760d9d6a","hasContent":true},{"globalTOCPosition":"2.4","artifactTypeName":"Non Functional Requirements","artifactType":"assetartifact_nonfunctionalrequirement","displayName":"Key Non-Functional Requirements","format":"text","_id":"artifacttype_a4b20c0c-2e1f-36f9-9b13-2b813d861672","hasContent":true}]},{"globalTOCPosition":"3","displayName":"BUSINESS ARCHITECTURE","_id":"artifactgroup_587120b1-4808-3f90-8ca5-cbb18baa14df","child":[{"artifactTypeName":"Notes","globalTOCPosition":"3.1","artifactType":"assetartifact_notes","displayName":"Personas, Roles & Responsibilities","format":"text","_id":"artifacttype_91785f5e-1b74-3f51-8562-aad4791ad070","hasContent":false}]},{"globalTOCPosition":"4","displayName":"DATA ARCHITECTURE","_id":"artifactgroup_65e9e6e5-5922-3d80-9ac4-e700ef733b43","child":[{"artifactTypeName":"Notes","globalTOCPosition":"4.1","artifactType":"assetartifact_notes","displayName":"Separation Of Duties / Authorization Table","format":"text","_id":"artifacttype_5b5b511b-aeda-316f-a250-c65c5b50222c","hasContent":false},{"globalTOCPosition":"4.2","artifactTypeName":"Logical Data Model","artifactType":"assetartifact_logical_datamodel","displayName":"Master Data","format":"diagram","_id":"artifacttype_11dc6060-14ea-32c5-a943-69ccb319f4ff","hasContent":false},{"globalTOCPosition":"4.3","artifactTypeName":"Logical Data Model","artifactType":"assetartifact_logical_datamodel","displayName":"Detailed Data Model","format":"diagram","_id":"artifacttype_5a689b25-1665-3699-b33c-acee565cbdba","hasContent":false}]},{"globalTOCPosition":"5","displayName":"APPLICATION ARCHITECTURE","_id":"artifactgroup_41d79ea2-64c9-39e0-abd2-a630d0e45425","child":[{"artifactTypeName":"System Context","globalTOCPosition":"5.1","artifactType":"assetartifact_systemcontext","displayName":"Context Diagram","format":"diagram","_id":"artifacttype_1c8eefff-421d-39a6-80f1-0d52a82bb782","hasContent":false},{"globalTOCPosition":"5.2","displayName":"COMPONENT MODEL","parentGroup":"artifactgroup_41d79ea2-64c9-39e0-abd2-a630d0e45425","_id":"artifactgroup_5e328f26-cf79-3295-b643-384388b96262","child":[{"artifactTypeName":"Static View","globalTOCPosition":"5.2.1","artifactType":"assetartifact_componentmodel_staticview","displayName":"Static View","format":"diagram","_id":"artifacttype_106658d0-7c88-3dcc-bc09-74e636983f76","hasContent":false},{"artifactTypeName":"Dynamic View","globalTOCPosition":"5.2.2","artifactType":"assetartifact_componentmodel_dynamicview","displayName":"Dynamic View","format":"diagram","_id":"artifacttype_88f62f78-2c26-319b-ab33-1d676d67d601","hasContent":false}]},{"globalTOCPosition":"5.3","displayName":"APPLICATION INTEGRATION","parentGroup":"artifactgroup_41d79ea2-64c9-39e0-abd2-a630d0e45425","_id":"artifactgroup_635acbea-f47a-3793-9cb4-b9d575983779","child":[{"artifactTypeName":"Services View","globalTOCPosition":"5.3.1","artifactType":"assetartifact_architectureoverview_aodservice","displayName":"Services View","format":"diagram","_id":"artifacttype_c903d934-f10a-3734-b905-18c856a9054d","hasContent":false},{"artifactTypeName":"Enterprise View","globalTOCPosition":"5.3.2","artifactType":"assetartifact_architectureoverview_enterprise","displayName":"Enterprise View","format":"diagram","_id":"artifacttype_6ffb5ac3-af89-3bff-b206-20977b8fa335","hasContent":false},{"artifactTypeName":"IT System View","globalTOCPosition":"5.3.3","artifactType":"assetartifact_architectureoverview_itsystem","displayName":"IT System View","format":"diagram","_id":"artifacttype_16d454e8-334d-351c-9b1b-7a4f8e806579","hasContent":false},{"artifactTypeName":"Usage Scenario","globalTOCPosition":"5.3.4","artifactType":"assetartifact_architectureoverview_usagescenario","displayName":"Usage Scenario","format":"diagram","_id":"artifacttype_56685f54-cdba-37b0-8a41-27e1e5fedc82","hasContent":false},{"artifactTypeName":"Static View","globalTOCPosition":"5.3.5","artifactType":"assetartifact_componentmodel_staticview","displayName":"Static View","format":"diagram","_id":"artifacttype_ec555d94-6c86-3aaa-aa16-4734deae754d","hasContent":false},{"artifactTypeName":"Dynamic View","globalTOCPosition":"5.3.6","artifactType":"assetartifact_componentmodel_dynamicview","displayName":"Dynamic View","format":"diagram","_id":"artifacttype_74a04c05-801c-39da-a57c-0b899a186f63","hasContent":false}]},{"globalTOCPosition":"5.4","artifactTypeName":"Functional Requirements","artifactType":"assetartifact_functionalrequirement","displayName":"High Level Requirements","format":"text","_id":"artifacttype_3afd3732-ae19-3087-8fda-9f8fb6773c3a","hasContent":true}]},{"globalTOCPosition":"6","displayName":"TECHNOLOGY ARCHITECTURE","_id":"artifactgroup_b7ebe8f7-c796-39ff-a61a-b42a05b95a29","child":[{"globalTOCPosition":"6.1","artifactTypeName":"Non Functional Requirements","artifactType":"assetartifact_nonfunctionalrequirement","displayName":"Platform Requirements","format":"text","_id":"artifacttype_8146d84f-a8bc-3ddd-a64b-9282e4f1306e","hasContent":false},{"globalTOCPosition":"6.2","displayName":"END USER PLATFORM","parentGroup":"artifactgroup_b7ebe8f7-c796-39ff-a61a-b42a05b95a29","_id":"artifactgroup_b2f909e5-a1e0-3232-a641-b5724f167e21","child":[{"artifactTypeName":"IT System View","globalTOCPosition":"6.2.1","artifactType":"assetartifact_architectureoverview_itsystem","displayName":"IT System View","format":"diagram","_id":"artifacttype_28a9823b-9d1b-3877-b4e8-98990cf72d64","hasContent":false},{"artifactTypeName":"Static View","globalTOCPosition":"6.2.2","artifactType":"assetartifact_componentmodel_staticview","displayName":"Static View","format":"diagram","_id":"artifacttype_b4458a3f-da2e-30bc-88aa-26007d2d7336","hasContent":false},{"artifactTypeName":"Dynamic View","globalTOCPosition":"6.2.3","artifactType":"assetartifact_componentmodel_dynamicview","displayName":"Dynamic View","format":"diagram","_id":"artifacttype_da28af8b-a784-346b-8edc-78117c4c9c19","hasContent":false},{"globalTOCPosition":"6.2.4","artifactTypeName":"Logical Operational View","artifactType":"assetartifact_operationalmodel_logicaloperational","displayName":"Logical Operational View","format":"diagram","_id":"artifacttype_13032995-abec-3a78-a760-d12a5b1107df","hasContent":false},{"globalTOCPosition":"6.2.5","artifactTypeName":"Physical Operational View","artifactType":"assetartifact_operationalmodel_physicaloperational","displayName":"Physical Operational View","format":"diagram","_id":"artifacttype_bc73e95d-f6e5-3c27-aa01-85953a096559","hasContent":false}]},{"globalTOCPosition":"6.3","displayName":"DEPLOYMENT PLATFORM","parentGroup":"artifactgroup_b7ebe8f7-c796-39ff-a61a-b42a05b95a29","_id":"artifactgroup_5dfd975b-fdf9-3c89-843a-3a2a297bfe09","child":[{"artifactTypeName":"IT System View","globalTOCPosition":"6.3.1","artifactType":"assetartifact_architectureoverview_itsystem","displayName":"IT System View","format":"diagram","_id":"artifacttype_2820aaaa-2d9f-387d-a42a-205fad7a6705","hasContent":false},{"artifactTypeName":"Static View","globalTOCPosition":"6.3.2","artifactType":"assetartifact_componentmodel_staticview","displayName":"Static View","format":"diagram","_id":"artifacttype_aa49ed62-fccd-3617-8b11-1f1d8523a9cf","hasContent":false},{"artifactTypeName":"Dynamic View","globalTOCPosition":"6.3.3","artifactType":"assetartifact_componentmodel_dynamicview","displayName":"Dynamic View","format":"diagram","_id":"artifacttype_fd91903d-eb56-3e81-ac55-eaf2ebf181ab","hasContent":false},{"globalTOCPosition":"6.3.4","artifactTypeName":"Logical Operational View","artifactType":"assetartifact_operationalmodel_logicaloperational","displayName":"Logical Operational View","format":"diagram","_id":"artifacttype_91eb5238-9ce1-3948-8708-d7ff3e0687be","hasContent":false},{"globalTOCPosition":"6.3.5","artifactTypeName":"Physical Operational View","artifactType":"assetartifact_operationalmodel_physicaloperational","displayName":"Physical Operational View","format":"diagram","_id":"artifacttype_15839707-8b7f-39d7-b67e-aa0bf5a849f9","hasContent":false}]}]},{"globalTOCPosition":"7","displayName":"SECURITY CONSIDERATIONS","_id":"artifactgroup_38671348-e06d-36cb-bcef-8f79bb428fd1","child":[{"globalTOCPosition":"7.1","artifactTypeName":"Functional Requirements","artifactType":"assetartifact_functionalrequirement","displayName":"Security Requirements","format":"text","_id":"artifacttype_52cb4c96-9010-364f-ad55-d8792968b769","hasContent":false},{"globalTOCPosition":"7.2","artifactTypeName":"Non Functional Requirements","artifactType":"assetartifact_nonfunctionalrequirement","displayName":"Security Non-Functional Requirements","format":"text","_id":"artifacttype_26304d72-bd37-36e4-a69d-dd13dde16bbd","hasContent":false}]},{"artifactTypeName":"Notes","globalTOCPosition":"8","artifactType":"assetartifact_notes","displayName":"Notes","format":"text","_id":"artifacttype_9d29af0e-82d4-3c31-bf78-9a9908aff961","child":[],"hasContent":false}],"toc_cards":{"notes":{"artifacttype_d350e494-2909-366d-8175-fbbb3e7b69ef":["notes_BJx2q9DcXU"],"artifacttype_91785f5e-1b74-3f51-8562-aad4791ad070":[],"artifacttype_5b5b511b-aeda-316f-a250-c65c5b50222c":[],"artifacttype_9d29af0e-82d4-3c31-bf78-9a9908aff961":[]},"architectureprinciple":{"artifacttype_400db48f-39bd-3a1b-84ea-ee5cffbacb8c":["architectureprinciple_ryQbpe4DcmI","architectureprinciple_H1E-peEv5mL","architectureprinciple_ryBZpgNwc7I"]},"functionalrequirement":{"artifacttype_3afd3732-ae19-3087-8fda-9f8fb6773c3a":["functionalrequirement_B1Wx6x4v9QL","functionalrequirement_H1zepxEv5XU","functionalrequirement_r1QlplED9mI"],"artifacttype_52cb4c96-9010-364f-ad55-d8792968b769":[]},"businesschallenge":{"artifacttype_7e1a0a64-9638-3567-bae1-d895778a288a":["businesschallenge_BJeylwPc7L"]},"architecturaldecision":{"artifacttype_2568ead9-9341-32cd-a397-1dae760d9d6a":["architecturaldecision_B10xTlNw9QL","architecturaldecision_BJ1bal4vqmU","architecturaldecision_HkeZalEPqX8","architecturaldecision_r1Z-Tx4vqQL","architecturaldecision_SkM-peNPcXU"]},"nonfunctionalrequirement":{"artifacttype_a4b20c0c-2e1f-36f9-9b13-2b813d861672":["nonfunctionalrequirement_HJaeTlEvcQI","nonfunctionalrequirement_B1Nxax4w9mL","nonfunctionalrequirement_SyrlaxVPcQU","nonfunctionalrequirement_HyIx6x4vc7I","nonfunctionalrequirement_SkPxTe4v9QI","nonfunctionalrequirement_rJde6gED9m8","nonfunctionalrequirement_SJYgpeEvqXI","nonfunctionalrequirement_B19gTxEvq7U","nonfunctionalrequirement_r12laxVw9QL"],"artifacttype_8146d84f-a8bc-3ddd-a64b-9282e4f1306e":[],"artifacttype_26304d72-bd37-36e4-a69d-dd13dde16bbd":[]},"assumption":{"artifacttype_2a091746-9283-3fa5-95dc-9720b752a145":["assumption_Bk8-6gNPqXL","assumption_rkPWTe4Pq7I","assumption_ByO-plNPcQI","assumption_r1YbaxEw9mI","assumption_ry5ZpeVvcmI"]},"logicalERD":{"artifacttype_11dc6060-14ea-32c5-a943-69ccb319f4ff":[],"artifacttype_5a689b25-1665-3699-b33c-acee565cbdba":[]},"systemContext":{"artifacttype_1c8eefff-421d-39a6-80f1-0d52a82bb782":[]},"cmStaticViews":{"artifacttype_106658d0-7c88-3dcc-bc09-74e636983f76":[],"artifacttype_ec555d94-6c86-3aaa-aa16-4734deae754d":[],"artifacttype_b4458a3f-da2e-30bc-88aa-26007d2d7336":[],"artifacttype_aa49ed62-fccd-3617-8b11-1f1d8523a9cf":[]},"cmDynamicViews":{"artifacttype_88f62f78-2c26-319b-ab33-1d676d67d601":[],"artifacttype_74a04c05-801c-39da-a57c-0b899a186f63":[],"artifacttype_da28af8b-a784-346b-8edc-78117c4c9c19":[],"artifacttype_fd91903d-eb56-3e81-ac55-eaf2ebf181ab":[]},"aodServices":{"artifacttype_c903d934-f10a-3734-b905-18c856a9054d":[]},"aodEnterprises":{"artifacttype_6ffb5ac3-af89-3bff-b206-20977b8fa335":[]},"aodITSystems":{"artifacttype_16d454e8-334d-351c-9b1b-7a4f8e806579":[],"artifacttype_28a9823b-9d1b-3877-b4e8-98990cf72d64":[],"artifacttype_2820aaaa-2d9f-387d-a42a-205fad7a6705":[]},"aodUsageScenarios":{"artifacttype_56685f54-cdba-37b0-8a41-27e1e5fedc82":[]},"lomViews":{"artifacttype_13032995-abec-3a78-a760-d12a5b1107df":[],"artifacttype_91eb5238-9ce1-3948-8708-d7ff3e0687be":[]},"lomPhysicalViews":{"artifacttype_bc73e95d-f6e5-3c27-aa01-85953a096559":[],"artifacttype_15839707-8b7f-39d7-b67e-aa0bf5a849f9":[]}},"combined":{"coreInfo":[{"_id":"logicalnode_ByVnl4P5XL","name":"LN 11","description":"Logical Node1 description1","cardinality":"1","label":"LN 11","modelType":"LogicalNode"},{"_id":"physicalcomponent_H172lVvcX8","name":"implementation12","description":"implementation2 Description1","url":"http://w3.ibm.com","label":"implementation12","modelType":"PhysicalComponent"},{"_id":"physicalcomponent_rkG2lEv5QL","name":"implementation11","description":"implementation1 Description:1\r\nDB","url":"http://ppydalmpdb01.sl.bluecloud.ibm.com ","label":"implementation11","modelType":"PhysicalComponent"},{"_id":"logicalcomponent_BJbnxNvcXI","name":"Lc13","description":"LC Description 3","level":"Technical","label":"Lc13","modelType":"LogicalComponent"},{"_id":"logicalcomponent_S1gngNwcQU","name":"Lc12","description":"LC Description 2:\r\nType: Application","level":"Application","label":"Lc12","modelType":"LogicalComponent"},{"_id":"logicalcomponent_Byhl4vqmI","name":"Lc11","description":"LC Description 1:\r\nType: Techinical","level":"Technical","label":"Lc11","modelType":"LogicalComponent"},{"_id":"physicalnode_SkLalVw9mU","name":"PN 21","description":"PN 21 Description:\r\nLine 1\r\nLine 2","type":"Physical","cardinality":"1","label":"PN 21","modelType":"PhysicalNode"},{"_id":"physicalnode_HkrTgEv9XI","name":"PN 11","description":"PN 11 Description: Line 1","memory":"566","os":"iOS","networkPorts":"10","provision":"Delivered by Cloud","offering":"Hosted","cpu":"8","type":"Physical","cardinality":"1","label":"PN 11","modelType":"PhysicalNode"},{"_id":"omlocation_H1Vpe4P5QU","name":"OMLocation 13","cardinality":"1","label":"OMLocation 13","modelType":"OMLocation"},{"_id":"omlocation_HyXTeNw5XI","name":"OMLocation 12","description":"OMLocation 21 Description:\r\nLine 1\r\nLine 2","cardinality":"1","label":"OMLocation 12","modelType":"OMLocation"},{"_id":"omlocation_B1zTg4w9mI","name":"OMLocation 11","description":"OMLocation 11 Description: Line 1","cardinality":"1","label":"OMLocation 11","modelType":"OMLocation"},{"_id":"logicalnode_B1-peVPqQ8","name":"LN 14","description":"Logical Node4 description:1\r\nline1\r\nline2","cardinality":"1","label":"LN 14","modelType":"LogicalNode"},{"_id":"logicalnode_BJxTeNvqm8","name":"LN 13","description":"Logical Node3 description1","cardinality":"1","label":"LN 13","modelType":"LogicalNode"},{"_id":"logicalnode_r16lVDqXI","name":"LN 12","description":"Logical Node2 description1","cardinality":"1","label":"LN 12","modelType":"LogicalNode"},{"_id":"entity_Syj6lVv57U","name":"Entity 21","description":"Entity21 Desctiption\r\nline1\r\nline 2","label":"Entity 21","modelType":"Entity"},{"_id":"entity_r1h6x4PcQU","name":"Entity 31","label":"Entity 31","modelType":"Entity"},{"_id":"actor_B1K6g4PcQI","name":"Actor 21","description":"Actor Description12:\r\nIT System","type":"Human","label":"Actor 21","modelType":"Actor"},{"_id":"entity_SJqTlVvcm8","name":"Entity 11","description":"Entity1 1Desctiption","label":"Entity 11","modelType":"Entity"},{"_id":"physicalnode_SJPTx4vcQU","name":"PN 31","type":"Physical","cardinality":"1","label":"PN 31","modelType":"PhysicalNode"},{"_id":"actor_B1upgEvcQ8","name":"Actor 11","description":"Actor Description 11: Human","type":"IT System","label":"Actor 11","modelType":"Actor"},{"_id":"du_SJaal4Dcm8","name":"du 11","description":"Du Description1:\r\nType: Executable","level":"Technical","type":"Presentation","label":"du 11","modelType":"DU"},{"_id":"du_rk06e4v9QU","name":"DU 21","description":"Du Description:\r\nType: Installation\r\nTechnical: Yes","level":"Technical","type":"Executable","label":"DU 21","modelType":"DU"},{"_id":"du_ry1x6xNvqm8","name":"Du 31","description":"Du Description:\r\nType: Presentation","level":"Application","type":"Presentation","label":"Du 31","modelType":"DU"},{"_id":"du_ryggTlNPcQI","name":"Du 41","description":"Du Description:\r\nType: Data\r\nTechnial: Yes","level":"Technical","type":"Data","label":"Du 41","modelType":"DU"}]},"textual":{"instances":{"notes_BJx2q9DcXU":{"coreInfo":[{"modelType":"Notes","attachments":["https://itaa.arch-assist.cloud.ibm.com/file/api/FileManagerAPIs/containers/cafiles/files/file_95466801b26ffaf5.xlsx#CA TestCases_Release2.6.xlsx"],"lastModifiedUserId":"xierulei@cn.ibm.com","_id":"notes_BJx2q9DcXU","lastModified":"2020-02-19T08:01:10Z","content":"<div>Hi <br></div><div>there</div><div><img style=\"height:100px;\" src=\"/api/FileManagerAPIs/containers/cafiles/files/file_674559bfc5f64740.jpg\"></div><div>I am here</div><div>asd</div><div>fd</div><div>sf</div><div>ds</div><div>af<br></div>","label":"rm1"},{"modelType":"Label","description":"attachment","_id":"label_28UcMITpwYV_BJ6Czwq7U","userId":"xierulei@cn.ibm.com","label":"attachment"},{"modelType":"Label","description":"image","_id":"label_28UcMIT9NDk_BJ6Czwq7U","userId":"xierulei@cn.ibm.com","label":"image"}]},"architectureprinciple_ryQbpe4DcmI":{"coreInfo":[{"modelType":"ArchitecturePrinciple","implications":"Implications 11 1","lastModifiedUserId":"xierulei@cn.ibm.com","description":"priciple description1","metrics":"Metrics 111","_id":"architectureprinciple_ryQbpe4DcmI","lastModified":"2020-02-19T07:30:53Z","priority":"11","rationale":"Rationale 11","label":"Principle 11"}]},"architectureprinciple_H1E-peEv5mL":{"coreInfo":[{"modelType":"ArchitecturePrinciple","implications":"Implications 12:\r\nline1\r\nline2","lastModifiedUserId":"xierulei@cn.ibm.com","description":"priciple description:\r\nline1\r\nline2","metrics":"Metrics :\r\nline1\r\nline2","_id":"architectureprinciple_H1E-peEv5mL","lastModified":"2020-02-19T07:30:53Z","priority":"4","rationale":"Rationale 2:\r\nline1\r\nline2","label":"Principle 12"}]},"architectureprinciple_ryBZpgNwc7I":{"coreInfo":[{"modelType":"ArchitecturePrinciple","lastModifiedUserId":"xierulei@cn.ibm.com","description":"priciple description3:\r\nline1\r\nline2","_id":"architectureprinciple_ryBZpgNwc7I","lastModified":"2020-02-19T07:30:53Z","priority":"5","rationale":"Rationale3:\r\nline1\r\nline2","label":"Principle 13"}]},"functionalrequirement_r1QlplED9mI":{"coreInfo":[{"modelType":"FunctionalRequirement","owner":"Ru lei","reviewDate":"Thu Oct 24 2019 00:00:00 GMT+0000 (UTC)","impact":"FR Functional Requirement1 Impact：\r\nImpact1;\r\nImpact2.","lastModifiedUserId":"xierulei@cn.ibm.com","weight":"High","description":"FR Functional Requirement description\r\nDesc line1;\r\nDesc line2","id":"FR ID31","_id":"functionalrequirement_r1QlplED9mI","lastModified":"2020-02-19T07:30:53Z","label":"FR Name31"}]},"functionalrequirement_B1Wx6x4v9QL":{"coreInfo":[{"modelType":"FunctionalRequirement","owner":"Ru lei","reviewDate":"Tue Sep 24 2019 00:00:00 GMT+0000 (UTC)","impact":"FR Functional Requirement Impact1","lastModifiedUserId":"xierulei@cn.ibm.com","weight":"Medium","description":"FR Functional Requirement description 1\r\nline 1","id":"FR ID11","_id":"functionalrequirement_B1Wx6x4v9QL","lastModified":"2020-02-19T07:30:53Z","label":"FR Name11"}]},"functionalrequirement_H1zepxEv5XU":{"coreInfo":[{"modelType":"FunctionalRequirement","owner":"Liu wei","reviewDate":"Sat Aug 24 2019 00:00:00 GMT+0000 (UTC)","impact":"FR Functional Requirement Impact1","lastModifiedUserId":"xierulei@cn.ibm.com","weight":"Low","description":"FR Functional Requirement description","id":"FR ID21","_id":"functionalrequirement_H1zepxEv5XU","lastModified":"2020-02-19T07:30:53Z","label":"FR Name21"}]},"businesschallenge_BJeylwPc7L":{"coreInfo":[{"modelType":"BusinessChallenge","lastModifiedUserId":"xierulei@cn.ibm.com","description":"business context","_id":"businesschallenge_BJeylwPc7L","lastModified":"2020-02-19T07:42:30Z","label":""}]},"architecturaldecision_BJ1bal4vqmU":{"coreInfo":[{"modelType":"ArchitecturalDecision","implications":"Implications 2","decision":"adalternative_B18r4ED9Q8","problemStatement":"Issue or Problem Statement 2","motivation":"Motivation 2","derivedRequirements":"Derived Requirements 2","relatedDecisions":"Related Decisions 2","assumptions":"Assumptions 2","lastUpdated":"2019-03-26","lastModifiedUserId":"xierulei@cn.ibm.com","topic":"a topic","subjectArea":"sa subject","justification":"justification 2","_id":"architecturaldecision_BJ1bal4vqmU","lastModified":"2020-02-19T07:30:53Z","status":"accepted","label":"AD Name12","ad_id":"AD2","children":"adalternative_B18r4ED9Q8"},{"modelType":"ADAlternative","contraindications":"alter2contratindication\r\nline 2","bestApplied":"alter 2 best applide\r\nline 2","description":"alter2 desc\r\nline 2","_id":"adalternative_B18r4ED9Q8","label":"alter name 2"}]},"architecturaldecision_B10xTlNw9QL":{"coreInfo":[{"modelType":"ArchitecturalDecision","implications":"Implications 11","problemStatement":"Issue or Problem Statement 11","decision":"adalternative_SyErNNDcQL","motivation":"Motivation1 1","derivedRequirements":"Derived Requirements 11","relatedDecisions":"Related Decisions 11","assumptions":"Assumptions 11","lastUpdated":"Tue Mar 26 2019 00:00:00 GMT+0000 (UTC)","lastModifiedUserId":"xierulei@cn.ibm.com","topic":"a topic1","subjectArea":"sa subject1","lastModified":"2020-02-19T07:30:53Z","justification":"justification 11","_id":"architecturaldecision_B10xTlNw9QL","status":"deprecated","label":"AD Name11","ad_id":"AD1","children":"adalternative_BJHH4NPcXU,adalternative_SyErNNDcQL"},{"modelType":"ADAlternative","contraindications":"alter12contratindication\r\nline 2","bestApplied":"alter 12 best applide\r\nline 2","description":"alter12 desc\r\nline 2","_id":"adalternative_BJHH4NPcXU","label":"alter name 12"},{"modelType":"ADAlternative","contraindications":"alter 1 contratindication\r\nline 2","bestApplied":"alter 1 best applide\r\nline 2","description":"alter 1 desc\r\nline 2","_id":"adalternative_SyErNNDcQL","label":"alter name 1"}]},"architecturaldecision_HkeZalEPqX8":{"coreInfo":[{"modelType":"ArchitecturalDecision","implications":"Implications 3","problemStatement":"Issue or Problem Statement 3","motivation":"Motivation 3","derivedRequirements":"Derived Requirements 3","relatedDecisions":"Related Decisions 3","assumptions":"Assumptions 3","lastUpdated":"2019-03-27","lastModifiedUserId":"xierulei@cn.ibm.com","topic":"a topic","subjectArea":"sa subject","lastModified":"2020-02-19T07:30:53Z","_id":"architecturaldecision_HkeZalEPqX8","justification":"justification 3  justification 3  justification 3 justification 3 ","status":"deprecated","label":"AD Name13","ad_id":"AD3"}]},"architecturaldecision_SkM-peNPcXU":{"coreInfo":[{"modelType":"ArchitecturalDecision","lastUpdated":"2019-03-28","lastModifiedUserId":"xierulei@cn.ibm.com","_id":"architecturaldecision_SkM-peNPcXU","lastModified":"2020-02-19T07:30:53Z","status":"superseded","label":"AD Name15","ad_id":"AD5","children":"adalternative_HJur4EPc7L"},{"modelType":"ADAlternative","description":"alter5 desc\r\nline 2","_id":"adalternative_HJur4EPc7L","label":"alter name 5"}]},"architecturaldecision_r1Z-Tx4vqQL":{"coreInfo":[{"modelType":"ArchitecturalDecision","implications":"Implications ：\r\nline1\r\nline2","decision":"adalternative_HkPHNEP5mU","problemStatement":"Issue or Problem Statement 4：\r\nline1\r\nline2","motivation":"Motivation 4","derivedRequirements":"Derived Requirements ：\r\nline1\r\nline2","relatedDecisions":"Related Decisions 4","assumptions":"Assumptions ：\r\nline1\r\nline2","lastUpdated":"2019-03-28","lastModifiedUserId":"xierulei@cn.ibm.com","topic":"a topic","subjectArea":"sa subject","lastModified":"2020-02-19T07:30:53Z","_id":"architecturaldecision_r1Z-Tx4vqQL","justification":"Justification1\r\nJustification2\r\nJustification6","status":"superseded","label":"AD Name14","ad_id":"AD4","children":"adalternative_HkPHNEP5mU"},{"modelType":"ADAlternative","contraindications":"alter4ontratindication\r\nline 2","bestApplied":"alter4 best applide\r\nline 2","description":"alter4 desc\r\nline 2","_id":"adalternative_HkPHNEP5mU","label":"alter name 4"}]},"nonfunctionalrequirement_HJaeTlEvcQI":{"coreInfo":[{"modelType":"NonFunctionalRequirement","lastModifiedUserId":"xierulei@cn.ibm.com","theme":"Environmental","_id":"nonfunctionalrequirement_HJaeTlEvcQI","lastModified":"2020-02-19T07:30:53Z","priority":"Optional","label":"NFR Name101","nfr_id":"NFR 101"}]},"nonfunctionalrequirement_SJYgpeEvqXI":{"coreInfo":[{"modelType":"NonFunctionalRequirement","owner":"NFR Owner6","growthRate":"0.16","description":"NRF Non Functional Requirement description 6","source":"NFR Source 6","priority":"Optional","reference":"NFR Ref 6","acceptanceCriteria":"NFR criteria 6","reviewDate":"2019-07-21","testMethod":"NFR test method 6","context":"Context 6","lastModifiedUserId":"xierulei@cn.ibm.com","theme":"Usability","_id":"nonfunctionalrequirement_SJYgpeEvqXI","lastModified":"2020-02-19T07:30:53Z","value":"NFR Value 6","label":"NFR Name61","nfr_id":"NFR 61"}]},"nonfunctionalrequirement_SkPxTe4v9QI":{"coreInfo":[{"modelType":"NonFunctionalRequirement","owner":"NFR Owner4","growthRate":"0.14","description":"NRF Non Functional Requirement description 4","source":"NFR Source 4","priority":"Optional","reference":"NFR Ref 4","acceptanceCriteria":"NFR criteria 4","reviewDate":"2019-07-19","testMethod":"NFR test method 4","context":"Context 4","lastModifiedUserId":"xierulei@cn.ibm.com","theme":"Security","_id":"nonfunctionalrequirement_SkPxTe4v9QI","lastModified":"2020-02-19T07:30:53Z","value":"NFR Value 4","label":"NFR Name41","nfr_id":"NFR 41"}]},"nonfunctionalrequirement_SyrlaxVPcQU":{"coreInfo":[{"modelType":"NonFunctionalRequirement","owner":"NFR Owner2","growthRate":"0.12","description":"NRF Non Functional Requirement description 2","source":"NFR Source 2","priority":"Desirable","reference":"NFR Ref 2","acceptanceCriteria":"NFR criteria 2","reviewDate":"2019-07-17","testMethod":"NFR test method 2","context":"Context 2","lastModifiedUserId":"xierulei@cn.ibm.com","theme":"Performance","_id":"nonfunctionalrequirement_SyrlaxVPcQU","lastModified":"2020-02-19T07:30:53Z","value":"NFR Value 2","label":"NFR Name21","nfr_id":"NFR 21"}]},"nonfunctionalrequirement_rJde6gED9m8":{"coreInfo":[{"modelType":"NonFunctionalRequirement","owner":"NFR Owner5","growthRate":"0.15","description":"NRF Non Functional Requirement description 5","source":"NFR Source 5","priority":"Optional","reference":"NFR Ref 5","acceptanceCriteria":"NFR criteria 5","reviewDate":"2019-07-20","testMethod":"NFR test method 5","context":"Context 5","lastModifiedUserId":"xierulei@cn.ibm.com","theme":"Regulatory Compliance","_id":"nonfunctionalrequirement_rJde6gED9m8","lastModified":"2020-02-19T07:30:53Z","value":"NFR Value 5","label":"NFR Name51","nfr_id":"NFR 51"}]},"nonfunctionalrequirement_B1Nxax4w9mL":{"coreInfo":[{"modelType":"NonFunctionalRequirement","owner":"NFR Owner11","growthRate":"0.111","description":"NRF Non Functional Requirement description 11","source":"NFR Source 11","priority":"Critical","reference":"NFR Ref 11","acceptanceCriteria":"NFR criteria 11","reviewDate":"Thu Sep 19 2019 00:00:00 GMT+0000 (UTC)","testMethod":"NFR test method 11","context":"Context 11","lastModifiedUserId":"xierulei@cn.ibm.com","theme":"Scalability","_id":"nonfunctionalrequirement_B1Nxax4w9mL","lastModified":"2020-02-19T07:30:53Z","value":"NFR Value 11","label":"NFR Name11","nfr_id":"NFR 11"}]},"nonfunctionalrequirement_r12laxVw9QL":{"coreInfo":[{"modelType":"NonFunctionalRequirement","owner":"NFR Owner9\r\nNFR Owner2\r\n","growthRate":"1","description":"NRF Non Functional Requirement description 9","source":"NFR Source 9","priority":"Optional","reference":"NFR Ref 9","acceptanceCriteria":"NFR criteria 9","reviewDate":"2019-07-24","testMethod":"NFR test method 9","context":"Context 9","lastModifiedUserId":"xierulei@cn.ibm.com","theme":"Manageability","_id":"nonfunctionalrequirement_r12laxVw9QL","lastModified":"2020-02-19T07:30:53Z","value":"NFR Value 9","label":"NFR Name91","nfr_id":"NFR 91"}]},"nonfunctionalrequirement_B19gTxEvq7U":{"coreInfo":[{"modelType":"NonFunctionalRequirement","owner":"NFR Owner7","growthRate":"0.17","description":"NRF Non Functional Requirement description 7","source":"NFR Source 7","priority":"Optional","reference":"NFR Ref 7","acceptanceCriteria":"NFR criteria 7","reviewDate":"2019-07-22","testMethod":"NFR test method 7","context":"Context 7","lastModifiedUserId":"xierulei@cn.ibm.com","theme":"Maintainability","_id":"nonfunctionalrequirement_B19gTxEvq7U","lastModified":"2020-02-19T07:30:53Z","value":"NFR Value 7","label":"NFR Name71","nfr_id":"NFR 71"}]},"nonfunctionalrequirement_HyIx6x4vc7I":{"coreInfo":[{"modelType":"NonFunctionalRequirement","owner":"NFR Owner3","growthRate":"0.13","description":"NRF Non Functional Requirement description 3","source":"NFR Source 3","priority":"Critical","reference":"NFR Ref 3","acceptanceCriteria":"NFR criteria 3","reviewDate":"2019-07-18","testMethod":"NFR test method 3","context":"Context 3","lastModifiedUserId":"xierulei@cn.ibm.com","theme":"Scalability","_id":"nonfunctionalrequirement_HyIx6x4vc7I","lastModified":"2020-02-19T07:30:53Z","value":"NFR Value 3","label":"NFR Name31","nfr_id":"NFR 31"}]},"assumption_Bk8-6gNPqXL":{"coreInfo":[{"modelType":"Assumption","confidenceLevel":"Medium","closedDate":"2019-07-16","reviewDate":"Tue Jul 09 2019 00:00:00 GMT+0000 (UTC)","impact":"High","lastModifiedUserId":"xierulei@cn.ibm.com","isKey":false,"description":"description 11","_id":"assumption_Bk8-6gNPqXL","lastModified":"2020-02-19T07:30:53Z","identifiedBy":"beibei1","label":"Assumption 11"}]},"assumption_r1YbaxEw9mI":{"coreInfo":[{"modelType":"Assumption","confidenceLevel":"Low","closedDate":"2019-07-16","reviewDate":"2019-07-13","impact":"Medium","lastModifiedUserId":"xierulei@cn.ibm.com","description":"description:\r\nline 1 \r\nline2","_id":"assumption_r1YbaxEw9mI","lastModified":"2020-02-19T07:30:53Z","identifiedBy":"rulei","label":"Assumption 14"}]},"assumption_rkPWTe4Pq7I":{"coreInfo":[{"modelType":"Assumption","confidenceLevel":"Medium","closedDate":"2019-07-16","reviewDate":"2019-07-11","impact":"High","isKey":false,"lastModifiedUserId":"xierulei@cn.ibm.com","description":"description 2","_id":"assumption_rkPWTe4Pq7I","lastModified":"2020-02-19T07:30:53Z","identifiedBy":"rulei","label":"Assumption 12"}]},"assumption_ByO-plNPcQI":{"coreInfo":[{"modelType":"Assumption","confidenceLevel":"Low","closedDate":"2019-07-16","reviewDate":"2019-07-12","impact":"Low","lastModifiedUserId":"xierulei@cn.ibm.com","isKey":true,"description":"description:\r\nline 1 \r\nline2","_id":"assumption_ByO-plNPcQI","lastModified":"2020-02-19T07:30:53Z","identifiedBy":"rulei","label":"Assumption 13"}]},"assumption_ry5ZpeVvcmI":{"coreInfo":[{"modelType":"Assumption","lastModifiedUserId":"xierulei@cn.ibm.com","_id":"assumption_ry5ZpeVvcmI","lastModified":"2020-02-19T07:30:53Z","label":"Assumption 15"}]}}},"diagram":{"instances":{}},"solution_advisors":{},"auditLog":{"_id":"architectureauditentry_75bNxAFZ1","archId":"arch_rkuBmD978","archChangeLog":[{"_id":"architecturechangelog_qRymdE9Sc","date":"2020-02-19T08:01:47.525Z","type":"DELETE_INST","user":{"fullname":"Rulei Xie","email":"xierulei@cn.ibm.com"},"artifactTypeId":"artifacttype_a4b20c0c-2e1f-36f9-9b13-2b813d861672","instanceName":"NFR Name81"},{"_id":"architecturechangelog_BmKjOJyD2","date":"2020-02-19T07:58:12.280Z","type":"CREATE_INST","user":{"fullname":"Rulei Xie","email":"xierulei@cn.ibm.com"},"artifactTypeId":"artifacttype_d350e494-2909-366d-8175-fbbb3e7b69ef","instanceName":"rm1"},{"_id":"architecturechangelog__jysPDx-a","date":"2020-02-19T07:56:00.452Z","type":"PEN_RETURN","user":{"fullname":"Rulei Xie","email":"xierulei@cn.ibm.com"}},{"_id":"architecturechangelog_6IU3WLuGT","date":"2020-02-19T07:51:43.507Z","type":"INVITE","user":{"fullname":"Rulei Xie","email":"xierulei@cn.ibm.com"},"viewer":[],"editor":[{"fullname":"cabuild@cn.ibm.com","email":"cabuild@cn.ibm.com"}],"admin":[]},{"_id":"architecturechangelog_k71c8hFHb","date":"2020-02-19T07:51:43.361Z","type":"PEN_GET","user":{"email":"cogarch@us.ibm.com"}},{"_id":"architecturechangelog_keocSy2ok","date":"2020-02-19T07:49:50.794Z","type":"LEAVE","user":{"fullname":"cabuild@cn.ibm.com","email":"cabuild@cn.ibm.com"}},{"_id":"architecturechangelog_0e6rYrVvQ","date":"2020-02-19T07:49:13.122Z","type":"INVITE","user":{"fullname":"Rulei Xie","email":"xierulei@cn.ibm.com"},"viewer":[{"fullname":"cabuild@cn.ibm.com","email":"cabuild@cn.ibm.com"}],"editor":[],"admin":[]},{"_id":"architecturechangelog_glNUMqv8v","date":"2020-02-19T07:45:00.188Z","type":"INVITE","user":{"fullname":"Rulei Xie","email":"xierulei@cn.ibm.com"},"viewer":[{"fullname":"casup@cn.ibm.com","email":"casup@cn.ibm.com"}],"editor":[],"admin":[]},{"_id":"architecturechangelog_rZi5MMe0U","date":"2020-02-19T07:42:30.726Z","type":"CREATE_INST","user":{"fullname":"Rulei Xie","email":"xierulei@cn.ibm.com"},"artifactTypeId":"artifacttype_7e1a0a64-9638-3567-bae1-d895778a288a","instanceName":""},{"_id":"architecturechangelog_F2u0T3651","date":"2020-02-19T07:30:53.948Z","type":"UPDATE","user":{"fullname":"Rulei Xie","email":"xierulei@cn.ibm.com"}},{"_id":"architecturechangelog_LNokCqwda","date":"2020-02-19T07:29:59.120Z","type":"UPDATE","user":{"fullname":"Rulei Xie","email":"xierulei@cn.ibm.com"}},{"_id":"architecturechangelog_vSdNdculUD","date":"2020-02-19T07:26:55.709Z","type":"CREATE","user":{"fullname":"Rulei Xie","email":"xierulei@cn.ibm.com"}}]}}