{"_id":"arch_rkuBmD978","name":"arch using togaf 2","type":"Solution","status":"Pending","created":"2020-02-19T07:26:55Z","lastModified":"2020-02-19T08:01:47Z","includedArtifacts":[{"_id":"art_r1nqqw5XI","typeId":"assetartifact_notes","artifactTypeId":"artifacttype_d350e494-2909-366d-8175-fbbb3e7b69ef","type":"Roadmap","globalTOCPosition":"1.2"},{"_id":"art_r1klDP5mU","typeId":"assetartifact_businesschallenge","artifactTypeId":"artifacttype_7e1a0a64-9638-3567-bae1-d895778a288a","type":"Business Context","globalTOCPosition":"1.1"},{"_id":"art_S1w0gEPcmL","typeId":"assetartifact_functionalrequirement","artifactTypeId":"artifacttype_3afd3732-ae19-3087-8fda-9f8fb6773c3a","type":"High Level Requirements","globalTOCPosition":"5.4"},{"_id":"art_By5ClNvcmU","typeId":"assetartifact_nonfunctionalrequirement","artifactTypeId":"artifacttype_a4b20c0c-2e1f-36f9-9b13-2b813d861672","type":"Key Non-Functional Requirements","globalTOCPosition":"2.4"},{"_id":"art_ry71WVvc78","typeId":"assetartifact_architecturedecision","artifactTypeId":"artifacttype_2568ead9-9341-32cd-a397-1dae760d9d6a","type":"Architectural Decisions","globalTOCPosition":"2.3"},{"_id":"art_SyfRxND5X8","typeId":"assetartifact_assumption","artifactTypeId":"artifacttype_2a091746-9283-3fa5-95dc-9720b752a145","type":"Assumptions","globalTOCPosition":"2.2"},{"_id":"art_S1CxNPcQU","typeId":"assetartifact_architecture_principles","artifactTypeId":"artifacttype_400db48f-39bd-3a1b-84ea-ee5cffbacb8c","type":"Principles","globalTOCPosition":"2.1"}],"industry":[{"_id":"industry_banking","name":"Banking & FM"}],"technology":[],"technicalCapability":[],"businessCapability":[],"client":[],"template":{"_id":"template_e71496c0-0c3f-375d-b04c-bed289b8dbf0","name":"TOGAF Template","description":"Sample ToC based on TOGAF standards","isGlobalDefaultTemplate":false},"executiveSummary":"","tag":[],"schemaVersion":"1.2","appVersion":"2.7.1"}