{"toc":[{"globalTOCPosition":"1","artifactTypeName":"Overview","artifactType":"assetartifact_executivesummary","displayName":"Overview","format":"text","typeId":"1","_id":"artifacttype_9edbd406-69fb-3a95-8b2e-58a0974b2710","child":[],"hasContent":true},{"globalTOCPosition":"2","parentGroup":"","_id":"artifactgroup_7dc829db-0746-3ddc-816c-d07338d4eebf","displayName":"Scope","child":[{"globalTOCPosition":"2.1","artifactTypeName":"Business Challenge","artifactType":"assetartifact_businesschallenge","displayName":"Business Challenge","format":"text","typeId":"2.1","_id":"artifacttype_d1ab4a95-e05f-3882-9f19-6500fc0d3b2b","hasContent":false},{"globalTOCPosition":"2.2","artifactTypeName":"System Context","artifactType":"assetartifact_systemcontext","displayName":"System Context","format":"diagram","typeId":"2.2","_id":"artifacttype_8ca70362-e3d1-3b9c-91d1-f755d029a2e3","hasContent":false}]},{"globalTOCPosition":"3","parentGroup":"","_id":"artifactgroup_3b8700e6-c854-3ec9-af0e-9b2e600721ce","displayName":"Requirement","child":[{"globalTOCPosition":"3.1","parentGroup":"artifactgroup_3b8700e6-c854-3ec9-af0e-9b2e600721ce","_id":"artifactgroup_6e299154-751f-36ee-acb2-145c8af87481","displayName":"Use Case Model","child":[{"artifactTypeName":"Use Case Diagram","globalTOCPosition":"3.1.1","artifactType":"assetartifact_usecase_ucdiagram","displayName":"Use Case Diagram","format":"diagram","typeId":"3.1.1","_id":"artifacttype_cde39d5e-c892-3093-ab3d-bad448acb8a0","hasContent":false},{"globalTOCPosition":"3.1.2","artifactTypeName":"Use Case","artifactType":"assetartifact_usecase_uctext","displayName":"Use Case","format":"text","typeId":"3.1.2","_id":"artifacttype_dde4b71c-82db-3f66-964a-3a04fbf56dff","hasContent":false}]},{"globalTOCPosition":"3.2","artifactTypeName":"Functional Requirements","artifactType":"assetartifact_functionalrequirement","displayName":"Functional Requirements","format":"text","typeId":"3.2","_id":"artifacttype_12eefe0a-435b-3176-8bbe-4dc928a2e4c3","hasContent":false},{"artifactTypeName":"Non Functional Requirements","globalTOCPosition":"3.3","artifactType":"assetartifact_nonfunctionalrequirement","displayName":"Non Functional Requirements","format":"text","typeId":"3.3","_id":"artifacttype_f0eebd79-15c9-3ebc-a73b-8efc3f634f59","hasContent":false}]},{"globalTOCPosition":"4","parentGroup":"","_id":"artifactgroup_40044cbe-6c76-33a1-b9e0-eab8937d30ca","displayName":"Data Model","child":[{"artifactTypeName":"Logical Data Model","globalTOCPosition":"4.1","artifactType":"assetartifact_logical_datamodel","displayName":"Logical Data Model","format":"diagram","typeId":"4.1","_id":"artifacttype_246bc46f-0286-3ad4-bf01-679592db59c7","hasContent":false}]},{"globalTOCPosition":"5","parentGroup":"","_id":"artifactgroup_074a2b74-43d8-315a-b88b-c0b421754f02","displayName":"Architecture","child":[{"globalTOCPosition":"5.1","parentGroup":"artifactgroup_074a2b74-43d8-315a-b88b-c0b421754f02","_id":"artifactgroup_771e7b65-3b46-390d-bc41-3c88cfaf13ef","displayName":"Architecture Overview","child":[{"artifactTypeName":"Services View","globalTOCPosition":"5.1.1","artifactType":"assetartifact_architectureoverview_aodservice","displayName":"Services View","format":"diagram","typeId":"5.1.1","_id":"artifacttype_2c548a13-6bd9-3edc-a496-0318af82f0d1","hasContent":false},{"artifactTypeName":"Enterprise View","globalTOCPosition":"5.1.2","artifactType":"assetartifact_architectureoverview_enterprise","displayName":"Enterprise View","format":"diagram","typeId":"5.1.2","_id":"artifacttype_16bfe592-ae95-371c-9f64-3a881b667707","hasContent":false},{"globalTOCPosition":"5.1.3","artifactTypeName":"IT System View","artifactType":"assetartifact_architectureoverview_itsystem","displayName":"IT System View","format":"diagram","typeId":"5.1.3","_id":"artifacttype_355f72be-6566-3f48-8b15-c30f671d7c8f","hasContent":false},{"artifactTypeName":"Usage Scenario","globalTOCPosition":"5.1.4","artifactType":"assetartifact_architectureoverview_usagescenario","displayName":"Usage Scenario","format":"diagram","typeId":"5.1.4","_id":"artifacttype_d118451c-0816-3aa5-8b89-3119feb4168a","hasContent":false}]},{"globalTOCPosition":"5.2","artifactTypeName":"Architectural Decisions","artifactType":"assetartifact_architecturedecision","displayName":"Architectural Decisions","format":"text","typeId":"5.2","_id":"artifacttype_fddae3fa-aafa-32af-94a4-bc3e1ed255cc","parentGroup":"artifactgroup_074a2b74-43d8-315a-b88b-c0b421754f02","child":[],"hasContent":true},{"globalTOCPosition":"5.3","parentGroup":"artifactgroup_074a2b74-43d8-315a-b88b-c0b421754f02","_id":"artifactgroup_c848fca1-3956-3bb4-8c88-8815b99e00fc","displayName":"Component Model","child":[{"globalTOCPosition":"5.3.1","artifactTypeName":"Static View","artifactType":"assetartifact_componentmodel_staticview","displayName":"Static View","format":"diagram","typeId":"5.3.1","_id":"artifacttype_4a44b8fa-5057-3826-84d7-169a6fc1f2ed","hasContent":true},{"globalTOCPosition":"5.3.2","artifactTypeName":"Sequence View","artifactType":"assetartifact_componentmodel_dynamicview","displayName":"Sequence View","format":"diagram","typeId":"5.3.2","_id":"artifacttype_6e1239a1-6a68-3dae-ae87-b05ecf80d25b","hasContent":true},{"artifactTypeName":"Collaboration View","globalTOCPosition":"5.3.3","artifactType":"assetartifact_componentmodel_collaborationdiagram","displayName":"Collaboration View","format":"diagram","typeId":"5.3.3","_id":"artifacttype_217cdbd4-c76f-3355-a3b1-443b0a0d2651","hasContent":true}]},{"globalTOCPosition":"5.4","parentGroup":"artifactgroup_074a2b74-43d8-315a-b88b-c0b421754f02","_id":"artifactgroup_aef1c0cc-540d-31c6-8817-ac2b282f37d3","displayName":"Operational Model","child":[{"artifactTypeName":"Logical Operational View","globalTOCPosition":"5.4.1","artifactType":"assetartifact_operationalmodel_logicaloperational","displayName":"Logical Operational View","format":"diagram","typeId":"5.4.1","_id":"artifacttype_5ca43d50-d7da-322f-a1b0-f65b0c12b2c8","hasContent":false},{"artifactTypeName":"Prescribed Operational View","globalTOCPosition":"5.4.2","artifactType":"assetartifact_operationalmodel_physicaloperational","displayName":"Prescribed Operational View","format":"diagram","typeId":"5.4.2","_id":"artifacttype_7503dbb1-18f7-36ac-ad12-98d977ef3d0d","hasContent":false}]}]},{"globalTOCPosition":"6","parentGroup":"","_id":"artifactgroup_7cddcb3d-c508-3828-8893-128dc3d6c8b7","displayName":"RAID","child":[{"globalTOCPosition":"6.1","artifactTypeName":"Risks","artifactType":"assetartifact_risk","displayName":"Risks","format":"text","typeId":"6.1","_id":"artifacttype_94622837-e58f-34c3-9263-8260b69601c8","hasContent":false},{"globalTOCPosition":"6.2","artifactTypeName":"Assumptions","artifactType":"assetartifact_assumption","displayName":"Assumptions","format":"text","typeId":"6.2","_id":"artifacttype_2142b656-62ba-304d-95d4-77b1b144e5e1","hasContent":false},{"globalTOCPosition":"6.3","artifactTypeName":"Issues","artifactType":"assetartifact_issue","displayName":"Issues","format":"text","typeId":"6.3","_id":"artifacttype_f4d01807-f847-3ccd-87a2-32877074295e","hasContent":false},{"globalTOCPosition":"6.4","artifactTypeName":"Dependencies","artifactType":"assetartifact_dependency","displayName":"Dependencies","format":"text","typeId":"6.4","_id":"artifacttype_9c5463b3-5c9e-3790-86cb-9b8866cc062a","hasContent":false}]},{"globalTOCPosition":"7","artifactTypeName":"Architectural Principles","artifactType":"assetartifact_architecture_principles","displayName":"Architectural Principles","format":"text","typeId":"7","_id":"artifacttype_92ccfc5d-c31a-349d-97c0-6d75c8841a8a","child":[],"hasContent":false},{"artifactTypeName":"Misc Diagram","globalTOCPosition":"8","artifactType":"assetartifact_miscdiagram","displayName":"Misc Diagram","format":"diagram","typeId":"9","_id":"artifacttype_23219eb8-b210-3e5a-8621-9881bee93055","child":[],"hasContent":true},{"artifactTypeName":"Notes","globalTOCPosition":"9","artifactType":"assetartifact_notes","displayName":"Notes","format":"text","typeId":"8","_id":"artifacttype_02226b19-474e-37a6-ab39-d9bb31767fb5","child":[],"hasContent":true}],"toc_cards":{"cmDynamicViews":{"artifacttype_6e1239a1-6a68-3dae-ae87-b05ecf80d25b":[{"additionalInfo":{},"_id":"cmdynamicview_2UHY5uUHMHO","name":"seq","description":"","lastModifiedInfo":{"userId":"gbbguoxa@cn.ibm.com","date":"2021-07-10T03:09:13Z"}}]},"miscDiagram":{"artifacttype_23219eb8-b210-3e5a-8621-9881bee93055":[{"additionalInfo":{"labels":[]},"_id":"miscdiagram_2UHPh5Zabtw","name":"misc","description":"","lastModifiedInfo":{"userId":"gbbguoxa@cn.ibm.com","date":"2021-07-10T03:05:59Z"}}]},"cmStaticViews":{"artifacttype_4a44b8fa-5057-3826-84d7-169a6fc1f2ed":[{"additionalInfo":{},"_id":"cmstaticview_r1luhCtL6u","name":"misc","description":"","lastModifiedInfo":{"userId":"gbbguoxa@cn.ibm.com","date":"2021-07-10T03:07:50Z"}},{"additionalInfo":{},"_id":"cmstaticview_2UHyWHHHnWG","name":"stv","description":"","lastModifiedInfo":{"userId":"gbbguoxa@cn.ibm.com","date":"2021-07-10T02:59:21Z"}}]},"cmCollaboration":{"artifacttype_217cdbd4-c76f-3355-a3b1-443b0a0d2651":[{"additionalInfo":{},"_id":"cmcollaboration_2UHYBWtuvkD","name":"cv","description":"","lastModifiedInfo":{"userId":"gbbguoxa@cn.ibm.com","date":"2021-07-10T03:21:54Z"}},{"additionalInfo":{},"_id":"cmcollaboration_HkgVDM5U6u","name":"misc","description":"","lastModifiedInfo":{"userId":"gbbguoxa@cn.ibm.com","date":"2021-07-10T03:22:03Z"}}]},"notes":{"artifacttype_02226b19-474e-37a6-ab39-d9bb31767fb5":["notes_S1xMgm9Lau"]},"executivesummary":{"artifacttype_9edbd406-69fb-3a95-8b2e-58a0974b2710":["executivesummary_HkgmAjFUTO"]},"architecturaldecision":{"artifacttype_fddae3fa-aafa-32af-94a4-bc3e1ed255cc":["architecturaldecision_S1x0pIuU6u","architecturaldecision_BJGdwdI6O","architecturaldecision_Hkc9wd86u"]},"businesschallenge":{"artifacttype_d1ab4a95-e05f-3882-9f19-6500fc0d3b2b":[]},"systemContext":{"artifacttype_8ca70362-e3d1-3b9c-91d1-f755d029a2e3":[]},"useCaseViews":{"artifacttype_cde39d5e-c892-3093-ab3d-bad448acb8a0":[]},"usecasetext":{"artifacttype_dde4b71c-82db-3f66-964a-3a04fbf56dff":[]},"functionalrequirement":{"artifacttype_12eefe0a-435b-3176-8bbe-4dc928a2e4c3":[]},"nonfunctionalrequirement":{"artifacttype_f0eebd79-15c9-3ebc-a73b-8efc3f634f59":[]},"logicalERD":{"artifacttype_246bc46f-0286-3ad4-bf01-679592db59c7":[]},"aodServices":{"artifacttype_2c548a13-6bd9-3edc-a496-0318af82f0d1":[]},"aodEnterprises":{"artifacttype_16bfe592-ae95-371c-9f64-3a881b667707":[]},"aodITSystems":{"artifacttype_355f72be-6566-3f48-8b15-c30f671d7c8f":[]},"aodUsageScenarios":{"artifacttype_d118451c-0816-3aa5-8b89-3119feb4168a":[]},"lomViews":{"artifacttype_5ca43d50-d7da-322f-a1b0-f65b0c12b2c8":[]},"lomPhysicalViews":{"artifacttype_7503dbb1-18f7-36ac-ad12-98d977ef3d0d":[]},"risk":{"artifacttype_94622837-e58f-34c3-9263-8260b69601c8":[]},"assumption":{"artifacttype_2142b656-62ba-304d-95d4-77b1b144e5e1":[]},"issue":{"artifacttype_f4d01807-f847-3ccd-87a2-32877074295e":[]},"dependency":{"artifacttype_9c5463b3-5c9e-3790-86cb-9b8866cc062a":[]},"architectureprinciple":{"artifacttype_92ccfc5d-c31a-349d-97c0-6d75c8841a8a":[]}},"combined":{"coreInfo":[{"_id":"implementation_2UHKWplMr8t","name":"pc","description":"pc-desc<div><ol><li style=\"text-align: center;\"><font size=\"5\" face=\"Arial Black\" color=\"#32bd73\"><b><i><u>hj</u></i></b></font></li><li style=\"text-align: center;\"><font size=\"5\" face=\"Arial Black\" color=\"#32bd73\"><b><i><u>hj</u></i></b></font></li><li style=\"text-align: center;\"><font size=\"5\" face=\"Arial Black\" color=\"#32bd73\"><b><i><u>hm,</u></i></b></font></li><li style=\"text-align: center;\"><font size=\"5\" face=\"Arial Black\" color=\"#32bd73\"><b><i><u>fyu</u></i></b></font></li></ol></div>","url":"gfhjk","label":"pc","modelType":"Implementation"},{"name":"hah","description":"hah","_id":"label_SJcOtRsYdgH_H1NUhdn18","userId":"gbbguoxa@cn.ibm.com","label":"hah","modelType":"Label"},{"name":"ha'h","description":"ha'h","_id":"label_HyDOR4Q66rL_Sycg--cUL_HyXAab5IU","userId":"gbbguoxa@cn.ibm.com","label":"ha'h","modelType":"Label"},{"name":"label","description":"label","_id":"label_SyUOgzAjuvpH","userId":"gbbguoxa@cn.ibm.com","label":"label","modelType":"Label"},{"name":"a","description":"a","_id":"label_HyawxqLLCFDH","userId":"gbbguoxa@cn.ibm.com","label":"a","modelType":"Label"},{"name":"a note","description":"a note","_id":"label_BkkOl58LAtDr","userId":"gbbguoxa@cn.ibm.com","label":"a note","modelType":"Label"},{"name":"hahah","description":"hahah","_id":"label_SkmOl9UI0YwH","userId":"gbbguoxa@cn.ibm.com","label":"hahah","modelType":"Label"},{"name":"Pass pen","description":"Pass pen","_id":"label_1xaDQwZ2QdS_ByPt8AH9E","userId":"gbbguoxa@cn.ibm.com","label":"Pass pen","modelType":"Label"},{"name":"Offline Editing","description":"Offline Editing","_id":"label_1y2091Ouadd_ByPt8AH9E","userId":"gbbguoxa@cn.ibm.com","label":"Offline Editing","modelType":"Label"},{"name":"Pass Pen","description":"Pass Pen","_id":"label_1y24G0LVQ7D_ByPt8AH9E","userId":"gbbguoxa@cn.ibm.com","label":"Pass Pen","modelType":"Label"},{"name":"a'a'a'a'a","description":"a'a'a'a'a","_id":"label_r1yoDGyO31I","userId":"gbbguoxa@cn.ibm.com","label":"a'a'a'a'a","modelType":"Label"},{"name":"aaaaa","description":"aaaaa","_id":"label_B1gsvMJ_2k8","userId":"gbbguoxa@cn.ibm.com","label":"aaaaa","modelType":"Label"},{"name":"a special label","description":"a special label","_id":"label_SkGiDf1d31U","userId":"gbbguoxa@cn.ibm.com","label":"a special label","modelType":"Label"},{"name":"note1","description":"note1","_id":"label_1L2WMjWbK4k_ByQlw1Zkr","userId":"gbbguoxa@cn.ibm.com","label":"note1","modelType":"Label"},{"name":"patch","description":"patch","_id":"label_1Phj7Y9HrAn_HJz4mg_fS","userId":"gbbguoxa@cn.ibm.com","label":"patch","modelType":"Label"},{"name":"2.4.1","description":"2.4.1","_id":"label_1Phj7Y9XdCz_HJz4mg_fS","userId":"gbbguoxa@cn.ibm.com","label":"2.4.1","modelType":"Label"},{"name":"dddd","description":"dddd","_id":"label_1UX0q6UGFyi_H1CQyRtwS","userId":"gbbguoxa@cn.ibm.com","label":"dddd","modelType":"Label"},{"name":"note","description":"note","_id":"label_2jVgK9fg3bA_SyQmL8Np8_HJNtuhdaL","userId":"gbbguoxa@cn.ibm.com","label":"note","modelType":"Label"},{"name":"image","description":"image","_id":"label_24tYxylsUsa_B1lmZgkZU","userId":"gbbguoxa@cn.ibm.com","label":"image","modelType":"Label"},{"name":"attach","description":"attach","_id":"label_24tYxylTtTA_B1lmZgkZU","userId":"gbbguoxa@cn.ibm.com","label":"attach","modelType":"Label"},{"name":" bvn","description":" bvn","_id":"label_2keZvMsTOrc_rkNEOadTL","userId":"gbbguoxa@cn.ibm.com","label":" bvn","modelType":"Label"},{"name":"bvnb'h'j","description":"bvnb'h'j","_id":"label_2keZvMsDmuy_rkNEOadTL","userId":"gbbguoxa@cn.ibm.com","label":"bvnb'h'j","modelType":"Label"},{"name":"bhjn'j","description":"bhjn'j","_id":"label_2keZvMsEYZd_rkNEOadTL","userId":"gbbguoxa@cn.ibm.com","label":"bhjn'j","modelType":"Label"},{"name":"nj","description":"nj","_id":"label_2keZvMsA9bG_rkNEOadTL","userId":"gbbguoxa@cn.ibm.com","label":"nj","modelType":"Label"},{"name":"is","description":"is","_id":"label_SyumbjO9GjBw","userId":"gbbguoxa@cn.ibm.com","label":"is","modelType":"Label"},{"name":"this","description":"this","_id":"label_rJKO5lu_Tvv","userId":"gbbguoxa@cn.ibm.com","label":"this","modelType":"Label"},{"name":"Notification","description":"Notification","_id":"label_SJidqguO6Pw","userId":"gbbguoxa@cn.ibm.com","label":"Notification","modelType":"Label"},{"name":"Workshop Jan. 2019","description":"Workshop Jan. 2019","_id":"label_Sy2OceOdTwD","userId":"gbbguoxa@cn.ibm.com","label":"Workshop Jan. 2019","modelType":"Label"},{"name":"New label","description":"New label","_id":"label_B19b-chPsOCP_B184bKKRw","userId":"gbbguoxa@cn.ibm.com","label":"New label","modelType":"Label"},{"name":"decwq","description":"decwq","_id":"label_2LiAP5jW5Dn_B1KGDHYS_","userId":"gbbguoxa@cn.ibm.com","label":"decwq","modelType":"Label"},{"name":"devcwdq","description":"devcwdq","_id":"label_2LiAP5jpzky_B1KGDHYS_","userId":"gbbguoxa@cn.ibm.com","label":"devcwdq","modelType":"Label"},{"name":"qdwcewdq","description":"qdwcewdq","_id":"label_2LiAP5jyHWl_B1KGDHYS_","userId":"gbbguoxa@cn.ibm.com","label":"qdwcewdq","modelType":"Label"},{"name":"CA","description":"CA","_id":"label_1OhKj1ilrmn_rkm6cR0-H_ryWjkER2B_B1KGDHYS_","userId":"gbbguoxa@cn.ibm.com","label":"CA","modelType":"Label"},{"modelType":"LogicalComponent","description":"","_id":"logicalcomponent_2UHMvHanx8J","level":"Application","label":"<div>Data Transform <br></div><div>Component</div>"},{"modelType":"Actor","description":"","_id":"actor_2UHL9QiFUOX","type":"Human","label":"h"},{"modelType":"Actor","description":"","_id":"actor_2UHYcEn2cMx","type":"Human","label":"Human1"},{"modelType":"GenericGroup","description":"Element unchanged in this phase or release.","_id":"genericgroup_H1FMwT_tAv","category":"Transition-Elements","type":"Pre-Defined","label":"unchanged","children":"logicalconnector_2UHLbnHydq4"},{"modelType":"GenericGroup","description":"Element is modified or updated in this phase or release.","_id":"genericgroup_SkqGPaOFAP","category":"Transition-Elements","type":"Pre-Defined","label":"updated"},{"modelType":"GenericGroup","description":"Element being removed in this phase or release.","_id":"genericgroup_HJjMDTuYCD","category":"Transition-Elements","type":"Pre-Defined","label":"removed"},{"modelType":"GenericGroup","description":"Element being added in this phase or release.","_id":"genericgroup_Sy3zPTdYCw","type":"Pre-Defined","category":"Transition-Elements","label":"added"},{"modelType":"GenericGroup","description":"Element is being planned for some future phase or release.","_id":"genericgroup_ryaGP6OK0w","category":"Transition-Elements","type":"Pre-Defined","label":"planned"},{"modelType":"GenericGroup","description":"Either the security controls have not been specified or cannot be controlled.","_id":"genericgroup_B1zP6dFRw","type":"Pre-Defined","category":"Security-Zone","label":"none"},{"modelType":"GenericGroup","description":"Trusted security zone, all traffic and access is by known and trusted parties.","_id":"genericgroup_rJlMv6dt0P","type":"Pre-Defined","category":"Security-Zone","label":"trusted"},{"modelType":"GenericGroup","description":"Direct access to un-trusted network, no sensitive data. Controlled access to trusted zone.","_id":"genericgroup_BybzDTOK0v","type":"Pre-Defined","category":"Security-Zone","label":"dmz"},{"modelType":"GenericGroup","description":"Untrusted traffic, often public networks.","_id":"genericgroup_ByGMw6dYAP","type":"Pre-Defined","category":"Security-Zone","label":"un-trusted"},{"modelType":"GenericGroup","description":"Unmanaged entity.","_id":"genericgroup_S17GwadKCw","type":"Pre-Defined","category":"Management-Zone","label":"none"},{"modelType":"GenericGroup","description":"Fully managed.","_id":"genericgroup_rk4Gw6ut0D","type":"Pre-Defined","category":"Management-Zone","label":"full"},{"modelType":"GenericGroup","description":"Partially managed.","_id":"genericgroup_SyrMD6_KAP","category":"Management-Zone","type":"Pre-Defined","label":"limited"},{"modelType":"GenericGroup","description":"No direct management.","_id":"genericgroup_ByIfwpOF0v","category":"Management-Zone","type":"Pre-Defined","label":"no direct"},{"modelType":"GenericGroup","description":"High availability replica actively handling workload.","_id":"genericgroup_BywfvTuKAw","type":"Pre-Defined","category":"HA-Mode","label":"active","children":"logicalconnector_2UHLbnHydq4"},{"modelType":"GenericGroup","description":"High availability replica not handling active workload.","_id":"genericgroup_ry_zw6utCv","type":"Pre-Defined","category":"HA-Mode","label":"passive","children":"logicalconnector_2UHLbnHydq4"},{"modelType":"GenericGroup","description":"","_id":"genericgroup_2UHLhkYmcx7","type":"User-Defined","category":"Management-Zone","label":"a","children":"logicalconnector_2UHLbnHydq4"},{"modelType":"GenericGroup","description":"This group is derived from SubSystem named SubSystem.","_id":"genericgroup_2UHBfDycBd5","type":"Auto-Generated","category":"SubSystem","label":"SubSystem","children":"logicalconnector_2UHLbnHydq4"},{"description":"du-desc","_id":"du_2UHKLTWvRSa","type":"Executable","level":"Technical","modelType":"DU","label":"du","children":"logicalcomponent_2UHBg3OuIAc"},{"modelType":"LogicalConnector","description":"","_id":"logicalconnector_2UHBimFmcja","label":""},{"modelType":"Actor","description":"","_id":"actor_2UHBhJFzX7R","type":"IT System","label":"IT System (Original)"},{"modelType":"LogicalComponent","Icon-Name":"default","description":"lc desc","_id":"logicalcomponent_2UHBg3OuIAc","level":"Application","label":"Logical Component","taxonomies":"analytic & ai | ai services"},{"modelType":"Actor","Icon-Name":"user","description":"","_id":"actor_2UHBhbOwsdO","type":"Human","label":"Human"},{"modelType":"Actor","Icon-Name":"default","description":"","_id":"actor_2UHBgC6DzjD","type":"IT System","label":"IT System"},{"modelType":"LogicalConnector","description":"lc line","_id":"logicalconnector_2UHLbnHydq4","label":"abc"},{"modelType":"LogicalComponent","description":"email notification","_id":"logicalcomponent_2UHMvHpLvUC","level":"Technical","label":"Email Notification","children":"implementation_2UHMvHqwY5F"},{"modelType":"Implementation","description":"","_id":"implementation_2UHMvHqwY5F","url":"","label":"SMTP"},{"modelType":"LogicalComponent","description":"","_id":"logicalcomponent_2UHMvHlXHIe","level":"Application","label":"User Profile\n Service"},{"modelType":"Actor","description":"Cognitive Architect: Use IBM BluePage\n\nIT Architect Assistant: Use IBM App ID\n","_id":"actor_2UHMvHzml2G","type":"IT System","label":"User Directory"},{"modelType":"LogicalComponent","description":"Architecture & Artifact Services","_id":"logicalcomponent_2UHMvH4CY5A","level":"Application","label":"ArchitectureService","children":"implementation_2UHMvH3GSoI,implementation_2UHMvH6ezX0"},{"modelType":"Implementation","description":"","_id":"implementation_2UHMvH3GSoI","url":"","label":"Loopback3"},{"modelType":"Implementation","description":"","_id":"implementation_2UHMvH6ezX0","url":"","label":"Neo4j"},{"modelType":"Actor","description":"The tool used to generate architecture effort estimation & plan","_id":"actor_2UHMvHAx6Dz","type":"IT System","label":"Solution Advisor"},{"modelType":"LogicalComponent","description":"","_id":"logicalcomponent_2UHMvH9hpAf","level":"Technical","label":"API Compose"},{"modelType":"LogicalComponent","description":"","_id":"logicalcomponent_2UHMvHwcw7i","level":"Technical","label":"User Operation \nAudit"},{"modelType":"LogicalComponent","description":"Export Architecture to PPTX","_id":"logicalcomponent_2UHMvHhGkdc","level":"Application","label":"PPTX Export"},{"modelType":"Actor","description":"For Cognitive Architect, use internal SMTP Service used to send email notification. \n\nFor IT Architect Assistant, use IBM Cloud SendGrid Service to send email\n","_id":"actor_2UHMvHyEyJ8","type":"IT System","label":"Email Service"},{"modelType":"LogicalComponent","description":"","_id":"logicalcomponent_2UHMvHswBhh","level":"Technical","label":"Github Integration"},{"modelType":"Actor","description":"Cognitive Architect Staging & Production send user analysis to NewRelic","_id":"actor_2UHMvHzunG3","type":"IT System","label":"NewRelic"},{"modelType":"LogicalComponent","description":"Authentication/Authorization Service, User Profile","_id":"logicalcomponent_2UHMvH7ZZ1m","level":"Application","label":"User Service","children":"implementation_2UHMvH2FY73,implementation_2UHMvH3GSoI"},{"modelType":"Implementation","description":"","_id":"implementation_2UHMvH2FY73","url":"","label":"Node.js"},{"modelType":"LogicalComponent","description":"In-App Notification for new feature and maintainence","_id":"logicalcomponent_2UHMvHm5UIK","level":"Technical","label":"In-App Notification","children":"implementation_2UHMvHoadJX"},{"modelType":"Implementation","description":"","_id":"implementation_2UHMvHoadJX","url":"","label":"Web Socket"},{"modelType":"LogicalComponent","description":"Manage Architecture Team Members","_id":"logicalcomponent_2UHMvHusnPb","level":"Application","label":"Team Management"},{"modelType":"LogicalComponent","description":"","_id":"logicalcomponent_2UHMvHreDf5","level":"Technical","label":"Solution Advisor Integration"},{"modelType":"LogicalComponent","description":"Export Architecture to Excel, which contains the key elements of the architecture","_id":"logicalcomponent_2UHMvHj0NT5","level":"Application","label":"Excel Export","taxonomies":"app mod | migration automation"},{"modelType":"Actor","description":"","_id":"actor_2UHMvHBJv5l","type":"IT System","label":"Github"},{"modelType":"LogicalComponent","description":"Aggregate Service to compose different internal services.\n","_id":"logicalcomponent_2UHMvH1udNZ","level":"Technical","label":"Aggregate Service","children":"implementation_2UHMvH2FY73,implementation_2UHMvH3GSoI"},{"modelType":"LogicalComponent","description":"","_id":"logicalcomponent_2UHMvHk0CGc","level":"Application","label":"Authorization Service"},{"modelType":"Actor","description":"A system to provision multiple-cloud environment based on diagram","_id":"actor_2UHMvHCSAQT","type":"IT System","label":"Maze"},{"modelType":"LogicalComponent","description":"","_id":"logicalcomponent_2UHMvHdrrx6","level":"Application","label":"Artifact Level \nAPIs"},{"modelType":"LogicalComponent","description":"Export service to export pptx, excel","_id":"logicalcomponent_2UHMvHeBGoS","level":"Application","label":"Export Service","children":"implementation_2UHMvH2FY73,implementation_2UHMvH3GSoI"},{"modelType":"LogicalComponent","description":"","_id":"logicalcomponent_2UHMvHvEakV","level":"Technical","label":"Architecture Operation Audit"},{"modelType":"LogicalComponent","description":"","_id":"logicalcomponent_2UHMvHb6FAu","level":"Application","label":"Architecture Level\n APIs"},{"modelType":"LogicalConnector","description":"","_id":"logicalconnector_2UHXXrUyMGL","label":""},{"modelType":"LogicalComponent","Icon-Name":"default","description":"","_id":"logicalcomponent_2UHXTWNhTsA","level":"Application","label":"Logical Node"},{"modelType":"LogicalComponent","Icon-Name":"autoscaling","description":"","_id":"logicalcomponent_2UHXV8X9w9k","level":"Application","label":"autoscaling"},{"modelType":"LogicalConnector","description":"","_id":"logicalconnector_2UHY1jtcl3r","label":""},{"modelType":"Actor","Icon-Name":"default","description":"","_id":"actor_2UHY0tz68hE","type":"IT System","label":"Actor"},{"modelType":"Actor","description":"","_id":"actor_2UHZg0CAE5v","type":"Human","label":"Human (Original)"},{"modelType":"LogicalComponent","Icon-Name":"autoscaling","description":"","_id":"logicalcomponent_2UI1n6cZxXL","level":"Application","label":"autoscaling-1"}]},"diagram":{"instances":{"cmdynamicview_2UHY5uUHMHO":{"uiInfo":"<mxGraphModel dx=\"1100\" dy=\"536\" grid=\"1\" gridSize=\"8\" guides=\"1\" tooltips=\"1\" connect=\"1\" arrows=\"1\" fold=\"1\" page=\"1\" pageScale=\"1\" pageWidth=\"1169\" pageHeight=\"827\" background=\"#ffffff\"><root><mxCell id=\"0\" modelId=\"cmdynamicview_2UHY5uUHMHO\"></mxCell><mxCell id=\"1\" parent=\"0\"></mxCell><mxCell id=\"cmdynamicview_2UHY5uUHMHO_722UHYcgIgeJI\" style=\"shape=umlLifeline;participant=umlActor;perimeter=lifelinePerimeter;whiteSpace=wrap;html=1;container=1;collapsible=0;recursiveResize=0;verticalAlign=top;spacingTop=36;labelBackgroundColor=#ffffff;outlineConnect=0;\" vertex=\"1\" modelId=\"timeline_2UHYcgHRC9D\" parent=\"1\"><mxGeometry x=\"240\" y=\"136\" width=\"20\" height=\"300\" as=\"geometry\"></mxGeometry></mxCell><mxCell id=\"cmdynamicview_2UHY5uUHMHO_732UHYcgJHhXz\" modelId=\"actor_2UHL9QiFUOX\" parent=\"1\"></mxCell><mxCell id=\"cmdynamicview_2UHY5uUHMHO_742UHYcEllVSI\" style=\"shape=umlLifeline;participant=umlActor;perimeter=lifelinePerimeter;whiteSpace=wrap;html=1;container=1;collapsible=0;recursiveResize=0;verticalAlign=top;spacingTop=36;labelBackgroundColor=#ffffff;outlineConnect=0;\" vertex=\"1\" modelId=\"timeline_2UHYcEmhXhL\" parent=\"1\"><mxGeometry x=\"528\" y=\"152\" width=\"20\" height=\"300\" as=\"geometry\"></mxGeometry></mxCell><mxCell id=\"cmdynamicview_2UHY5uUHMHO_762UHYevK5gH1\" style=\"shape=umlLifeline;rounded=1;perimeter=lifelinePerimeter;whiteSpace=wrap;html=1;container=1;collapsible=0;recursiveResize=0;outlineConnect=0;\" vertex=\"1\" modelId=\"timeline_2UHYevKK1KD\" parent=\"1\"><mxGeometry x=\"816\" y=\"184\" width=\"100\" height=\"300\" as=\"geometry\"></mxGeometry></mxCell><mxCell id=\"cmdynamicview_2UHY5uUHMHO_772UHYevLQPJz\" modelId=\"logicalcomponent_2UHMvHanx8J\" parent=\"1\"></mxCell><mxCell id=\"cmdynamicview_2UHY5uUHMHO_782UHYfxfAtHF\" style=\"edgeStyle=orthogonalEdgeStyle;rounded=1;html=1;jumpStyle=arc;jumpSize=8;noLabel=0;jettySize=auto;orthogonalLoop=1;\" edge=\"1\" modelId=\"componentmessage_2UHYfxgTfGh\" parent=\"1\" source=\"cmdynamicview_2UHY5uUHMHO_722UHYcgIgeJI\" target=\"cmdynamicview_2UHY5uUHMHO_742UHYcEllVSI\"><mxGeometry relative=\"1\" as=\"geometry\"></mxGeometry></mxCell><mxCell id=\"cmdynamicview_2UHY5uUHMHO_792UHYgttEPBZ\" style=\"edgeStyle=orthogonalEdgeStyle;rounded=1;html=1;jumpStyle=arc;jumpSize=8;noLabel=0;jettySize=auto;orthogonalLoop=1;\" edge=\"1\" modelId=\"componentmessage_2UHYgtu9ji0\" parent=\"1\" source=\"cmdynamicview_2UHY5uUHMHO_742UHYcEllVSI\" target=\"cmdynamicview_2UHY5uUHMHO_762UHYevK5gH1\"><mxGeometry relative=\"1\" as=\"geometry\"></mxGeometry></mxCell><mxCell id=\"cmdynamicview_2UHY5uUHMHO_812UHYi12Suzz\" style=\"html=1;verticalAlign=bottom;endArrow=open;dashed=1;endSize=8;jumpStyle=arc;jumpSize=8;rounded=1;noLabel=0;\" edge=\"1\" modelId=\"componentmessage_2UHYi12DWya\" parent=\"1\" source=\"cmdynamicview_2UHY5uUHMHO_762UHYevK5gH1\" target=\"cmdynamicview_2UHY5uUHMHO_722UHYcgIgeJI\"><mxGeometry relative=\"1\" as=\"geometry\"><mxPoint x=\"568\" y=\"480\" as=\"sourcePoint\"></mxPoint><mxPoint x=\"488\" y=\"480\" as=\"targetPoint\"></mxPoint><Array as=\"points\"><mxPoint x=\"560\" y=\"488\"></mxPoint></Array></mxGeometry></mxCell></root></mxGraphModel>","coreInfo":[{"modelType":"CMDynamicView","lastModifiedUserId":"gbbguoxa@cn.ibm.com","description":"","lastModified":"2021-07-10T03:09:13Z","_id":"cmdynamicview_2UHY5uUHMHO","type":"Component Interaction Diagram","label":"seq"},{"modelType":"ComponentMessage","description":"","_id":"componentmessage_2UHYi12DWya","type":"Return","label":"Return"},{"modelType":"Timeline","_id":"timeline_2UHYevKK1KD","children":"logicalcomponent_2UHMvHanx8J"},{"modelType":"Timeline","_id":"timeline_2UHYcgHRC9D","children":"actor_2UHL9QiFUOX"},{"modelType":"ComponentMessage","description":"","_id":"componentmessage_2UHYfxgTfGh","type":"Call","label":"Call"},{"modelType":"Timeline","_id":"timeline_2UHYcEmhXhL","children":"actor_2UHYcEn2cMx"},{"modelType":"ComponentMessage","description":"","_id":"componentmessage_2UHYgtu9ji0","type":"Call","label":"Call"}]},"miscdiagram_2UHPh5Zabtw":{"uiInfo":"<mxGraphModel dx=\"1100\" dy=\"536\" grid=\"1\" gridSize=\"8\" guides=\"1\" tooltips=\"1\" connect=\"1\" arrows=\"1\" fold=\"1\" page=\"1\" pageScale=\"1\" pageWidth=\"1169\" pageHeight=\"827\" background=\"#ffffff\"><root><mxCell id=\"0\" modelId=\"miscdiagram_2UHPh5Zabtw\"></mxCell><mxCell id=\"1\" parent=\"0\"></mxCell><UserObject placeholders=\"1\" label=\"Actor\" Icon-Name=\"default\" id=\"miscdiagram_2UHPh5Zabtw_22UHWkAG05Bp\"><mxCell style=\"shape=mxgraph.ibm2mondrian.base;shapeType=actor;shapeLayout=collapsed;colorFamily=blue;colorBackground=noColor:noColor;html=1;whiteSpace=wrap;metaEdit=1;strokeWidth=1;collapsible=0;recursiveResize=0;expand=0;fontFamily=IBM Plex Sans;fontColor=#000000;fontSize=14;image=;verticalAlign=top;align=center;spacing=0;spacingLeft=0;spacingRight=0;spacingTop=0;spacingBottom=0;verticalLabelPosition=bottom;labelPosition=center;positionText=bottom;container=0\" parent=\"1\" vertex=\"1\"><mxGeometry x=\"136\" y=\"152\" width=\"48\" height=\"48\" as=\"geometry\"></mxGeometry></mxCell></UserObject><UserObject placeholders=\"1\" label=\"Logical Node\" Icon-Name=\"default\" id=\"miscdiagram_2UHPh5Zabtw_32UHWkAGwbnA\"><mxCell style=\"shape=mxgraph.ibm2mondrian.base;shapeType=ln;shapeLayout=expanded;colorFamily=blue;colorBackground=noColor:noColor;html=1;whiteSpace=wrap;metaEdit=1;strokeWidth=1;collapsible=0;recursiveResize=0;expand=0;fontFamily=IBM Plex Sans;fontColor=#000000;fontSize=14;image=;verticalAlign=middle;align=left;spacing=0;spacingLeft=12;spacingRight=16;spacingTop=0;spacingBottom=0;container=1\" parent=\"1\" vertex=\"1\"><mxGeometry x=\"224\" y=\"312\" width=\"240\" height=\"48\" as=\"geometry\"></mxGeometry></mxCell></UserObject><UserObject placeholders=\"1\" label=\"Target System\" Icon-Name=\"default\" id=\"miscdiagram_2UHPh5Zabtw_42UHWkAGgJXR\"><mxCell style=\"shape=mxgraph.ibm2mondrian.base;shapeType=ts;shapeLayout=expanded;colorFamily=blue;colorBackground=noColor:noColor;html=1;whiteSpace=wrap;metaEdit=1;strokeWidth=1;collapsible=0;recursiveResize=0;expand=0;fontFamily=IBM Plex Sans;fontColor=#ffffff;fontSize=14;image=;verticalAlign=middle;align=left;spacing=0;spacingLeft=12;spacingRight=16;spacingTop=0;spacingBottom=0;container=1\" parent=\"1\" vertex=\"1\"><mxGeometry x=\"184\" y=\"448\" width=\"240\" height=\"48\" as=\"geometry\"></mxGeometry></mxCell></UserObject><UserObject placeholders=\"1\" label=\"application--mobile\" Icon-Name=\"application--mobile\" id=\"miscdiagram_2UHPh5Zabtw_52UHWkAGKZUb\"><mxCell style=\"shape=mxgraph.ibm2mondrian.base;shapeType=ln;shapeLayout=collapsed;colorFamily=black;colorBackground=noColor:noColor;html=1;whiteSpace=wrap;metaEdit=1;strokeWidth=1;collapsible=0;recursiveResize=0;expand=0;fontFamily=IBM Plex Sans;fontColor=#000000;fontSize=14;image=;verticalAlign=top;align=center;spacing=0;spacingLeft=0;spacingRight=0;spacingTop=0;spacingBottom=0;verticalLabelPosition=bottom;labelPosition=center;positionText=bottom;container=0;colorFillIcon=light;\" parent=\"1\" vertex=\"1\"><mxGeometry x=\"400\" y=\"104\" width=\"48\" height=\"48\" as=\"geometry\"></mxGeometry></mxCell></UserObject><UserObject placeholders=\"1\" label=\"application--virtual\" Icon-Name=\"application--virtual\" id=\"miscdiagram_2UHPh5Zabtw_62UHWkAGEAK7\"><mxCell style=\"shape=mxgraph.ibm2mondrian.base;shapeType=ln;shapeLayout=collapsed;colorFamily=black;colorBackground=noColor:noColor;html=1;whiteSpace=wrap;metaEdit=1;strokeWidth=1;collapsible=0;recursiveResize=0;expand=0;fontFamily=IBM Plex Sans;fontColor=#000000;fontSize=14;image=;verticalAlign=top;align=center;spacing=0;spacingLeft=0;spacingRight=0;spacingTop=0;spacingBottom=0;verticalLabelPosition=bottom;labelPosition=center;positionText=bottom;container=0;colorFillIcon=light;\" parent=\"1\" vertex=\"1\"><mxGeometry x=\"600\" y=\"112\" width=\"48\" height=\"48\" as=\"geometry\"></mxGeometry></mxCell></UserObject><UserObject placeholders=\"1\" label=\"autoscaling\" Icon-Name=\"autoscaling\" id=\"miscdiagram_2UHPh5Zabtw_72UHWkAGZjOG\"><mxCell style=\"shape=mxgraph.ibm2mondrian.base;shapeType=ln;shapeLayout=collapsed;colorFamily=black;colorBackground=noColor:noColor;html=1;whiteSpace=wrap;metaEdit=1;strokeWidth=1;collapsible=0;recursiveResize=0;expand=0;fontFamily=IBM Plex Sans;fontColor=#000000;fontSize=14;image=;verticalAlign=top;align=center;spacing=0;spacingLeft=0;spacingRight=0;spacingTop=0;spacingBottom=0;verticalLabelPosition=bottom;labelPosition=center;positionText=bottom;container=0;colorFillIcon=light;\" parent=\"1\" vertex=\"1\"><mxGeometry x=\"392\" y=\"240\" width=\"48\" height=\"48\" as=\"geometry\"></mxGeometry></mxCell></UserObject><UserObject placeholders=\"1\" label=\"code-signing-service\" Icon-Name=\"code-signing-service\" id=\"miscdiagram_2UHPh5Zabtw_82UHWkAGrYxV\"><mxCell style=\"shape=mxgraph.ibm2mondrian.base;shapeType=ln;shapeLayout=collapsed;colorFamily=black;colorBackground=noColor:noColor;html=1;whiteSpace=wrap;metaEdit=1;strokeWidth=1;collapsible=0;recursiveResize=0;expand=0;fontFamily=IBM Plex Sans;fontColor=#000000;fontSize=14;image=;verticalAlign=top;align=center;spacing=0;spacingLeft=0;spacingRight=0;spacingTop=0;spacingBottom=0;verticalLabelPosition=bottom;labelPosition=center;positionText=bottom;container=0;colorFillIcon=light;\" parent=\"1\" vertex=\"1\"><mxGeometry x=\"576\" y=\"240\" width=\"48\" height=\"48\" as=\"geometry\"></mxGeometry></mxCell></UserObject><UserObject placeholders=\"1\" label=\"Cloud\" Icon-Name=\"cloud\" id=\"miscdiagram_2UHPh5Zabtw_92UHWkAGaEyG\"><mxCell style=\"shape=mxgraph.ibm2mondrian.base;shapeType=lg;shapeLayout=expanded;colorFamily=blue;colorBackground=noColor:noColor;html=1;whiteSpace=wrap;metaEdit=1;strokeWidth=1;collapsible=0;recursiveResize=0;expand=0;fontFamily=IBM Plex Sans;fontColor=#000000;fontSize=14;image=;verticalAlign=middle;align=left;spacing=0;spacingLeft=12;spacingRight=16;spacingTop=0;spacingBottom=0;container=1\" parent=\"1\" vertex=\"1\"><mxGeometry x=\"712\" y=\"304\" width=\"240\" height=\"152\" as=\"geometry\"></mxGeometry></mxCell></UserObject></root></mxGraphModel>","coreInfo":[{"modelType":"MiscDiagram","lastModifiedUserId":"gbbguoxa@cn.ibm.com","description":"","lastModified":"2021-07-10T03:05:59Z","_id":"miscdiagram_2UHPh5Zabtw","label":"misc"}]},"cmstaticview_2UHyWHHHnWG":{"uiInfo":"<mxGraphModel dx=\"2269\" dy=\"1363\" grid=\"1\" gridSize=\"8\" guides=\"1\" tooltips=\"1\" connect=\"1\" arrows=\"1\" fold=\"1\" page=\"1\" pageScale=\"1\" pageWidth=\"1169\" pageHeight=\"827\" background=\"#ffffff\"><root><mxCell id=\"0\" modelId=\"cmstaticview_2UHyWHHHnWG\"></mxCell><mxCell id=\"1\" parent=\"0\"></mxCell><mxCell id=\"cmstaticview_2UHyWHHHnWG_22UHVi05UvvU\" style=\"shape=mxgraph.ibm2mondrian.base;shapeType=pg;shapeLayout=expanded;colorFamily=blue;html=1;whiteSpace=wrap;fontFamily=IBM Plex Sans;fontColor=#000000;fontSize=14;verticalAlign=middle;align=left;spacing=0;spacingLeft=12;spacingRight=16;spacingTop=0;spacingBottom=0;metaEdit=1;strokeWidth=1;container=1;collapsible=0;recursiveResize=0;expand=0;image=\" vertex=\"1\" modelId=\"subsystem_2UHBfDAbXM4\" parent=\"1\"><mxGeometry x=\"832\" y=\"304\" width=\"272\" height=\"284\" as=\"geometry\"></mxGeometry></mxCell><mxCell id=\"cmstaticview_2UHyWHHHnWG_32UHVi05cClh\" style=\"shape=mxgraph.ibm2mondrian.base;shapeType=lc;shapeLayout=collapsed;colorFamily=blue;html=1;whiteSpace=wrap;fontFamily=IBM Plex Sans;fontColor=#000000;fontSize=14;verticalAlign=top;align=center;spacing=0;spacingLeft=0;spacingRight=0;spacingTop=0;spacingBottom=0;verticalLabelPosition=bottom;labelPosition=center;positionText=bottom;metaEdit=1;strokeWidth=1;container=0;collapsible=0;recursiveResize=0;expand=0;image=\" vertex=\"1\" modelId=\"logicalcomponent_2UHBg3OuIAc\" parent=\"cmstaticview_2UHyWHHHnWG_22UHVi05UvvU\"><mxGeometry x=\"64\" y=\"80\" width=\"48\" height=\"48\" as=\"geometry\"></mxGeometry></mxCell><mxCell id=\"cmstaticview_2UHyWHHHnWG_42UHVi05zW3r\" style=\"shape=mxgraph.ibm2mondrian.base;shapeType=actor;shapeLayout=collapsed;colorFamily=blue;html=1;whiteSpace=wrap;fontFamily=IBM Plex Sans;fontColor=#000000;fontSize=14;verticalAlign=top;align=center;spacing=0;spacingLeft=0;spacingRight=0;spacingTop=0;spacingBottom=0;verticalLabelPosition=bottom;labelPosition=center;positionText=bottom;metaEdit=1;strokeWidth=1;container=0;collapsible=0;recursiveResize=0;expand=0;image=\" vertex=\"1\" modelId=\"actor_2UHBgC6DzjD\" parent=\"cmstaticview_2UHyWHHHnWG_22UHVi05UvvU\"><mxGeometry x=\"216\" y=\"176\" width=\"48\" height=\"48\" as=\"geometry\"></mxGeometry></mxCell><mxCell id=\"cmstaticview_2UHyWHHHnWG_52UHVi05usFt\" style=\"shape=mxgraph.ibm2mondrian.base;shapeType=actor;shapeLayout=collapsed;colorFamily=blue;html=1;whiteSpace=wrap;fontFamily=IBM Plex Sans;fontColor=#000000;fontSize=14;verticalAlign=top;align=center;spacing=0;spacingLeft=0;spacingRight=0;spacingTop=0;spacingBottom=0;verticalLabelPosition=bottom;labelPosition=center;positionText=bottom;metaEdit=1;strokeWidth=1;container=0;collapsible=0;recursiveResize=0;expand=0;image=\" vertex=\"1\" modelId=\"actor_2UHBhbOwsdO\" parent=\"cmstaticview_2UHyWHHHnWG_22UHVi05UvvU\"><mxGeometry x=\"224\" y=\"48\" width=\"48\" height=\"48\" as=\"geometry\"></mxGeometry></mxCell><mxCell id=\"cmstaticview_2UHyWHHHnWG_62UHVi05RAiP\" style=\"shape=process;html=1;whiteSpace=wrap;\" vertex=\"1\" modelId=\"actor_2UHBhJFzX7R\" parent=\"cmstaticview_2UHyWHHHnWG_22UHVi05UvvU\"><mxGeometry x=\"16\" y=\"224\" width=\"120\" height=\"60\" as=\"geometry\"></mxGeometry></mxCell><mxCell id=\"cmstaticview_2UHyWHHHnWG_72UHVi05udgM\" style=\"edgeStyle=orthogonalEdgeStyle;rounded=1;html=1;jumpStyle=arc;jumpSize=8;dashed=1;jettySize=auto;orthogonalLoop=1;\" edge=\"1\" modelId=\"logicalconnector_2UHBimFmcja\" parent=\"cmstaticview_2UHyWHHHnWG_22UHVi05UvvU\" source=\"cmstaticview_2UHyWHHHnWG_32UHVi05cClh\" target=\"cmstaticview_2UHyWHHHnWG_62UHVi05RAiP\"><mxGeometry relative=\"1\" as=\"geometry\"></mxGeometry></mxCell><mxCell id=\"cmstaticview_2UHyWHHHnWG_82UHVi06E78l\" style=\"shape=actor;whiteSpace=wrap;verticalLabelPosition=bottom;labelPosition=center;align=center;verticalAlign=top;html=1;\" vertex=\"1\" modelId=\"actor_2UHL9QiFUOX\" parent=\"1\"><mxGeometry x=\"1233\" y=\"432\" width=\"40\" height=\"60\" as=\"geometry\"></mxGeometry></mxCell><mxCell id=\"cmstaticview_2UHyWHHHnWG_92UHVi06X5I0\" style=\"edgeStyle=orthogonalEdgeStyle;rounded=1;html=1;jumpStyle=arc;jumpSize=8;dashed=1;entryX=0.5;entryY=1;jettySize=auto;orthogonalLoop=1;\" edge=\"1\" modelId=\"logicalconnector_2UHLbnHydq4\" parent=\"1\" source=\"cmstaticview_2UHyWHHHnWG_62UHVi05RAiP\" target=\"cmstaticview_2UHyWHHHnWG_82UHVi06E78l\"><mxGeometry relative=\"1\" as=\"geometry\"><Array as=\"points\"><mxPoint x=\"908\" y=\"664\"></mxPoint><mxPoint x=\"1253\" y=\"664\"></mxPoint></Array></mxGeometry></mxCell><mxCell id=\"cmstaticview_2UHyWHHHnWG_102UHVi06FIdk\" value=\"\" style=\"shape=component;jettyWidth=8;jettyHeight=4;connectable=0;constituent=1;\" parent=\"1\" vertex=\"1\"><mxGeometry x=\"1\" width=\"20\" height=\"20\" relative=\"1\" as=\"geometry\"><mxPoint x=\"-17\" y=\"17\" as=\"offset\"></mxPoint></mxGeometry></mxCell><mxCell id=\"cmstaticview_2UHyWHHHnWG_112UHVi06AcX2\" value=\"\" style=\"shape=component;jettyWidth=8;jettyHeight=4;connectable=0;constituent=1;\" parent=\"1\" vertex=\"1\"><mxGeometry x=\"1\" width=\"20\" height=\"20\" relative=\"1\" as=\"geometry\"><mxPoint x=\"-17\" y=\"17\" as=\"offset\"></mxPoint></mxGeometry></mxCell><mxCell id=\"cmstaticview_2UHyWHHHnWG_122UHVi06qkpw\" value=\"\" style=\"shape=component;jettyWidth=8;jettyHeight=4;connectable=0;constituent=1;\" parent=\"1\" vertex=\"1\"><mxGeometry x=\"1\" width=\"20\" height=\"20\" relative=\"1\" as=\"geometry\"><mxPoint x=\"-17\" y=\"17\" as=\"offset\"></mxPoint></mxGeometry></mxCell><mxCell id=\"cmstaticview_2UHyWHHHnWG_132UHVi06ryO2\" style=\"html=1;fillColor=#FFFFFF;align=left;verticalAlign=top;\" vertex=\"1\" modelId=\"logicalcomponent_2UHMvH1udNZ\" parent=\"1\"><mxGeometry x=\"519\" y=\"-70\" width=\"170\" height=\"80\" as=\"geometry\"></mxGeometry></mxCell><mxCell id=\"cmstaticview_2UHyWHHHnWG_142UHVi06ZA7u\" value=\"\" style=\"shape=component;jettyWidth=8;jettyHeight=4;connectable=0;constituent=1;\" parent=\"cmstaticview_2UHyWHHHnWG_132UHVi06ryO2\" vertex=\"1\"><mxGeometry x=\"1\" width=\"20\" height=\"20\" relative=\"1\" as=\"geometry\"><mxPoint x=\"-27\" y=\"7\" as=\"offset\"></mxPoint></mxGeometry></mxCell><mxCell id=\"cmstaticview_2UHyWHHHnWG_152UHVi072YO9\" style=\"html=1;align=left;verticalAlign=top;\" vertex=\"1\" modelId=\"logicalcomponent_2UHMvH4CY5A\" parent=\"1\"><mxGeometry x=\"360\" y=\"56\" width=\"180\" height=\"230\" as=\"geometry\"></mxGeometry></mxCell><mxCell id=\"cmstaticview_2UHyWHHHnWG_162UHVi07qYcu\" value=\"\" style=\"shape=component;jettyWidth=8;jettyHeight=4;connectable=0;constituent=1;\" parent=\"cmstaticview_2UHyWHHHnWG_152UHVi072YO9\" vertex=\"1\"><mxGeometry x=\"1\" width=\"20\" height=\"20\" relative=\"1\" as=\"geometry\"><mxPoint x=\"-27\" y=\"7\" as=\"offset\"></mxPoint></mxGeometry></mxCell><mxCell id=\"cmstaticview_2UHyWHHHnWG_172UHVi07LNHQ\" style=\"html=1;align=left;verticalAlign=top;\" vertex=\"1\" modelId=\"logicalcomponent_2UHMvH7ZZ1m\" parent=\"1\"><mxGeometry x=\"148\" y=\"56\" width=\"182\" height=\"233\" as=\"geometry\"></mxGeometry></mxCell><mxCell id=\"cmstaticview_2UHyWHHHnWG_182UHVi07oJWH\" value=\"\" style=\"shape=component;jettyWidth=8;jettyHeight=4;connectable=0;constituent=1;\" parent=\"cmstaticview_2UHyWHHHnWG_172UHVi07LNHQ\" vertex=\"1\"><mxGeometry x=\"1\" width=\"20\" height=\"20\" relative=\"1\" as=\"geometry\"><mxPoint x=\"-27\" y=\"7\" as=\"offset\"></mxPoint></mxGeometry></mxCell><mxCell id=\"cmstaticview_2UHyWHHHnWG_192UHVi07qpeX\" style=\"html=1;\" vertex=\"1\" modelId=\"logicalcomponent_2UHMvH9hpAf\" parent=\"1\"><mxGeometry x=\"540\" y=\"-37\" width=\"130\" height=\"35\" as=\"geometry\"></mxGeometry></mxCell><mxCell id=\"cmstaticview_2UHyWHHHnWG_202UHVi07MOvC\" value=\"\" style=\"shape=component;jettyWidth=8;jettyHeight=4;connectable=0;constituent=1;\" parent=\"cmstaticview_2UHyWHHHnWG_192UHVi07qpeX\" vertex=\"1\"><mxGeometry x=\"1\" width=\"20\" height=\"20\" relative=\"1\" as=\"geometry\"><mxPoint x=\"-27\" y=\"7\" as=\"offset\"></mxPoint></mxGeometry></mxCell><mxCell id=\"cmstaticview_2UHyWHHHnWG_212UHVi07FJ4P\" style=\"html=1;align=center;whiteSpace=wrap;\" vertex=\"1\" modelId=\"logicalcomponent_2UHMvHanx8J\" parent=\"1\"><mxGeometry x=\"389\" y=\"94\" width=\"130\" height=\"38\" as=\"geometry\"></mxGeometry></mxCell><mxCell id=\"cmstaticview_2UHyWHHHnWG_222UHVi07N8u0\" value=\"\" style=\"shape=component;jettyWidth=8;jettyHeight=4;connectable=0;constituent=1;\" parent=\"cmstaticview_2UHyWHHHnWG_212UHVi07FJ4P\" vertex=\"1\"><mxGeometry x=\"1\" width=\"20\" height=\"20\" relative=\"1\" as=\"geometry\"><mxPoint x=\"-27\" y=\"7\" as=\"offset\"></mxPoint></mxGeometry></mxCell><mxCell id=\"cmstaticview_2UHyWHHHnWG_232UHVi07wJ20\" style=\"align=center;whiteSpace=wrap;\" vertex=\"1\" modelId=\"logicalcomponent_2UHMvHb6FAu\" parent=\"1\"><mxGeometry x=\"389\" y=\"155\" width=\"130\" height=\"38\" as=\"geometry\"></mxGeometry></mxCell><mxCell id=\"cmstaticview_2UHyWHHHnWG_242UHVi07zYuM\" value=\"\" style=\"shape=component;jettyWidth=8;jettyHeight=4;connectable=0;constituent=1;\" parent=\"cmstaticview_2UHyWHHHnWG_232UHVi07wJ20\" vertex=\"1\"><mxGeometry x=\"1\" width=\"20\" height=\"20\" relative=\"1\" as=\"geometry\"><mxPoint x=\"-27\" y=\"7\" as=\"offset\"></mxPoint></mxGeometry></mxCell><mxCell id=\"cmstaticview_2UHyWHHHnWG_252UHVi07WfAz\" style=\"align=center;labelBorderColor=none;\" vertex=\"1\" modelId=\"logicalcomponent_2UHMvHdrrx6\" parent=\"1\"><mxGeometry x=\"389\" y=\"216\" width=\"130\" height=\"38\" as=\"geometry\"></mxGeometry></mxCell><mxCell id=\"cmstaticview_2UHyWHHHnWG_262UHVi077q0l\" value=\"\" style=\"shape=component;jettyWidth=8;jettyHeight=4;connectable=0;constituent=1;\" parent=\"cmstaticview_2UHyWHHHnWG_252UHVi07WfAz\" vertex=\"1\"><mxGeometry x=\"1\" width=\"20\" height=\"20\" relative=\"1\" as=\"geometry\"><mxPoint x=\"-27\" y=\"7\" as=\"offset\"></mxPoint></mxGeometry></mxCell><mxCell id=\"cmstaticview_2UHyWHHHnWG_272UHVi07iJkU\" style=\"html=1;align=left;verticalAlign=top;\" vertex=\"1\" modelId=\"logicalcomponent_2UHMvHeBGoS\" parent=\"1\"><mxGeometry x=\"590\" y=\"56\" width=\"180\" height=\"230\" as=\"geometry\"></mxGeometry></mxCell><mxCell id=\"cmstaticview_2UHyWHHHnWG_282UHVi07ixcu\" value=\"\" style=\"shape=component;jettyWidth=8;jettyHeight=4;connectable=0;constituent=1;\" parent=\"cmstaticview_2UHyWHHHnWG_272UHVi07iJkU\" vertex=\"1\"><mxGeometry x=\"1\" width=\"20\" height=\"20\" relative=\"1\" as=\"geometry\"><mxPoint x=\"-27\" y=\"7\" as=\"offset\"></mxPoint></mxGeometry></mxCell><mxCell id=\"cmstaticview_2UHyWHHHnWG_292UHVi07EJiY\" style=\"html=1;align=center;whiteSpace=wrap;\" vertex=\"1\" modelId=\"logicalcomponent_2UHMvHhGkdc\" parent=\"1\"><mxGeometry x=\"620\" y=\"96\" width=\"130\" height=\"38\" as=\"geometry\"></mxGeometry></mxCell><mxCell id=\"cmstaticview_2UHyWHHHnWG_302UHVi076ao0\" value=\"\" style=\"shape=component;jettyWidth=8;jettyHeight=4;connectable=0;constituent=1;\" parent=\"cmstaticview_2UHyWHHHnWG_292UHVi07EJiY\" vertex=\"1\"><mxGeometry x=\"1\" width=\"20\" height=\"20\" relative=\"1\" as=\"geometry\"><mxPoint x=\"-27\" y=\"7\" as=\"offset\"></mxPoint></mxGeometry></mxCell><mxCell id=\"cmstaticview_2UHyWHHHnWG_312UHVi07IRJR\" style=\"html=1;align=center;whiteSpace=wrap;\" vertex=\"1\" modelId=\"logicalcomponent_2UHMvHj0NT5\" parent=\"1\"><mxGeometry x=\"620\" y=\"147\" width=\"130\" height=\"38\" as=\"geometry\"></mxGeometry></mxCell><mxCell id=\"cmstaticview_2UHyWHHHnWG_322UHVi07iGIX\" value=\"\" style=\"shape=component;jettyWidth=8;jettyHeight=4;connectable=0;constituent=1;\" parent=\"cmstaticview_2UHyWHHHnWG_312UHVi07IRJR\" vertex=\"1\"><mxGeometry x=\"1\" width=\"20\" height=\"20\" relative=\"1\" as=\"geometry\"><mxPoint x=\"-27\" y=\"7\" as=\"offset\"></mxPoint></mxGeometry></mxCell><mxCell id=\"cmstaticview_2UHyWHHHnWG_332UHVi07qjo6\" style=\"html=1;align=center;whiteSpace=wrap;\" vertex=\"1\" modelId=\"logicalcomponent_2UHMvHk0CGc\" parent=\"1\"><mxGeometry x=\"165\" y=\"94\" width=\"130\" height=\"38\" as=\"geometry\"></mxGeometry></mxCell><mxCell id=\"cmstaticview_2UHyWHHHnWG_342UHVi07dJR3\" value=\"\" style=\"shape=component;jettyWidth=8;jettyHeight=4;connectable=0;constituent=1;\" parent=\"cmstaticview_2UHyWHHHnWG_332UHVi07qjo6\" vertex=\"1\"><mxGeometry x=\"1\" width=\"20\" height=\"20\" relative=\"1\" as=\"geometry\"><mxPoint x=\"-27\" y=\"7\" as=\"offset\"></mxPoint></mxGeometry></mxCell><mxCell id=\"cmstaticview_2UHyWHHHnWG_352UHVi07Mjny\" style=\"align=center;whiteSpace=wrap;\" vertex=\"1\" modelId=\"logicalcomponent_2UHMvHlXHIe\" parent=\"1\"><mxGeometry x=\"165\" y=\"147\" width=\"130\" height=\"38\" as=\"geometry\"></mxGeometry></mxCell><mxCell id=\"cmstaticview_2UHyWHHHnWG_362UHVi075OiL\" value=\"\" style=\"shape=component;jettyWidth=8;jettyHeight=4;connectable=0;constituent=1;\" parent=\"cmstaticview_2UHyWHHHnWG_352UHVi07Mjny\" vertex=\"1\"><mxGeometry x=\"1\" width=\"20\" height=\"20\" relative=\"1\" as=\"geometry\"><mxPoint x=\"-27\" y=\"7\" as=\"offset\"></mxPoint></mxGeometry></mxCell><mxCell id=\"cmstaticview_2UHyWHHHnWG_372UHVi07nZIb\" style=\"html=1;align=center;whiteSpace=wrap;\" vertex=\"1\" modelId=\"logicalcomponent_2UHMvHm5UIK\" parent=\"1\"><mxGeometry x=\"389\" y=\"460\" width=\"130\" height=\"38\" as=\"geometry\"></mxGeometry></mxCell><mxCell id=\"cmstaticview_2UHyWHHHnWG_382UHVi07A1cl\" value=\"\" style=\"shape=component;jettyWidth=8;jettyHeight=4;connectable=0;constituent=1;\" parent=\"cmstaticview_2UHyWHHHnWG_372UHVi07nZIb\" vertex=\"1\"><mxGeometry x=\"1\" width=\"20\" height=\"20\" relative=\"1\" as=\"geometry\"><mxPoint x=\"-27\" y=\"7\" as=\"offset\"></mxPoint></mxGeometry></mxCell><mxCell id=\"cmstaticview_2UHyWHHHnWG_392UHVi08SIFR\" style=\"html=1;align=center;whiteSpace=wrap;\" vertex=\"1\" modelId=\"logicalcomponent_2UHMvHpLvUC\" parent=\"1\"><mxGeometry x=\"385\" y=\"406\" width=\"130\" height=\"38\" as=\"geometry\"></mxGeometry></mxCell><mxCell id=\"cmstaticview_2UHyWHHHnWG_402UHVi08tOAU\" value=\"\" style=\"shape=component;jettyWidth=8;jettyHeight=4;connectable=0;constituent=1;\" parent=\"cmstaticview_2UHyWHHHnWG_392UHVi08SIFR\" vertex=\"1\"><mxGeometry x=\"1\" width=\"20\" height=\"20\" relative=\"1\" as=\"geometry\"><mxPoint x=\"-27\" y=\"7\" as=\"offset\"></mxPoint></mxGeometry></mxCell><mxCell id=\"cmstaticview_2UHyWHHHnWG_412UHVi08miyQ\" style=\"align=center;whiteSpace=wrap;\" vertex=\"1\" modelId=\"logicalcomponent_2UHMvHreDf5\" parent=\"1\"><mxGeometry x=\"180\" y=\"406\" width=\"130\" height=\"38\" as=\"geometry\"></mxGeometry></mxCell><mxCell id=\"cmstaticview_2UHyWHHHnWG_422UHVi087bbV\" value=\"\" style=\"shape=component;jettyWidth=8;jettyHeight=4;connectable=0;constituent=1;\" parent=\"cmstaticview_2UHyWHHHnWG_412UHVi08miyQ\" vertex=\"1\"><mxGeometry x=\"1\" width=\"20\" height=\"20\" relative=\"1\" as=\"geometry\"><mxPoint x=\"-27\" y=\"7\" as=\"offset\"></mxPoint></mxGeometry></mxCell><mxCell id=\"cmstaticview_2UHyWHHHnWG_432UHVi08wOIV\" style=\"align=center;whiteSpace=wrap;\" vertex=\"1\" modelId=\"logicalcomponent_2UHMvHswBhh\" parent=\"1\"><mxGeometry x=\"180\" y=\"460\" width=\"130\" height=\"38\" as=\"geometry\"></mxGeometry></mxCell><mxCell id=\"cmstaticview_2UHyWHHHnWG_442UHVi08gat9\" value=\"\" style=\"shape=component;jettyWidth=8;jettyHeight=4;connectable=0;constituent=1;\" parent=\"cmstaticview_2UHyWHHHnWG_432UHVi08wOIV\" vertex=\"1\"><mxGeometry x=\"1\" width=\"20\" height=\"20\" relative=\"1\" as=\"geometry\"><mxPoint x=\"-27\" y=\"7\" as=\"offset\"></mxPoint></mxGeometry></mxCell><mxCell id=\"cmstaticview_2UHyWHHHnWG_452UHVi08qPzv\" style=\"align=center;whiteSpace=wrap;\" vertex=\"1\" modelId=\"logicalcomponent_2UHMvHusnPb\" parent=\"1\"><mxGeometry x=\"165\" y=\"204\" width=\"130\" height=\"38\" as=\"geometry\"></mxGeometry></mxCell><mxCell id=\"cmstaticview_2UHyWHHHnWG_462UHVi08pMJD\" value=\"\" style=\"shape=component;jettyWidth=8;jettyHeight=4;connectable=0;constituent=1;\" parent=\"cmstaticview_2UHyWHHHnWG_452UHVi08qPzv\" vertex=\"1\"><mxGeometry x=\"1\" width=\"20\" height=\"20\" relative=\"1\" as=\"geometry\"><mxPoint x=\"-27\" y=\"7\" as=\"offset\"></mxPoint></mxGeometry></mxCell><mxCell id=\"cmstaticview_2UHyWHHHnWG_472UHVi08g430\" style=\"align=center;whiteSpace=wrap;\" vertex=\"1\" modelId=\"logicalcomponent_2UHMvHvEakV\" parent=\"1\"><mxGeometry x=\"615\" y=\"402\" width=\"130\" height=\"38\" as=\"geometry\"></mxGeometry></mxCell><mxCell id=\"cmstaticview_2UHyWHHHnWG_482UHVi08Iyyf\" value=\"\" style=\"shape=component;jettyWidth=8;jettyHeight=4;connectable=0;constituent=1;\" parent=\"cmstaticview_2UHyWHHHnWG_472UHVi08g430\" vertex=\"1\"><mxGeometry x=\"1\" width=\"20\" height=\"20\" relative=\"1\" as=\"geometry\"><mxPoint x=\"-27\" y=\"7\" as=\"offset\"></mxPoint></mxGeometry></mxCell><mxCell id=\"cmstaticview_2UHyWHHHnWG_492UHVi08uc94\" style=\"align=center;whiteSpace=wrap;\" vertex=\"1\" modelId=\"logicalcomponent_2UHMvHwcw7i\" parent=\"1\"><mxGeometry x=\"615\" y=\"460\" width=\"130\" height=\"38\" as=\"geometry\"></mxGeometry></mxCell><mxCell id=\"cmstaticview_2UHyWHHHnWG_502UHVi0842LH\" value=\"\" style=\"shape=component;jettyWidth=8;jettyHeight=4;connectable=0;constituent=1;\" parent=\"cmstaticview_2UHyWHHHnWG_492UHVi08uc94\" vertex=\"1\"><mxGeometry x=\"1\" width=\"20\" height=\"20\" relative=\"1\" as=\"geometry\"><mxPoint x=\"-27\" y=\"7\" as=\"offset\"></mxPoint></mxGeometry></mxCell><mxCell id=\"cmstaticview_2UHyWHHHnWG_512UHVi08M0Hq\" style=\"shape=process;html=1;whiteSpace=wrap;\" vertex=\"1\" modelId=\"actor_2UHMvHyEyJ8\" parent=\"1\"><mxGeometry x=\"-46\" y=\"235\" width=\"120\" height=\"60\" as=\"geometry\"></mxGeometry></mxCell><mxCell id=\"cmstaticview_2UHyWHHHnWG_522UHVi08MRM9\" style=\"shape=process;html=1;whiteSpace=wrap;\" vertex=\"1\" modelId=\"actor_2UHMvHzunG3\" parent=\"1\"><mxGeometry x=\"-46\" y=\"144\" width=\"120\" height=\"60\" as=\"geometry\"></mxGeometry></mxCell><mxCell id=\"cmstaticview_2UHyWHHHnWG_532UHVi088OhE\" style=\"shape=process;html=1;whiteSpace=wrap;\" vertex=\"1\" modelId=\"actor_2UHMvHzml2G\" parent=\"1\"><mxGeometry x=\"-46\" y=\"321\" width=\"120\" height=\"60\" as=\"geometry\"></mxGeometry></mxCell><mxCell id=\"cmstaticview_2UHyWHHHnWG_542UHVi08tjTL\" style=\"shape=process;html=1;whiteSpace=wrap;\" vertex=\"1\" modelId=\"actor_2UHMvHAx6Dz\" parent=\"1\"><mxGeometry x=\"-46\" y=\"36\" width=\"120\" height=\"60\" as=\"geometry\"></mxGeometry></mxCell><mxCell id=\"cmstaticview_2UHyWHHHnWG_552UHVi08rxoe\" style=\"shape=process;html=1;whiteSpace=wrap;\" vertex=\"1\" modelId=\"actor_2UHMvHBJv5l\" parent=\"1\"><mxGeometry x=\"-46\" y=\"-50\" width=\"120\" height=\"60\" as=\"geometry\"></mxGeometry></mxCell><mxCell id=\"cmstaticview_2UHyWHHHnWG_562UHVi094Jjq\" style=\"shape=process;html=1;whiteSpace=wrap;\" vertex=\"1\" modelId=\"actor_2UHMvHCSAQT\" parent=\"1\"><mxGeometry x=\"-46\" y=\"412\" width=\"120\" height=\"60\" as=\"geometry\"></mxGeometry></mxCell></root></mxGraphModel>","coreInfo":[{"modelType":"CMStaticView","lastModifiedUserId":"gbbguoxa@cn.ibm.com","description":"","lastModified":"2021-07-10T02:59:21Z","_id":"cmstaticview_2UHyWHHHnWG","type":"Component Relationship Diagram","label":"stv"},{"modelType":"SubSystem","Icon-Name":"default","description":"","_id":"subsystem_2UHBfDAbXM4","label":"SubSystem","children":"actor_2UHBhbOwsdO,actor_2UHBgC6DzjD,logicalcomponent_2UHBg3OuIAc,actor_2UHBhJFzX7R"}]},"cmstaticview_r1luhCtL6u":{"uiInfo":"<mxGraphModel dx=\"1100\" dy=\"536\" grid=\"1\" gridSize=\"8\" guides=\"1\" tooltips=\"1\" connect=\"1\" arrows=\"1\" fold=\"1\" page=\"1\" pageScale=\"1\" pageWidth=\"1169\" pageHeight=\"827\" background=\"#ffffff\"><root><mxCell id=\"0\" modelId=\"cmstaticview_r1luhCtL6u\"></mxCell><mxCell id=\"1\" parent=\"0\"></mxCell><mxCell id=\"cmstaticview_r1luhCtL6u_22UHXYxiAR5R\" style=\"shape=mxgraph.ibm2mondrian.base;shapeType=actor;shapeLayout=collapsed;colorFamily=blue;colorBackground=noColor:noColor;html=1;whiteSpace=wrap;metaEdit=1;strokeWidth=1;collapsible=0;recursiveResize=0;expand=0;fontFamily=IBM Plex Sans;fontColor=#000000;fontSize=14;image=;verticalAlign=top;align=center;spacing=0;spacingLeft=0;spacingRight=0;spacingTop=0;spacingBottom=0;verticalLabelPosition=bottom;labelPosition=center;positionText=bottom;container=0\" vertex=\"1\" modelId=\"actor_2UHY0tz68hE\" parent=\"1\"><mxGeometry x=\"136\" y=\"152\" width=\"48\" height=\"48\" as=\"geometry\"></mxGeometry></mxCell><UserObject placeholders=\"1\" label=\"Target System\" Icon-Name=\"default\" id=\"cmstaticview_r1luhCtL6u_32UHXYxiaRZR\"><mxCell style=\"shape=mxgraph.ibm2mondrian.base;shapeType=ts;shapeLayout=expanded;colorFamily=blue;colorBackground=noColor:noColor;html=1;whiteSpace=wrap;metaEdit=1;strokeWidth=1;collapsible=0;recursiveResize=0;expand=0;fontFamily=IBM Plex Sans;fontColor=#ffffff;fontSize=14;image=;verticalAlign=middle;align=left;spacing=0;spacingLeft=12;spacingRight=16;spacingTop=0;spacingBottom=0;container=1\" parent=\"1\" vertex=\"1\"><mxGeometry x=\"184\" y=\"448\" width=\"240\" height=\"48\" as=\"geometry\"></mxGeometry></mxCell></UserObject><UserObject placeholders=\"1\" label=\"application--mobile\" Icon-Name=\"application--mobile\" id=\"cmstaticview_r1luhCtL6u_42UHXYxiymcc\"><mxCell style=\"shape=mxgraph.ibm2mondrian.base;shapeType=ln;shapeLayout=collapsed;colorFamily=black;colorBackground=noColor:noColor;html=1;whiteSpace=wrap;metaEdit=1;strokeWidth=1;collapsible=0;recursiveResize=0;expand=0;fontFamily=IBM Plex Sans;fontColor=#000000;fontSize=14;image=;verticalAlign=top;align=center;spacing=0;spacingLeft=0;spacingRight=0;spacingTop=0;spacingBottom=0;verticalLabelPosition=bottom;labelPosition=center;positionText=bottom;container=0;colorFillIcon=light;\" parent=\"1\" vertex=\"1\"><mxGeometry x=\"400\" y=\"104\" width=\"48\" height=\"48\" as=\"geometry\"></mxGeometry></mxCell></UserObject><UserObject placeholders=\"1\" label=\"application--virtual\" Icon-Name=\"application--virtual\" id=\"cmstaticview_r1luhCtL6u_52UHXYxiNOMd\"><mxCell style=\"shape=mxgraph.ibm2mondrian.base;shapeType=ln;shapeLayout=collapsed;colorFamily=black;colorBackground=noColor:noColor;html=1;whiteSpace=wrap;metaEdit=1;strokeWidth=1;collapsible=0;recursiveResize=0;expand=0;fontFamily=IBM Plex Sans;fontColor=#000000;fontSize=14;image=;verticalAlign=top;align=center;spacing=0;spacingLeft=0;spacingRight=0;spacingTop=0;spacingBottom=0;verticalLabelPosition=bottom;labelPosition=center;positionText=bottom;container=0;colorFillIcon=light;\" parent=\"1\" vertex=\"1\"><mxGeometry x=\"600\" y=\"112\" width=\"48\" height=\"48\" as=\"geometry\"></mxGeometry></mxCell></UserObject><mxCell id=\"cmstaticview_r1luhCtL6u_62UHXYxibvMo\" style=\"shape=mxgraph.ibm2mondrian.base;shapeType=ln;shapeLayout=collapsed;colorFamily=black;colorBackground=noColor:noColor;html=1;whiteSpace=wrap;metaEdit=1;strokeWidth=1;collapsible=0;recursiveResize=0;expand=0;fontFamily=IBM Plex Sans;fontColor=#000000;fontSize=14;image=;verticalAlign=top;align=center;spacing=0;spacingLeft=0;spacingRight=0;spacingTop=0;spacingBottom=0;verticalLabelPosition=bottom;labelPosition=center;positionText=bottom;container=0;colorFillIcon=light;\" vertex=\"1\" modelId=\"logicalcomponent_2UHXV8X9w9k\" parent=\"1\"><mxGeometry x=\"896\" y=\"280\" width=\"48\" height=\"48\" as=\"geometry\"></mxGeometry></mxCell><UserObject placeholders=\"1\" label=\"code-signing-service\" Icon-Name=\"code-signing-service\" id=\"cmstaticview_r1luhCtL6u_72UHXYxiNO3r\"><mxCell style=\"shape=mxgraph.ibm2mondrian.base;shapeType=ln;shapeLayout=collapsed;colorFamily=black;colorBackground=noColor:noColor;html=1;whiteSpace=wrap;metaEdit=1;strokeWidth=1;collapsible=0;recursiveResize=0;expand=0;fontFamily=IBM Plex Sans;fontColor=#000000;fontSize=14;image=;verticalAlign=top;align=center;spacing=0;spacingLeft=0;spacingRight=0;spacingTop=0;spacingBottom=0;verticalLabelPosition=bottom;labelPosition=center;positionText=bottom;container=0;colorFillIcon=light;\" parent=\"1\" vertex=\"1\"><mxGeometry x=\"576\" y=\"240\" width=\"48\" height=\"48\" as=\"geometry\"></mxGeometry></mxCell></UserObject><mxCell id=\"cmstaticview_r1luhCtL6u_82UHXYxibOcI\" style=\"shape=mxgraph.ibm2mondrian.base;shapeType=lg;shapeLayout=expanded;colorFamily=blue;colorBackground=noColor:noColor;html=1;whiteSpace=wrap;metaEdit=1;strokeWidth=1;collapsible=0;recursiveResize=0;expand=0;fontFamily=IBM Plex Sans;fontColor=#000000;fontSize=14;image=;verticalAlign=middle;align=left;spacing=0;spacingLeft=12;spacingRight=16;spacingTop=0;spacingBottom=0;container=1\" vertex=\"1\" modelId=\"subsystem_2UHXT8oNfBM\" parent=\"1\"><mxGeometry x=\"712\" y=\"304\" width=\"256\" height=\"152\" as=\"geometry\"></mxGeometry></mxCell><mxCell id=\"cmstaticview_r1luhCtL6u_92UHXYxi2Zyp\" style=\"shape=mxgraph.ibm2mondrian.base;shapeType=ln;shapeLayout=expanded;colorFamily=blue;colorBackground=noColor:noColor;html=1;whiteSpace=wrap;metaEdit=1;strokeWidth=1;collapsible=0;recursiveResize=0;expand=0;fontFamily=IBM Plex Sans;fontColor=#000000;fontSize=14;image=;verticalAlign=middle;align=left;spacing=0;spacingLeft=12;spacingRight=16;spacingTop=0;spacingBottom=0;container=1\" vertex=\"1\" modelId=\"logicalcomponent_2UHXTWNhTsA\" parent=\"cmstaticview_r1luhCtL6u_82UHXYxibOcI\"><mxGeometry x=\"16\" y=\"86\" width=\"240\" height=\"48\" as=\"geometry\"></mxGeometry></mxCell><mxCell id=\"cmstaticview_r1luhCtL6u_102UHXYxiP1vh\" style=\"edgeStyle=orthogonalEdgeStyle;rounded=1;html=1;jumpStyle=arc;jumpSize=8;dashed=1;jettySize=auto;orthogonalLoop=1;\" edge=\"1\" modelId=\"logicalconnector_2UHXXrUyMGL\" parent=\"1\" source=\"cmstaticview_r1luhCtL6u_62UHXYxibvMo\" target=\"cmstaticview_r1luhCtL6u_92UHXYxi2Zyp\"><mxGeometry relative=\"1\" as=\"geometry\"></mxGeometry></mxCell><mxCell id=\"cmstaticview_r1luhCtL6u_762UHY1jtsjgx\" style=\"edgeStyle=orthogonalEdgeStyle;rounded=1;html=1;jumpStyle=arc;jumpSize=8;dashed=1;entryX=0;entryY=0.632;entryPerimeter=0;jettySize=auto;orthogonalLoop=1;\" edge=\"1\" modelId=\"logicalconnector_2UHY1jtcl3r\" parent=\"1\" source=\"cmstaticview_r1luhCtL6u_22UHXYxiAR5R\" target=\"cmstaticview_r1luhCtL6u_82UHXYxibOcI\"><mxGeometry relative=\"1\" as=\"geometry\"><Array as=\"points\"><mxPoint x=\"160\" y=\"240\"></mxPoint><mxPoint x=\"448\" y=\"240\"></mxPoint><mxPoint x=\"448\" y=\"400\"></mxPoint></Array></mxGeometry></mxCell></root></mxGraphModel>","coreInfo":[{"modelType":"CMStaticView","lastModifiedUserId":"gbbguoxa@cn.ibm.com","description":"","lastModified":"2021-07-10T03:07:50Z","_id":"cmstaticview_r1luhCtL6u","type":"Component Relationship Diagram","label":"misc"},{"modelType":"SubSystem","Icon-Name":"cloud","description":"","_id":"subsystem_2UHXT8oNfBM","label":"Cloud","children":"logicalcomponent_2UHXTWNhTsA"}]},"cmcollaboration_HkgVDM5U6u":{"uiInfo":"<mxGraphModel dx=\"1100\" dy=\"536\" grid=\"1\" gridSize=\"8\" guides=\"1\" tooltips=\"1\" connect=\"1\" arrows=\"1\" fold=\"1\" page=\"1\" pageScale=\"1\" pageWidth=\"1169\" pageHeight=\"827\" background=\"#ffffff\"><root><mxCell id=\"0\" modelId=\"cmcollaboration_HkgVDM5U6u\"></mxCell><mxCell id=\"1\" parent=\"0\"></mxCell><UserObject placeholders=\"1\" label=\"Actor\" Icon-Name=\"default\" id=\"miscdiagram_2UHPh5Zabtw_22UHWkAG05Bp\"><mxCell style=\"shape=mxgraph.ibm2mondrian.base;shapeType=actor;shapeLayout=collapsed;colorFamily=blue;colorBackground=noColor:noColor;html=1;whiteSpace=wrap;metaEdit=1;strokeWidth=1;collapsible=0;recursiveResize=0;expand=0;fontFamily=IBM Plex Sans;fontColor=#000000;fontSize=14;image=;verticalAlign=top;align=center;spacing=0;spacingLeft=0;spacingRight=0;spacingTop=0;spacingBottom=0;verticalLabelPosition=bottom;labelPosition=center;positionText=bottom;container=0\" parent=\"1\" vertex=\"1\"><mxGeometry x=\"136\" y=\"152\" width=\"48\" height=\"48\" as=\"geometry\"></mxGeometry></mxCell></UserObject><UserObject placeholders=\"1\" label=\"Logical Node\" Icon-Name=\"default\" id=\"miscdiagram_2UHPh5Zabtw_32UHWkAGwbnA\"><mxCell style=\"shape=mxgraph.ibm2mondrian.base;shapeType=ln;shapeLayout=expanded;colorFamily=blue;colorBackground=noColor:noColor;html=1;whiteSpace=wrap;metaEdit=1;strokeWidth=1;collapsible=0;recursiveResize=0;expand=0;fontFamily=IBM Plex Sans;fontColor=#000000;fontSize=14;image=;verticalAlign=middle;align=left;spacing=0;spacingLeft=12;spacingRight=16;spacingTop=0;spacingBottom=0;container=1\" parent=\"1\" vertex=\"1\"><mxGeometry x=\"224\" y=\"312\" width=\"240\" height=\"48\" as=\"geometry\"></mxGeometry></mxCell></UserObject><UserObject placeholders=\"1\" label=\"Target System\" Icon-Name=\"default\" id=\"miscdiagram_2UHPh5Zabtw_42UHWkAGgJXR\"><mxCell style=\"shape=mxgraph.ibm2mondrian.base;shapeType=ts;shapeLayout=expanded;colorFamily=blue;colorBackground=noColor:noColor;html=1;whiteSpace=wrap;metaEdit=1;strokeWidth=1;collapsible=0;recursiveResize=0;expand=0;fontFamily=IBM Plex Sans;fontColor=#ffffff;fontSize=14;image=;verticalAlign=middle;align=left;spacing=0;spacingLeft=12;spacingRight=16;spacingTop=0;spacingBottom=0;container=1\" parent=\"1\" vertex=\"1\"><mxGeometry x=\"184\" y=\"448\" width=\"240\" height=\"48\" as=\"geometry\"></mxGeometry></mxCell></UserObject><UserObject placeholders=\"1\" label=\"application--mobile\" Icon-Name=\"application--mobile\" id=\"miscdiagram_2UHPh5Zabtw_52UHWkAGKZUb\"><mxCell style=\"shape=mxgraph.ibm2mondrian.base;shapeType=ln;shapeLayout=collapsed;colorFamily=black;colorBackground=noColor:noColor;html=1;whiteSpace=wrap;metaEdit=1;strokeWidth=1;collapsible=0;recursiveResize=0;expand=0;fontFamily=IBM Plex Sans;fontColor=#000000;fontSize=14;image=;verticalAlign=top;align=center;spacing=0;spacingLeft=0;spacingRight=0;spacingTop=0;spacingBottom=0;verticalLabelPosition=bottom;labelPosition=center;positionText=bottom;container=0;colorFillIcon=light;\" parent=\"1\" vertex=\"1\"><mxGeometry x=\"400\" y=\"104\" width=\"48\" height=\"48\" as=\"geometry\"></mxGeometry></mxCell></UserObject><UserObject placeholders=\"1\" label=\"application--virtual\" Icon-Name=\"application--virtual\" id=\"miscdiagram_2UHPh5Zabtw_62UHWkAGEAK7\"><mxCell style=\"shape=mxgraph.ibm2mondrian.base;shapeType=ln;shapeLayout=collapsed;colorFamily=black;colorBackground=noColor:noColor;html=1;whiteSpace=wrap;metaEdit=1;strokeWidth=1;collapsible=0;recursiveResize=0;expand=0;fontFamily=IBM Plex Sans;fontColor=#000000;fontSize=14;image=;verticalAlign=top;align=center;spacing=0;spacingLeft=0;spacingRight=0;spacingTop=0;spacingBottom=0;verticalLabelPosition=bottom;labelPosition=center;positionText=bottom;container=0;colorFillIcon=light;\" parent=\"1\" vertex=\"1\"><mxGeometry x=\"600\" y=\"112\" width=\"48\" height=\"48\" as=\"geometry\"></mxGeometry></mxCell></UserObject><UserObject placeholders=\"1\" label=\"autoscaling\" Icon-Name=\"autoscaling\" id=\"miscdiagram_2UHPh5Zabtw_72UHWkAGZjOG\"><mxCell style=\"shape=mxgraph.ibm2mondrian.base;shapeType=ln;shapeLayout=collapsed;colorFamily=black;colorBackground=noColor:noColor;html=1;whiteSpace=wrap;metaEdit=1;strokeWidth=1;collapsible=0;recursiveResize=0;expand=0;fontFamily=IBM Plex Sans;fontColor=#000000;fontSize=14;image=;verticalAlign=top;align=center;spacing=0;spacingLeft=0;spacingRight=0;spacingTop=0;spacingBottom=0;verticalLabelPosition=bottom;labelPosition=center;positionText=bottom;container=0;colorFillIcon=light;\" parent=\"1\" vertex=\"1\"><mxGeometry x=\"392\" y=\"240\" width=\"48\" height=\"48\" as=\"geometry\"></mxGeometry></mxCell></UserObject><UserObject placeholders=\"1\" label=\"code-signing-service\" Icon-Name=\"code-signing-service\" id=\"miscdiagram_2UHPh5Zabtw_82UHWkAGrYxV\"><mxCell style=\"shape=mxgraph.ibm2mondrian.base;shapeType=ln;shapeLayout=collapsed;colorFamily=black;colorBackground=noColor:noColor;html=1;whiteSpace=wrap;metaEdit=1;strokeWidth=1;collapsible=0;recursiveResize=0;expand=0;fontFamily=IBM Plex Sans;fontColor=#000000;fontSize=14;image=;verticalAlign=top;align=center;spacing=0;spacingLeft=0;spacingRight=0;spacingTop=0;spacingBottom=0;verticalLabelPosition=bottom;labelPosition=center;positionText=bottom;container=0;colorFillIcon=light;\" parent=\"1\" vertex=\"1\"><mxGeometry x=\"576\" y=\"240\" width=\"48\" height=\"48\" as=\"geometry\"></mxGeometry></mxCell></UserObject><UserObject placeholders=\"1\" label=\"Cloud\" Icon-Name=\"cloud\" id=\"miscdiagram_2UHPh5Zabtw_92UHWkAGaEyG\"><mxCell style=\"shape=mxgraph.ibm2mondrian.base;shapeType=lg;shapeLayout=expanded;colorFamily=blue;colorBackground=noColor:noColor;html=1;whiteSpace=wrap;metaEdit=1;strokeWidth=1;collapsible=0;recursiveResize=0;expand=0;fontFamily=IBM Plex Sans;fontColor=#000000;fontSize=14;image=;verticalAlign=middle;align=left;spacing=0;spacingLeft=12;spacingRight=16;spacingTop=0;spacingBottom=0;container=1\" parent=\"1\" vertex=\"1\"><mxGeometry x=\"712\" y=\"304\" width=\"240\" height=\"152\" as=\"geometry\"></mxGeometry></mxCell></UserObject></root></mxGraphModel>","coreInfo":[{"modelType":"CMCollaboration","lastModifiedUserId":"gbbguoxa@cn.ibm.com","description":"","lastModified":"2021-07-10T03:22:03Z","_id":"cmcollaboration_HkgVDM5U6u","type":"Component Collaboration Diagram","label":"misc"}]},"cmcollaboration_2UHYBWtuvkD":{"uiInfo":"<mxGraphModel dx=\"1100\" dy=\"353\" grid=\"1\" gridSize=\"8\" guides=\"1\" tooltips=\"1\" connect=\"1\" arrows=\"1\" fold=\"1\" page=\"1\" pageScale=\"1\" pageWidth=\"1169\" pageHeight=\"827\" background=\"#ffffff\"><root><mxCell id=\"0\" modelId=\"cmcollaboration_2UHYBWtuvkD\"></mxCell><mxCell id=\"1\" parent=\"0\"></mxCell><mxCell id=\"cmcollaboration_2UHYBWtuvkD_22UI1wLosEhM\" style=\"shape=mxgraph.ibm2mondrian.base;shapeType=pg;shapeLayout=expanded;colorFamily=blue;html=1;whiteSpace=wrap;fontFamily=IBM Plex Sans;fontColor=#000000;fontSize=14;verticalAlign=middle;align=left;spacing=0;spacingLeft=12;spacingRight=16;spacingTop=0;spacingBottom=0;metaEdit=1;strokeWidth=1;container=1;collapsible=0;recursiveResize=0;expand=0;image=\" vertex=\"1\" modelId=\"subsystem_2UHZgFtgByD\" parent=\"1\"><mxGeometry x=\"378\" y=\"154\" width=\"240\" height=\"240\" as=\"geometry\"></mxGeometry></mxCell><mxCell id=\"cmcollaboration_2UHYBWtuvkD_32UI1wLohwxt\" style=\"shape=umlActor;html=1;verticalLabelPosition=bottom;verticalAlign=top;\" vertex=\"1\" modelId=\"actor_2UHL9QiFUOX\" parent=\"1\"><mxGeometry x=\"112\" y=\"192\" width=\"35\" height=\"70\" as=\"geometry\"></mxGeometry></mxCell><mxCell id=\"cmcollaboration_2UHYBWtuvkD_42UI1wLoGYnx\" style=\"shape=mxgraph.ibm2mondrian.base;shapeType=actor;shapeLayout=collapsed;colorFamily=blue;html=1;whiteSpace=wrap;fontFamily=IBM Plex Sans;fontColor=#000000;fontSize=14;verticalAlign=top;align=center;spacing=0;spacingLeft=0;spacingRight=0;spacingTop=0;spacingBottom=0;verticalLabelPosition=bottom;labelPosition=center;positionText=bottom;metaEdit=1;strokeWidth=1;container=0;collapsible=0;recursiveResize=0;expand=0;image=\" vertex=\"1\" modelId=\"actor_2UHBhbOwsdO\" parent=\"1\"><mxGeometry x=\"216\" y=\"152\" width=\"48\" height=\"48\" as=\"geometry\"></mxGeometry></mxCell><mxCell id=\"cmcollaboration_2UHYBWtuvkD_52UI1wLoEkXF\" style=\"shape=umlActor;html=1;verticalLabelPosition=bottom;verticalAlign=top;\" vertex=\"1\" modelId=\"actor_2UHZg0CAE5v\" parent=\"1\"><mxGeometry x=\"480\" y=\"184\" width=\"35\" height=\"168\" as=\"geometry\"></mxGeometry></mxCell><mxCell id=\"cmcollaboration_2UHYBWtuvkD_62UI1wLoNXzn\" style=\"rounded=1;whiteSpace=wrap;html=1;\" vertex=\"1\" modelId=\"logicalcomponent_2UHMvHb6FAu\" parent=\"1\"><mxGeometry x=\"181\" y=\"320\" width=\"120\" height=\"60\" as=\"geometry\"></mxGeometry></mxCell><mxCell id=\"cmcollaboration_2UHYBWtuvkD_72UI1wLoU2ad\" style=\"edgeStyle=orthogonalEdgeStyle;rounded=1;html=1;jumpStyle=arc;jumpSize=8;jettySize=auto;orthogonalLoop=1;\" edge=\"1\" modelId=\"componentevent_2UHZitfrOpq\" parent=\"1\" source=\"cmcollaboration_2UHYBWtuvkD_62UI1wLoNXzn\" target=\"cmcollaboration_2UHYBWtuvkD_22UI1wLosEhM\"><mxGeometry relative=\"1\" as=\"geometry\"></mxGeometry></mxCell><UserObject placeholders=\"1\" label=\"Actor\" Icon-Name=\"default\" id=\"cmcollaboration_2UHYBWtuvkD_82UI1wLoUdOr\"><mxCell style=\"shape=mxgraph.ibm2mondrian.base;shapeType=actor;shapeLayout=collapsed;colorFamily=blue;colorBackground=noColor:noColor;html=1;whiteSpace=wrap;metaEdit=1;strokeWidth=1;collapsible=0;recursiveResize=0;expand=0;fontFamily=IBM Plex Sans;fontColor=#000000;fontSize=14;image=;verticalAlign=top;align=center;spacing=0;spacingLeft=0;spacingRight=0;spacingTop=0;spacingBottom=0;verticalLabelPosition=bottom;labelPosition=center;positionText=bottom;container=0\" parent=\"1\" vertex=\"1\"><mxGeometry x=\"680\" y=\"186\" width=\"48\" height=\"48\" as=\"geometry\"></mxGeometry></mxCell></UserObject><UserObject placeholders=\"1\" label=\"Logical Node\" Icon-Name=\"default\" id=\"cmcollaboration_2UHYBWtuvkD_92UI1wLocUp9\"><mxCell style=\"shape=mxgraph.ibm2mondrian.base;shapeType=ln;shapeLayout=expanded;colorFamily=blue;colorBackground=noColor:noColor;html=1;whiteSpace=wrap;metaEdit=1;strokeWidth=1;collapsible=0;recursiveResize=0;expand=0;fontFamily=IBM Plex Sans;fontColor=#000000;fontSize=14;image=;verticalAlign=middle;align=left;spacing=0;spacingLeft=12;spacingRight=16;spacingTop=0;spacingBottom=0;container=1\" parent=\"1\" vertex=\"1\"><mxGeometry x=\"768\" y=\"346\" width=\"240\" height=\"48\" as=\"geometry\"></mxGeometry></mxCell></UserObject><UserObject placeholders=\"1\" label=\"Target System\" Icon-Name=\"default\" id=\"cmcollaboration_2UHYBWtuvkD_102UI1wLpyqnf\"><mxCell style=\"shape=mxgraph.ibm2mondrian.base;shapeType=ts;shapeLayout=expanded;colorFamily=blue;colorBackground=noColor:noColor;html=1;whiteSpace=wrap;metaEdit=1;strokeWidth=1;collapsible=0;recursiveResize=0;expand=0;fontFamily=IBM Plex Sans;fontColor=#ffffff;fontSize=14;image=;verticalAlign=middle;align=left;spacing=0;spacingLeft=12;spacingRight=16;spacingTop=0;spacingBottom=0;container=1\" parent=\"1\" vertex=\"1\"><mxGeometry x=\"728\" y=\"482\" width=\"240\" height=\"48\" as=\"geometry\"></mxGeometry></mxCell></UserObject><UserObject placeholders=\"1\" label=\"application--mobile\" Icon-Name=\"application--mobile\" id=\"cmcollaboration_2UHYBWtuvkD_112UI1wLposLB\"><mxCell style=\"shape=mxgraph.ibm2mondrian.base;shapeType=ln;shapeLayout=collapsed;colorFamily=black;colorBackground=noColor:noColor;html=1;whiteSpace=wrap;metaEdit=1;strokeWidth=1;collapsible=0;recursiveResize=0;expand=0;fontFamily=IBM Plex Sans;fontColor=#000000;fontSize=14;image=;verticalAlign=top;align=center;spacing=0;spacingLeft=0;spacingRight=0;spacingTop=0;spacingBottom=0;verticalLabelPosition=bottom;labelPosition=center;positionText=bottom;container=0;colorFillIcon=light;\" parent=\"1\" vertex=\"1\"><mxGeometry x=\"944\" y=\"138\" width=\"48\" height=\"48\" as=\"geometry\"></mxGeometry></mxCell></UserObject><UserObject placeholders=\"1\" label=\"application--virtual\" Icon-Name=\"application--virtual\" id=\"cmcollaboration_2UHYBWtuvkD_122UI1wLpEPG4\"><mxCell style=\"shape=mxgraph.ibm2mondrian.base;shapeType=ln;shapeLayout=collapsed;colorFamily=black;colorBackground=noColor:noColor;html=1;whiteSpace=wrap;metaEdit=1;strokeWidth=1;collapsible=0;recursiveResize=0;expand=0;fontFamily=IBM Plex Sans;fontColor=#000000;fontSize=14;image=;verticalAlign=top;align=center;spacing=0;spacingLeft=0;spacingRight=0;spacingTop=0;spacingBottom=0;verticalLabelPosition=bottom;labelPosition=center;positionText=bottom;container=0;colorFillIcon=light;\" parent=\"1\" vertex=\"1\"><mxGeometry x=\"1144\" y=\"146\" width=\"48\" height=\"48\" as=\"geometry\"></mxGeometry></mxCell></UserObject><UserObject placeholders=\"1\" label=\"code-signing-service\" Icon-Name=\"code-signing-service\" id=\"cmcollaboration_2UHYBWtuvkD_132UI1wLpmBK8\"><mxCell style=\"shape=mxgraph.ibm2mondrian.base;shapeType=ln;shapeLayout=collapsed;colorFamily=black;colorBackground=noColor:noColor;html=1;whiteSpace=wrap;metaEdit=1;strokeWidth=1;collapsible=0;recursiveResize=0;expand=0;fontFamily=IBM Plex Sans;fontColor=#000000;fontSize=14;image=;verticalAlign=top;align=center;spacing=0;spacingLeft=0;spacingRight=0;spacingTop=0;spacingBottom=0;verticalLabelPosition=bottom;labelPosition=center;positionText=bottom;container=0;colorFillIcon=light;\" parent=\"1\" vertex=\"1\"><mxGeometry x=\"1120\" y=\"274\" width=\"48\" height=\"48\" as=\"geometry\"></mxGeometry></mxCell></UserObject><mxCell id=\"cmcollaboration_2UHYBWtuvkD_142UI1wLpflj3\" style=\"shape=mxgraph.ibm2mondrian.base;shapeType=lg;shapeLayout=expanded;colorFamily=blue;colorBackground=noColor:noColor;html=1;whiteSpace=wrap;metaEdit=1;strokeWidth=1;collapsible=0;recursiveResize=0;expand=0;fontFamily=IBM Plex Sans;fontColor=#000000;fontSize=14;image=;verticalAlign=middle;align=left;spacing=0;spacingLeft=12;spacingRight=16;spacingTop=0;spacingBottom=0;container=1\" vertex=\"1\" modelId=\"subsystem_2UI1mkZ2GSP\" parent=\"1\"><mxGeometry x=\"1256\" y=\"338\" width=\"240\" height=\"152\" as=\"geometry\"></mxGeometry></mxCell><mxCell id=\"cmcollaboration_2UHYBWtuvkD_152UI1wLp4VR8\" style=\"shape=mxgraph.ibm2mondrian.base;shapeType=ln;shapeLayout=collapsed;colorFamily=black;colorBackground=noColor:noColor;html=1;whiteSpace=wrap;metaEdit=1;strokeWidth=1;collapsible=0;recursiveResize=0;expand=0;fontFamily=IBM Plex Sans;fontColor=#000000;fontSize=14;image=;verticalAlign=top;align=center;spacing=0;spacingLeft=0;spacingRight=0;spacingTop=0;spacingBottom=0;verticalLabelPosition=bottom;labelPosition=center;positionText=bottom;container=0;colorFillIcon=light;\" vertex=\"1\" modelId=\"logicalcomponent_2UI1n6cZxXL\" parent=\"cmcollaboration_2UHYBWtuvkD_142UI1wLpflj3\"><mxGeometry x=\"144\" y=\"22\" width=\"48\" height=\"48\" as=\"geometry\"></mxGeometry></mxCell><mxCell id=\"cmcollaboration_2UHYBWtuvkD_162UI1wLp5vWv\" style=\"edgeStyle=orthogonalEdgeStyle;rounded=1;html=1;jumpStyle=arc;jumpSize=8;jettySize=auto;orthogonalLoop=1;entryX=0.021;entryY=0.667;entryPerimeter=0;\" edge=\"1\" modelId=\"componentevent_2UI1sDU338Q\" parent=\"1\" source=\"cmcollaboration_2UHYBWtuvkD_52UI1wLoEkXF\" target=\"cmcollaboration_2UHYBWtuvkD_152UI1wLp4VR8\"><mxGeometry relative=\"1\" as=\"geometry\"><Array as=\"points\"><mxPoint x=\"886\" y=\"268\"></mxPoint><mxPoint x=\"886\" y=\"414\"></mxPoint><mxPoint x=\"1401\" y=\"414\"></mxPoint></Array></mxGeometry></mxCell></root></mxGraphModel>","coreInfo":[{"modelType":"CMCollaboration","lastModifiedUserId":"gbbguoxa@cn.ibm.com","description":"","lastModified":"2021-07-10T03:21:54Z","_id":"cmcollaboration_2UHYBWtuvkD","type":"Component Collaboration Diagram","label":"cv"},{"modelType":"ComponentEvent","description":"","_id":"componentevent_2UHZitfrOpq","label":"1:name"},{"modelType":"SubSystem","Icon-Name":"default","description":"","_id":"subsystem_2UHZgFtgByD","label":"SubSystem","children":"actor_2UHZg0CAE5v"},{"modelType":"ComponentEvent","description":"","_id":"componentevent_2UI1sDU338Q","label":"5:name 3 5  5"},{"modelType":"SubSystem","Icon-Name":"cloud","description":"","_id":"subsystem_2UI1mkZ2GSP","label":"Cloud","children":"logicalcomponent_2UI1n6cZxXL"}]}}},"textual":{"instances":{"notes_S1xMgm9Lau":{"coreInfo":[{"modelType":"Notes","lastModifiedUserId":"gbbguoxa@cn.ibm.com","attachments":["https://tpylonsgpxy01.sl.bluecloud.ibm.com/cogarch/api/FileManagerAPIs/containers/cafiles/files/file_33e581daf99ad0db.xlsx#CA TestCases_Release2.8.xlsx"],"lastModified":"2021-07-10T03:29:28Z","_id":"notes_S1xMgm9Lau","content":"","label":"notes"}]},"executivesummary_HkgmAjFUTO":{"coreInfo":[{"modelType":"ExecutiveSummary","lastModifiedUserId":"gbbguoxa@cn.ibm.com","description":"dcsx","lastModified":"2021-07-10T02:54:02Z","_id":"executivesummary_HkgmAjFUTO","label":""}]},"architecturaldecision_BJGdwdI6O":{"coreInfo":[{"modelType":"ArchitecturalDecision","implications":"sa","decision":"adalternative_BkxfdPO8TO","problemStatement":"issue<div><img style=\"height:100px;\" src=\"/api/FileManagerAPIs/containers/cafiles/files/file_7278c2e754486ce0.png\"><br></div>","motivation":"","derivedRequirements":"sa","relatedDecisions":"as","assumptions":"","lastUpdated":"2021-07-10","lastModifiedUserId":"gbbguoxa@cn.ibm.com","topic":"top","subjectArea":"sub","justification":"sxa","lastModified":"2021-07-10T01:27:06Z","_id":"architecturaldecision_BJGdwdI6O","status":"accepted","label":"ad2","ad_id":"ad2","children":"logicalcomponent_2UHMvHanx8J"},{"modelType":"ADAlternative","description":"al1","contraindications":"al1 con","_id":"adalternative_rJ-f_w_UTO","bestApplied":"al1 app","label":"al1"},{"modelType":"ADAlternative","description":"al2 2 2 <div><img style=\"height:100px;\" src=\"/api/FileManagerAPIs/containers/cafiles/files/file_aece4a4f43ff019c.png\"><br></div>","contraindications":"","_id":"adalternative_BkxfdPO8TO","bestApplied":"","label":"al2"}]},"architecturaldecision_S1x0pIuU6u":{"coreInfo":[{"modelType":"ArchitecturalDecision","implications":"sa","decision":"adalternative_2UHyo0HKcJb","problemStatement":"issue<div><img style=\"height:100px;\" src=\"/api/FileManagerAPIs/containers/cafiles/files/file_7278c2e754486ce0.png\"><br></div>","motivation":"","derivedRequirements":"sa","relatedDecisions":"as","assumptions":"","lastUpdated":"2021-07-10","lastModifiedUserId":"gbbguoxa@cn.ibm.com","topic":"top","subjectArea":"sub","justification":"sxa","lastModified":"2021-07-10T01:26:10Z","_id":"architecturaldecision_S1x0pIuU6u","status":"accepted","label":"ad1","ad_id":"ad1","children":"logicalcomponent_2UHMvHanx8J"},{"modelType":"ADAlternative","description":"al2 2 2 <div><img style=\"height:100px;\" src=\"/api/FileManagerAPIs/containers/cafiles/files/file_aece4a4f43ff019c.png\"><br></div>","contraindications":"","_id":"adalternative_2UHyo0HKcJb","bestApplied":"","label":"al2"},{"modelType":"ADAlternative","description":"al1","contraindications":"al1 con","_id":"adalternative_2UHyhUkmKnO","bestApplied":"al1 app","label":"al1"}]},"architecturaldecision_Hkc9wd86u":{"coreInfo":[{"modelType":"ArchitecturalDecision","implications":" fdcws","decision":"alternative_B1l9cvOUT_","problemStatement":"vfedcwsqvfecdw<div>vefcdws</div><div>vdcsa</div>","motivation":"dcsx<div>ecwq</div><div>cwq</div><div><br></div>","derivedRequirements":" dfs","relatedDecisions":" fds","assumptions":"fdecwsa<div>cws</div><div>cdwsx</div>","lastUpdated":"2021-04-25","lastModifiedUserId":"gbbguoxa@cn.ibm.com","topic":"fedsa\n","subjectArea":"vfeds\n","justification":"vfdcew","lastModified":"2021-07-10T01:27:45Z","_id":"architecturaldecision_Hkc9wd86u","status":"accepted","label":"Copy of ad1","ad_id":"Copy of ad1","children":"logicalcomponent_2UHMvHanx8J"},{"modelType":"ADAlternative","description":"al1 desc","contraindications":"d fsa","_id":"alternative_B1l9cvOUT_","bestApplied":"dfs","label":"al1"}]}}},"solution_advisors":{},"auditLog":{"_id":"architectureauditentry_R1QV3y1mc","archId":"arch_ByF38dUT_","archChangeLog":[{"_id":"architecturechangelog_-CfIqlUgG","date":"2021-07-10T03:47:36.663Z","type":"INVITE","user":{"fullname":"Bei Bei Guo","email":"gbbguoxa@cn.ibm.com"},"viewer":[],"editor":[],"admin":[{"fullname":"Cognitive Architect Cognitive Architect Build","email":"cabuild@cn.ibm.com"}]},{"_id":"architecturechangelog_Uwvxq0HdGV","date":"2021-07-10T03:47:22.199Z","type":"INVITE","user":{"fullname":"Bei Bei Guo","email":"gbbguoxa@cn.ibm.com"},"viewer":[],"editor":[{"fullname":"MING JIN CHEN","email":"mingjinc@cn.ibm.com"}],"admin":[]},{"_id":"architecturechangelog_dflCEBWRx","date":"2021-07-10T03:47:22.040Z","type":"PEN_GET","user":{"email":"cogarch@us.ibm.com"}},{"_id":"architecturechangelog_B1-i5QK4Z","date":"2021-07-10T03:47:06.201Z","type":"INVITE","user":{"fullname":"Bei Bei Guo","email":"gbbguoxa@cn.ibm.com"},"viewer":[{"fullname":"RU LEI XIE","email":"xierulei@cn.ibm.com"}],"editor":[],"admin":[]},{"_id":"architecturechangelog_gsuE4VI5b","date":"2021-07-10T03:41:54.327Z","type":"DOWNLOAD","user":{"fullname":"Bei Bei Guo","email":"gbbguoxa@cn.ibm.com"},"appVersion":"3.4.1","dataVersion":"1.4"},{"_id":"architecturechangelog_WESFBHPLy","date":"2021-07-10T03:24:25.940Z","type":"CREATE_INST","user":{"fullname":"Bei Bei Guo","email":"gbbguoxa@cn.ibm.com"},"artifactTypeId":"artifacttype_02226b19-474e-37a6-ab39-d9bb31767fb5","instanceName":"notes","instanceId":"notes_S1xMgm9Lau"},{"_id":"architecturechangelog_cM21fPYL0","date":"2021-07-10T03:22:03.924Z","type":"CREATE_INST","user":{"fullname":"Bei Bei Guo","email":"gbbguoxa@cn.ibm.com"},"artifactTypeId":"artifacttype_217cdbd4-c76f-3355-a3b1-443b0a0d2651","instanceName":"misc"},{"_id":"architecturechangelog_e6txDUagm","date":"2021-07-10T03:10:12.881Z","type":"CREATE_INST","user":{"fullname":"Bei Bei Guo","email":"gbbguoxa@cn.ibm.com"},"artifactTypeId":"artifacttype_217cdbd4-c76f-3355-a3b1-443b0a0d2651","instanceName":"cv","instanceId":"cmcollaboration_2UHYBWtuvkD"},{"_id":"architecturechangelog_TUNghIbR1","date":"2021-07-10T03:08:04.145Z","type":"CREATE_INST","user":{"fullname":"Bei Bei Guo","email":"gbbguoxa@cn.ibm.com"},"artifactTypeId":"artifacttype_6e1239a1-6a68-3dae-ae87-b05ecf80d25b","instanceName":"seq","instanceId":"cmdynamicview_2UHY5uUHMHO"},{"_id":"architecturechangelog_XkmMQzCdo","date":"2021-07-10T03:06:23.736Z","type":"CREATE_INST","user":{"fullname":"Bei Bei Guo","email":"gbbguoxa@cn.ibm.com"},"artifactTypeId":"artifacttype_4a44b8fa-5057-3826-84d7-169a6fc1f2ed","instanceName":"misc"},{"_id":"architecturechangelog_EVzRjE_tJ","date":"2021-07-10T02:54:02.797Z","type":"CREATE_INST","user":{"fullname":"Bei Bei Guo","email":"gbbguoxa@cn.ibm.com"},"artifactTypeId":"artifacttype_9edbd406-69fb-3a95-8b2e-58a0974b2710","instanceName":"","instanceId":"executivesummary_HkgmAjFUTO"},{"_id":"architecturechangelog_Dkzmjcx97","date":"2021-07-10T02:33:03.784Z","type":"CREATE_INST","user":{"fullname":"Bei Bei Guo","email":"gbbguoxa@cn.ibm.com"},"artifactTypeId":"artifacttype_23219eb8-b210-3e5a-8621-9881bee93055","instanceName":"misc","instanceId":"miscdiagram_2UHPh5Zabtw"},{"_id":"architecturechangelog_L5FmzWMS8","date":"2021-07-10T01:28:13.065Z","type":"CREATE_INST","user":{"fullname":"Bei Bei Guo","email":"gbbguoxa@cn.ibm.com"},"artifactTypeId":"artifacttype_4a44b8fa-5057-3826-84d7-169a6fc1f2ed","instanceName":"stv","instanceId":"cmstaticview_2UHyWHHHnWG"},{"_id":"architecturechangelog_EC8pOzpmr","date":"2021-07-10T01:27:45.787Z","type":"CREATE_INST","user":{"fullname":"Bei Bei Guo","email":"gbbguoxa@cn.ibm.com"},"artifactTypeId":"artifacttype_fddae3fa-aafa-32af-94a4-bc3e1ed255cc","instanceName":"Copy of ad1","option":"CREATE_FROM_COPY: architecturaldecision_Hkc9wd86u"},{"_id":"architecturechangelog_nm7GlytCw","date":"2021-07-10T01:27:06.793Z","type":"CREATE_INST","user":{"fullname":"Bei Bei Guo","email":"gbbguoxa@cn.ibm.com"},"artifactTypeId":"artifacttype_fddae3fa-aafa-32af-94a4-bc3e1ed255cc","instanceName":"ad2","instanceId":"architecturaldecision_BJGdwdI6O","option":"CREATE_FROM_COPY: architecturaldecision_S1x0pIuU6u"},{"_id":"architecturechangelog_NMhQUtoKp","date":"2021-07-10T01:24:22.627Z","type":"CREATE_INST","user":{"fullname":"Bei Bei Guo","email":"gbbguoxa@cn.ibm.com"},"artifactTypeId":"artifacttype_fddae3fa-aafa-32af-94a4-bc3e1ed255cc","instanceName":"ad1","instanceId":"architecturaldecision_S1x0pIuU6u"},{"_id":"architecturechangelog_7MVEYa05k","date":"2021-07-10T01:24:01.218Z","type":"CREATE","user":{"fullname":"Bei Bei Guo","email":"gbbguoxa@cn.ibm.com"}}]}}