{"_id":"arch_ryWI9rm1U","name":"Arch using TOGAF created 20191226 copy","type":"Solution","status":"Pending","created":"2019-12-27T09:09:29Z","lastModified":"2019-12-30T08:41:40Z","includedArtifacts":[{"_id":"art_B1Zh-LcBmyL","typeId":"assetartifact_notes","artifactTypeId":"artifacttype_5b5b511b-aeda-316f-a250-c65c5b50222c","type":"Separation Of Duties / Authorization Table","globalTOCPosition":"4.1"},{"_id":"art_BJ7h-8cBXyU","typeId":"assetartifact_logical_datamodel","artifactTypeId":"artifacttype_11dc6060-14ea-32c5-a943-69ccb319f4ff","type":"Master Data","globalTOCPosition":"4.2"},{"_id":"art_H1khb89rQkI","typeId":"assetartifact_notes","artifactTypeId":"artifacttype_91785f5e-1b74-3f51-8562-aad4791ad070","type":"Personas, Roles & Responsibilities","globalTOCPosition":"3.1"},{"_id":"art_B1oibUqSXyL","typeId":"assetartifact_notes","artifactTypeId":"artifacttype_d350e494-2909-366d-8175-fbbb3e7b69ef","type":"Roadmap","globalTOCPosition":"1.2"},{"_id":"art_ByFiZI9S7y8","typeId":"assetartifact_businesschallenge","artifactTypeId":"artifacttype_7e1a0a64-9638-3567-bae1-d895778a288a","type":"Business Context","globalTOCPosition":"1.1"},{"_id":"art_HJfoW85HXJ8","typeId":"assetartifact_operationalmodel_physicaloperational","artifactTypeId":"artifacttype_bc73e95d-f6e5-3c27-aa01-85953a096559","type":"Physical Operational View","globalTOCPosition":"6.2.5"},{"_id":"art_rJC5WLqrmkU","typeId":"assetartifact_architecture_principles","artifactTypeId":"artifacttype_400db48f-39bd-3a1b-84ea-ee5cffbacb8c","type":"Principles","globalTOCPosition":"2.1"},{"_id":"art_ryKkxb8cr7kI","typeId":"assetartifact_systemcontext","artifactTypeId":"artifacttype_1c8eefff-421d-39a6-80f1-0d52a82bb782","type":"Context Diagram","globalTOCPosition":"5.1"},{"_id":"art_r1Gyxb8qB7JI","typeId":"assetartifact_logical_datamodel","artifactTypeId":"artifacttype_5a689b25-1665-3699-b33c-acee565cbdba","type":"Detailed Data Model","globalTOCPosition":"4.3"},{"_id":"art_SypY-L9Hm1L","typeId":"assetartifact_assumption","artifactTypeId":"artifacttype_2a091746-9283-3fa5-95dc-9720b752a145","type":"Assumptions","globalTOCPosition":"2.2"},{"_id":"art_Hkm5-85HX1I","typeId":"assetartifact_architecturedecision","artifactTypeId":"artifacttype_2568ead9-9341-32cd-a397-1dae760d9d6a","type":"Architectural Decisions","globalTOCPosition":"2.3"},{"_id":"art_SyKYWU5rXkI","typeId":"assetartifact_functionalrequirement","artifactTypeId":"artifacttype_3afd3732-ae19-3087-8fda-9f8fb6773c3a","type":"High Level Requirements","globalTOCPosition":"5.4"},{"_id":"art_HytdW85r718","typeId":"assetartifact_nonfunctionalrequirement","artifactTypeId":"artifacttype_a4b20c0c-2e1f-36f9-9b13-2b813d861672","type":"Key Non-Functional Requirements","globalTOCPosition":"2.4"},{"_id":"art_SJoQxbI9SQyL","typeId":"assetartifact_architectureoverview_usagescenario","artifactTypeId":"artifacttype_56685f54-cdba-37b0-8a41-27e1e5fedc82","type":"Usage Scenario","globalTOCPosition":"5.3.4"},{"_id":"art_ByXXeWUqrQyU","typeId":"assetartifact_architectureoverview_itsystem","artifactTypeId":"artifacttype_16d454e8-334d-351c-9b1b-7a4f8e806579","type":"IT System View","globalTOCPosition":"5.3.3"},{"_id":"art_Hk_ExZ8crXy8","typeId":"assetartifact_componentmodel_dynamicview","artifactTypeId":"artifacttype_74a04c05-801c-39da-a57c-0b899a186f63","type":"Dynamic View","globalTOCPosition":"5.3.6"},{"_id":"art_ryr4gbIqrQyL","typeId":"assetartifact_componentmodel_staticview","artifactTypeId":"artifacttype_ec555d94-6c86-3aaa-aa16-4734deae754d","type":"Static View","globalTOCPosition":"5.3.5"},{"_id":"art_HkjelWL5BX1U","typeId":"assetartifact_componentmodel_dynamicview","artifactTypeId":"artifacttype_88f62f78-2c26-319b-ab33-1d676d67d601","type":"Dynamic View","globalTOCPosition":"5.2.2"},{"_id":"art_ByGeg-85B71L","typeId":"assetartifact_componentmodel_staticview","artifactTypeId":"artifacttype_106658d0-7c88-3dcc-bc09-74e636983f76","type":"Static View","globalTOCPosition":"5.2.1"},{"_id":"art_r1VGx-IcrQkU","typeId":"assetartifact_architectureoverview_enterprise","artifactTypeId":"artifacttype_6ffb5ac3-af89-3bff-b206-20977b8fa335","type":"Enterprise View","globalTOCPosition":"5.3.2"},{"_id":"art_BJ3WxZUcBm1L","typeId":"assetartifact_architectureoverview_aodservice","artifactTypeId":"artifacttype_c903d934-f10a-3734-b905-18c856a9054d","type":"Services View","globalTOCPosition":"5.3.1"},{"_id":"art_BJetxWLcS7JI","typeId":"assetartifact_operationalmodel_logicaloperational","artifactTypeId":"artifacttype_91eb5238-9ce1-3948-8708-d7ff3e0687be","type":"Logical Operational View","globalTOCPosition":"6.3.4"},{"_id":"art_H1RPgWL9rm1I","typeId":"assetartifact_componentmodel_staticview","artifactTypeId":"artifacttype_aa49ed62-fccd-3617-8b11-1f1d8523a9cf","type":"Static View","globalTOCPosition":"6.3.2"},{"_id":"art_r1Sdl-LcBmkL","typeId":"assetartifact_componentmodel_dynamicview","artifactTypeId":"artifacttype_fd91903d-eb56-3e81-ac55-eaf2ebf181ab","type":"Dynamic View","globalTOCPosition":"6.3.3"},{"_id":"art_H1k9x-L9rXkI","typeId":"assetartifact_nonfunctionalrequirement","artifactTypeId":"artifacttype_26304d72-bd37-36e4-a69d-dd13dde16bbd","type":"Security Non-Functional Requirements","globalTOCPosition":"7.2"},{"_id":"art_HkSKeW85B7JU","typeId":"assetartifact_operationalmodel_physicaloperational","artifactTypeId":"artifacttype_15839707-8b7f-39d7-b67e-aa0bf5a849f9","type":"Physical Operational View","globalTOCPosition":"6.3.5"},{"_id":"art_HJjte-89B7kL","typeId":"assetartifact_notes","artifactTypeId":"artifacttype_9d29af0e-82d4-3c31-bf78-9a9908aff961","type":"Notes","globalTOCPosition":"8"},{"_id":"art_H1_Yg-UcHXy8","typeId":"assetartifact_functionalrequirement","artifactTypeId":"artifacttype_52cb4c96-9010-364f-ad55-d8792968b769","type":"Security Requirements","globalTOCPosition":"7.1"},{"_id":"art_HkCHe-I5HXJL","typeId":"assetartifact_componentmodel_staticview","artifactTypeId":"artifacttype_b4458a3f-da2e-30bc-88aa-26007d2d7336","type":"Static View","globalTOCPosition":"6.2.2"},{"_id":"art_SJHLxWU5SXyU","typeId":"assetartifact_componentmodel_dynamicview","artifactTypeId":"artifacttype_da28af8b-a784-346b-8edc-78117c4c9c19","type":"Dynamic View","globalTOCPosition":"6.2.3"},{"_id":"art_HJrBxWI9HXkU","typeId":"assetartifact_nonfunctionalrequirement","artifactTypeId":"artifacttype_8146d84f-a8bc-3ddd-a64b-9282e4f1306e","type":"Platform Requirements","globalTOCPosition":"6.1"},{"_id":"art_BJwSeZL5S71L","typeId":"assetartifact_architectureoverview_itsystem","artifactTypeId":"artifacttype_28a9823b-9d1b-3877-b4e8-98990cf72d64","type":"IT System View","globalTOCPosition":"6.2.1"},{"_id":"art_ByPwgWI5Bmk8","typeId":"assetartifact_architectureoverview_itsystem","artifactTypeId":"artifacttype_2820aaaa-2d9f-387d-a42a-205fad7a6705","type":"IT System View","globalTOCPosition":"6.3.1"},{"_id":"art_HyALgb8cBXkU","typeId":"assetartifact_operationalmodel_logicaloperational","artifactTypeId":"artifacttype_13032995-abec-3a78-a760-d12a5b1107df","type":"Logical Operational View","globalTOCPosition":"6.2.4"}],"industry":[],"technology":[],"technicalCapability":[],"businessCapability":[],"client":[{"_id":"client_r1OU5HXyU","name":"cf"}],"template":{"_id":"template_e71496c0-0c3f-375d-b04c-bed289b8dbf0","name":"TOGAF Template","description":"Sample ToC based on TOGAF standards","isGlobalDefaultTemplate":false},"executiveSummary":"","tag":[],"schemaVersion":"1.2","appVersion":"2.7.0"}