{"_id":"arch_r1k1h7hHu","name":"stencils 2 editing-offline","type":"Solution","status":"Pending","created":"2021-04-08T07:08:06Z","lastModified":"2021-04-08T07:54:57Z","includedArtifacts":[{"globalTOCPosition":"4.1","typeId":"assetartifact_logical_datamodel","_id":"art_SkODl2QnH_","artifactTypeId":"artifacttype_246bc46f-0286-3ad4-bf01-679592db59c7","type":"Logical Data Model"},{"globalTOCPosition":"5.3.2","typeId":"assetartifact_componentmodel_dynamicview","_id":"art_B16Ul2m2Hu","artifactTypeId":"artifacttype_6e1239a1-6a68-3dae-ae87-b05ecf80d25b","type":"Dynamic View"},{"globalTOCPosition":"5.3.1","typeId":"assetartifact_componentmodel_staticview","_id":"art_ryQUl2X3H_","artifactTypeId":"artifacttype_4a44b8fa-5057-3826-84d7-169a6fc1f2ed","type":"Static View"},{"globalTOCPosition":"8","typeId":"assetartifact_miscdiagram","_id":"art_SyYHgh72B_","artifactTypeId":"artifacttype_23219eb8-b210-3e5a-8621-9881bee93055","type":"Misc Diagram"},{"globalTOCPosition":"5.4.2","typeId":"assetartifact_operationalmodel_physicaloperational","_id":"art_rJBrgnm2Sd","artifactTypeId":"artifacttype_7503dbb1-18f7-36ac-ad12-98d977ef3d0d","type":"Prescribed Operational View"},{"globalTOCPosition":"5.4.1","typeId":"assetartifact_operationalmodel_logicaloperational","_id":"art_Hkvc1n73rO","artifactTypeId":"artifacttype_5ca43d50-d7da-322f-a1b0-f65b0c12b2c8","type":"Logical Operational View"},{"globalTOCPosition":"5.1.4","typeId":"assetartifact_architectureoverview_usagescenario","_id":"art_Bk-F127hSO","artifactTypeId":"artifacttype_d118451c-0816-3aa5-8b89-3119feb4168a","type":"Usage Scenario"},{"globalTOCPosition":"5.1.3","typeId":"assetartifact_architectureoverview_itsystem","_id":"art_S1QDy273H_","artifactTypeId":"artifacttype_355f72be-6566-3f48-8b15-c30f671d7c8f","type":"IT System View"},{"globalTOCPosition":"5.1.2","typeId":"assetartifact_architectureoverview_enterprise","_id":"art_BkQ81nmnS_","artifactTypeId":"artifacttype_16bfe592-ae95-371c-9f64-3a881b667707","type":"Enterprise View"},{"globalTOCPosition":"5.1.1","typeId":"assetartifact_architectureoverview_aodservice","_id":"art_rkYNyn7hS_","artifactTypeId":"artifacttype_2c548a13-6bd9-3edc-a496-0318af82f0d1","type":"Services View"},{"globalTOCPosition":"3.1.1","typeId":"assetartifact_usecase_ucdiagram","_id":"art_HJQM1hmnSu","artifactTypeId":"artifacttype_cde39d5e-c892-3093-ab3d-bad448acb8a0","type":"Use Case Diagram"},{"globalTOCPosition":"3.1.2","typeId":"assetartifact_usecase_uctext","_id":"art_Bkbg1hX3Hd","artifactTypeId":"artifacttype_dde4b71c-82db-3f66-964a-3a04fbf56dff","type":"Use Case"},{"globalTOCPosition":"2.2","typeId":"assetartifact_systemcontext","_id":"art_r1PJyhQnru","artifactTypeId":"artifacttype_8ca70362-e3d1-3b9c-91d1-f755d029a2e3","type":"System Context"}],"industry":[],"technology":[],"technicalCapability":[],"businessCapability":[],"client":[],"taxonomies":[],"template":{"name":"Solution Architecture Template","description":"Default ToC","_id":"template_company_ibm","isGlobalDefaultTemplate":true},"executiveSummary":"","tag":[],"schemaVersion":"1.4","lastModifiedUser":{"_id":"gbbguoxa@cn.ibm.com","fullname":"Bei Bei Guo","notesId":"Bei Bei JG Guo","jobResponsibilities":"Test Specialist","avatar":"https://w3-services1.w3-969.ibm.com/myw3/unified-profile-photo/v1/image/gbbguoxa@cn.ibm.com?def=avatar","privacyConstent":{"isAccept":true,"country":"CN","acceptedDate":"2018-10-15T06:03:35.756Z"},"lastLoginDate":"2021-04-08T05:51:21.452Z","bookmarkedArchList":["architecture_ba218421_818d_11e7_88e7_21ec9eeb2850","copied_e46c1250_ad56_11e7_9df4_2b1f6b893765_COPY_architecture_6ce61071_8d01_11e7_a90b_697746ae2b06","copied_67d74de0_a428_11e7_9d8f_c7a28270726d_COPY_architecture_96d45bf1_8d27_11e7_a90b_697746ae2b06","copied_61f15ed0_aca1_11e7_b764_25075a75175c_COPY_architecture_43936131_a941_11e7_8703_cf7fc382471f","arch_Sk2KBCU7D"],"chatbotToken":"d8f82972a89e48c291a082eb2d99d8fa","username":"gbbguoxa@cn.ibm.com","email":"gbbguoxa@cn.ibm.com","userPreference":{"defaultTemplate":"template_3fba63d0-6784-3423-b0b9-eebf831b5f68","defaultGithubInfo":{"_id":null,"repoUrl":"git@github.com:guoliabei/ca-public.git"}},"geographyList":["672"],"businessUnitList":["GLMKT"],"collaborationGroupList":["5d03635081dbc100085a27d7","5f55cb36e378d50008b6248e"]},"owner":{"_id":"gbbguoxa@cn.ibm.com","fullname":"Bei Bei Guo","notesId":"Bei Bei JG Guo","jobResponsibilities":"Test Specialist","avatar":"https://w3-services1.w3-969.ibm.com/myw3/unified-profile-photo/v1/image/gbbguoxa@cn.ibm.com?def=avatar","privacyConstent":{"isAccept":true,"country":"CN","acceptedDate":"2018-10-15T06:03:35.756Z"},"lastLoginDate":"2021-04-08T05:51:21.452Z","bookmarkedArchList":["architecture_ba218421_818d_11e7_88e7_21ec9eeb2850","copied_e46c1250_ad56_11e7_9df4_2b1f6b893765_COPY_architecture_6ce61071_8d01_11e7_a90b_697746ae2b06","copied_67d74de0_a428_11e7_9d8f_c7a28270726d_COPY_architecture_96d45bf1_8d27_11e7_a90b_697746ae2b06","copied_61f15ed0_aca1_11e7_b764_25075a75175c_COPY_architecture_43936131_a941_11e7_8703_cf7fc382471f","arch_Sk2KBCU7D"],"chatbotToken":"d8f82972a89e48c291a082eb2d99d8fa","username":"gbbguoxa@cn.ibm.com","email":"gbbguoxa@cn.ibm.com","userPreference":{"defaultTemplate":"template_3fba63d0-6784-3423-b0b9-eebf831b5f68","defaultGithubInfo":{"_id":null,"repoUrl":"git@github.com:guoliabei/ca-public.git"}},"collaborationGroupList":["5d03635081dbc100085a27d7","5f55cb36e378d50008b6248e"],"businessUnit":{"_id":"GLMKT","name":"IBM Global Markets","description":""},"geography":{"_id":"672","iot":"GCG IOT","imt_market":"Peoples Rep of China","country":"China"}},"appVersion":"3.2.3"}