{"_id":"arch_ryD4Qwb8P","name":"0930 -2 with imported and uploaded content","type":"Solution","status":"Pending","created":"2020-09-30T01:45:18Z","lastModified":"2020-09-30T01:57:37Z","includedArtifacts":[{"globalTOCPosition":"5.1.2","typeId":"assetartifact_architectureoverview_enterprise","_id":"art_HJPgiqXwWLw","artifactTypeId":"artifacttype_16bfe592-ae95-371c-9f64-3a881b667707","type":"Enterprise View"},{"globalTOCPosition":"5.4.2","typeId":"assetartifact_operationalmodel_physicaloperational","_id":"art_ryQeocQDZLv","artifactTypeId":"artifacttype_7503dbb1-18f7-36ac-ad12-98d977ef3d0d","type":"Physical Operational View"},{"globalTOCPosition":"5.1.4","typeId":"assetartifact_architectureoverview_usagescenario","_id":"art_B1Tj9XwZ8w","artifactTypeId":"artifacttype_d118451c-0816-3aa5-8b89-3119feb4168a","type":"Usage Scenario"},{"globalTOCPosition":"5.3.2","typeId":"assetartifact_componentmodel_dynamicview","_id":"art_H1UesqmvWUP","artifactTypeId":"artifacttype_6e1239a1-6a68-3dae-ae87-b05ecf80d25b","type":"Dynamic View"},{"globalTOCPosition":"1","typeId":"assetartifact_executivesummary","_id":"art_H14j9mwZUw","artifactTypeId":"artifacttype_9edbd406-69fb-3a95-8b2e-58a0974b2710","type":"Overview"},{"globalTOCPosition":"2.1","typeId":"assetartifact_businesschallenge","_id":"art_Bkri97PW8P","artifactTypeId":"artifacttype_d1ab4a95-e05f-3882-9f19-6500fc0d3b2b","type":"Business Challenge"},{"globalTOCPosition":"5.4.1","typeId":"assetartifact_operationalmodel_logicaloperational","_id":"art_rJkxj5XP-8v","artifactTypeId":"artifacttype_5ca43d50-d7da-322f-a1b0-f65b0c12b2c8","type":"Logical Operational View"},{"globalTOCPosition":"9","typeId":"assetartifact_notes","_id":"art_HyoscXwWIP","artifactTypeId":"artifacttype_02226b19-474e-37a6-ab39-d9bb31767fb5","type":"Notes"},{"globalTOCPosition":"5.1.3","typeId":"assetartifact_architectureoverview_itsystem","_id":"art_SkHlsqXv-8D","artifactTypeId":"artifacttype_355f72be-6566-3f48-8b15-c30f671d7c8f","type":"IT System View"},{"globalTOCPosition":"8","typeId":"assetartifact_miscdiagram","_id":"art_H1ns9mwZ8P","artifactTypeId":"artifacttype_23219eb8-b210-3e5a-8621-9881bee93055","type":"Misc Diagram"},{"globalTOCPosition":"2.2","typeId":"assetartifact_systemcontext","_id":"art_Bkfxj5XP-Lv","artifactTypeId":"artifacttype_8ca70362-e3d1-3b9c-91d1-f755d029a2e3","type":"System Context"},{"globalTOCPosition":"4.1","typeId":"assetartifact_logical_datamodel","_id":"art_ryCocQPWLv","artifactTypeId":"artifacttype_246bc46f-0286-3ad4-bf01-679592db59c7","type":"Logical Data Model"},{"globalTOCPosition":"5.1.1","typeId":"assetartifact_architectureoverview_aodservice","_id":"art_BkllocQPWIv","artifactTypeId":"artifacttype_2c548a13-6bd9-3edc-a496-0318af82f0d1","type":"Services View"},{"globalTOCPosition":"3.1.1","typeId":"assetartifact_usecase_ucdiagram","_id":"art_Hk-es97P-LP","artifactTypeId":"artifacttype_cde39d5e-c892-3093-ab3d-bad448acb8a0","type":"Use Case Diagram"},{"globalTOCPosition":"5.3.1","typeId":"assetartifact_componentmodel_staticview","_id":"art_HJNls9XP-8w","artifactTypeId":"artifacttype_4a44b8fa-5057-3826-84d7-169a6fc1f2ed","type":"Static View"},{"globalTOCPosition":"6.1","typeId":"assetartifact_risk","_id":"art_ryuqIXP-8D","artifactTypeId":"artifacttype_94622837-e58f-34c3-9263-8260b69601c8","type":"Risks"},{"globalTOCPosition":"5.2","typeId":"assetartifact_architecturedecision","_id":"art_S1HZcIQvZUD","artifactTypeId":"artifacttype_fddae3fa-aafa-32af-94a4-bc3e1ed255cc","type":"Architectural Decisions"},{"globalTOCPosition":"3.1.2","typeId":"assetartifact_usecase_uctext","_id":"art_BkcZ5IXDZUw","artifactTypeId":"artifacttype_dde4b71c-82db-3f66-964a-3a04fbf56dff","type":"Use Case"},{"globalTOCPosition":"3.2","typeId":"assetartifact_functionalrequirement","_id":"art_Hkdgc8mvWLv","artifactTypeId":"artifacttype_12eefe0a-435b-3176-8bbe-4dc928a2e4c3","type":"Functional Requirements"},{"globalTOCPosition":"6.3","typeId":"assetartifact_issue","_id":"art_SyZxc8QPbLw","artifactTypeId":"artifacttype_f4d01807-f847-3ccd-87a2-32877074295e","type":"Issues"},{"globalTOCPosition":"3.3","typeId":"assetartifact_nonfunctionalrequirement","_id":"art_Skjg98XwbUP","artifactTypeId":"artifacttype_f0eebd79-15c9-3ebc-a73b-8efc3f634f59","type":"Non Functional Requirements"},{"globalTOCPosition":"6.2","typeId":"assetartifact_assumption","_id":"art_H13cLmPbIw","artifactTypeId":"artifacttype_2142b656-62ba-304d-95d4-77b1b144e5e1","type":"Assumptions"},{"globalTOCPosition":"7","typeId":"assetartifact_architecture_principles","_id":"art_ByH9LXPWLw","artifactTypeId":"artifacttype_92ccfc5d-c31a-349d-97c0-6d75c8841a8a","type":"Architectural Principles"},{"globalTOCPosition":"6.4","typeId":"assetartifact_dependency","_id":"art_H1BgqUQDW8D","artifactTypeId":"artifacttype_9c5463b3-5c9e-3790-86cb-9b8866cc062a","type":"Dependencies"}],"industry":[{"name":"Aerospace and Defense","_id":"industry_aerospace"}],"technology":[{"name":"Analytics","_id":"technology_analytics"}],"technicalCapability":[],"businessCapability":[],"client":[],"taxonomies":["Lack of IT Skills","Become more digital"],"template":{"name":"Solution Architecture Template","description":"Default ToC","_id":"template_company_ibm","isGlobalDefaultTemplate":true},"executiveSummary":"<div>1. Overview</div><div>as<table style=\"width:100%\"><tbody><tr><td style=\"height:42px;border: 1px solid #979797;padding:5px;width:11.11111111111111%\"> </td><td style=\"height:42px;border: 1px solid #979797;padding:5px;width:11.11111111111111%\"> </td><td style=\"height:42px;border: 1px solid #979797;padding:5px;width:11.11111111111111%\"> </td><td style=\"height:42px;border: 1px solid #979797;padding:5px;width:11.11111111111111%\"> aaa</td><td style=\"height:42px;border: 1px solid #979797;padding:5px;width:11.11111111111111%\"> er</td><td style=\"height:42px;border: 1px solid #979797;padding:5px;width:11.11111111111111%\"> CIO continues to enhance productivity amid COVID-19 challenges(opens in a new tab)<br><br></td><td style=\"height:42px;border: 1px solid #979797;padding:5px;width:11.11111111111111%\"> </td><td style=\"height:42px;border: 1px solid #979797;padding:5px;width:11.11111111111111%\"> </td><td style=\"height:42px;border: 1px solid #979797;padding:5px;width:11.11111111111111%\"> </td></tr><tr><td style=\"height:42px;border: 1px solid #979797;padding:5px;width:11.11111111111111%\"> </td><td style=\"height:42px;border: 1px solid #979797;padding:5px;width:11.11111111111111%\"></td><td style=\"height:42px;border: 1px solid #979797;padding:5px;width:11.11111111111111%\"></td><td style=\"height:42px;border: 1px solid #979797;padding:5px;width:11.11111111111111%\"></td><td style=\"height:42px;border: 1px solid #979797;padding:5px;width:11.11111111111111%\"></td><td style=\"height:42px;border: 1px solid #979797;padding:5px;width:11.11111111111111%\"></td><td style=\"height:42px;border: 1px solid #979797;padding:5px;width:11.11111111111111%\"> </td><td style=\"height:42px;border: 1px solid #979797;padding:5px;width:11.11111111111111%\"> </td><td style=\"height:42px;border: 1px solid #979797;padding:5px;width:11.11111111111111%\"> </td></tr><tr><td style=\"height:42px;border: 1px solid #979797;padding:5px;width:11.11111111111111%\"> </td><td style=\"height:42px;border: 1px solid #979797;padding:5px;width:11.11111111111111%\"></td><td style=\"height:42px;border: 1px solid #979797;padding:5px;width:11.11111111111111%\"></td><td style=\"height:42px;border: 1px solid #979797;padding:5px;width:11.11111111111111%\"></td><td style=\"height:42px;border: 1px solid #979797;padding:5px;width:11.11111111111111%\"></td><td style=\"height:42px;border: 1px solid #979797;padding:5px;width:11.11111111111111%\"></td><td style=\"height:42px;border: 1px solid #979797;padding:5px;width:11.11111111111111%\"> </td><td style=\"height:42px;border: 1px solid #979797;padding:5px;width:11.11111111111111%\"> </td><td style=\"height:42px;border: 1px solid #979797;padding:5px;width:11.11111111111111%\"> </td></tr><tr><td style=\"height:42px;border: 1px solid #979797;padding:5px;width:11.11111111111111%\"> </td><td style=\"height:42px;border: 1px solid #979797;padding:5px;width:11.11111111111111%\"></td><td style=\"height:42px;border: 1px solid #979797;padding:5px;width:11.11111111111111%\"></td><td style=\"height:42px;border: 1px solid #979797;padding:5px;width:11.11111111111111%\"></td><td style=\"height:42px;border: 1px solid #979797;padding:5px;width:11.11111111111111%\"></td><td style=\"height:42px;border: 1px solid #979797;padding:5px;width:11.11111111111111%\"></td><td style=\"height:42px;border: 1px solid #979797;padding:5px;width:11.11111111111111%\"> </td><td style=\"height:42px;border: 1px solid #979797;padding:5px;width:11.11111111111111%\"> </td><td style=\"height:42px;border: 1px solid #979797;padding:5px;width:11.11111111111111%\"> </td></tr><tr><td style=\"height:42px;border: 1px solid #979797;padding:5px;width:11.11111111111111%\"> </td><td style=\"height:42px;border: 1px solid #979797;padding:5px;width:11.11111111111111%\"> </td><td style=\"height:42px;border: 1px solid #979797;padding:5px;width:11.11111111111111%\"> </td><td style=\"height:42px;border: 1px solid #979797;padding:5px;width:11.11111111111111%\"> </td><td style=\"height:42px;border: 1px solid #979797;padding:5px;width:11.11111111111111%\"> </td><td style=\"height:42px;border: 1px solid #979797;padding:5px;width:11.11111111111111%\"> </td><td style=\"height:42px;border: 1px solid #979797;padding:5px;width:11.11111111111111%\"> </td><td style=\"height:42px;border: 1px solid #979797;padding:5px;width:11.11111111111111%\"> </td><td style=\"height:42px;border: 1px solid #979797;padding:5px;width:11.11111111111111%\"> </td></tr><tr><td style=\"height:42px;border: 1px solid #979797;padding:5px;width:11.11111111111111%\"> </td><td style=\"height:42px;border: 1px solid #979797;padding:5px;width:11.11111111111111%\"> </td><td style=\"height:42px;border: 1px solid #979797;padding:5px;width:11.11111111111111%\"> </td><td style=\"height:42px;border: 1px solid #979797;padding:5px;width:11.11111111111111%\"> </td><td style=\"height:42px;border: 1px solid #979797;padding:5px;width:11.11111111111111%\"> </td><td style=\"height:42px;border: 1px solid #979797;padding:5px;width:11.11111111111111%\"> </td><td style=\"height:42px;border: 1px solid #979797;padding:5px;width:11.11111111111111%\"> </td><td style=\"height:42px;border: 1px solid #979797;padding:5px;width:11.11111111111111%\"> </td><td style=\"height:42px;border: 1px solid #979797;padding:5px;width:11.11111111111111%\"> </td></tr></tbody></table><br></div><div>fds</div><div>fdsf<img style=\"height:100px;\" src=\"/api/FileManagerAPIs/containers/cafiles/files/file_674559bfc5f64740.jpg\"><br></div><div><br></div><div>CIO continues to enhance productivity amid COVID-19 challenges(opens in a new tab)<br><br>17 September 2020<br><br>The CIO organization’s commitment to providing IBMers with the best work environment has never been stronger.<br><br>Today, we’re pleased to share with you several important new capabilities the CIO team is launching, including many improvements to our collaboration tools, mobile device management, network performance, support, and cybersecurity.<br><br>Read IBM CIO Fletcher Previn’s recent blog post(opens in a new tab) for more details on our productivity enhancements.<br><br></div>","tag":[],"schemaVersion":"1.3","lastModifiedUser":{"_id":"xierulei@cn.ibm.com","fullname":"RU LEI XIE","notesId":"Ru Lei Xie","jobResponsibilities":"STAFF SOFTWARE ENGINEER","avatar":"https://w3-services1.w3-969.ibm.com/myw3/unified-profile-photo/v1/image/xierulei@cn.ibm.com?def=avatar","privacyConstent":{"isAccept":true,"country":"CN","acceptedDate":"2019-06-06T03:02:25.804Z"},"lastLoginDate":"2020-09-30T01:36:29.634Z","bookmarkedArchList":["copied_0050ba20_ad57_11e7_971d_1dbaf50a3a74_COPY_architecture_ab8c2831_a7e8_11e7_8703_cf7fc382471f","arch_SkSV-wOWV","arch_r1mhvuupL"],"chatbotToken":"5405a57a295149c1b613cab21a80f481","username":"xierulei@cn.ibm.com","email":"xierulei@cn.ibm.com","userPreference":{"defaultTemplate":"template_company_ibm","defaultGithubInfo":{"repoUrl":"https://github.com/guoliabei/ca-public.git"}},"geographyList":["672"],"businessUnitList":["GBS"],"collaborationGroupList":["5ee07ac8ccb1090008398602"]},"owner":{"_id":"xierulei@cn.ibm.com","fullname":"RU LEI XIE","notesId":"Ru Lei Xie","jobResponsibilities":"STAFF SOFTWARE ENGINEER","avatar":"https://w3-services1.w3-969.ibm.com/myw3/unified-profile-photo/v1/image/xierulei@cn.ibm.com?def=avatar","privacyConstent":{"isAccept":true,"country":"CN","acceptedDate":"2019-06-06T03:02:25.804Z"},"lastLoginDate":"2020-09-30T01:36:29.634Z","bookmarkedArchList":["copied_0050ba20_ad57_11e7_971d_1dbaf50a3a74_COPY_architecture_ab8c2831_a7e8_11e7_8703_cf7fc382471f","arch_SkSV-wOWV","arch_r1mhvuupL"],"chatbotToken":"5405a57a295149c1b613cab21a80f481","username":"xierulei@cn.ibm.com","email":"xierulei@cn.ibm.com","userPreference":{"defaultTemplate":"template_company_ibm","defaultGithubInfo":{"repoUrl":"https://github.com/guoliabei/ca-public.git"}},"collaborationGroupList":["5ee07ac8ccb1090008398602"],"businessUnit":{"_id":"GBS","name":"Global Business Services","description":""},"geography":{"_id":"672","iot":"GCG IOT","imt_market":"Peoples Rep of China","country":"China"}},"appVersion":"3.0"}