{"toc":[{"globalTOCPosition":"1","artifactTypeName":"Overview","artifactType":"assetartifact_executivesummary","displayName":"Overview","format":"text","typeId":"1","_id":"artifacttype_9edbd406-69fb-3a95-8b2e-58a0974b2710","child":[],"hasContent":true},{"globalTOCPosition":"2","parentGroup":"","_id":"artifactgroup_7dc829db-0746-3ddc-816c-d07338d4eebf","displayName":"Scope","child":[{"globalTOCPosition":"2.1","artifactTypeName":"Business Challenge","artifactType":"assetartifact_businesschallenge","displayName":"Business Challenge","format":"text","typeId":"2.1","_id":"artifacttype_d1ab4a95-e05f-3882-9f19-6500fc0d3b2b","hasContent":false},{"globalTOCPosition":"2.2","artifactTypeName":"System Context","artifactType":"assetartifact_systemcontext","displayName":"System Context","format":"diagram","typeId":"2.2","_id":"artifacttype_8ca70362-e3d1-3b9c-91d1-f755d029a2e3","hasContent":false}]},{"globalTOCPosition":"3","parentGroup":"","_id":"artifactgroup_3b8700e6-c854-3ec9-af0e-9b2e600721ce","displayName":"Requirement","child":[{"globalTOCPosition":"3.1","parentGroup":"artifactgroup_3b8700e6-c854-3ec9-af0e-9b2e600721ce","_id":"artifactgroup_6e299154-751f-36ee-acb2-145c8af87481","displayName":"Use Case Model","child":[{"artifactTypeName":"Use Case Diagram","globalTOCPosition":"3.1.1","artifactType":"assetartifact_usecase_ucdiagram","displayName":"Use Case Diagram","format":"diagram","typeId":"3.1.1","_id":"artifacttype_cde39d5e-c892-3093-ab3d-bad448acb8a0","hasContent":true},{"globalTOCPosition":"3.1.2","artifactTypeName":"Use Case","artifactType":"assetartifact_usecase_uctext","displayName":"Use Case","format":"text","typeId":"3.1.2","_id":"artifacttype_dde4b71c-82db-3f66-964a-3a04fbf56dff","hasContent":true}]},{"globalTOCPosition":"3.2","artifactTypeName":"Functional Requirements","artifactType":"assetartifact_functionalrequirement","displayName":"Functional Requirements","format":"text","typeId":"3.2","_id":"artifacttype_12eefe0a-435b-3176-8bbe-4dc928a2e4c3","hasContent":false},{"artifactTypeName":"Non Functional Requirements","globalTOCPosition":"3.3","artifactType":"assetartifact_nonfunctionalrequirement","displayName":"Non Functional Requirements","format":"text","typeId":"3.3","_id":"artifacttype_f0eebd79-15c9-3ebc-a73b-8efc3f634f59","hasContent":false}]},{"globalTOCPosition":"4","parentGroup":"","_id":"artifactgroup_40044cbe-6c76-33a1-b9e0-eab8937d30ca","displayName":"Data Model","child":[{"artifactTypeName":"Logical Data Model","globalTOCPosition":"4.1","artifactType":"assetartifact_logical_datamodel","displayName":"Logical Data Model","format":"diagram","typeId":"4.1","_id":"artifacttype_246bc46f-0286-3ad4-bf01-679592db59c7","hasContent":false}]},{"globalTOCPosition":"5","parentGroup":"","_id":"artifactgroup_074a2b74-43d8-315a-b88b-c0b421754f02","displayName":"Architecture","child":[{"globalTOCPosition":"5.1","parentGroup":"artifactgroup_074a2b74-43d8-315a-b88b-c0b421754f02","_id":"artifactgroup_771e7b65-3b46-390d-bc41-3c88cfaf13ef","displayName":"Architecture Overview","child":[{"artifactTypeName":"Services View","globalTOCPosition":"5.1.1","artifactType":"assetartifact_architectureoverview_aodservice","displayName":"Services View","format":"diagram","typeId":"5.1.1","_id":"artifacttype_2c548a13-6bd9-3edc-a496-0318af82f0d1","hasContent":true},{"artifactTypeName":"Enterprise View","globalTOCPosition":"5.1.2","artifactType":"assetartifact_architectureoverview_enterprise","displayName":"Enterprise View","format":"diagram","typeId":"5.1.2","_id":"artifacttype_16bfe592-ae95-371c-9f64-3a881b667707","hasContent":false},{"globalTOCPosition":"5.1.3","artifactTypeName":"IT System View","artifactType":"assetartifact_architectureoverview_itsystem","displayName":"IT System View","format":"diagram","typeId":"5.1.3","_id":"artifacttype_355f72be-6566-3f48-8b15-c30f671d7c8f","hasContent":false},{"artifactTypeName":"Usage Scenario","globalTOCPosition":"5.1.4","artifactType":"assetartifact_architectureoverview_usagescenario","displayName":"Usage Scenario","format":"diagram","typeId":"5.1.4","_id":"artifacttype_d118451c-0816-3aa5-8b89-3119feb4168a","hasContent":false}]},{"globalTOCPosition":"5.2","artifactTypeName":"Architectural Decisions","artifactType":"assetartifact_architecturedecision","displayName":"Architectural Decisions","format":"text","typeId":"5.2","_id":"artifacttype_fddae3fa-aafa-32af-94a4-bc3e1ed255cc","parentGroup":"artifactgroup_074a2b74-43d8-315a-b88b-c0b421754f02","child":[],"hasContent":false},{"globalTOCPosition":"5.3","parentGroup":"artifactgroup_074a2b74-43d8-315a-b88b-c0b421754f02","_id":"artifactgroup_c848fca1-3956-3bb4-8c88-8815b99e00fc","displayName":"Component Model","child":[{"globalTOCPosition":"5.3.1","artifactTypeName":"Static View","artifactType":"assetartifact_componentmodel_staticview","displayName":"Static View","format":"diagram","typeId":"5.3.1","_id":"artifacttype_4a44b8fa-5057-3826-84d7-169a6fc1f2ed","hasContent":false},{"globalTOCPosition":"5.3.2","artifactTypeName":"Sequence View","artifactType":"assetartifact_componentmodel_dynamicview","displayName":"Sequence View","format":"diagram","typeId":"5.3.2","_id":"artifacttype_6e1239a1-6a68-3dae-ae87-b05ecf80d25b","hasContent":false},{"artifactTypeName":"Collaboration View","globalTOCPosition":"5.3.3","artifactType":"assetartifact_componentmodel_collaborationdiagram","displayName":"Collaboration View","format":"diagram","typeId":"5.3.3","_id":"artifacttype_217cdbd4-c76f-3355-a3b1-443b0a0d2651","hasContent":false}]},{"globalTOCPosition":"5.4","parentGroup":"artifactgroup_074a2b74-43d8-315a-b88b-c0b421754f02","_id":"artifactgroup_aef1c0cc-540d-31c6-8817-ac2b282f37d3","displayName":"Operational Model","child":[{"artifactTypeName":"Logical Operational View","globalTOCPosition":"5.4.1","artifactType":"assetartifact_operationalmodel_logicaloperational","displayName":"Logical Operational View","format":"diagram","typeId":"5.4.1","_id":"artifacttype_5ca43d50-d7da-322f-a1b0-f65b0c12b2c8","hasContent":false},{"artifactTypeName":"Prescribed Operational View","globalTOCPosition":"5.4.2","artifactType":"assetartifact_operationalmodel_physicaloperational","displayName":"Prescribed Operational View","format":"diagram","typeId":"5.4.2","_id":"artifacttype_7503dbb1-18f7-36ac-ad12-98d977ef3d0d","hasContent":false}]}]},{"globalTOCPosition":"6","parentGroup":"","_id":"artifactgroup_7cddcb3d-c508-3828-8893-128dc3d6c8b7","displayName":"RAID","child":[{"globalTOCPosition":"6.1","artifactTypeName":"Risks","artifactType":"assetartifact_risk","displayName":"Risks","format":"text","typeId":"6.1","_id":"artifacttype_94622837-e58f-34c3-9263-8260b69601c8","hasContent":false},{"globalTOCPosition":"6.2","artifactTypeName":"Assumptions","artifactType":"assetartifact_assumption","displayName":"Assumptions","format":"text","typeId":"6.2","_id":"artifacttype_2142b656-62ba-304d-95d4-77b1b144e5e1","hasContent":false},{"globalTOCPosition":"6.3","artifactTypeName":"Issues","artifactType":"assetartifact_issue","displayName":"Issues","format":"text","typeId":"6.3","_id":"artifacttype_f4d01807-f847-3ccd-87a2-32877074295e","hasContent":false},{"globalTOCPosition":"6.4","artifactTypeName":"Dependencies","artifactType":"assetartifact_dependency","displayName":"Dependencies","format":"text","typeId":"6.4","_id":"artifacttype_9c5463b3-5c9e-3790-86cb-9b8866cc062a","hasContent":false}]},{"globalTOCPosition":"7","artifactTypeName":"Architectural Principles","artifactType":"assetartifact_architecture_principles","displayName":"Architectural Principles","format":"text","typeId":"7","_id":"artifacttype_92ccfc5d-c31a-349d-97c0-6d75c8841a8a","child":[],"hasContent":false},{"artifactTypeName":"Misc Diagram","globalTOCPosition":"8","artifactType":"assetartifact_miscdiagram","displayName":"Misc Diagram","format":"diagram","typeId":"9","_id":"artifacttype_23219eb8-b210-3e5a-8621-9881bee93055","child":[],"hasContent":true},{"artifactTypeName":"Notes","globalTOCPosition":"9","artifactType":"assetartifact_notes","displayName":"Notes","format":"text","typeId":"8","_id":"artifacttype_02226b19-474e-37a6-ab39-d9bb31767fb5","child":[],"hasContent":true}],"toc_cards":{"usecasetext":{"artifacttype_dde4b71c-82db-3f66-964a-3a04fbf56dff":["usecasetext_HyMQINIqWt"]},"executivesummary":{"artifacttype_9edbd406-69fb-3a95-8b2e-58a0974b2710":["executivesummary_tINcEx3wU"]},"notes":{"artifacttype_02226b19-474e-37a6-ab39-d9bb31767fb5":["notes_HyxBU-Q_7t"]},"aodServices":{"artifacttype_2c548a13-6bd9-3edc-a496-0318af82f0d1":[{"additionalInfo":{},"_id":"aodservices_BJe9ONLcWF","name":"m-re","description":"","lastModifiedInfo":{"userId":"gbbguoxa@cn.ibm.com","date":"2021-08-30T13:16:39Z"}}]},"useCaseViews":{"artifacttype_cde39d5e-c892-3093-ab3d-bad448acb8a0":[{"additionalInfo":{},"_id":"usecasediagram_2ZyxZx4gRke","name":"ucd","description":"","lastModifiedInfo":{"userId":"gbbguoxa@cn.ibm.com","date":"2021-08-30T13:20:49Z"}}]},"miscDiagram":{"artifacttype_23219eb8-b210-3e5a-8621-9881bee93055":[{"additionalInfo":{"labels":[]},"_id":"miscdiagram_2Zyy67Ozss0","name":"m","description":"","lastModifiedInfo":{"userId":"gbbguoxa@cn.ibm.com","date":"2021-08-30T12:51:52Z"}}]},"businesschallenge":{"artifacttype_d1ab4a95-e05f-3882-9f19-6500fc0d3b2b":[]},"systemContext":{"artifacttype_8ca70362-e3d1-3b9c-91d1-f755d029a2e3":[]},"functionalrequirement":{"artifacttype_12eefe0a-435b-3176-8bbe-4dc928a2e4c3":[]},"nonfunctionalrequirement":{"artifacttype_f0eebd79-15c9-3ebc-a73b-8efc3f634f59":[]},"logicalERD":{"artifacttype_246bc46f-0286-3ad4-bf01-679592db59c7":[]},"aodEnterprises":{"artifacttype_16bfe592-ae95-371c-9f64-3a881b667707":[]},"aodITSystems":{"artifacttype_355f72be-6566-3f48-8b15-c30f671d7c8f":[]},"aodUsageScenarios":{"artifacttype_d118451c-0816-3aa5-8b89-3119feb4168a":[]},"architecturaldecision":{"artifacttype_fddae3fa-aafa-32af-94a4-bc3e1ed255cc":[]},"cmStaticViews":{"artifacttype_4a44b8fa-5057-3826-84d7-169a6fc1f2ed":[]},"cmDynamicViews":{"artifacttype_6e1239a1-6a68-3dae-ae87-b05ecf80d25b":[]},"cmCollaboration":{"artifacttype_217cdbd4-c76f-3355-a3b1-443b0a0d2651":[]},"lomViews":{"artifacttype_5ca43d50-d7da-322f-a1b0-f65b0c12b2c8":[]},"lomPhysicalViews":{"artifacttype_7503dbb1-18f7-36ac-ad12-98d977ef3d0d":[]},"risk":{"artifacttype_94622837-e58f-34c3-9263-8260b69601c8":[]},"assumption":{"artifacttype_2142b656-62ba-304d-95d4-77b1b144e5e1":[]},"issue":{"artifacttype_f4d01807-f847-3ccd-87a2-32877074295e":[]},"dependency":{"artifacttype_9c5463b3-5c9e-3790-86cb-9b8866cc062a":[]},"architectureprinciple":{"artifacttype_92ccfc5d-c31a-349d-97c0-6d75c8841a8a":[]}},"combined":{"coreInfo":[{"name":"hah","description":"hah","_id":"label_SJcOtRsYdgH_H1NUhdn18","userId":"gbbguoxa@cn.ibm.com","label":"hah","modelType":"Label"},{"name":"ha'h","description":"ha'h","_id":"label_HyDOR4Q66rL_Sycg--cUL_HyXAab5IU","userId":"gbbguoxa@cn.ibm.com","label":"ha'h","modelType":"Label"},{"name":"label","description":"label","_id":"label_SyUOgzAjuvpH","userId":"gbbguoxa@cn.ibm.com","label":"label","modelType":"Label"},{"name":"a","description":"a","_id":"label_HyawxqLLCFDH","userId":"gbbguoxa@cn.ibm.com","label":"a","modelType":"Label"},{"name":"a note","description":"a note","_id":"label_BkkOl58LAtDr","userId":"gbbguoxa@cn.ibm.com","label":"a note","modelType":"Label"},{"name":"hahah","description":"hahah","_id":"label_SkmOl9UI0YwH","userId":"gbbguoxa@cn.ibm.com","label":"hahah","modelType":"Label"},{"name":"Pass pen","description":"Pass pen","_id":"label_1xaDQwZ2QdS_ByPt8AH9E","userId":"gbbguoxa@cn.ibm.com","label":"Pass pen","modelType":"Label"},{"name":"Offline Editing","description":"Offline Editing","_id":"label_1y2091Ouadd_ByPt8AH9E","userId":"gbbguoxa@cn.ibm.com","label":"Offline Editing","modelType":"Label"},{"name":"Pass Pen","description":"Pass Pen","_id":"label_1y24G0LVQ7D_ByPt8AH9E","userId":"gbbguoxa@cn.ibm.com","label":"Pass Pen","modelType":"Label"},{"name":"a'a'a'a'a","description":"a'a'a'a'a","_id":"label_r1yoDGyO31I","userId":"gbbguoxa@cn.ibm.com","label":"a'a'a'a'a","modelType":"Label"},{"name":"aaaaa","description":"aaaaa","_id":"label_B1gsvMJ_2k8","userId":"gbbguoxa@cn.ibm.com","label":"aaaaa","modelType":"Label"},{"name":"a special label","description":"a special label","_id":"label_SkGiDf1d31U","userId":"gbbguoxa@cn.ibm.com","label":"a special label","modelType":"Label"},{"name":"note1","description":"note1","_id":"label_1L2WMjWbK4k_ByQlw1Zkr","userId":"gbbguoxa@cn.ibm.com","label":"note1","modelType":"Label"},{"name":"patch","description":"patch","_id":"label_1Phj7Y9HrAn_HJz4mg_fS","userId":"gbbguoxa@cn.ibm.com","label":"patch","modelType":"Label"},{"name":"2.4.1","description":"2.4.1","_id":"label_1Phj7Y9XdCz_HJz4mg_fS","userId":"gbbguoxa@cn.ibm.com","label":"2.4.1","modelType":"Label"},{"name":"dddd","description":"dddd","_id":"label_1UX0q6UGFyi_H1CQyRtwS","userId":"gbbguoxa@cn.ibm.com","label":"dddd","modelType":"Label"},{"name":"note","description":"note","_id":"label_2jVgK9fg3bA_SyQmL8Np8_HJNtuhdaL","userId":"gbbguoxa@cn.ibm.com","label":"note","modelType":"Label"},{"name":"image","description":"image","_id":"label_24tYxylsUsa_B1lmZgkZU","userId":"gbbguoxa@cn.ibm.com","label":"image","modelType":"Label"},{"name":"attach","description":"attach","_id":"label_24tYxylTtTA_B1lmZgkZU","userId":"gbbguoxa@cn.ibm.com","label":"attach","modelType":"Label"},{"name":" bvn","description":" bvn","_id":"label_2keZvMsTOrc_rkNEOadTL","userId":"gbbguoxa@cn.ibm.com","label":" bvn","modelType":"Label"},{"name":"bvnb'h'j","description":"bvnb'h'j","_id":"label_2keZvMsDmuy_rkNEOadTL","userId":"gbbguoxa@cn.ibm.com","label":"bvnb'h'j","modelType":"Label"},{"name":"bhjn'j","description":"bhjn'j","_id":"label_2keZvMsEYZd_rkNEOadTL","userId":"gbbguoxa@cn.ibm.com","label":"bhjn'j","modelType":"Label"},{"name":"nj","description":"nj","_id":"label_2keZvMsA9bG_rkNEOadTL","userId":"gbbguoxa@cn.ibm.com","label":"nj","modelType":"Label"},{"name":"is","description":"is","_id":"label_SyumbjO9GjBw","userId":"gbbguoxa@cn.ibm.com","label":"is","modelType":"Label"},{"name":"this","description":"this","_id":"label_rJKO5lu_Tvv","userId":"gbbguoxa@cn.ibm.com","label":"this","modelType":"Label"},{"name":"Notification","description":"Notification","_id":"label_SJidqguO6Pw","userId":"gbbguoxa@cn.ibm.com","label":"Notification","modelType":"Label"},{"name":"Workshop Jan. 2019","description":"Workshop Jan. 2019","_id":"label_Sy2OceOdTwD","userId":"gbbguoxa@cn.ibm.com","label":"Workshop Jan. 2019","modelType":"Label"},{"name":"New label","description":"New label","_id":"label_B19b-chPsOCP_B184bKKRw","userId":"gbbguoxa@cn.ibm.com","label":"New label","modelType":"Label"},{"name":"decwq","description":"decwq","_id":"label_2LiAP5jW5Dn_B1KGDHYS_","userId":"gbbguoxa@cn.ibm.com","label":"decwq","modelType":"Label"},{"name":"devcwdq","description":"devcwdq","_id":"label_2LiAP5jpzky_B1KGDHYS_","userId":"gbbguoxa@cn.ibm.com","label":"devcwdq","modelType":"Label"},{"name":"qdwcewdq","description":"qdwcewdq","_id":"label_2LiAP5jyHWl_B1KGDHYS_","userId":"gbbguoxa@cn.ibm.com","label":"qdwcewdq","modelType":"Label"},{"name":"CA","description":"CA","_id":"label_1OhKj1ilrmn_rkm6cR0-H_ryWjkER2B_B1KGDHYS_","userId":"gbbguoxa@cn.ibm.com","label":"CA","modelType":"Label"},{"name":"Wei Test Label 002","description":"Wei Test Label 002","_id":"label_ByJ_S-WskxY_r1CuGy-eF","userId":"gbbguoxa@cn.ibm.com","label":"Wei Test Label 002","modelType":"Label"},{"name":"Wei Test Label 001","description":"Wei Test Label 001","_id":"label_SJ0vS-bjyxF_r1CuGy-eF","userId":"gbbguoxa@cn.ibm.com","label":"Wei Test Label 001","modelType":"Label"},{"modelType":"UseCase","Icon-Name":"default","description":"","_id":"usecase_2Zyy1lWLTq5","label":"Use Case","uc_id":"Use Case"},{"modelType":"Actor","Icon-Name":"default","description":"","_id":"actor_2ZyysoW0Paz","type":"IT System","label":"Actor"},{"modelType":"GenericGroup","description":"Element unchanged in this phase or release.","_id":"genericgroup_H1FMwT_tAv","category":"Transition-Elements","type":"Pre-Defined","label":"unchanged"},{"modelType":"GenericGroup","description":"Element is modified or updated in this phase or release.","_id":"genericgroup_SkqGPaOFAP","category":"Transition-Elements","type":"Pre-Defined","label":"updated"},{"modelType":"GenericGroup","description":"Element being removed in this phase or release.","_id":"genericgroup_HJjMDTuYCD","category":"Transition-Elements","type":"Pre-Defined","label":"removed"},{"modelType":"GenericGroup","description":"Element being added in this phase or release.","_id":"genericgroup_Sy3zPTdYCw","type":"Pre-Defined","category":"Transition-Elements","label":"added"},{"modelType":"GenericGroup","description":"Element is being planned for some future phase or release.","_id":"genericgroup_ryaGP6OK0w","category":"Transition-Elements","type":"Pre-Defined","label":"planned"},{"modelType":"GenericGroup","description":"Either the security controls have not been specified or cannot be controlled.","_id":"genericgroup_B1zP6dFRw","type":"Pre-Defined","category":"Security-Zone","label":"none"},{"modelType":"GenericGroup","description":"Trusted security zone, all traffic and access is by known and trusted parties.","_id":"genericgroup_rJlMv6dt0P","type":"Pre-Defined","category":"Security-Zone","label":"trusted"},{"modelType":"GenericGroup","description":"Direct access to un-trusted network, no sensitive data. Controlled access to trusted zone.","_id":"genericgroup_BybzDTOK0v","type":"Pre-Defined","category":"Security-Zone","label":"dmz"},{"modelType":"GenericGroup","description":"Untrusted traffic, often public networks.","_id":"genericgroup_ByGMw6dYAP","type":"Pre-Defined","category":"Security-Zone","label":"un-trusted"},{"modelType":"GenericGroup","description":"Unmanaged entity.","_id":"genericgroup_S17GwadKCw","type":"Pre-Defined","category":"Management-Zone","label":"none"},{"modelType":"GenericGroup","description":"Fully managed.","_id":"genericgroup_rk4Gw6ut0D","type":"Pre-Defined","category":"Management-Zone","label":"full"},{"modelType":"GenericGroup","description":"Partially managed.","_id":"genericgroup_SyrMD6_KAP","category":"Management-Zone","type":"Pre-Defined","label":"limited"},{"modelType":"GenericGroup","description":"No direct management.","_id":"genericgroup_ByIfwpOF0v","category":"Management-Zone","type":"Pre-Defined","label":"no direct"},{"modelType":"GenericGroup","description":"High availability replica actively handling workload.","_id":"genericgroup_BywfvTuKAw","type":"Pre-Defined","category":"HA-Mode","label":"active"},{"modelType":"GenericGroup","description":"High availability replica not handling active workload.","_id":"genericgroup_ry_zw6utCv","type":"Pre-Defined","category":"HA-Mode","label":"passive"},{"modelType":"Actor","description":"","_id":"actor_2Zyy1EkGitY","type":"Human","label":"Human (Original)"}]},"textual":{"instances":{"usecasetext_HyMQINIqWt":{"coreInfo":[{"modelType":"UseCaseText","lastModifiedUserId":"gbbguoxa@cn.ibm.com","description":"","lastModified":"2021-08-30T12:51:23Z","_id":"usecasetext_HyMQINIqWt","label":"use case_HkQQ8VL5WF","children":"usecase_2Zyy1lWLTq5"}]},"executivesummary_tINcEx3wU":{"coreInfo":[{"modelType":"ExecutiveSummary","lastModifiedUserId":"gbbguoxa@cn.ibm.com","description":"fdsavfew<img style=\"height:100px;\" src=\"/api/FileManagerAPIs/containers/cafiles/files/file_7278c2e754486ce0.png\">","lastModified":"2021-08-30T13:20:27Z","_id":"executivesummary_tINcEx3wU","label":""}]},"notes_HyxBU-Q_7t":{"coreInfo":[{"modelType":"Notes","lastModifiedUserId":"gbbguoxa@cn.ibm.com","attachments":[],"lastModified":"2021-09-22T03:22:38Z","_id":"notes_HyxBU-Q_7t","content":"<img style=\"height:100px;\" src=\"/api/FileManagerAPIs/containers/cafiles/files/file_7278c2e754486ce0.png\"><a href=\"https://brvefwdqs\" target=\"_blank\">rfew<table style=\"width:100%\"><tbody><tr><td style=\"height:42px;border: 1px solid #979797;padding:5px;width:33.333333333333336%\"> </td><td style=\"height:42px;border: 1px solid #979797;padding:5px;width:33.333333333333336%\"> </td><td style=\"height:42px;border: 1px solid #979797;padding:5px;width:33.333333333333336%\"> </td></tr><tr><td style=\"height:42px;border: 1px solid #979797;padding:5px;width:33.333333333333336%\"> </td><td style=\"height:42px;border: 1px solid #979797;padding:5px;width:33.333333333333336%\">  f'g'd'c'sa</td><td style=\"height:42px;border: 1px solid #979797;padding:5px;width:33.333333333333336%\"> </td></tr><tr><td style=\"height:42px;border: 1px solid #979797;padding:5px;width:33.333333333333336%\"> 放d'c's'x'a</td><td style=\"height:42px;border: 1px solid #979797;padding:5px;width:33.333333333333336%\"> </td><td style=\"height:42px;border: 1px solid #979797;padding:5px;width:33.333333333333336%\"> f'd'c's</td></tr><tr><td style=\"height:42px;border: 1px solid #979797;padding:5px;width:33.333333333333336%\"> </td><td style=\"height:42px;border: 1px solid #979797;padding:5px;width:33.333333333333336%\"> </td><td style=\"height:42px;border: 1px solid #979797;padding:5px;width:33.333333333333336%\"> </td></tr><tr><td style=\"height:42px;border: 1px solid #979797;padding:5px;width:33.333333333333336%\"> </td><td style=\"height:42px;border: 1px solid #979797;padding:5px;width:33.333333333333336%\"> </td><td style=\"height:42px;border: 1px solid #979797;padding:5px;width:33.333333333333336%\"> </td></tr></tbody></table><br></a>fgcvhbjknl<div><br></div><div><br></div><table style=\"width:100%\"><tbody><tr><td style=\"height:42px;border: 1px solid #979797;padding:5px;width:33.333333333333336%\"> </td><td style=\"height:42px;border: 1px solid #979797;padding:5px;width:33.333333333333336%\"> </td><td style=\"height:42px;border: 1px solid #979797;padding:5px;width:33.333333333333336%\"> </td></tr><tr><td style=\"height:42px;border: 1px solid #979797;padding:5px;width:33.333333333333336%\"> </td><td style=\"height:42px;border: 1px solid #979797;padding:5px;width:33.333333333333336%\"> </td><td style=\"height:42px;border: 1px solid #979797;padding:5px;width:33.333333333333336%\"> </td></tr><tr><td style=\"height:42px;border: 1px solid #979797;padding:5px;width:33.333333333333336%\"> </td><td style=\"height:42px;border: 1px solid #979797;padding:5px;width:33.333333333333336%\"> </td><td style=\"height:42px;border: 1px solid #979797;padding:5px;width:33.333333333333336%\"> </td></tr><tr><td style=\"height:42px;border: 1px solid #979797;padding:5px;width:33.333333333333336%\"> </td><td style=\"height:42px;border: 1px solid #979797;padding:5px;width:33.333333333333336%\"> </td><td style=\"height:42px;border: 1px solid #979797;padding:5px;width:33.333333333333336%\"> </td></tr><tr><td style=\"height:42px;border: 1px solid #979797;padding:5px;width:33.333333333333336%\"> </td><td style=\"height:42px;border: 1px solid #979797;padding:5px;width:33.333333333333336%\"> </td><td style=\"height:42px;border: 1px solid #979797;padding:5px;width:33.333333333333336%\"> </td></tr></tbody></table><br>","label":"note"}]}}},"diagram":{"instances":{"aodservices_BJe9ONLcWF":{"uiInfo":"<mxGraphModel dx=\"995\" dy=\"568\" grid=\"1\" gridSize=\"8\" guides=\"1\" tooltips=\"1\" connect=\"1\" arrows=\"1\" fold=\"1\" page=\"1\" pageScale=\"1\" pageWidth=\"1169\" pageHeight=\"827\" background=\"#ffffff\"><root><mxCell id=\"0\" modelId=\"aodservices_BJe9ONLcWF\"></mxCell><mxCell id=\"1\" parent=\"0\"></mxCell><UserObject placeholders=\"1\" label=\"Prescribed Group (Container)\" Icon-Name=\"default\" id=\"aodservices_BJe9ONLcWF_32ZyEnHz0N2l\"><mxCell style=\"shape=mxgraph.ibm2mondrian.base;shapeType=pg;shapeLayout=expanded;colorFamily=blue;colorBackground=noColor:noColor;html=1;whiteSpace=wrap;metaEdit=1;strokeWidth=1;collapsible=0;recursiveResize=0;expand=0;fontFamily=IBM Plex Sans;fontColor=#000000;fontSize=14;image=;verticalAlign=middle;align=left;spacing=0;spacingLeft=12;spacingRight=16;spacingTop=0;spacingBottom=0;container=1\" parent=\"1\" vertex=\"1\"><mxGeometry x=\"208\" y=\"328\" width=\"240\" height=\"152\" as=\"geometry\"></mxGeometry></mxCell></UserObject><mxCell id=\"aodservices_BJe9ONLcWF_42ZyEnHzASaZ\" style=\"shape=mxgraph.ibm2mondrian.base;shapeType=actor;shapeLayout=collapsed;colorFamily=blue;colorBackground=noColor:noColor;html=1;whiteSpace=wrap;metaEdit=1;strokeWidth=1;collapsible=0;recursiveResize=0;expand=0;fontFamily=IBM Plex Sans;fontColor=#000000;fontSize=14;image=;verticalAlign=top;align=center;spacing=0;spacingLeft=0;spacingRight=0;spacingTop=0;spacingBottom=0;verticalLabelPosition=bottom;labelPosition=center;positionText=bottom;container=0\" vertex=\"1\" modelId=\"actor_2ZyysoW0Paz\" parent=\"1\"><mxGeometry x=\"560\" y=\"112\" width=\"48\" height=\"48\" as=\"geometry\"></mxGeometry></mxCell><UserObject placeholders=\"1\" label=\"Logical Node\" Icon-Name=\"default\" id=\"aodservices_BJe9ONLcWF_52ZyEnHzBlDP\"><mxCell style=\"shape=mxgraph.ibm2mondrian.base;shapeType=ln;shapeLayout=collapsed;colorFamily=blue;colorBackground=noColor:noColor;html=1;whiteSpace=wrap;metaEdit=1;strokeWidth=1;collapsible=0;recursiveResize=0;expand=0;fontFamily=IBM Plex Sans;fontColor=#000000;fontSize=14;image=;verticalAlign=top;align=center;spacing=0;spacingLeft=0;spacingRight=0;spacingTop=0;spacingBottom=0;verticalLabelPosition=bottom;labelPosition=center;positionText=bottom;container=0\" parent=\"1\" vertex=\"1\"><mxGeometry x=\"768\" y=\"96\" width=\"48\" height=\"48\" as=\"geometry\"></mxGeometry></mxCell></UserObject><UserObject placeholders=\"1\" label=\"Logical Component\" Icon-Name=\"default\" id=\"aodservices_BJe9ONLcWF_62ZyEnHzwp6K\"><mxCell style=\"shape=mxgraph.ibm2mondrian.base;shapeType=lc;shapeLayout=expanded;colorFamily=blue;colorBackground=noColor:noColor;html=1;whiteSpace=wrap;metaEdit=1;strokeWidth=1;collapsible=0;recursiveResize=0;expand=0;fontFamily=IBM Plex Sans;fontColor=#000000;fontSize=14;image=;verticalAlign=middle;align=left;spacing=0;spacingLeft=12;spacingRight=16;spacingTop=0;spacingBottom=0;container=1\" parent=\"1\" vertex=\"1\"><mxGeometry x=\"592\" y=\"320\" width=\"240\" height=\"48\" as=\"geometry\"></mxGeometry></mxCell></UserObject></root></mxGraphModel>","coreInfo":[{"modelType":"AODServices","lastModifiedUserId":"gbbguoxa@cn.ibm.com","description":"","lastModified":"2021-08-30T13:16:39Z","_id":"aodservices_BJe9ONLcWF","label":"m-re"}]},"usecasediagram_2ZyxZx4gRke":{"uiInfo":"<mxGraphModel dx=\"995\" dy=\"511\" grid=\"1\" gridSize=\"8\" guides=\"1\" tooltips=\"1\" connect=\"1\" arrows=\"1\" fold=\"1\" page=\"1\" pageScale=\"1\" pageWidth=\"1169\" pageHeight=\"827\" background=\"#ffffff\"><root><mxCell id=\"0\" modelId=\"usecasediagram_2ZyxZx4gRke\"></mxCell><mxCell id=\"1\" parent=\"0\"></mxCell><mxCell id=\"usecasediagram_2ZyxZx4gRke_22ZyFreNwHhF\" style=\"shape=mxgraph.ibm2mondrian.base;shapeType=ts;shapeLayout=collapsed;colorFamily=blue;html=1;whiteSpace=wrap;fontFamily=IBM Plex Sans;fontColor=#000000;fontSize=14;verticalAlign=top;align=center;spacing=0;spacingLeft=0;spacingRight=0;spacingTop=0;spacingBottom=0;verticalLabelPosition=bottom;labelPosition=center;positionText=bottom;metaEdit=1;strokeWidth=1;container=0;collapsible=0;recursiveResize=0;expand=0;image=;iconImage=noIcon;\" vertex=\"1\" modelId=\"usecase_2Zyy1lWLTq5\" parent=\"1\"><mxGeometry x=\"168\" y=\"72\" width=\"64\" height=\"48\" as=\"geometry\"></mxGeometry></mxCell><mxCell id=\"usecasediagram_2ZyxZx4gRke_32ZyFreNKgUj\" style=\"shape=umlActor;html=1;verticalLabelPosition=bottom;verticalAlign=top;\" vertex=\"1\" modelId=\"actor_2Zyy1EkGitY\" parent=\"1\"><mxGeometry x=\"304\" y=\"224\" width=\"35\" height=\"70\" as=\"geometry\"></mxGeometry></mxCell></root></mxGraphModel>","coreInfo":[{"modelType":"UseCaseDiagram","lastModifiedUserId":"gbbguoxa@cn.ibm.com","description":"","lastModified":"2021-08-30T13:20:49Z","_id":"usecasediagram_2ZyxZx4gRke","label":"ucd"}]},"miscdiagram_2Zyy67Ozss0":{"uiInfo":"<mxGraphModel dx=\"995\" dy=\"511\" grid=\"1\" gridSize=\"8\" guides=\"1\" tooltips=\"1\" connect=\"1\" arrows=\"1\" fold=\"1\" page=\"1\" pageScale=\"1\" pageWidth=\"1169\" pageHeight=\"827\" background=\"#ffffff\"><root><mxCell id=\"0\" modelId=\"miscdiagram_2Zyy67Ozss0\"></mxCell><mxCell id=\"1\" parent=\"0\"></mxCell><UserObject placeholders=\"1\" label=\"Target System\" Icon-Name=\"default\" id=\"miscdiagram_2Zyy67Ozss0_22Zyy8Mwlrfj\"><mxCell style=\"shape=mxgraph.ibm2mondrian.base;shapeType=ts;shapeLayout=collapsed;colorFamily=blue;colorBackground=noColor:noColor;html=1;whiteSpace=wrap;metaEdit=1;strokeWidth=1;collapsible=0;recursiveResize=0;expand=0;fontFamily=IBM Plex Sans;fontColor=#000000;fontSize=14;image=;verticalAlign=top;align=center;spacing=0;spacingLeft=0;spacingRight=0;spacingTop=0;spacingBottom=0;verticalLabelPosition=bottom;labelPosition=center;positionText=bottom;container=0\" parent=\"1\" vertex=\"1\"><mxGeometry x=\"176\" y=\"96\" width=\"64\" height=\"48\" as=\"geometry\"></mxGeometry></mxCell></UserObject><UserObject placeholders=\"1\" label=\"Prescribed Group (Container)\" Icon-Name=\"default\" id=\"miscdiagram_2Zyy67Ozss0_32Zyy96TvjiO\"><mxCell style=\"shape=mxgraph.ibm2mondrian.base;shapeType=pg;shapeLayout=expanded;colorFamily=blue;colorBackground=noColor:noColor;html=1;whiteSpace=wrap;metaEdit=1;strokeWidth=1;collapsible=0;recursiveResize=0;expand=0;fontFamily=IBM Plex Sans;fontColor=#000000;fontSize=14;image=;verticalAlign=middle;align=left;spacing=0;spacingLeft=12;spacingRight=16;spacingTop=0;spacingBottom=0;container=1\" parent=\"1\" vertex=\"1\"><mxGeometry x=\"208\" y=\"328\" width=\"240\" height=\"152\" as=\"geometry\"></mxGeometry></mxCell></UserObject></root></mxGraphModel>","coreInfo":[{"modelType":"MiscDiagram","lastModifiedUserId":"gbbguoxa@cn.ibm.com","description":"","lastModified":"2021-08-30T12:51:52Z","_id":"miscdiagram_2Zyy67Ozss0","label":"m"}]}}},"solution_advisors":{},"auditLog":{"_id":"architectureauditentry_UL10pAx28","archId":"arch_H1Tm489ZY","archChangeLog":[{"_id":"architecturechangelog_R8Le6iJcF","date":"2021-09-22T07:01:26.505Z","type":"GITHUB_EXPORT","user":{"fullname":"Bei Bei Guo","email":"gbbguoxa@cn.ibm.com"},"appVersion":"3.4.5","dataVersion":"1.4"},{"_id":"architecturechangelog_C9GctuIKZ","date":"2021-09-22T03:22:47.239Z","type":"DOWNLOAD","user":{"fullname":"Bei Bei Guo","email":"gbbguoxa@cn.ibm.com"},"appVersion":"3.4.5","dataVersion":"1.4"},{"_id":"architecturechangelog_2P5SELsBh","date":"2021-09-22T03:21:48.646Z","type":"CREATE_INST","user":{"fullname":"Bei Bei Guo","email":"gbbguoxa@cn.ibm.com"},"artifactTypeId":"artifacttype_02226b19-474e-37a6-ab39-d9bb31767fb5","instanceName":"note","instanceId":"notes_HyxBU-Q_7t"},{"_id":"architecturechangelog_AuBoXE1Ok","date":"2021-08-30T13:20:35.180Z","type":"PEN_RETURN","user":{"fullname":"Bei Bei Guo","email":"gbbguoxa@cn.ibm.com"}},{"_id":"architecturechangelog_E--inVOeN","date":"2021-08-30T13:20:20.772Z","type":"PEN_GET","user":{"fullname":"Bei Bei Guo","email":"gbbguoxa@cn.ibm.com"}},{"_id":"architecturechangelog_6JvXFqpKI","date":"2021-08-30T13:20:13.837Z","type":"PEN_RETURN","user":{"fullname":"Bei Bei Guo","email":"gbbguoxa@cn.ibm.com"}},{"_id":"architecturechangelog_u3_yCg4Qx","date":"2021-08-30T13:20:09.543Z","type":"PERMISSION","user":{},"collaborator":[{"fullname":"Cognitive Architect Cognitive Architect Build","email":"cabuild@cn.ibm.com"}],"originalRole":"Viewer","newRole":"Editor"},{"_id":"architecturechangelog_LGrFI2ssq","date":"2021-08-30T13:20:09.411Z","type":"PEN_GET","user":{"email":"cogarch@us.ibm.com"}},{"_id":"architecturechangelog_4HDoQswOu","date":"2021-08-30T13:18:09.817Z","type":"INVITE","user":{"fullname":"Bei Bei Guo","email":"gbbguoxa@cn.ibm.com"},"viewer":[{"fullname":"Ming Yu Ma","email":"mammy@cn.ibm.com"},{"fullname":"RU LEI XIE","email":"xierulei@cn.ibm.com"},{"fullname":"Cognitive Architect Cognitive Architect Build","email":"cabuild@cn.ibm.com"}],"editor":[],"admin":[]},{"_id":"architecturechangelog_GebxN53lpu","date":"2021-08-30T13:17:35.825Z","type":"PERMISSION","user":{},"collaborator":[{"fullname":"Cognitive Architect Cognitive Architect Build","email":"cabuild@cn.ibm.com"}],"originalRole":"Viewer","newRole":"Editor"},{"_id":"architecturechangelog_6xvR5Kxbv","date":"2021-08-30T13:17:35.676Z","type":"PEN_GET","user":{"email":"cogarch@us.ibm.com"}},{"_id":"architecturechangelog_W_9s078LE","date":"2021-08-30T13:17:35.046Z","type":"REMOVE","user":{"fullname":"Bei Bei Guo","email":"gbbguoxa@cn.ibm.com"},"collaborator":[{"fullname":"Cognitive Architect Cognitive Architect Build","email":"cabuild@cn.ibm.com"}]},{"_id":"architecturechangelog_oVNjbrhkJ","date":"2021-08-30T13:17:28.249Z","type":"INVITE","user":{"fullname":"Bei Bei Guo","email":"gbbguoxa@cn.ibm.com"},"viewer":[{"fullname":"Cognitive Architect Cognitive Architect Build","email":"cabuild@cn.ibm.com"}],"editor":[],"admin":[]},{"_id":"architecturechangelog_dCh1rO8r8","date":"2021-08-30T13:17:08.577Z","type":"DOWNLOAD","user":{"fullname":"Bei Bei Guo","email":"gbbguoxa@cn.ibm.com"},"appVersion":"3.4.5","dataVersion":"1.4"},{"_id":"architecturechangelog_vCrbeHAf_","date":"2021-08-30T13:16:57.613Z","type":"GITHUB_EXPORT","user":{"fullname":"Bei Bei Guo","email":"gbbguoxa@cn.ibm.com"},"appVersion":"3.4.5","dataVersion":"1.4"},{"_id":"architecturechangelog_pgO737AAx","date":"2021-08-30T12:52:26.603Z","type":"DELETE_INST","user":{"fullname":"Bei Bei Guo","email":"gbbguoxa@cn.ibm.com"},"artifactTypeId":"artifacttype_2c548a13-6bd9-3edc-a496-0318af82f0d1","instanceName":"copy","instanceId":"aodservices_Sy6FEI5bY"},{"_id":"architecturechangelog_R9cldYJf0","date":"2021-08-30T12:52:21.518Z","type":"CREATE_INST","user":{"fullname":"Bei Bei Guo","email":"gbbguoxa@cn.ibm.com"},"artifactTypeId":"artifacttype_2c548a13-6bd9-3edc-a496-0318af82f0d1","instanceName":"copy","instanceId":"aodservices_Sy6FEI5bY","option":"CREATE_FROM_COPY: aodservices_BJe9ONLcWF"},{"_id":"architecturechangelog_DHV6B8NOh","date":"2021-08-30T12:52:15.060Z","type":"RENAME_INST","user":{"fullname":"Bei Bei Guo","email":"gbbguoxa@cn.ibm.com"},"artifactTypeId":"artifacttype_2c548a13-6bd9-3edc-a496-0318af82f0d1","originalName":"m","newName":"m-re","instanceId":"aodservices_BJe9ONLcWF"},{"_id":"architecturechangelog_kFceYSbdy","date":"2021-08-30T12:52:02.329Z","type":"CREATE_INST","user":{"fullname":"Bei Bei Guo","email":"gbbguoxa@cn.ibm.com"},"artifactTypeId":"artifacttype_2c548a13-6bd9-3edc-a496-0318af82f0d1","instanceName":"m"},{"_id":"architecturechangelog_Wn2MbO-Kq","date":"2021-08-30T12:51:40.680Z","type":"CREATE_INST","user":{"fullname":"Bei Bei Guo","email":"gbbguoxa@cn.ibm.com"},"artifactTypeId":"artifacttype_23219eb8-b210-3e5a-8621-9881bee93055","instanceName":"m","instanceId":"miscdiagram_2Zyy67Ozss0"},{"_id":"architecturechangelog_3jlAQXDX2","date":"2021-08-30T12:51:23.326Z","type":"CREATE_INST","user":{"fullname":"Bei Bei Guo","email":"gbbguoxa@cn.ibm.com"},"artifactTypeId":"artifacttype_dde4b71c-82db-3f66-964a-3a04fbf56dff","instanceName":"Use Case"},{"_id":"architecturechangelog_-SAPVe7oW","date":"2021-08-30T12:51:13.676Z","type":"CREATE_INST","user":{"fullname":"Bei Bei Guo","email":"gbbguoxa@cn.ibm.com"},"artifactTypeId":"artifacttype_cde39d5e-c892-3093-ab3d-bad448acb8a0","instanceName":"ucd","instanceId":"usecasediagram_2ZyxZx4gRke"},{"_id":"architecturechangelog_Nx1_4k8TR","date":"2021-08-30T12:51:05.909Z","type":"CREATE_INST","user":{"fullname":"Bei Bei Guo","email":"gbbguoxa@cn.ibm.com"},"artifactTypeId":"artifacttype_9edbd406-69fb-3a95-8b2e-58a0974b2710","instanceName":"","instanceId":"executivesummary_tINcEx3wU"},{"_id":"architecturechangelog_-7iFbQ-jQd","date":"2021-08-30T12:50:45.101Z","type":"CREATE","user":{"fullname":"Bei Bei Guo","email":"gbbguoxa@cn.ibm.com"}}]}}