{"toc":[{"globalTOCPosition":"1","artifactTypeName":"Overview","artifactType":"assetartifact_executivesummary","displayName":"Overview","format":"text","_id":"artifacttype_rkei9N25oS","child":[],"hasContent":false},{"globalTOCPosition":"2","displayName":"Scope","parentGroup":"","_id":"artifactgroup_BJZaqNhqiS","child":[{"globalTOCPosition":"2.1","artifactTypeName":"Business Challenge","artifactType":"assetartifact_businesschallenge","displayName":"Business Challenge","format":"text","_id":"artifacttype_rko9NnqjS","hasContent":false},{"globalTOCPosition":"2.2","artifactTypeName":"System Context","artifactType":"assetartifact_systemcontext","displayName":"System Context","format":"diagram","_id":"artifacttype_SJXs9VhqiB","hasContent":false}]},{"globalTOCPosition":"3","displayName":"Requirement","parentGroup":"","_id":"artifactgroup_BylpcN2qjB","child":[{"globalTOCPosition":"3.1","displayName":"Use Case Model","parentGroup":"artifactgroup_BylpcN2qjB","_id":"artifactgroup_HJ5aqNhcor","child":[{"artifactTypeName":"Use Case Diagram","globalTOCPosition":"3.1.1","artifactType":"assetartifact_usecase_ucdiagram","displayName":"Use Case Diagram","format":"diagram","_id":"artifacttype_BJvls94n5oB","hasContent":false},{"globalTOCPosition":"3.1.2","artifactTypeName":"Use Case","artifactType":"assetartifact_usecase_uctext","displayName":"Use Case","format":"text","_id":"artifacttype_SyNicN29or","hasContent":false}]},{"globalTOCPosition":"3.2","artifactTypeName":"Functional Requirements","artifactType":"assetartifact_functionalrequirement","displayName":"Functional Requirements","format":"text","_id":"artifacttype_ryZi9V2qiH","hasContent":false},{"artifactTypeName":"Non Functional Requirements","globalTOCPosition":"3.3","artifactType":"assetartifact_nonfunctionalrequirement","displayName":"Non Functional Requirements","format":"text","_id":"artifacttype_SJrj9Nn9jB","hasContent":false}]},{"globalTOCPosition":"4","displayName":"Data Model","parentGroup":"","_id":"artifactgroup_Sks65Nh5iS","child":[{"artifactTypeName":"Logical Data Model","globalTOCPosition":"4.1","artifactType":"assetartifact_logical_datamodel","displayName":"Logical Data Model","format":"diagram","_id":"artifacttype_ByugocVncsH","hasContent":false}]},{"globalTOCPosition":"5","displayName":"Architecture","parentGroup":"","_id":"artifactgroup_HyaqNhqsH","child":[{"globalTOCPosition":"5.1","displayName":"Architecture Overview","parentGroup":"artifactgroup_HyaqNhqsH","_id":"artifactgroup_ByUpc4n9jr","child":[{"artifactTypeName":"Services View","globalTOCPosition":"5.1.1","artifactType":"assetartifact_architectureoverview_aodservice","displayName":"Services View","format":"diagram","_id":"artifacttype_BkLs5N3coB","hasContent":false},{"artifactTypeName":"Enterprise View","globalTOCPosition":"5.1.2","artifactType":"assetartifact_architectureoverview_enterprise","displayName":"Enterprise View","format":"diagram","_id":"artifacttype_r1Yjc4ncoS","hasContent":false},{"globalTOCPosition":"5.1.3","artifactTypeName":"IT System View","artifactType":"assetartifact_architectureoverview_itsystem","displayName":"IT System View","format":"diagram","_id":"artifacttype_HkMj9Nhcir","hasContent":false},{"artifactTypeName":"Usage Scenario","globalTOCPosition":"5.1.4","artifactType":"assetartifact_architectureoverview_usagescenario","displayName":"Usage Scenario","format":"diagram","_id":"artifacttype_H1_scVn5sB","hasContent":false}]},{"globalTOCPosition":"5.2","artifactTypeName":"Architectural Decisions","artifactType":"assetartifact_architecturedecision","displayName":"Architectural Decisions","format":"text","_id":"artifacttype_rywjc429ir","parentGroup":"artifactgroup_HyaqNhqsH","child":[],"hasContent":false},{"globalTOCPosition":"5.3","displayName":"Component Model","parentGroup":"artifactgroup_HyaqNhqsH","_id":"artifactgroup_B1G6cNn9jB","child":[{"globalTOCPosition":"5.3.1","artifactTypeName":"Static View","artifactType":"assetartifact_componentmodel_staticview","displayName":"Static View","format":"diagram","_id":"artifacttype_BJkgsqV39sB","hasContent":false},{"globalTOCPosition":"5.3.2","artifactTypeName":"Dynamic View","artifactType":"assetartifact_componentmodel_dynamicview","displayName":"Dynamic View","format":"diagram","_id":"artifacttype_SJRscNhqsH","hasContent":false}]},{"globalTOCPosition":"5.4","displayName":"Operational Model","parentGroup":"artifactgroup_HyaqNhqsH","_id":"artifactgroup_B1Xpc43coH","child":[{"artifactTypeName":"Logical Operational View","globalTOCPosition":"5.4.1","artifactType":"assetartifact_operationalmodel_logicaloperational","displayName":"Logical Operational View","format":"diagram","_id":"artifacttype_HkTjcEhqiS","hasContent":false},{"artifactTypeName":"Physical Operational View","globalTOCPosition":"5.4.2","artifactType":"assetartifact_operationalmodel_physicaloperational","displayName":"Physical Operational View","format":"diagram","_id":"artifacttype_B14ei9V3cor","hasContent":false}]}]},{"globalTOCPosition":"6","displayName":"RAID","parentGroup":"","_id":"artifactgroup_SyY65Nn5sS","child":[{"globalTOCPosition":"6.1","artifactTypeName":"Risks","artifactType":"assetartifact_risk","displayName":"Risks","format":"text","_id":"artifacttype_ByegiqVh5sH","hasContent":false},{"globalTOCPosition":"6.2","artifactTypeName":"Assumptions","artifactType":"assetartifact_assumption","displayName":"Assumptions","format":"text","_id":"artifacttype_rk3oqV3qjH","hasContent":false},{"globalTOCPosition":"6.3","artifactTypeName":"Issues","artifactType":"assetartifact_issue","displayName":"Issues","format":"text","_id":"artifacttype_Sy-go9EnqoB","hasContent":false},{"globalTOCPosition":"6.4","artifactTypeName":"Dependencies","artifactType":"assetartifact_dependency","displayName":"Dependencies","format":"text","_id":"artifacttype_ry9i5V29jB","hasContent":false}]},{"globalTOCPosition":"7","artifactTypeName":"Architectural Principles","artifactType":"assetartifact_architecture_principles","displayName":"Architectural Principles","format":"text","_id":"artifacttype_ryii9439sr","child":[],"hasContent":false},{"globalTOCPosition":"8","artifactTypeName":"Notes","artifactType":"assetartifact_notes","displayName":"Notes","format":"text","_id":"artifacttype_BJzxocVhqsB","child":[],"hasContent":false}],"toc_cards":{"executivesummary":[],"businesschallenge":[],"usecasetext":[],"functionalrequirement":[],"nonfunctionalrequirement":[],"architecturaldecision":[],"risk":[],"assumption":[],"issue":[],"dependency":[],"architectureprinciple":[],"notes":[],"systemContext":[],"useCaseViews":[],"aodServices":[],"aodEnterprises":[],"aodITSystems":[],"aodUsageScenarios":[],"cmStaticViews":[],"cmDynamicViews":[],"lomViews":[],"lomPhysicalViews":[],"logicalERD":[]},"textual":{"instances":{}},"diagram":{"instances":{}},"combined":{"coreInfo":[]},"solution_advisors":{},"auditLog":{"_id":"architectureauditentry_mZ2-OAdjh","archId":"arch_HkoEHeH6B","archChangeLog":[{"_id":"architecturechangelog_r94Xb1RQl","date":"2019-12-04T08:58:27.384Z","type":"CREATE","user":{"fullname":"Bei Bei Guo","email":"gbbguoxa@cn.ibm.com"}}]}}