{"_id":"arch_Skl0jIc8ku","name":"arch 0107_import 1","type":"Solution","status":"Pending","created":"2021-01-21T05:52:38Z","lastModified":"2021-01-21T14:32:46Z","includedArtifacts":[{"globalTOCPosition":"4.1","typeId":"assetartifact_logical_datamodel","_id":"art_rJFjDccIy_","artifactTypeId":"artifacttype_246bc46f-0286-3ad4-bf01-679592db59c7","type":"Logical Data Model"},{"globalTOCPosition":"5.3.2","typeId":"assetartifact_componentmodel_dynamicview","_id":"art_SJ6l5wc98Jd","artifactTypeId":"artifacttype_6e1239a1-6a68-3dae-ae87-b05ecf80d25b","type":"Dynamic View"},{"globalTOCPosition":"5.3.1","typeId":"assetartifact_componentmodel_staticview","_id":"art_ryxlYPc9LyO","artifactTypeId":"artifacttype_4a44b8fa-5057-3826-84d7-169a6fc1f2ed","type":"Static View"},{"globalTOCPosition":"8","typeId":"assetartifact_miscdiagram","_id":"art_rJ3Kw59U1d","artifactTypeId":"artifacttype_23219eb8-b210-3e5a-8621-9881bee93055","type":"Misc Diagram"},{"globalTOCPosition":"5.4.2","typeId":"assetartifact_operationalmodel_physicaloperational","_id":"art_ByJeIPqcU1O","artifactTypeId":"artifacttype_7503dbb1-18f7-36ac-ad12-98d977ef3d0d","type":"Prescribed Operational View"},{"globalTOCPosition":"5.4.1","typeId":"assetartifact_operationalmodel_logicaloperational","_id":"art_SyCND99LJd","artifactTypeId":"artifacttype_5ca43d50-d7da-322f-a1b0-f65b0c12b2c8","type":"Logical Operational View"},{"globalTOCPosition":"3.2","typeId":"assetartifact_functionalrequirement","_id":"art_Hy1gmDc5L1u","artifactTypeId":"artifacttype_12eefe0a-435b-3176-8bbe-4dc928a2e4c3","type":"Functional Requirements"},{"globalTOCPosition":"5.1.4","typeId":"assetartifact_architectureoverview_usagescenario","_id":"art_r1mMw9cUk_","artifactTypeId":"artifacttype_d118451c-0816-3aa5-8b89-3119feb4168a","type":"Usage Scenario"},{"globalTOCPosition":"5.1.3","typeId":"assetartifact_architectureoverview_itsystem","_id":"art_ry2lRU5cUyO","artifactTypeId":"artifacttype_355f72be-6566-3f48-8b15-c30f671d7c8f","type":"IT System View"},{"globalTOCPosition":"5.1.2","typeId":"assetartifact_architectureoverview_enterprise","_id":"art_S1kxR89qLJ_","artifactTypeId":"artifacttype_16bfe592-ae95-371c-9f64-3a881b667707","type":"Enterprise View"},{"globalTOCPosition":"5.1.1","typeId":"assetartifact_architectureoverview_aodservice","_id":"art_H1ftUccLJu","artifactTypeId":"artifacttype_2c548a13-6bd9-3edc-a496-0318af82f0d1","type":"Services View"},{"globalTOCPosition":"3.1.1","typeId":"assetartifact_usecase_ucdiagram","_id":"art_HyuuI9qL1u","artifactTypeId":"artifacttype_cde39d5e-c892-3093-ab3d-bad448acb8a0","type":"Use Case Diagram"},{"globalTOCPosition":"9","typeId":"assetartifact_notes","_id":"art_Bk_L9q81_","artifactTypeId":"artifacttype_02226b19-474e-37a6-ab39-d9bb31767fb5","type":"Notes"},{"globalTOCPosition":"3.1.2","typeId":"assetartifact_usecase_uctext","_id":"art_SyZLLqq8kd","artifactTypeId":"artifacttype_dde4b71c-82db-3f66-964a-3a04fbf56dff","type":"Use Case"},{"globalTOCPosition":"6.4","typeId":"assetartifact_dependency","_id":"art_ryxxnU5I1u","artifactTypeId":"artifacttype_9c5463b3-5c9e-3790-86cb-9b8866cc062a","type":"Dependencies"},{"globalTOCPosition":"6.3","typeId":"assetartifact_issue","_id":"art_SJEgk38cIk_","artifactTypeId":"artifacttype_f4d01807-f847-3ccd-87a2-32877074295e","type":"Issues"},{"globalTOCPosition":"6.2","typeId":"assetartifact_assumption","_id":"art_BJklyh8qI1u","artifactTypeId":"artifacttype_2142b656-62ba-304d-95d4-77b1b144e5e1","type":"Assumptions"},{"globalTOCPosition":"7","typeId":"assetartifact_architecture_principles","_id":"art_ry6J3IcLkd","artifactTypeId":"artifacttype_92ccfc5d-c31a-349d-97c0-6d75c8841a8a","type":"Architectural Principles"},{"globalTOCPosition":"6.1","typeId":"assetartifact_risk","_id":"art_rJ31n8qUJO","artifactTypeId":"artifacttype_94622837-e58f-34c3-9263-8260b69601c8","type":"Risks"},{"globalTOCPosition":"2.2","typeId":"assetartifact_systemcontext","_id":"art_SyYkh89LyO","artifactTypeId":"artifacttype_8ca70362-e3d1-3b9c-91d1-f755d029a2e3","type":"System Context"},{"globalTOCPosition":"1","typeId":"assetartifact_executivesummary","_id":"art_SkvyhI5LyO","artifactTypeId":"artifacttype_9edbd406-69fb-3a95-8b2e-58a0974b2710","type":"Overview"},{"globalTOCPosition":"3.3","typeId":"assetartifact_nonfunctionalrequirement","_id":"art_HyH1h8cIy_","artifactTypeId":"artifacttype_f0eebd79-15c9-3ebc-a73b-8efc3f634f59","type":"Non Functional Requirements"},{"globalTOCPosition":"2.1","typeId":"assetartifact_businesschallenge","_id":"art_SJ41hU98J_","artifactTypeId":"artifacttype_d1ab4a95-e05f-3882-9f19-6500fc0d3b2b","type":"Business Challenge"}],"industry":[{"name":"Education","_id":"industry_education"},{"name":"Banking & FM","_id":"industry_banking"}],"technology":[{"name":"Blockchain","_id":"technology_blockchain"},{"name":"Conversational Services & Chatbots","_id":"technology_conversation"}],"technicalCapability":[],"businessCapability":[],"client":[{"name":"Xie","_id":"client_By-yEaatDS"}],"taxonomies":["Lack of IT Skills","Modernize ways of working","Unreliable IT"],"template":{"name":"Solution Architecture Template","description":"Default ToC","_id":"template_company_ibm","isGlobalDefaultTemplate":true},"executiveSummary":"<div>a</div><div><br></div><div>ds</div><div><img style=\"height:100px;\" src=\"/api/FileManagerAPIs/containers/cafiles/files/file_caf2dda70842cc13.png\"></div><div><br></div><table style=\"width:100%\"><tbody><tr><td style=\"height:42px;border: 1px solid #979797;padding:5px;width:33.333333333333336%\"> </td><td style=\"height:42px;border: 1px solid #979797;padding:5px;width:33.333333333333336%\"> </td><td style=\"height:42px;border: 1px solid #979797;padding:5px;width:33.333333333333336%\"> </td></tr><tr><td style=\"height:42px;border: 1px solid #979797;padding:5px;width:33.333333333333336%\"> </td><td style=\"height:42px;border: 1px solid #979797;padding:5px;width:33.333333333333336%\"> </td><td style=\"height:42px;border: 1px solid #979797;padding:5px;width:33.333333333333336%\"> </td></tr><tr><td style=\"height:42px;border: 1px solid #979797;padding:5px;width:33.333333333333336%\"> </td><td style=\"height:42px;border: 1px solid #979797;padding:5px;width:33.333333333333336%\"> </td><td style=\"height:42px;border: 1px solid #979797;padding:5px;width:33.333333333333336%\"> </td></tr><tr><td style=\"height:42px;border: 1px solid #979797;padding:5px;width:33.333333333333336%\"> </td><td style=\"height:42px;border: 1px solid #979797;padding:5px;width:33.333333333333336%\"> </td><td style=\"height:42px;border: 1px solid #979797;padding:5px;width:33.333333333333336%\"> </td></tr><tr><td style=\"height:42px;border: 1px solid #979797;padding:5px;width:33.333333333333336%\"> </td><td style=\"height:42px;border: 1px solid #979797;padding:5px;width:33.333333333333336%\"> </td><td style=\"height:42px;border: 1px solid #979797;padding:5px;width:33.333333333333336%\"> </td></tr></tbody></table><br><div>f</div><div>dsf</div><div><br></div>","tag":[{"name":"Connected Vehicle","_id":"tag_industry_connected_vehicle"}],"schemaVersion":"1.4","clientName":"Xie","lastModifiedUser":{"_id":"xierulei@cn.ibm.com","fullname":"RU LEI XIE","notesId":"Ru Lei Xie","jobResponsibilities":"STAFF SOFTWARE ENGINEER","avatar":"https://w3-services1.w3-969.ibm.com/myw3/unified-profile-photo/v1/image/xierulei@cn.ibm.com?def=avatar","privacyConstent":{"isAccept":true,"country":"CN","acceptedDate":"2019-06-06T03:02:25.804Z"},"lastLoginDate":"2021-01-22T03:53:47.455Z","bookmarkedArchList":["copied_61f15ed0_aca1_11e7_b764_25075a75175c_COPY_architecture_43936131_a941_11e7_8703_cf7fc382471f","copied_5d1851e0_cad1_11e7_aac7_6137b9852910_COPY_architecture_0fd89a11_c9b0_11e7_9424_ffa19ec0555b","copied_02fe75c0_a427_11e7_b7a9_bbced10d30d5_COPY_architecture_9abc5771_8d1a_11e7_a90b_697746ae2b06","copied_e46c1250_ad56_11e7_9df4_2b1f6b893765_COPY_architecture_6ce61071_8d01_11e7_a90b_697746ae2b06","architecture_ba218421_818d_11e7_88e7_21ec9eeb2850","copied_67d74de0_a428_11e7_9d8f_c7a28270726d_COPY_architecture_96d45bf1_8d27_11e7_a90b_697746ae2b06","copied_c7d6c370_a427_11e7_9030_55bdb397af46_COPY_architecture_a3903cc1_8db7_11e7_a90b_697746ae2b06","copied_86510be0_aca1_11e7_be74_4db8cdfc7aa6_COPY_architecture_b51cb171_825f_11e7_83ec_5771b96fea7b","architecture_123dc151_80c1_11e7_88e7_21ec9eeb2850","copied_0050ba20_ad57_11e7_971d_1dbaf50a3a74_COPY_architecture_ab8c2831_a7e8_11e7_8703_cf7fc382471f","copied_1250a4a0_cad1_11e7_9bca_0d1969fe244d_COPY_architecture_594b9551_c4e5_11e7_9424_ffa19ec0555b","copied_8db51540_cad1_11e7_8f42_7f117783a7ba_COPY_architecture_34a2f5f1_ca57_11e7_9424_ffa19ec0555b","architecture_e7926e01_8ea9_11e7_931e_555f613a0ec4","copied_f5982c40_a427_11e7_9b2d_bf96ebf8b1f3_COPY_architecture_33869491_8dbe_11e7_a90b_697746ae2b06","copied_3b71cb90_a428_11e7_ae37_ed84e8c56d23_COPY_architecture_a0247761_8d1a_11e7_a90b_697746ae2b06","copied_e1282b50_aded_11e7_9be5_13687dbe414f_COPY_architecture_33869491_8dbe_11e7_a90b_697746ae2b06","architecture_BJpFTNPnQ","copied_BJM2IOw37","architecture_BJiYJKD3m","arch_SkSV-wOWV","arch_Syj96mR6L","arch_SJLE6THRL","arch_rye4r3uJMP","arch_r1emsIFyzw","arch_HJlkd0pJzw","arch_BkG2QpeMv","arch_BkQi9YJEw","arch_rkQpoY1Ev","arch_ByEhWGmVP","arch_HkPrOfmEw","arch_HJKjKzmNv","arch_r1hz5GQ4P","arch_Hk6fqM74D","arch_r11m9MQNv","arch_BJemqfQVD","arch_H1t35zXNv","arch_SyCZjMm4D","arch_HyCXszQVP","arch_Syg4oMXVv","arch_rkWVoGQ4v","arch_HkmNjM74w","arch_HkBVsz7ND","arch_r1bH4oz74D","arch_r1P4iGXEw","arch_Syd4of7VP","arch_B1tEsGXVD","arch_r19Eiz7VP","arch_HynNsMmVD","arch_BJW2NoMmVP","arch_H10VjMXVD","arch_By1BiMmEP","arch_BylHiz74P","arch_SkWBsGmNP","arch_H17BjfX4v","arch_H1bQroz7Ev","arch_SkrSiM7EP","arch_BkIrjzmED","arch_HJDBsfmNv","arch_SJuBjG74v","arch_r1qroGmEw","arch_SkiHszmEP","arch_HJ3BizXVw","arch_S1aSjfmED","arch_BkkUiM7ND","arch_BkbyIsM7Nw","arch_B1WLiGQ4v","arch_Byf8ofm4P","arch_SyELjG74v","arch_r1-VIjGm4P","arch_r1L8iGXEP","arch_ryDLjzQVw","arch_ByYLsGmEw","arch_ryc8jfmNP","arch_SJjLofXND","arch_B12IiG74v","arch_HkCLjzmED","arch_r1yPszm4w","arch_S1ZwiGmVw","arch_BJ-WvjfX4P","arch_BkXwjGQND","arch_r1VvofQ4D","arch_S1IwjzXVw","arch_BJ-8DjM7VP","arch_Sydwjz7ED","arch_S1FvsGmVv","arch_S15wjfQNv","arch_HyiPoGXNP","arch_HyawofmNw","arch_HJbaDozXEw","arch_r1kOifmVP","arch_H1x_ofQNw","arch_Bkf_if7Nw","arch_SyZG_jfXED","arch_H1NOszQEP","arch_H1rdszmVD","arch_r1wdiG7VP","arch_ry-wuifQND","arch_SkKOiG7Nv","arch_SycOsGXVD","arch_S1ndoMQVw","arch_HJW2Oif74v","arch_ByAdiG7Nv","arch_BJkYiMXEv","arch_r1-YjM7ED","arch_S1-WFszmEP","arch_B1QYsz7Ew","arch_S1VFsfmEw","arch_SkLFszQ4D","arch_SJWIYjzXND","arch_S1uFsM7Vv","arch_ByFtjz74D","arch_H1sKozmEP","arch_SJ-otszm4D","arch_H1ecsz7ND","arch_Bkz3JXgav"],"chatbotToken":"5405a57a295149c1b613cab21a80f481","username":"xierulei@cn.ibm.com","email":"xierulei@cn.ibm.com","userPreference":{"defaultTemplate":"template_company_ibm","defaultGithubInfo":{"_id":null,"repoUrl":"https://github.com/guoliabei/ca-public.git"}},"geographyList":["672"],"businessUnitList":["GBS"],"collaborationGroupList":["5ede41230ad2e20008c6c7bf"]},"owner":{"_id":"xierulei@cn.ibm.com","fullname":"RU LEI XIE","notesId":"Ru Lei Xie","jobResponsibilities":"STAFF SOFTWARE ENGINEER","avatar":"https://w3-services1.w3-969.ibm.com/myw3/unified-profile-photo/v1/image/xierulei@cn.ibm.com?def=avatar","privacyConstent":{"isAccept":true,"country":"CN","acceptedDate":"2019-06-06T03:02:25.804Z"},"lastLoginDate":"2021-01-22T03:53:47.455Z","bookmarkedArchList":["copied_61f15ed0_aca1_11e7_b764_25075a75175c_COPY_architecture_43936131_a941_11e7_8703_cf7fc382471f","copied_5d1851e0_cad1_11e7_aac7_6137b9852910_COPY_architecture_0fd89a11_c9b0_11e7_9424_ffa19ec0555b","copied_02fe75c0_a427_11e7_b7a9_bbced10d30d5_COPY_architecture_9abc5771_8d1a_11e7_a90b_697746ae2b06","copied_e46c1250_ad56_11e7_9df4_2b1f6b893765_COPY_architecture_6ce61071_8d01_11e7_a90b_697746ae2b06","architecture_ba218421_818d_11e7_88e7_21ec9eeb2850","copied_67d74de0_a428_11e7_9d8f_c7a28270726d_COPY_architecture_96d45bf1_8d27_11e7_a90b_697746ae2b06","copied_c7d6c370_a427_11e7_9030_55bdb397af46_COPY_architecture_a3903cc1_8db7_11e7_a90b_697746ae2b06","copied_86510be0_aca1_11e7_be74_4db8cdfc7aa6_COPY_architecture_b51cb171_825f_11e7_83ec_5771b96fea7b","architecture_123dc151_80c1_11e7_88e7_21ec9eeb2850","copied_0050ba20_ad57_11e7_971d_1dbaf50a3a74_COPY_architecture_ab8c2831_a7e8_11e7_8703_cf7fc382471f","copied_1250a4a0_cad1_11e7_9bca_0d1969fe244d_COPY_architecture_594b9551_c4e5_11e7_9424_ffa19ec0555b","copied_8db51540_cad1_11e7_8f42_7f117783a7ba_COPY_architecture_34a2f5f1_ca57_11e7_9424_ffa19ec0555b","architecture_e7926e01_8ea9_11e7_931e_555f613a0ec4","copied_f5982c40_a427_11e7_9b2d_bf96ebf8b1f3_COPY_architecture_33869491_8dbe_11e7_a90b_697746ae2b06","copied_3b71cb90_a428_11e7_ae37_ed84e8c56d23_COPY_architecture_a0247761_8d1a_11e7_a90b_697746ae2b06","copied_e1282b50_aded_11e7_9be5_13687dbe414f_COPY_architecture_33869491_8dbe_11e7_a90b_697746ae2b06","architecture_BJpFTNPnQ","copied_BJM2IOw37","architecture_BJiYJKD3m","arch_SkSV-wOWV","arch_Syj96mR6L","arch_SJLE6THRL","arch_rye4r3uJMP","arch_r1emsIFyzw","arch_HJlkd0pJzw","arch_BkG2QpeMv","arch_BkQi9YJEw","arch_rkQpoY1Ev","arch_ByEhWGmVP","arch_HkPrOfmEw","arch_HJKjKzmNv","arch_r1hz5GQ4P","arch_Hk6fqM74D","arch_r11m9MQNv","arch_BJemqfQVD","arch_H1t35zXNv","arch_SyCZjMm4D","arch_HyCXszQVP","arch_Syg4oMXVv","arch_rkWVoGQ4v","arch_HkmNjM74w","arch_HkBVsz7ND","arch_r1bH4oz74D","arch_r1P4iGXEw","arch_Syd4of7VP","arch_B1tEsGXVD","arch_r19Eiz7VP","arch_HynNsMmVD","arch_BJW2NoMmVP","arch_H10VjMXVD","arch_By1BiMmEP","arch_BylHiz74P","arch_SkWBsGmNP","arch_H17BjfX4v","arch_H1bQroz7Ev","arch_SkrSiM7EP","arch_BkIrjzmED","arch_HJDBsfmNv","arch_SJuBjG74v","arch_r1qroGmEw","arch_SkiHszmEP","arch_HJ3BizXVw","arch_S1aSjfmED","arch_BkkUiM7ND","arch_BkbyIsM7Nw","arch_B1WLiGQ4v","arch_Byf8ofm4P","arch_SyELjG74v","arch_r1-VIjGm4P","arch_r1L8iGXEP","arch_ryDLjzQVw","arch_ByYLsGmEw","arch_ryc8jfmNP","arch_SJjLofXND","arch_B12IiG74v","arch_HkCLjzmED","arch_r1yPszm4w","arch_S1ZwiGmVw","arch_BJ-WvjfX4P","arch_BkXwjGQND","arch_r1VvofQ4D","arch_S1IwjzXVw","arch_BJ-8DjM7VP","arch_Sydwjz7ED","arch_S1FvsGmVv","arch_S15wjfQNv","arch_HyiPoGXNP","arch_HyawofmNw","arch_HJbaDozXEw","arch_r1kOifmVP","arch_H1x_ofQNw","arch_Bkf_if7Nw","arch_SyZG_jfXED","arch_H1NOszQEP","arch_H1rdszmVD","arch_r1wdiG7VP","arch_ry-wuifQND","arch_SkKOiG7Nv","arch_SycOsGXVD","arch_S1ndoMQVw","arch_HJW2Oif74v","arch_ByAdiG7Nv","arch_BJkYiMXEv","arch_r1-YjM7ED","arch_S1-WFszmEP","arch_B1QYsz7Ew","arch_S1VFsfmEw","arch_SkLFszQ4D","arch_SJWIYjzXND","arch_S1uFsM7Vv","arch_ByFtjz74D","arch_H1sKozmEP","arch_SJ-otszm4D","arch_H1ecsz7ND","arch_Bkz3JXgav"],"chatbotToken":"5405a57a295149c1b613cab21a80f481","username":"xierulei@cn.ibm.com","email":"xierulei@cn.ibm.com","userPreference":{"defaultTemplate":"template_company_ibm","defaultGithubInfo":{"_id":null,"repoUrl":"https://github.com/guoliabei/ca-public.git"}},"collaborationGroupList":["5ede41230ad2e20008c6c7bf"],"businessUnit":{"_id":"GBS","name":"Global Business Services","description":""},"geography":{"_id":"672","iot":"GCG IOT","imt_market":"Peoples Rep of China","country":"China"}},"appVersion":"3.1.0"}