{"toc":[{"globalTOCPosition":"1","artifactTypeName":"Overview","artifactType":"assetartifact_executivesummary","displayName":"Overview","format":"text","typeId":"1","_id":"artifacttype_9edbd406-69fb-3a95-8b2e-58a0974b2710","child":[],"hasContent":true},{"globalTOCPosition":"2","parentGroup":"","_id":"artifactgroup_7dc829db-0746-3ddc-816c-d07338d4eebf","displayName":"Scope","child":[{"globalTOCPosition":"2.1","artifactTypeName":"Business Challenge","artifactType":"assetartifact_businesschallenge","displayName":"Business Challenge","format":"text","typeId":"2.1","_id":"artifacttype_d1ab4a95-e05f-3882-9f19-6500fc0d3b2b","hasContent":false},{"globalTOCPosition":"2.2","artifactTypeName":"System Context","artifactType":"assetartifact_systemcontext","displayName":"System Context","format":"diagram","typeId":"2.2","_id":"artifacttype_8ca70362-e3d1-3b9c-91d1-f755d029a2e3","hasContent":false}]},{"globalTOCPosition":"3","parentGroup":"","_id":"artifactgroup_3b8700e6-c854-3ec9-af0e-9b2e600721ce","displayName":"Requirement","child":[{"globalTOCPosition":"3.1","parentGroup":"artifactgroup_3b8700e6-c854-3ec9-af0e-9b2e600721ce","_id":"artifactgroup_6e299154-751f-36ee-acb2-145c8af87481","displayName":"Use Case Model","child":[{"artifactTypeName":"Use Case Diagram","globalTOCPosition":"3.1.1","artifactType":"assetartifact_usecase_ucdiagram","displayName":"Use Case Diagram","format":"diagram","typeId":"3.1.1","_id":"artifacttype_cde39d5e-c892-3093-ab3d-bad448acb8a0","hasContent":false},{"globalTOCPosition":"3.1.2","artifactTypeName":"Use Case","artifactType":"assetartifact_usecase_uctext","displayName":"Use Case","format":"text","typeId":"3.1.2","_id":"artifacttype_dde4b71c-82db-3f66-964a-3a04fbf56dff","hasContent":false}]},{"globalTOCPosition":"3.2","artifactTypeName":"Functional Requirements","artifactType":"assetartifact_functionalrequirement","displayName":"Functional Requirements","format":"text","typeId":"3.2","_id":"artifacttype_12eefe0a-435b-3176-8bbe-4dc928a2e4c3","hasContent":false},{"artifactTypeName":"Non Functional Requirements","globalTOCPosition":"3.3","artifactType":"assetartifact_nonfunctionalrequirement","displayName":"Non Functional Requirements","format":"text","typeId":"3.3","_id":"artifacttype_f0eebd79-15c9-3ebc-a73b-8efc3f634f59","hasContent":false}]},{"globalTOCPosition":"4","parentGroup":"","_id":"artifactgroup_40044cbe-6c76-33a1-b9e0-eab8937d30ca","displayName":"Data Model","child":[{"artifactTypeName":"Logical Data Model","globalTOCPosition":"4.1","artifactType":"assetartifact_logical_datamodel","displayName":"Logical Data Model","format":"diagram","typeId":"4.1","_id":"artifacttype_246bc46f-0286-3ad4-bf01-679592db59c7","hasContent":false}]},{"globalTOCPosition":"5","parentGroup":"","_id":"artifactgroup_074a2b74-43d8-315a-b88b-c0b421754f02","displayName":"Architecture","child":[{"globalTOCPosition":"5.1","parentGroup":"artifactgroup_074a2b74-43d8-315a-b88b-c0b421754f02","_id":"artifactgroup_771e7b65-3b46-390d-bc41-3c88cfaf13ef","displayName":"Architecture Overview","child":[{"artifactTypeName":"Services View","globalTOCPosition":"5.1.1","artifactType":"assetartifact_architectureoverview_aodservice","displayName":"Services View","format":"diagram","typeId":"5.1.1","_id":"artifacttype_2c548a13-6bd9-3edc-a496-0318af82f0d1","hasContent":true},{"artifactTypeName":"Enterprise View","globalTOCPosition":"5.1.2","artifactType":"assetartifact_architectureoverview_enterprise","displayName":"Enterprise View","format":"diagram","typeId":"5.1.2","_id":"artifacttype_16bfe592-ae95-371c-9f64-3a881b667707","hasContent":false},{"globalTOCPosition":"5.1.3","artifactTypeName":"IT System View","artifactType":"assetartifact_architectureoverview_itsystem","displayName":"IT System View","format":"diagram","typeId":"5.1.3","_id":"artifacttype_355f72be-6566-3f48-8b15-c30f671d7c8f","hasContent":false},{"artifactTypeName":"Usage Scenario","globalTOCPosition":"5.1.4","artifactType":"assetartifact_architectureoverview_usagescenario","displayName":"Usage Scenario","format":"diagram","typeId":"5.1.4","_id":"artifacttype_d118451c-0816-3aa5-8b89-3119feb4168a","hasContent":false}]},{"globalTOCPosition":"5.2","artifactTypeName":"Architectural Decisions","artifactType":"assetartifact_architecturedecision","displayName":"Architectural Decisions","format":"text","typeId":"5.2","_id":"artifacttype_fddae3fa-aafa-32af-94a4-bc3e1ed255cc","parentGroup":"artifactgroup_074a2b74-43d8-315a-b88b-c0b421754f02","child":[],"hasContent":false},{"globalTOCPosition":"5.3","parentGroup":"artifactgroup_074a2b74-43d8-315a-b88b-c0b421754f02","_id":"artifactgroup_c848fca1-3956-3bb4-8c88-8815b99e00fc","displayName":"Component Model","child":[{"globalTOCPosition":"5.3.1","artifactTypeName":"Static View","artifactType":"assetartifact_componentmodel_staticview","displayName":"Static View","format":"diagram","typeId":"5.3.1","_id":"artifacttype_4a44b8fa-5057-3826-84d7-169a6fc1f2ed","hasContent":false},{"globalTOCPosition":"5.3.2","artifactTypeName":"Dynamic View","artifactType":"assetartifact_componentmodel_dynamicview","displayName":"Dynamic View","format":"diagram","typeId":"5.3.2","_id":"artifacttype_6e1239a1-6a68-3dae-ae87-b05ecf80d25b","hasContent":false}]},{"globalTOCPosition":"5.4","parentGroup":"artifactgroup_074a2b74-43d8-315a-b88b-c0b421754f02","_id":"artifactgroup_aef1c0cc-540d-31c6-8817-ac2b282f37d3","displayName":"Operational Model","child":[{"artifactTypeName":"Logical Operational View","globalTOCPosition":"5.4.1","artifactType":"assetartifact_operationalmodel_logicaloperational","displayName":"Logical Operational View","format":"diagram","typeId":"5.4.1","_id":"artifacttype_5ca43d50-d7da-322f-a1b0-f65b0c12b2c8","hasContent":false},{"artifactTypeName":"Prescribed Operational View","globalTOCPosition":"5.4.2","artifactType":"assetartifact_operationalmodel_physicaloperational","displayName":"Prescribed Operational View","format":"diagram","typeId":"5.4.2","_id":"artifacttype_7503dbb1-18f7-36ac-ad12-98d977ef3d0d","hasContent":false}]}]},{"globalTOCPosition":"6","parentGroup":"","_id":"artifactgroup_7cddcb3d-c508-3828-8893-128dc3d6c8b7","displayName":"RAID","child":[{"globalTOCPosition":"6.1","artifactTypeName":"Risks","artifactType":"assetartifact_risk","displayName":"Risks","format":"text","typeId":"6.1","_id":"artifacttype_94622837-e58f-34c3-9263-8260b69601c8","hasContent":false},{"globalTOCPosition":"6.2","artifactTypeName":"Assumptions","artifactType":"assetartifact_assumption","displayName":"Assumptions","format":"text","typeId":"6.2","_id":"artifacttype_2142b656-62ba-304d-95d4-77b1b144e5e1","hasContent":false},{"globalTOCPosition":"6.3","artifactTypeName":"Issues","artifactType":"assetartifact_issue","displayName":"Issues","format":"text","typeId":"6.3","_id":"artifacttype_f4d01807-f847-3ccd-87a2-32877074295e","hasContent":false},{"globalTOCPosition":"6.4","artifactTypeName":"Dependencies","artifactType":"assetartifact_dependency","displayName":"Dependencies","format":"text","typeId":"6.4","_id":"artifacttype_9c5463b3-5c9e-3790-86cb-9b8866cc062a","hasContent":false}]},{"globalTOCPosition":"7","artifactTypeName":"Architectural Principles","artifactType":"assetartifact_architecture_principles","displayName":"Architectural Principles","format":"text","typeId":"7","_id":"artifacttype_92ccfc5d-c31a-349d-97c0-6d75c8841a8a","child":[],"hasContent":false},{"artifactTypeName":"Misc Diagram","globalTOCPosition":"8","artifactType":"assetartifact_miscdiagram","displayName":"Misc Diagram","format":"diagram","typeId":"9","_id":"artifacttype_23219eb8-b210-3e5a-8621-9881bee93055","child":[],"hasContent":false},{"artifactTypeName":"Notes","globalTOCPosition":"9","artifactType":"assetartifact_notes","displayName":"Notes","format":"text","typeId":"8","_id":"artifacttype_02226b19-474e-37a6-ab39-d9bb31767fb5","child":[],"hasContent":false}],"toc_cards":{"aodServices":{"artifacttype_2c548a13-6bd9-3edc-a496-0318af82f0d1":[{"additionalInfo":{},"_id":"aodservices_2HZR92AD4r3","name":"dd","description":"","lastModifiedInfo":{"userId":"gbbguoxa@cn.ibm.com","date":"2021-02-26T04:36:53Z"}}]},"executivesummary":{"artifacttype_9edbd406-69fb-3a95-8b2e-58a0974b2710":["executivesummary_2HZfAJqueAV_SyZp52Nf_"]},"businesschallenge":{"artifacttype_d1ab4a95-e05f-3882-9f19-6500fc0d3b2b":[]},"systemContext":{"artifacttype_8ca70362-e3d1-3b9c-91d1-f755d029a2e3":[]},"useCaseViews":{"artifacttype_cde39d5e-c892-3093-ab3d-bad448acb8a0":[]},"usecasetext":{"artifacttype_dde4b71c-82db-3f66-964a-3a04fbf56dff":[]},"functionalrequirement":{"artifacttype_12eefe0a-435b-3176-8bbe-4dc928a2e4c3":[]},"nonfunctionalrequirement":{"artifacttype_f0eebd79-15c9-3ebc-a73b-8efc3f634f59":[]},"logicalERD":{"artifacttype_246bc46f-0286-3ad4-bf01-679592db59c7":[]},"aodEnterprises":{"artifacttype_16bfe592-ae95-371c-9f64-3a881b667707":[]},"aodITSystems":{"artifacttype_355f72be-6566-3f48-8b15-c30f671d7c8f":[]},"aodUsageScenarios":{"artifacttype_d118451c-0816-3aa5-8b89-3119feb4168a":[]},"architecturaldecision":{"artifacttype_fddae3fa-aafa-32af-94a4-bc3e1ed255cc":[]},"cmStaticViews":{"artifacttype_4a44b8fa-5057-3826-84d7-169a6fc1f2ed":[]},"cmDynamicViews":{"artifacttype_6e1239a1-6a68-3dae-ae87-b05ecf80d25b":[]},"lomViews":{"artifacttype_5ca43d50-d7da-322f-a1b0-f65b0c12b2c8":[]},"lomPhysicalViews":{"artifacttype_7503dbb1-18f7-36ac-ad12-98d977ef3d0d":[]},"risk":{"artifacttype_94622837-e58f-34c3-9263-8260b69601c8":[]},"assumption":{"artifacttype_2142b656-62ba-304d-95d4-77b1b144e5e1":[]},"issue":{"artifacttype_f4d01807-f847-3ccd-87a2-32877074295e":[]},"dependency":{"artifacttype_9c5463b3-5c9e-3790-86cb-9b8866cc062a":[]},"architectureprinciple":{"artifacttype_92ccfc5d-c31a-349d-97c0-6d75c8841a8a":[]},"miscDiagram":{"artifacttype_23219eb8-b210-3e5a-8621-9881bee93055":[]},"notes":{"artifacttype_02226b19-474e-37a6-ab39-d9bb31767fb5":[]}},"combined":{"coreInfo":[{"_id":"implementation_2I4OehhE1AO","name":"pcpcpc","description":"","url":"","label":"pcpcpc","modelType":"Implementation"},{"name":"hah","description":"hah","_id":"label_SJcOtRsYdgH_H1NUhdn18","userId":"gbbguoxa@cn.ibm.com","label":"hah","modelType":"Label"},{"name":"ha'h","description":"ha'h","_id":"label_HyDOR4Q66rL_Sycg--cUL_HyXAab5IU","userId":"gbbguoxa@cn.ibm.com","label":"ha'h","modelType":"Label"},{"name":"label","description":"label","_id":"label_SyUOgzAjuvpH","userId":"gbbguoxa@cn.ibm.com","label":"label","modelType":"Label"},{"name":"a","description":"a","_id":"label_HyawxqLLCFDH","userId":"gbbguoxa@cn.ibm.com","label":"a","modelType":"Label"},{"name":"a note","description":"a note","_id":"label_BkkOl58LAtDr","userId":"gbbguoxa@cn.ibm.com","label":"a note","modelType":"Label"},{"name":"hahah","description":"hahah","_id":"label_SkmOl9UI0YwH","userId":"gbbguoxa@cn.ibm.com","label":"hahah","modelType":"Label"},{"name":"Pass pen","description":"Pass pen","_id":"label_1xaDQwZ2QdS_ByPt8AH9E","userId":"gbbguoxa@cn.ibm.com","label":"Pass pen","modelType":"Label"},{"name":"Offline Editing","description":"Offline Editing","_id":"label_1y2091Ouadd_ByPt8AH9E","userId":"gbbguoxa@cn.ibm.com","label":"Offline Editing","modelType":"Label"},{"name":"Pass Pen","description":"Pass Pen","_id":"label_1y24G0LVQ7D_ByPt8AH9E","userId":"gbbguoxa@cn.ibm.com","label":"Pass Pen","modelType":"Label"},{"name":"a'a'a'a'a","description":"a'a'a'a'a","_id":"label_r1yoDGyO31I","userId":"gbbguoxa@cn.ibm.com","label":"a'a'a'a'a","modelType":"Label"},{"name":"aaaaa","description":"aaaaa","_id":"label_B1gsvMJ_2k8","userId":"gbbguoxa@cn.ibm.com","label":"aaaaa","modelType":"Label"},{"name":"a special label","description":"a special label","_id":"label_SkGiDf1d31U","userId":"gbbguoxa@cn.ibm.com","label":"a special label","modelType":"Label"},{"name":"note1","description":"note1","_id":"label_1L2WMjWbK4k_ByQlw1Zkr","userId":"gbbguoxa@cn.ibm.com","label":"note1","modelType":"Label"},{"name":"patch","description":"patch","_id":"label_1Phj7Y9HrAn_HJz4mg_fS","userId":"gbbguoxa@cn.ibm.com","label":"patch","modelType":"Label"},{"name":"2.4.1","description":"2.4.1","_id":"label_1Phj7Y9XdCz_HJz4mg_fS","userId":"gbbguoxa@cn.ibm.com","label":"2.4.1","modelType":"Label"},{"name":"dddd","description":"dddd","_id":"label_1UX0q6UGFyi_H1CQyRtwS","userId":"gbbguoxa@cn.ibm.com","label":"dddd","modelType":"Label"},{"name":"note","description":"note","_id":"label_2jVgK9fg3bA_SyQmL8Np8_HJNtuhdaL","userId":"gbbguoxa@cn.ibm.com","label":"note","modelType":"Label"},{"name":"image","description":"image","_id":"label_24tYxylsUsa_B1lmZgkZU","userId":"gbbguoxa@cn.ibm.com","label":"image","modelType":"Label"},{"name":"attach","description":"attach","_id":"label_24tYxylTtTA_B1lmZgkZU","userId":"gbbguoxa@cn.ibm.com","label":"attach","modelType":"Label"},{"name":" bvn","description":" bvn","_id":"label_2keZvMsTOrc_rkNEOadTL","userId":"gbbguoxa@cn.ibm.com","label":" bvn","modelType":"Label"},{"name":"bvnb'h'j","description":"bvnb'h'j","_id":"label_2keZvMsDmuy_rkNEOadTL","userId":"gbbguoxa@cn.ibm.com","label":"bvnb'h'j","modelType":"Label"},{"name":"bhjn'j","description":"bhjn'j","_id":"label_2keZvMsEYZd_rkNEOadTL","userId":"gbbguoxa@cn.ibm.com","label":"bhjn'j","modelType":"Label"},{"name":"nj","description":"nj","_id":"label_2keZvMsA9bG_rkNEOadTL","userId":"gbbguoxa@cn.ibm.com","label":"nj","modelType":"Label"},{"name":"is","description":"is","_id":"label_SyumbjO9GjBw","userId":"gbbguoxa@cn.ibm.com","label":"is","modelType":"Label"},{"name":"this","description":"this","_id":"label_rJKO5lu_Tvv","userId":"gbbguoxa@cn.ibm.com","label":"this","modelType":"Label"},{"name":"Notification","description":"Notification","_id":"label_SJidqguO6Pw","userId":"gbbguoxa@cn.ibm.com","label":"Notification","modelType":"Label"},{"name":"Workshop Jan. 2019","description":"Workshop Jan. 2019","_id":"label_Sy2OceOdTwD","userId":"gbbguoxa@cn.ibm.com","label":"Workshop Jan. 2019","modelType":"Label"},{"name":"New label","description":"New label","_id":"label_B19b-chPsOCP_B184bKKRw","userId":"gbbguoxa@cn.ibm.com","label":"New label","modelType":"Label"},{"modelType":"Actor","description":"","_id":"actor_2HZRdxROvmF","type":"IT System","label":"IT System"},{"modelType":"LogicalComponent","description":"","_id":"logicalcomponent_2HZRcTX47py","level":"Application","label":"Logical Component"},{"modelType":"GenericGroup","description":"Element unchanged in this phase or release.","_id":"genericgroup_H1FMwT_tAv","category":"Transition-Elements","type":"Pre-Defined","label":"unchanged"},{"modelType":"GenericGroup","description":"Element is modified or updated in this phase or release.","_id":"genericgroup_SkqGPaOFAP","category":"Transition-Elements","type":"Pre-Defined","label":"updated"},{"modelType":"GenericGroup","description":"Element being removed in this phase or release.","_id":"genericgroup_HJjMDTuYCD","category":"Transition-Elements","type":"Pre-Defined","label":"removed"},{"modelType":"GenericGroup","description":"Element being added in this phase or release.","_id":"genericgroup_Sy3zPTdYCw","type":"Pre-Defined","category":"Transition-Elements","label":"added"},{"modelType":"GenericGroup","description":"Element is being planned for some future phase or release.","_id":"genericgroup_ryaGP6OK0w","category":"Transition-Elements","type":"Pre-Defined","label":"planned"},{"modelType":"GenericGroup","description":"Either the security controls have not been specified or cannot be controlled.","_id":"genericgroup_B1zP6dFRw","type":"Pre-Defined","category":"Security-Zone","label":"none"},{"modelType":"GenericGroup","description":"Trusted security zone, all traffic and access is by known and trusted parties.","_id":"genericgroup_rJlMv6dt0P","type":"Pre-Defined","category":"Security-Zone","label":"trusted"},{"modelType":"GenericGroup","description":"Direct access to un-trusted network, no sensitive data. Controlled access to trusted zone.","_id":"genericgroup_BybzDTOK0v","type":"Pre-Defined","category":"Security-Zone","label":"dmz"},{"modelType":"GenericGroup","description":"Untrusted traffic, often public networks.","_id":"genericgroup_ByGMw6dYAP","type":"Pre-Defined","category":"Security-Zone","label":"un-trusted"},{"modelType":"GenericGroup","description":"Unmanaged entity.","_id":"genericgroup_S17GwadKCw","type":"Pre-Defined","category":"Management-Zone","label":"none"},{"modelType":"GenericGroup","description":"Fully managed.","_id":"genericgroup_rk4Gw6ut0D","type":"Pre-Defined","category":"Management-Zone","label":"full"},{"modelType":"GenericGroup","description":"Partially managed.","_id":"genericgroup_SyrMD6_KAP","category":"Management-Zone","type":"Pre-Defined","label":"limited"},{"modelType":"GenericGroup","description":"No direct management.","_id":"genericgroup_ByIfwpOF0v","category":"Management-Zone","type":"Pre-Defined","label":"no direct"},{"modelType":"GenericGroup","description":"High availability replica actively handling workload.","_id":"genericgroup_BywfvTuKAw","type":"Pre-Defined","category":"HA-Mode","label":"active"},{"modelType":"GenericGroup","description":"High availability replica not handling active workload.","_id":"genericgroup_ry_zw6utCv","type":"Pre-Defined","category":"HA-Mode","label":"passive"}]},"diagram":{"instances":{"aodservices_2HZR92AD4r3":{"uiInfo":"<mxGraphModel dx=\"808\" dy=\"435\" grid=\"1\" gridSize=\"10\" guides=\"1\" tooltips=\"1\" connect=\"1\" arrows=\"1\" fold=\"1\" page=\"1\" pageScale=\"1\" pageWidth=\"1169\" pageHeight=\"827\" background=\"#ffffff\"><root><mxCell id=\"0\" modelId=\"aodservices_2HZR92AD4r3\"></mxCell><mxCell id=\"1\" parent=\"0\"></mxCell><mxCell id=\"aodservices_2HZR92AD4r3_22I4ObyiIw8Q\" style=\"rounded=1;whiteSpace=wrap;html=1;\" vertex=\"1\" modelId=\"logicalcomponent_2HZRcTX47py\" parent=\"1\"><mxGeometry x=\"120\" y=\"80\" width=\"120\" height=\"60\" as=\"geometry\"></mxGeometry></mxCell><mxCell id=\"aodservices_2HZR92AD4r3_32I4ObyjCGyT\" style=\"shape=process;html=1;whiteSpace=wrap;\" vertex=\"1\" modelId=\"actor_2HZRdxROvmF\" parent=\"1\"><mxGeometry x=\"370\" y=\"70\" width=\"120\" height=\"60\" as=\"geometry\"></mxGeometry></mxCell></root></mxGraphModel>","coreInfo":[{"modelType":"AODServices","lastModifiedUserId":"gbbguoxa@cn.ibm.com","description":"","lastModified":"2021-02-26T04:36:53Z","_id":"aodservices_2HZR92AD4r3","label":"dd"}]}}},"textual":{"instances":{"executivesummary_2HZfAJqueAV_SyZp52Nf_":{"coreInfo":[{"modelType":"ExecutiveSummary","lastModifiedUserId":"gbbguoxa@cn.ibm.com","description":"njkm<div><br></div><div><img style=\"height:100px;\" src=\"/api/FileManagerAPIs/containers/cafiles/files/file_00555e1cd815c67b.jpg\">f<br></div>","lastModified":"2021-02-25T08:16:44Z","_id":"executivesummary_2HZfAJqueAV_SyZp52Nf_","label":""}]}}},"solution_advisors":{},"auditLog":{"_id":"architectureauditentry_1sFl4p5LO","archId":"arch_HJz6c24zO","archChangeLog":[{"_id":"architecturechangelog_QjKMD8lFn","date":"2021-02-26T04:35:28.314Z","type":"DOWNLOAD","user":{"fullname":"Bei Bei Guo","email":"gbbguoxa@cn.ibm.com"},"appVersion":"3.2.2","dataVersion":"1.4"},{"_id":"architecturechangelog_I7S3VcLtK","date":"2021-02-25T08:17:05.368Z","type":"CREATE_INST","user":{"fullname":"Bei Bei Guo","email":"gbbguoxa@cn.ibm.com"},"artifactTypeId":"artifacttype_2c548a13-6bd9-3edc-a496-0318af82f0d1","instanceName":"dd","instanceId":"aodservices_2HZR92AD4r3"},{"_id":"architecturechangelog_yBtsGNtP1b","date":"2021-02-25T05:48:33.506Z","type":"CREATE","user":{"fullname":"Bei Bei Guo","email":"gbbguoxa@cn.ibm.com"},"option":"CREATE_FROM_OFFLINE"}]}}