{"_id":"arch_HJz6c24zO","name":"kjn_import 1","type":"Solution","status":"Pending","created":"2021-02-25T05:50:49Z","lastModified":"2021-02-26T04:37:45Z","includedArtifacts":[{"globalTOCPosition":"5.1.1","typeId":"assetartifact_architectureoverview_aodservice","_id":"art_B1gKWTREGO","artifactTypeId":"artifacttype_2c548a13-6bd9-3edc-a496-0318af82f0d1","type":"Services View"},{"globalTOCPosition":"1","typeId":"assetartifact_executivesummary","_id":"art_HJbGac3VMO","artifactTypeId":"artifacttype_9edbd406-69fb-3a95-8b2e-58a0974b2710","type":"Overview"}],"industry":[],"technology":[],"technicalCapability":[],"businessCapability":[],"client":[],"taxonomies":[],"template":{"name":"Solution Architecture Template","description":"Default ToC","_id":"template_company_ibm","isGlobalDefaultTemplate":true},"executiveSummary":"njkm<div><br></div><div><img style=\"height:100px;\" src=\"/api/FileManagerAPIs/containers/cafiles/files/file_00555e1cd815c67b.jpg\">f<br></div>","tag":[],"schemaVersion":"1.4","lastModifiedUser":{"_id":"gbbguoxa@cn.ibm.com","fullname":"Bei Bei Guo","notesId":"Bei Bei JG Guo","jobResponsibilities":"Test Specialist","avatar":"https://w3-services1.w3-969.ibm.com/myw3/unified-profile-photo/v1/image/gbbguoxa@cn.ibm.com?def=avatar","privacyConstent":{"isAccept":true,"country":"CN","acceptedDate":"2018-10-15T06:03:35.756Z"},"lastLoginDate":"2021-03-04T06:24:54.811Z","bookmarkedArchList":["architecture_ba218421_818d_11e7_88e7_21ec9eeb2850","copied_e46c1250_ad56_11e7_9df4_2b1f6b893765_COPY_architecture_6ce61071_8d01_11e7_a90b_697746ae2b06","copied_67d74de0_a428_11e7_9d8f_c7a28270726d_COPY_architecture_96d45bf1_8d27_11e7_a90b_697746ae2b06","copied_61f15ed0_aca1_11e7_b764_25075a75175c_COPY_architecture_43936131_a941_11e7_8703_cf7fc382471f"],"chatbotToken":"d8f82972a89e48c291a082eb2d99d8fa","username":"gbbguoxa@cn.ibm.com","email":"gbbguoxa@cn.ibm.com","userPreference":{"defaultTemplate":"template_company_ibm","defaultGithubInfo":{"repoUrl":"git@github.com:guoliabei/ca-public.git"}},"geographyList":["672"],"businessUnitList":["GLMKT"],"collaborationGroupList":["5d03635081dbc100085a27d7","5f55cb36e378d50008b6248e"]},"owner":{"_id":"gbbguoxa@cn.ibm.com","fullname":"Bei Bei Guo","notesId":"Bei Bei JG Guo","jobResponsibilities":"Test Specialist","avatar":"https://w3-services1.w3-969.ibm.com/myw3/unified-profile-photo/v1/image/gbbguoxa@cn.ibm.com?def=avatar","privacyConstent":{"isAccept":true,"country":"CN","acceptedDate":"2018-10-15T06:03:35.756Z"},"lastLoginDate":"2021-03-04T06:24:54.811Z","bookmarkedArchList":["architecture_ba218421_818d_11e7_88e7_21ec9eeb2850","copied_e46c1250_ad56_11e7_9df4_2b1f6b893765_COPY_architecture_6ce61071_8d01_11e7_a90b_697746ae2b06","copied_67d74de0_a428_11e7_9d8f_c7a28270726d_COPY_architecture_96d45bf1_8d27_11e7_a90b_697746ae2b06","copied_61f15ed0_aca1_11e7_b764_25075a75175c_COPY_architecture_43936131_a941_11e7_8703_cf7fc382471f"],"chatbotToken":"d8f82972a89e48c291a082eb2d99d8fa","username":"gbbguoxa@cn.ibm.com","email":"gbbguoxa@cn.ibm.com","userPreference":{"defaultTemplate":"template_company_ibm","defaultGithubInfo":{"repoUrl":"git@github.com:guoliabei/ca-public.git"}},"collaborationGroupList":["5d03635081dbc100085a27d7","5f55cb36e378d50008b6248e"],"businessUnit":{"_id":"GLMKT","name":"IBM Global Markets","description":""},"geography":{"_id":"672","iot":"GCG IOT","imt_market":"Peoples Rep of China","country":"China"}},"appVersion":"3.2.2"}