{"_id":"arch_ryilH8teu","name":"dscaXCA","type":"Solution","status":"Pending","created":"2021-02-04T11:05:23Z","lastModified":"2021-02-04T11:31:43Z","includedArtifacts":[{"globalTOCPosition":"2.1","typeId":"assetartifact_businesschallenge","_id":"art_HynOFLYxu","artifactTypeId":"artifacttype_d1ab4a95-e05f-3882-9f19-6500fc0d3b2b","type":"Business Challenge"},{"globalTOCPosition":"5.3.1","typeId":"assetartifact_componentmodel_staticview","_id":"art_HJwoWolSLYe_","artifactTypeId":"artifacttype_4a44b8fa-5057-3826-84d7-169a6fc1f2ed","type":"Static View"},{"globalTOCPosition":"5.4.2","typeId":"assetartifact_operationalmodel_physicaloperational","_id":"art_rkdFWjlBUFgd","artifactTypeId":"artifacttype_7503dbb1-18f7-36ac-ad12-98d977ef3d0d","type":"Prescribed Operational View"},{"globalTOCPosition":"3.2","typeId":"assetartifact_functionalrequirement","_id":"art_Hk1v-sgS8Ylu","artifactTypeId":"artifacttype_12eefe0a-435b-3176-8bbe-4dc928a2e4c3","type":"Functional Requirements"},{"globalTOCPosition":"9","typeId":"assetartifact_notes","_id":"art_SkKGboeB8YlO","artifactTypeId":"artifacttype_02226b19-474e-37a6-ab39-d9bb31767fb5","type":"Notes"},{"globalTOCPosition":"5.2","typeId":"assetartifact_architecturedecision","_id":"art_SJJieslS8txd","artifactTypeId":"artifacttype_fddae3fa-aafa-32af-94a4-bc3e1ed255cc","type":"Architectural Decisions"},{"globalTOCPosition":"8","typeId":"assetartifact_miscdiagram","_id":"art_H1FOXogHIKxu","artifactTypeId":"artifacttype_23219eb8-b210-3e5a-8621-9881bee93055","type":"Misc Diagram"},{"globalTOCPosition":"1","typeId":"assetartifact_executivesummary","_id":"art_HyhYgolS8Keu","artifactTypeId":"artifacttype_9edbd406-69fb-3a95-8b2e-58a0974b2710","type":"Overview"},{"globalTOCPosition":"5.3.2","typeId":"assetartifact_componentmodel_dynamicview","_id":"art_Skwxfser8Fxd","artifactTypeId":"artifacttype_6e1239a1-6a68-3dae-ae87-b05ecf80d25b","type":"Dynamic View"},{"globalTOCPosition":"3.1.2","typeId":"assetartifact_usecase_uctext","_id":"art_BkyClseB8Yeu","artifactTypeId":"artifacttype_dde4b71c-82db-3f66-964a-3a04fbf56dff","type":"Use Case"},{"globalTOCPosition":"5.1.3","typeId":"assetartifact_architectureoverview_itsystem","_id":"art_rJf7bjlSIteO","artifactTypeId":"artifacttype_355f72be-6566-3f48-8b15-c30f671d7c8f","type":"IT System View"},{"globalTOCPosition":"3.1.1","typeId":"assetartifact_usecase_ucdiagram","_id":"art_Hk17bjxHIFe_","artifactTypeId":"artifacttype_cde39d5e-c892-3093-ab3d-bad448acb8a0","type":"Use Case Diagram"},{"globalTOCPosition":"4.1","typeId":"assetartifact_logical_datamodel","_id":"art_rkzxXogHIYx_","artifactTypeId":"artifacttype_246bc46f-0286-3ad4-bf01-679592db59c7","type":"Logical Data Model"},{"globalTOCPosition":"2.2","typeId":"assetartifact_systemcontext","_id":"art_S1AFlilHUKlO","artifactTypeId":"artifacttype_8ca70362-e3d1-3b9c-91d1-f755d029a2e3","type":"System Context"},{"globalTOCPosition":"5.1.1","typeId":"assetartifact_architectureoverview_aodservice","_id":"art_Sk2OQigHUKx_","artifactTypeId":"artifacttype_2c548a13-6bd9-3edc-a496-0318af82f0d1","type":"Services View"},{"globalTOCPosition":"3.3","typeId":"assetartifact_nonfunctionalrequirement","_id":"art_rJltgolrItg_","artifactTypeId":"artifacttype_f0eebd79-15c9-3ebc-a73b-8efc3f634f59","type":"Non Functional Requirements"},{"globalTOCPosition":"5.4.1","typeId":"assetartifact_operationalmodel_logicaloperational","_id":"art_rJbw-jxBLFx_","artifactTypeId":"artifacttype_5ca43d50-d7da-322f-a1b0-f65b0c12b2c8","type":"Logical Operational View"}],"industry":[{"name":"Government","_id":"industry_government"}],"technology":[{"name":"Cloud Computing","_id":"technology_cloud"}],"technicalCapability":[],"businessCapability":[],"client":[],"taxonomies":["Become more digital","Modernize ways of working","Reduce business costs","Grow the top line","Be more responsive"],"template":{"name":"Solution Architecture Template","description":"Default ToC","_id":"template_company_ibm","isGlobalDefaultTemplate":true},"executiveSummary":"The government of the Republic of Bolumbia, a prosperous country with a population of over 23 million people, has a Department of Statistics (DoS) which collects and analyses information about various aspects of the country including its population, society, health and the economy to name the key areas.  The department has been running a Population and Housing Census for over 100 years and in recent history the Census has run every 5 years, the next census being three years from now.&nbsp;<div><br></div><div>The government is planning to deliver the ability to complete the next Census Form electronically over the Internet, with a Electronic Census System (ECS) solution that does not require any software other than desktop internet browser on the respondent’s computer and/or mobile app on the respondent’s mobile device. The next Census will occur in 3 years time.<div><br></div><div>The following is out of scope:</div><div><ul><li>System(s) that analyze Census information collected.<br></li><li>Non-private dwellings:  These responses will be paper based for this first release of ECS.<br></li></ul></div><div><br></div></div>","tag":[{"name":"Private cloud","_id":"tag_tech_private_cloud"}],"schemaVersion":"1.4","lastModifiedUser":{"_id":"gbbguoxa@cn.ibm.com","fullname":"Bei Bei Guo","notesId":"Bei Bei JG Guo","jobResponsibilities":"Test Specialist","avatar":"https://w3-services1.w3-969.ibm.com/myw3/unified-profile-photo/v1/image/gbbguoxa@cn.ibm.com?def=avatar","privacyConstent":{"isAccept":true,"country":"CN","acceptedDate":"2018-10-15T06:03:35.756Z"},"lastLoginDate":"2021-02-04T10:43:02.998Z","bookmarkedArchList":["architecture_ba218421_818d_11e7_88e7_21ec9eeb2850","copied_e46c1250_ad56_11e7_9df4_2b1f6b893765_COPY_architecture_6ce61071_8d01_11e7_a90b_697746ae2b06","copied_67d74de0_a428_11e7_9d8f_c7a28270726d_COPY_architecture_96d45bf1_8d27_11e7_a90b_697746ae2b06","copied_61f15ed0_aca1_11e7_b764_25075a75175c_COPY_architecture_43936131_a941_11e7_8703_cf7fc382471f"],"chatbotToken":"d8f82972a89e48c291a082eb2d99d8fa","username":"gbbguoxa@cn.ibm.com","email":"gbbguoxa@cn.ibm.com","userPreference":{"defaultTemplate":"template_company_ibm","defaultGithubInfo":{"_id":null,"repoUrl":"git@github.com:guoliabei/ca-public.git"}},"geographyList":["672"],"businessUnitList":["GLMKT"],"collaborationGroupList":["5d03635081dbc100085a27d7","5f55cb36e378d50008b6248e"]},"owner":{"_id":"gbbguoxa@cn.ibm.com","fullname":"Bei Bei Guo","notesId":"Bei Bei JG Guo","jobResponsibilities":"Test Specialist","avatar":"https://w3-services1.w3-969.ibm.com/myw3/unified-profile-photo/v1/image/gbbguoxa@cn.ibm.com?def=avatar","privacyConstent":{"isAccept":true,"country":"CN","acceptedDate":"2018-10-15T06:03:35.756Z"},"lastLoginDate":"2021-02-04T10:43:02.998Z","bookmarkedArchList":["architecture_ba218421_818d_11e7_88e7_21ec9eeb2850","copied_e46c1250_ad56_11e7_9df4_2b1f6b893765_COPY_architecture_6ce61071_8d01_11e7_a90b_697746ae2b06","copied_67d74de0_a428_11e7_9d8f_c7a28270726d_COPY_architecture_96d45bf1_8d27_11e7_a90b_697746ae2b06","copied_61f15ed0_aca1_11e7_b764_25075a75175c_COPY_architecture_43936131_a941_11e7_8703_cf7fc382471f"],"chatbotToken":"d8f82972a89e48c291a082eb2d99d8fa","username":"gbbguoxa@cn.ibm.com","email":"gbbguoxa@cn.ibm.com","userPreference":{"defaultTemplate":"template_company_ibm","defaultGithubInfo":{"_id":null,"repoUrl":"git@github.com:guoliabei/ca-public.git"}},"collaborationGroupList":["5d03635081dbc100085a27d7","5f55cb36e378d50008b6248e"],"businessUnit":{"_id":"GLMKT","name":"IBM Global Markets","description":""},"geography":{"_id":"672","iot":"GCG IOT","imt_market":"Peoples Rep of China","country":"China"}},"appVersion":"3.2.0"}