{"_id":"arch_Skz7Be8pr","name":"CA_Donot_Edit_AutoSourceForGithub_cabuild","type":"Solution","status":"Pending","created":"2019-12-05T03:10:17Z","lastModified":"2019-12-05T03:10:17Z","includedArtifacts":[{"globalTOCPosition":"5.2","typeId":"assetartifact_architecturedecision","_id":"art_rkoZfQHlL6H","artifactTypeId":"artifacttype_fddae3fa-aafa-32af-94a4-bc3e1ed255cc","type":"Architectural Decisions"},{"globalTOCPosition":"5.4.2","typeId":"assetartifact_operationalmodel_physicaloperational","_id":"art_rk7PfQHx8ar","artifactTypeId":"artifacttype_7503dbb1-18f7-36ac-ad12-98d977ef3d0d","type":"Physical Operational View"},{"globalTOCPosition":"2.1","typeId":"assetartifact_businesschallenge","_id":"art_H1vUGmHxLaH","artifactTypeId":"artifacttype_d1ab4a95-e05f-3882-9f19-6500fc0d3b2b","type":"Business Challenge"},{"globalTOCPosition":"1","typeId":"assetartifact_executivesummary","_id":"art_H198zmreU6B","artifactTypeId":"artifacttype_9edbd406-69fb-3a95-8b2e-58a0974b2710","type":"Overview"},{"globalTOCPosition":"6.1","typeId":"assetartifact_risk","_id":"art_Syn8MXHgUTS","artifactTypeId":"artifacttype_94622837-e58f-34c3-9263-8260b69601c8","type":"Risks"},{"globalTOCPosition":"5.1.1","typeId":"assetartifact_architectureoverview_aodservice","_id":"art_rJt8f7SeL6S","artifactTypeId":"artifacttype_2c548a13-6bd9-3edc-a496-0318af82f0d1","type":"Services View"},{"globalTOCPosition":"7","typeId":"assetartifact_architecture_principles","_id":"art_SkZDzXBgUpH","artifactTypeId":"artifacttype_92ccfc5d-c31a-349d-97c0-6d75c8841a8a","type":"Architectural Principles"},{"globalTOCPosition":"6.3","typeId":"assetartifact_issue","_id":"art_r1ALMQBgLpr","artifactTypeId":"artifacttype_f4d01807-f847-3ccd-87a2-32877074295e","type":"Issues"},{"globalTOCPosition":"2.2","typeId":"assetartifact_systemcontext","_id":"art_ryNEMXHgLaH","artifactTypeId":"artifacttype_8ca70362-e3d1-3b9c-91d1-f755d029a2e3","type":"System Context"},{"globalTOCPosition":"5.1.3","typeId":"assetartifact_architectureoverview_itsystem","_id":"art_HkkrfXreLpr","artifactTypeId":"artifacttype_355f72be-6566-3f48-8b15-c30f671d7c8f","type":"IT System View"},{"globalTOCPosition":"4.1","typeId":"assetartifact_logical_datamodel","_id":"art_ryVHMQSeUpS","artifactTypeId":"artifacttype_246bc46f-0286-3ad4-bf01-679592db59c7","type":"Logical Data Model"},{"globalTOCPosition":"3.1.1","typeId":"assetartifact_usecase_ucdiagram","_id":"art_BJL7G7HgLTH","artifactTypeId":"artifacttype_cde39d5e-c892-3093-ab3d-bad448acb8a0","type":"Use Case Diagram"},{"globalTOCPosition":"3.2","typeId":"assetartifact_functionalrequirement","_id":"art_BkMEz7rx8TB","artifactTypeId":"artifacttype_12eefe0a-435b-3176-8bbe-4dc928a2e4c3","type":"Functional Requirements"},{"globalTOCPosition":"5.1.4","typeId":"assetartifact_architectureoverview_usagescenario","_id":"art_HyhMfmBlUTH","artifactTypeId":"artifacttype_d118451c-0816-3aa5-8b89-3119feb4168a","type":"Usage Scenario"},{"globalTOCPosition":"3.3","typeId":"assetartifact_nonfunctionalrequirement","_id":"art_B1tGzQrxL6B","artifactTypeId":"artifacttype_f0eebd79-15c9-3ebc-a73b-8efc3f634f59","type":"Non Functional Requirements"},{"globalTOCPosition":"8","typeId":"assetartifact_notes","_id":"art_S17fMQrlUaH","artifactTypeId":"artifacttype_02226b19-474e-37a6-ab39-d9bb31767fb5","type":"Notes"},{"globalTOCPosition":"5.1.2","typeId":"assetartifact_architectureoverview_enterprise","_id":"art_SylMQrlLpS","artifactTypeId":"artifacttype_16bfe592-ae95-371c-9f64-3a881b667707","type":"Enterprise View"},{"globalTOCPosition":"5.4.1","typeId":"assetartifact_operationalmodel_logicaloperational","_id":"art_HJBgGQHxU6S","artifactTypeId":"artifacttype_5ca43d50-d7da-322f-a1b0-f65b0c12b2c8","type":"Logical Operational View"},{"globalTOCPosition":"5.3.1","typeId":"assetartifact_componentmodel_staticview","_id":"art_r17Fz7rxL6H","artifactTypeId":"artifacttype_4a44b8fa-5057-3826-84d7-169a6fc1f2ed","type":"Static View"},{"globalTOCPosition":"6.4","typeId":"assetartifact_dependency","_id":"art_H1btzmrxITr","artifactTypeId":"artifacttype_9c5463b3-5c9e-3790-86cb-9b8866cc062a","type":"Dependencies"},{"globalTOCPosition":"6.2","typeId":"assetartifact_assumption","_id":"art_BJudMmHlL6S","artifactTypeId":"artifacttype_2142b656-62ba-304d-95d4-77b1b144e5e1","type":"Assumptions"},{"globalTOCPosition":"3.1.2","typeId":"assetartifact_usecase_uctext","_id":"art_SyBOMXSlUaB","artifactTypeId":"artifacttype_dde4b71c-82db-3f66-964a-3a04fbf56dff","type":"Use Case"},{"globalTOCPosition":"5.3.2","typeId":"assetartifact_componentmodel_dynamicview","_id":"art_SJuDM7rlLTB","artifactTypeId":"artifacttype_6e1239a1-6a68-3dae-ae87-b05ecf80d25b","type":"Dynamic View"}],"industry":[],"technology":[],"technicalCapability":[],"businessCapability":[],"taxonomies":[],"template":{"name":"Solution Architecture Template","description":"Default ToC","_id":"template_company_ibm","isGlobalDefaultTemplate":true},"executiveSummary":"Y07EsIJsyJx06iaM7CXhtYmTo9Bthis is overview<div><br></div><img style=\"height:100px;\" src=\"/api/FileManagerAPIs/containers/cafiles/files/file_fc52d57b2b7b992c.png\">","tag":[],"schemaVersion":"1.2","lastModifiedUser":{"_id":"cabuild@cn.ibm.com","fullname":"Cognitive Architect Cognitive Architect Build","notesId":"Cognitive Architect Build","jobResponsibilities":"Tester","privacyConstent":{"isAccept":true,"country":"CN","acceptedDate":"2018-02-27T03:27:01.251Z"},"lastLoginDate":"2020-06-09T03:20:09.448Z","bookmarkedArchList":["copied_3b71cb90_a428_11e7_ae37_ed84e8c56d23_COPY_architecture_a0247761_8d1a_11e7_a90b_697746ae2b06","copied_02fe75c0_a427_11e7_b7a9_bbced10d30d5_COPY_architecture_9abc5771_8d1a_11e7_a90b_697746ae2b06","copied_f5982c40_a427_11e7_9b2d_bf96ebf8b1f3_COPY_architecture_33869491_8dbe_11e7_a90b_697746ae2b06","copied_1250a4a0_cad1_11e7_9bca_0d1969fe244d_COPY_architecture_594b9551_c4e5_11e7_9424_ffa19ec0555b","copied_8db51540_cad1_11e7_8f42_7f117783a7ba_COPY_architecture_34a2f5f1_ca57_11e7_9424_ffa19ec0555b","arch_H1XLTgYRz","copied_67d74de0_a428_11e7_9d8f_c7a28270726d_COPY_architecture_96d45bf1_8d27_11e7_a90b_697746ae2b06","copied_17e0e030_a428_11e7_b2b8_47a1ea2c680b_COPY_architecture_6dd14e01_8db5_11e7_a90b_697746ae2b06","arch_SyA326jor","copied_0050ba20_ad57_11e7_971d_1dbaf50a3a74_COPY_architecture_ab8c2831_a7e8_11e7_8703_cf7fc382471f","copied_e1282b50_aded_11e7_9be5_13687dbe414f_COPY_architecture_33869491_8dbe_11e7_a90b_697746ae2b06","arch_BJr3Waiir","copied_86510be0_aca1_11e7_be74_4db8cdfc7aa6_COPY_architecture_b51cb171_825f_11e7_83ec_5771b96fea7b","copied_61f15ed0_aca1_11e7_b764_25075a75175c_COPY_architecture_43936131_a941_11e7_8703_cf7fc382471f","architecture_ba218421_818d_11e7_88e7_21ec9eeb2850","architecture_123dc151_80c1_11e7_88e7_21ec9eeb2850","arch_rkF-KMW3B","copied_e46c1250_ad56_11e7_9df4_2b1f6b893765_COPY_architecture_6ce61071_8d01_11e7_a90b_697746ae2b06","arch_Syad-7ZnH","arch_HJlCTIJpIB","arch_SJAwe7WhH","copied_c7d6c370_a427_11e7_9030_55bdb397af46_COPY_architecture_a3903cc1_8db7_11e7_a90b_697746ae2b06","architecture_e7926e01_8ea9_11e7_931e_555f613a0ec4","arch_rkgC-zjPU"],"chatbotToken":"530bd98583b74b089a9d7810e52b58d3","username":"cabuild@cn.ibm.com","email":"cabuild@cn.ibm.com","userPreference":{"defaultTemplate":"template_company_ibm","defaultGithubInfo":{"repoUrl":"https://github.ibm.com/gbbguoxa/ca-private.git"}},"geographyList":["672"],"businessUnitList":["GBS"],"collaborationGroupList":["5e1f7f8c8bcfb30007adafa8"]},"owner":{"_id":"cabuild@cn.ibm.com","fullname":"Cognitive Architect Cognitive Architect Build","notesId":"Cognitive Architect Build","jobResponsibilities":"Tester","privacyConstent":{"isAccept":true,"country":"CN","acceptedDate":"2018-02-27T03:27:01.251Z"},"lastLoginDate":"2020-06-09T03:20:09.448Z","bookmarkedArchList":["copied_3b71cb90_a428_11e7_ae37_ed84e8c56d23_COPY_architecture_a0247761_8d1a_11e7_a90b_697746ae2b06","copied_02fe75c0_a427_11e7_b7a9_bbced10d30d5_COPY_architecture_9abc5771_8d1a_11e7_a90b_697746ae2b06","copied_f5982c40_a427_11e7_9b2d_bf96ebf8b1f3_COPY_architecture_33869491_8dbe_11e7_a90b_697746ae2b06","copied_1250a4a0_cad1_11e7_9bca_0d1969fe244d_COPY_architecture_594b9551_c4e5_11e7_9424_ffa19ec0555b","copied_8db51540_cad1_11e7_8f42_7f117783a7ba_COPY_architecture_34a2f5f1_ca57_11e7_9424_ffa19ec0555b","arch_H1XLTgYRz","copied_67d74de0_a428_11e7_9d8f_c7a28270726d_COPY_architecture_96d45bf1_8d27_11e7_a90b_697746ae2b06","copied_17e0e030_a428_11e7_b2b8_47a1ea2c680b_COPY_architecture_6dd14e01_8db5_11e7_a90b_697746ae2b06","arch_SyA326jor","copied_0050ba20_ad57_11e7_971d_1dbaf50a3a74_COPY_architecture_ab8c2831_a7e8_11e7_8703_cf7fc382471f","copied_e1282b50_aded_11e7_9be5_13687dbe414f_COPY_architecture_33869491_8dbe_11e7_a90b_697746ae2b06","arch_BJr3Waiir","copied_86510be0_aca1_11e7_be74_4db8cdfc7aa6_COPY_architecture_b51cb171_825f_11e7_83ec_5771b96fea7b","copied_61f15ed0_aca1_11e7_b764_25075a75175c_COPY_architecture_43936131_a941_11e7_8703_cf7fc382471f","architecture_ba218421_818d_11e7_88e7_21ec9eeb2850","architecture_123dc151_80c1_11e7_88e7_21ec9eeb2850","arch_rkF-KMW3B","copied_e46c1250_ad56_11e7_9df4_2b1f6b893765_COPY_architecture_6ce61071_8d01_11e7_a90b_697746ae2b06","arch_Syad-7ZnH","arch_HJlCTIJpIB","arch_SJAwe7WhH","copied_c7d6c370_a427_11e7_9030_55bdb397af46_COPY_architecture_a3903cc1_8db7_11e7_a90b_697746ae2b06","architecture_e7926e01_8ea9_11e7_931e_555f613a0ec4","arch_rkgC-zjPU"],"chatbotToken":"530bd98583b74b089a9d7810e52b58d3","username":"cabuild@cn.ibm.com","email":"cabuild@cn.ibm.com","userPreference":{"defaultTemplate":"template_company_ibm","defaultGithubInfo":{"repoUrl":"https://github.ibm.com/gbbguoxa/ca-private.git"}},"collaborationGroupList":["5e1f7f8c8bcfb30007adafa8"],"businessUnit":{"_id":"GBS","name":"Global Business Services","description":""},"geography":{"_id":"672","iot":"GCG IOT","imt_market":"Peoples Rep of China","country":"China"}},"appVersion":"2.8.3"}