{"_id":"arch_Skz7Be8pr","name":"CA_Donot_Edit_AutoSourceForGithub_cabuild","type":"Solution","status":"Pending","created":"2019-12-05T03:10:17Z","lastModified":"2019-12-05T03:10:17Z","includedArtifacts":[{"_id":"art_rkoZfQHlL6H","typeId":"assetartifact_architecturedecision","artifactTypeId":"artifacttype_rkwqVLm2Or","type":"Architectural Decisions","globalTOCPosition":"5.2"},{"_id":"art_rk7PfQHx8ar","typeId":"assetartifact_operationalmodel_physicaloperational","artifactTypeId":"artifacttype_HJEx9VLQ3uH","type":"Physical Operational View","globalTOCPosition":"5.4.2"},{"_id":"art_H1vUGmHxLaH","typeId":"assetartifact_businesschallenge","artifactTypeId":"artifacttype_rk9V8Q3dr","type":"Business Challenge","globalTOCPosition":"2.1"},{"_id":"art_H198zmreU6B","typeId":"assetartifact_executivesummary","artifactTypeId":"artifacttype_Hkl5VLm3OB","type":"Overview","globalTOCPosition":"1"},{"_id":"art_Syn8MXHgUTS","typeId":"assetartifact_risk","artifactTypeId":"artifacttype_BkegcE87hOr","type":"Risks","globalTOCPosition":"6.1"},{"_id":"art_rJt8f7SeL6S","typeId":"assetartifact_architectureoverview_aodservice","artifactTypeId":"artifacttype_B1LcEL7hdB","type":"Services View","globalTOCPosition":"5.1.1"},{"_id":"art_SkZDzXBgUpH","typeId":"assetartifact_architecture_principles","artifactTypeId":"artifacttype_SJiq4I7hOr","type":"Architectural Principles","globalTOCPosition":"7"},{"_id":"art_r1ALMQBgLpr","typeId":"assetartifact_issue","artifactTypeId":"artifacttype_SJbg54UQ3_S","type":"Issues","globalTOCPosition":"6.3"},{"_id":"art_ryNEMXHgLaH","typeId":"assetartifact_systemcontext","artifactTypeId":"artifacttype_ry7cV873OS","type":"System Context","globalTOCPosition":"2.2"},{"_id":"art_HkkrfXreLpr","typeId":"assetartifact_architectureoverview_itsystem","artifactTypeId":"artifacttype_SJz94L7h_H","type":"IT System View","globalTOCPosition":"5.1.3"},{"_id":"art_ryVHMQSeUpS","typeId":"assetartifact_logical_datamodel","artifactTypeId":"artifacttype_rkOx9EU7n_H","type":"Logical Data Model","globalTOCPosition":"4.1"},{"_id":"art_BJL7G7HgLTH","typeId":"assetartifact_usecase_ucdiagram","artifactTypeId":"artifacttype_SJDxqEU73_B","type":"Use Case Diagram","globalTOCPosition":"3.1.1"},{"_id":"art_BkMEz7rx8TB","typeId":"assetartifact_functionalrequirement","artifactTypeId":"artifacttype_HkZ94Imh_B","type":"Functional Requirements","globalTOCPosition":"3.2"},{"_id":"art_HyhMfmBlUTH","typeId":"assetartifact_architectureoverview_usagescenario","artifactTypeId":"artifacttype_Hku9V8X3uH","type":"Usage Scenario","globalTOCPosition":"5.1.4"},{"_id":"art_B1tGzQrxL6B","typeId":"assetartifact_nonfunctionalrequirement","artifactTypeId":"artifacttype_H1S9NIXnuH","type":"Non Functional Requirements","globalTOCPosition":"3.3"},{"_id":"art_S17fMQrlUaH","typeId":"assetartifact_notes","artifactTypeId":"artifacttype_HkflqVLQh_r","type":"Notes","globalTOCPosition":"8"},{"_id":"art_SylMQrlLpS","typeId":"assetartifact_architectureoverview_enterprise","artifactTypeId":"artifacttype_ByY5NLXhuH","type":"Enterprise View","globalTOCPosition":"5.1.2"},{"_id":"art_HJBgGQHxU6S","typeId":"assetartifact_operationalmodel_logicaloperational","artifactTypeId":"artifacttype_HJaqV8XhdH","type":"Logical Operational View","globalTOCPosition":"5.4.1"},{"_id":"art_r17Fz7rxL6H","typeId":"assetartifact_componentmodel_staticview","artifactTypeId":"artifacttype_HyJecEImhuS","type":"Static View","globalTOCPosition":"5.3.1"},{"_id":"art_H1btzmrxITr","typeId":"assetartifact_dependency","artifactTypeId":"artifacttype_rk554Um3dB","type":"Dependencies","globalTOCPosition":"6.4"},{"_id":"art_BJudMmHlL6S","typeId":"assetartifact_assumption","artifactTypeId":"artifacttype_BJhcE87huS","type":"Assumptions","globalTOCPosition":"6.2"},{"_id":"art_SyBOMXSlUaB","typeId":"assetartifact_usecase_uctext","artifactTypeId":"artifacttype_B1Nc4UX3_S","type":"Use Case","globalTOCPosition":"3.1.2"},{"_id":"art_SJuDM7rlLTB","typeId":"assetartifact_componentmodel_dynamicview","artifactTypeId":"artifacttype_B10q4UQ3Or","type":"Dynamic View","globalTOCPosition":"5.3.2"}],"industry":[],"technology":[],"technicalCapability":[],"businessCapability":[],"client":[],"template":{"_id":"template_company_ibm","name":"Solution Architecture Template","description":"Default ToC","isGlobalDefaultTemplate":true},"executiveSummary":"Y07EsIJsyJx06iaM7CXhtYmTo9Bthis is overview<div><br></div><img style=\"height:100px;\" src=\"/api/FileManagerAPIs/containers/cafiles/files/file_fc52d57b2b7b992c.png\">","tag":[],"schemaVersion":"1.2","appVersion":"2.6.1"}