{"toc":[{"globalTOCPosition":"1","artifactTypeName":"Overview","artifactType":"assetartifact_executivesummary","displayName":"Overview","format":"text","_id":"artifacttype_Hkl5VLm3OB","child":[],"hasContent":true},{"globalTOCPosition":"2","displayName":"Scope","parentGroup":"","_id":"artifactgroup_SkbsNIX2ur","child":[{"artifactTypeName":"Business Challenge","globalTOCPosition":"2.1","artifactType":"assetartifact_businesschallenge","displayName":"Business Challenge","format":"text","_id":"artifacttype_rk9V8Q3dr","hasContent":true},{"globalTOCPosition":"2.2","artifactTypeName":"System Context","artifactType":"assetartifact_systemcontext","displayName":"System Context","format":"diagram","_id":"artifacttype_ry7cV873OS","hasContent":true}]},{"globalTOCPosition":"3","displayName":"Requirement","parentGroup":"","_id":"artifactgroup_Sygj4L73Or","child":[{"globalTOCPosition":"3.1","displayName":"Use Case Model","parentGroup":"artifactgroup_Sygj4L73Or","_id":"artifactgroup_B1qjNIXndH","child":[{"artifactTypeName":"Use Case Diagram","globalTOCPosition":"3.1.1","artifactType":"assetartifact_usecase_ucdiagram","displayName":"Use Case Diagram","format":"diagram","_id":"artifacttype_SJDxqEU73_B","hasContent":true},{"globalTOCPosition":"3.1.2","artifactTypeName":"Use Case","artifactType":"assetartifact_usecase_uctext","displayName":"Use Case","format":"text","_id":"artifacttype_B1Nc4UX3_S","hasContent":true}]},{"artifactTypeName":"Functional Requirements","globalTOCPosition":"3.2","artifactType":"assetartifact_functionalrequirement","displayName":"Functional Requirements","format":"text","_id":"artifacttype_HkZ94Imh_B","hasContent":true},{"artifactTypeName":"Non Functional Requirements","globalTOCPosition":"3.3","artifactType":"assetartifact_nonfunctionalrequirement","displayName":"Non Functional Requirements","format":"text","_id":"artifacttype_H1S9NIXnuH","hasContent":true}]},{"globalTOCPosition":"4","displayName":"Data Model","parentGroup":"","_id":"artifactgroup_HJoiELQh_S","child":[{"artifactTypeName":"Logical Data Model","globalTOCPosition":"4.1","artifactType":"assetartifact_logical_datamodel","displayName":"Logical Data Model","format":"diagram","_id":"artifacttype_rkOx9EU7n_H","hasContent":true}]},{"globalTOCPosition":"5","displayName":"Architecture","parentGroup":"","_id":"artifactgroup_rJi4LmhOr","child":[{"globalTOCPosition":"5.1","displayName":"Architecture Overview","parentGroup":"artifactgroup_rJi4LmhOr","_id":"artifactgroup_rkIj48mhOB","child":[{"artifactTypeName":"Services View","globalTOCPosition":"5.1.1","artifactType":"assetartifact_architectureoverview_aodservice","displayName":"Services View","format":"diagram","_id":"artifacttype_B1LcEL7hdB","hasContent":true},{"artifactTypeName":"Enterprise View","globalTOCPosition":"5.1.2","artifactType":"assetartifact_architectureoverview_enterprise","displayName":"Enterprise View","format":"diagram","_id":"artifacttype_ByY5NLXhuH","hasContent":true},{"artifactTypeName":"IT System View","globalTOCPosition":"5.1.3","artifactType":"assetartifact_architectureoverview_itsystem","displayName":"IT System View","format":"diagram","_id":"artifacttype_SJz94L7h_H","hasContent":true},{"artifactTypeName":"Usage Scenario","globalTOCPosition":"5.1.4","artifactType":"assetartifact_architectureoverview_usagescenario","displayName":"Usage Scenario","format":"diagram","_id":"artifacttype_Hku9V8X3uH","hasContent":true}]},{"artifactTypeName":"Architectural Decisions","globalTOCPosition":"5.2","artifactType":"assetartifact_architecturedecision","displayName":"Architectural Decisions","format":"text","_id":"artifacttype_rkwqVLm2Or","parentGroup":"artifactgroup_rJi4LmhOr","child":[],"hasContent":true},{"globalTOCPosition":"5.3","displayName":"Component Model","parentGroup":"artifactgroup_rJi4LmhOr","_id":"artifactgroup_rkGj4ImhuB","child":[{"artifactTypeName":"Static View","globalTOCPosition":"5.3.1","artifactType":"assetartifact_componentmodel_staticview","displayName":"Static View","format":"diagram","_id":"artifacttype_HyJecEImhuS","hasContent":true},{"artifactTypeName":"Dynamic View","globalTOCPosition":"5.3.2","artifactType":"assetartifact_componentmodel_dynamicview","displayName":"Dynamic View","format":"diagram","_id":"artifacttype_B10q4UQ3Or","hasContent":true}]},{"globalTOCPosition":"5.4","displayName":"Operational Model","parentGroup":"artifactgroup_rJi4LmhOr","_id":"artifactgroup_SkXjVIX3uB","child":[{"artifactTypeName":"Logical Operational View","globalTOCPosition":"5.4.1","artifactType":"assetartifact_operationalmodel_logicaloperational","displayName":"Logical Operational View","format":"diagram","_id":"artifacttype_HJaqV8XhdH","hasContent":true},{"artifactTypeName":"Physical Operational View","globalTOCPosition":"5.4.2","artifactType":"assetartifact_operationalmodel_physicaloperational","displayName":"Physical Operational View","format":"diagram","_id":"artifacttype_HJEx9VLQ3uH","hasContent":true}]}]},{"globalTOCPosition":"6","displayName":"RAID","parentGroup":"","_id":"artifactgroup_rkKoELQ2_H","child":[{"globalTOCPosition":"6.1","artifactTypeName":"Risks","artifactType":"assetartifact_risk","displayName":"Risks","format":"text","_id":"artifacttype_BkegcE87hOr","hasContent":true},{"globalTOCPosition":"6.2","artifactTypeName":"Assumptions","artifactType":"assetartifact_assumption","displayName":"Assumptions","format":"text","_id":"artifacttype_BJhcE87huS","hasContent":true},{"globalTOCPosition":"6.3","artifactTypeName":"Issues","artifactType":"assetartifact_issue","displayName":"Issues","format":"text","_id":"artifacttype_SJbg54UQ3_S","hasContent":true},{"globalTOCPosition":"6.4","artifactTypeName":"Dependencies","artifactType":"assetartifact_dependency","displayName":"Dependencies","format":"text","_id":"artifacttype_rk554Um3dB","hasContent":true}]},{"artifactTypeName":"Architectural Principles","globalTOCPosition":"7","artifactType":"assetartifact_architecture_principles","displayName":"Architectural Principles","format":"text","_id":"artifacttype_SJiq4I7hOr","child":[],"hasContent":true},{"globalTOCPosition":"8","artifactTypeName":"Notes","artifactType":"assetartifact_notes","displayName":"Notes","format":"text","_id":"artifacttype_HkflqVLQh_r","child":[],"hasContent":true}],"toc_cards":{"businesschallenge":{"artifacttype_rk9V8Q3dr":["businesschallenge_BJOUz7Sl8aH"]},"risk":{"artifacttype_BkegcE87hOr":["risk_rJpIfXreU6r"]},"systemContext":{"artifacttype_ry7cV873OS":[{"additionalInfo":{},"_id":"systemcontext_B1rEfQHeLpB","name":"System Context","description":"","lastModifiedInfo":{"userId":"cabuild@cn.ibm.com","date":"2019-12-05T03:10:17Z"}}]},"executivesummary":{"artifacttype_Hkl5VLm3OB":["executivesummary_S1oUz7SlLTH"]},"architecturaldecision":{"artifacttype_rkwqVLm2Or":["architecturaldecision_SJ2ZMQHx8Tr"]},"lomPhysicalViews":{"artifacttype_HJEx9VLQ3uH":[{"additionalInfo":{},"_id":"pomview_BJ4PMQreLaS","name":"pom","description":"","lastModifiedInfo":{"userId":"cabuild@cn.ibm.com","date":"2019-12-05T03:10:17Z"}}]},"aodITSystems":{"artifacttype_SJz94L7h_H":[{"additionalInfo":{},"_id":"aoditsystem_HylSMXBx8pS","name":"itsv","description":"","lastModifiedInfo":{"userId":"cabuild@cn.ibm.com","date":"2019-12-05T03:10:17Z"}}]},"issue":{"artifacttype_SJbg54UQ3_S":["issue_r1xvMmSe8ar","issue_BkyDzQrgIpS"]},"logicalERD":{"artifacttype_rkOx9EU7n_H":[{"additionalInfo":{},"_id":"logicalerd_HyHBMQSg8aH","name":"erd","description":"","lastModifiedInfo":{"userId":"cabuild@cn.ibm.com","date":"2019-12-05T03:10:17Z"}}]},"dependency":{"artifacttype_rk554Um3dB":["dependency_r1fFMmSx86B"]},"lomViews":{"artifacttype_HJaqV8XhdH":[{"additionalInfo":{},"_id":"lomview_HJLezQSg86r","name":"lom","description":"","lastModifiedInfo":{"userId":"cabuild@cn.ibm.com","date":"2019-12-05T03:10:17Z"}}]},"assumption":{"artifacttype_BJhcE87huS":["assumption_SJ9OfQHgITS","assumption_Syt_MmSl8pS"]},"nonfunctionalrequirement":{"artifacttype_H1S9NIXnuH":["nonfunctionalrequirement_ry9GfQrg8aB"]},"architectureprinciple":{"artifacttype_SJiq4I7hOr":["architectureprinciple_BJfwMQHe8aH"]},"aodServices":{"artifacttype_B1LcEL7hdB":[{"additionalInfo":{},"_id":"aodservices_HkmXGmBeLar","name":"sv","description":"","lastModifiedInfo":{"userId":"cabuild@cn.ibm.com","date":"2019-12-05T03:10:17Z"}}]},"usecasetext":{"artifacttype_B1Nc4UX3_S":["usecasetext_SkUuGmrxIaS","usecasetext_BJP_z7HlITB"]},"aodEnterprises":{"artifacttype_ByY5NLXhuH":[{"additionalInfo":{},"_id":"aodenterprise_rkbMXHl8TH","name":"ev","description":"","lastModifiedInfo":{"userId":"cabuild@cn.ibm.com","date":"2019-12-05T03:10:17Z"}}]},"cmStaticViews":{"artifacttype_HyJecEImhuS":[{"additionalInfo":{},"_id":"cmstaticview_BkEFMmHxLar","name":"stv","description":"","lastModifiedInfo":{"userId":"cabuild@cn.ibm.com","date":"2019-12-05T03:10:17Z"}}]},"functionalrequirement":{"artifacttype_HkZ94Imh_B":["functionalrequirement_H1QNGXBgIpB"]},"useCaseViews":{"artifacttype_SJDxqEU73_B":[{"additionalInfo":{},"_id":"usecasediagram_Hkv7MmHe86r","name":"ucd","description":"ucd desc","lastModifiedInfo":{"userId":"cabuild@cn.ibm.com","date":"2019-12-05T03:10:17Z"}}]},"cmDynamicViews":{"artifacttype_B10q4UQ3Or":[{"additionalInfo":{},"_id":"cmdynamicview_HyYPf7BlITr","name":"dv","description":"","lastModifiedInfo":{"userId":"cabuild@cn.ibm.com","date":"2019-12-05T03:10:17Z"}}]},"aodUsageScenarios":{"artifacttype_Hku9V8X3uH":[{"additionalInfo":{"refType":"AODServices","refName":"sv"},"_id":"aodusagescenario_S1azG7SlU6B","name":"us","description":"","lastModifiedInfo":{"userId":"cabuild@cn.ibm.com","date":"2019-12-05T03:10:17Z"}}]},"notes":{"artifacttype_HkflqVLQh_r":["notes_Sy4zfQSe8pr"]}},"textual":{"instances":{"businesschallenge_BJOUz7Sl8aH":{"coreInfo":[{"modelType":"BusinessChallenge","lastModifiedUserId":"cabuild@cn.ibm.com","description":"this is bc<div><br></div><img style=\"height:100px;\" src=\"/api/FileManagerAPIs/containers/cafiles/files/file_fc52d57b2b7b992c.png\">","lastModified":"2019-12-05T03:10:17Z","_id":"businesschallenge_BJOUz7Sl8aH","label":""}]},"risk_rJpIfXreU6r":{"coreInfo":[{"modelType":"Risk","lastModifiedUserId":"cabuild@cn.ibm.com","lastModified":"2019-12-05T03:10:17Z","_id":"risk_rJpIfXreU6r","label":"risk"}]},"executivesummary_S1oUz7SlLTH":{"coreInfo":[{"modelType":"ExecutiveSummary","lastModifiedUserId":"cabuild@cn.ibm.com","description":"Y07EsIJsyJx06iaM7CXhtYmTo9Bthis is overview<div><br></div><img style=\"height:100px;\" src=\"/api/FileManagerAPIs/containers/cafiles/files/file_fc52d57b2b7b992c.png\">","lastModified":"2019-12-05T03:10:17Z","_id":"executivesummary_S1oUz7SlLTH","label":""}]},"architecturaldecision_SJ2ZMQHx8Tr":{"coreInfo":[{"modelType":"ArchitecturalDecision","lastUpdated":"2019-07-05","lastModifiedUserId":"cabuild@cn.ibm.com","lastModified":"2019-12-05T03:10:17Z","_id":"architecturaldecision_SJ2ZMQHx8Tr","status":"proposed","label":"ad","ad_id":"ad","children":"logicalnode_r1Ylf7HeUaS,physicalnode_rk1ZM7BgUaS,physicalnode_r1RlMQHlUpB,logicalnode_BkMZz7Bg8TB,physicalnode_rJhlzQHlUpH,logicalcomponent_B1lgzQHgIaB,logicalcomponent_rkxfMmSxL6r,logicalcomponent_Hk6ZMmrg8pH"}]},"issue_r1xvMmSe8ar":{"coreInfo":[{"modelType":"Issue","lastModifiedUserId":"cabuild@cn.ibm.com","lastModified":"2019-12-05T03:10:17Z","_id":"issue_r1xvMmSe8ar","label":"i1"}]},"issue_BkyDzQrgIpS":{"coreInfo":[{"modelType":"Issue","lastModifiedUserId":"cabuild@cn.ibm.com","lastModified":"2019-12-05T03:10:17Z","_id":"issue_BkyDzQrgIpS","label":"i2"}]},"dependency_r1fFMmSx86B":{"coreInfo":[{"modelType":"Dependency","isKey":true,"lastModifiedUserId":"cabuild@cn.ibm.com","description":"","lastModified":"2019-12-05T03:10:17Z","effectOnPlan":"","_id":"dependency_r1fFMmSx86B","label":"d"}]},"assumption_SJ9OfQHgITS":{"coreInfo":[{"modelType":"Assumption","lastModifiedUserId":"cabuild@cn.ibm.com","lastModified":"2019-12-05T03:10:17Z","_id":"assumption_SJ9OfQHgITS","label":"a1"}]},"assumption_Syt_MmSl8pS":{"coreInfo":[{"modelType":"Assumption","lastModifiedUserId":"cabuild@cn.ibm.com","lastModified":"2019-12-05T03:10:17Z","_id":"assumption_Syt_MmSl8pS","label":"a2"}]},"nonfunctionalrequirement_ry9GfQrg8aB":{"coreInfo":[{"modelType":"NonFunctionalRequirement","lastModifiedUserId":"cabuild@cn.ibm.com","theme":"Performance","lastModified":"2019-12-05T03:10:17Z","_id":"nonfunctionalrequirement_ry9GfQrg8aB","artifactTypeId":"artifacttype_H1S9NIXnuH","priority":"Critical","label":"nfr","nfr_id":"nfr","children":"du_SJsGfmHlIaS,physicalnode_rk1ZM7BgUaS,logicalnode_BkMZz7Bg8TB,physicalnode_r1RlMQHlUpB,physicalnode_rJhlzQHlUpH,logicalnode_r1Ylf7HeUaS,logicalcomponent_B1lgzQHgIaB,logicalcomponent_rkxfMmSxL6r,logicalcomponent_Hk6ZMmrg8pH"}]},"architectureprinciple_BJfwMQHe8aH":{"coreInfo":[{"modelType":"ArchitecturePrinciple","lastModifiedUserId":"cabuild@cn.ibm.com","lastModified":"2019-12-05T03:10:17Z","_id":"architectureprinciple_BJfwMQHe8aH","label":"ap1"}]},"usecasetext_SkUuGmrxIaS":{"coreInfo":[{"modelType":"UseCaseText","lastModifiedUserId":"cabuild@cn.ibm.com","description":"","lastModified":"2019-12-05T03:10:17Z","_id":"usecasetext_SkUuGmrxIaS","label":"uc2_BygEeVmILH","children":"usecase_r1uQGXSx8pr"}]},"usecasetext_BJP_z7HlITB":{"coreInfo":[{"modelType":"UseCaseText","lastModifiedUserId":"cabuild@cn.ibm.com","description":"","lastModified":"2019-12-05T03:10:17Z","_id":"usecasetext_BJP_z7HlITB","label":"use case_rklwg9Jqrr","children":"usecase_BJ57fmBxU6B,association_B1lEz7reUTS,actor_ByQMmBlUpH"}]},"functionalrequirement_H1QNGXBgIpB":{"coreInfo":[{"modelType":"FunctionalRequirement","owner":"fr","impact":"fr","lastModifiedUserId":"cabuild@cn.ibm.com","description":"fr","weight":"Low","lastModified":"2019-12-05T03:10:17Z","id":"fr","_id":"functionalrequirement_H1QNGXBgIpB","artifactTypeId":"artifacttype_HkZ94Imh_B","label":"fr","children":"logicalcomponent_B1lgzQHgIaB"}]},"notes_Sy4zfQSe8pr":{"coreInfo":[{"modelType":"Notes","attachments":["https://cse-qa-app.austin.ibm.com:4009/api/FileManagerAPIs/containers/cafiles/files/file_f1d6d88d4d643292.json#arch_Hy6bTLneB.summary.json","https://cse-qa-app.austin.ibm.com:4009/api/FileManagerAPIs/containers/cafiles/files/file_c512fe5e0450b076.json#arch_Hy6bTLneB.detail.json"],"lastModifiedUserId":"cabuild@cn.ibm.com","lastModified":"2019-12-05T03:10:17Z","_id":"notes_Sy4zfQSe8pr","content":"<img style=\"height:100px;\" src=\"/api/FileManagerAPIs/containers/cafiles/files/file_31854f1a0a70be4e.png\"><img style=\"height:100px;\" src=\"/api/FileManagerAPIs/containers/cafiles/files/file_3b9e4ae38a3e6a56.png\">","label":"note"},{"modelType":"Label","description":"this","_id":"label_SJ_Mz7Bl8TS","userId":"cabuild@cn.ibm.com","label":"this"},{"modelType":"Label","description":"ha'h","_id":"label_SJvfG7Bg8aB","userId":"cabuild@cn.ibm.com","label":"ha'h"},{"modelType":"Label","description":"Workshop Jan. 2019","_id":"label_BJBff7BlI6r","userId":"cabuild@cn.ibm.com","label":"Workshop Jan. 2019"},{"modelType":"Label","description":"Notification","_id":"label_r1IMMXreI6H","userId":"cabuild@cn.ibm.com","label":"Notification"}]}}},"combined":{"coreInfo":[{"modelType":"Actor","description":"","_id":"actor_ByQMmBlUpH","type":"Human","label":"Human"},{"modelType":"Actor","description":"","_id":"actor_Skv4MmHg8aB","type":"IT System","label":"IT System"},{"modelType":"PhysicalNode","description":"","_id":"physicalnode_rk1ZM7BgUaS","type":"Container","cardinality":"1","label":"C. Node"},{"modelType":"LogicalNode","description":"","_id":"logicalnode_BkMZz7Bg8TB","cardinality":"1","label":"ln2","children":"du_rkBWGmSeLpH"},{"modelType":"PhysicalNode","description":"","_id":"physicalnode_r1RlMQHlUpB","type":"Virtual","cardinality":"1","label":"V. Node","children":"physicalnode_rk1ZM7BgUaS,logicalnode_BkMZz7Bg8TB"},{"modelType":"PhysicalNode","description":"","_id":"physicalnode_rJhlzQHlUpH","type":"Physical","cardinality":"1","label":"P. Node","children":"physicalnode_r1RlMQHlUpB,logicalnode_r1Ylf7HeUaS"},{"modelType":"LogicalNode","description":"","_id":"logicalnode_r1Ylf7HeUaS","cardinality":"1","label":"ln5"},{"modelType":"DU","level":"Functional","description":"This was derived from the logical node in the IT System View","_id":"du_rkBWGmSeLpH","type":"Executable","label":"SYS_DU_1Nj8gdSmShH","children":"logicalcomponent_H18Zf7SeUTB"},{"modelType":"LogicalComponent","level":"Application","description":"This was derived from the deployment unit in the IT System View","_id":"logicalcomponent_H18Zf7SeUTB","label":"SYS_LC_1Nj8gdSmShH","children":"physicalcomponent_rkDZzXBxLpB"},{"modelType":"PhysicalComponent","description":"","_id":"physicalcomponent_rkDZzXBxLpB","url":"","label":"pc2"},{"modelType":"OMLocation","description":"","_id":"omlocation_HyulMQrgLaS","cardinality":"1","label":"OMLocation","children":"physicalnode_rJhlzQHlUpH,actor_ByQMmBlUpH,logicalnode_r1Ylf7HeUaS,logicalnode_BkMZz7Bg8TB"},{"level":"Functional","description":"","_id":"du_rygYG7HlIpH","type":"Executable","modelType":"DU","label":"du3","children":"logicalcomponent_rkxfMmSxL6r"},{"level":"Functional","description":"","_id":"du_SykYf7Sl86H","type":"Executable","modelType":"DU","label":"du4","children":"logicalcomponent_Hk6ZMmrg8pH"},{"level":"Functional","description":"","_id":"du_SJsGfmHlIaS","type":"Executable","modelType":"DU","label":"du1","children":"logicalcomponent_B1lgzQHgIaB"},{"level":"Functional","description":"","_id":"du_Sy6OM7Sl8Tr","type":"Executable","modelType":"DU","label":"du5","children":"logicalcomponent_SyC_GQSgUaH"},{"modelType":"RelationshipConnection","_id":"relationshipconnection_S1hHzXSlIaS","type":"1","label":"1","to":"entity_H1crM7rgLar","from":"relationship_B10SGQBeI6H"},{"modelType":"Entity","description":"","_id":"entity_H1crM7rgLar","label":"Entity1"},{"modelType":"Relationship","description":"","_id":"relationship_B10SGQBeI6H","label":"Relationship"},{"modelType":"SpecializationConnection","_id":"specializationconnection_HkUHf7SxUpr","type":"parent","label":"","to":"entity_H1crM7rgLar","from":"specialization_ByPrMmrlLTB"},{"modelType":"Specialization","description":"","_id":"specialization_ByPrMmrlLTB","label":"ISA"},{"modelType":"RelationshipConnection","_id":"relationshipconnection_SkNUGQBxLTS","type":"1","label":"1","to":"entity_HyfLzXHgI6B","from":"relationship_B10SGQBeI6H"},{"modelType":"Entity","description":"","_id":"entity_HyfLzXHgI6B","label":"Entity2"},{"modelType":"SpecializationConnection","_id":"specializationconnection_S1g8M7Be8aB","type":"child","label":"","to":"specialization_ByPrMmrlLTB","from":"entity_HyfLzXHgI6B"},{"modelType":"LogicalComponent","level":"Application","description":"","_id":"logicalcomponent_B1lgzQHgIaB","label":"lc1","children":"physicalcomponent_SyEgMmSlU6r"},{"modelType":"LogicalConnector","description":"","_id":"logicalconnector_rJ17GmHeL6r","label":""},{"modelType":"PhysicalComponent","description":"","_id":"physicalcomponent_SyEgMmSlU6r","url":"","label":"pc1"},{"modelType":"UseCase","description":"","_id":"usecase_r1uQGXSx8pr","label":"uc2","uc_id":"uc2"},{"modelType":"UseCase","description":"","_id":"usecase_BJ57fmBxU6B","label":"uc1","uc_id":"uc1"},{"modelType":"Association","description":"","_id":"association_B1lEz7reUTS","type":"","label":"","from":"usecase_BJ57fmBxU6B","to":"actor_ByQMmBlUpH"},{"modelType":"LogicalConnector","description":"","_id":"logicalconnector_BkCMXSeL6H","label":""},{"modelType":"LogicalConnector","description":"","_id":"logicalconnector_ByGMmSlU6S","label":""},{"modelType":"LogicalComponent","level":"Application","description":"","_id":"logicalcomponent_rJjM7reLTB","label":"Channel"},{"modelType":"LogicalComponent","level":"Application","description":"","_id":"logicalcomponent_rkxfMmSxL6r","label":"lc3","children":"physicalcomponent_r1ffM7Hg8pH"},{"modelType":"LogicalConnector","description":"","_id":"logicalconnector_H1LYMXrgIpr","label":"LogicalConnector"},{"modelType":"PhysicalComponent","description":"","_id":"physicalcomponent_r1ffM7Hg8pH","url":"","label":"pc3"},{"modelType":"LogicalConnector","description":"","_id":"logicalconnector_SkdKM7BxIpB","label":""},{"modelType":"Association","description":"","_id":"association_Hyp7fmSxLTS","type":"Extend","label":"Extend"},{"modelType":"LogicalComponent","level":"Application","description":"","_id":"logicalcomponent_Hk6ZMmrg8pH","label":"lc4","children":"physicalcomponent_HkR-z7HeU6B"},{"modelType":"PhysicalComponent","description":"","_id":"physicalcomponent_HkR-z7HeU6B","url":"","label":"pc4"}]},"diagram":{"instances":{"systemcontext_B1rEfQHeLpB":{"uiInfo":"<mxGraphModel dx=\"761\" dy=\"661\" grid=\"1\" gridSize=\"10\" guides=\"1\" tooltips=\"1\" connect=\"1\" arrows=\"1\" fold=\"1\" page=\"1\" pageScale=\"1\" pageWidth=\"1169\" pageHeight=\"827\" background=\"#ffffff\"><root><mxCell id=\"0\" modelId=\"systemcontext_B1rEfQHeLpB\"></mxCell><mxCell id=\"1\" parent=\"0\"></mxCell><mxCell id=\"_61NSzMT430c7\" style=\"ellipse;whiteSpace=wrap;html=1;\" vertex=\"1\" modelId=\"targetsystem_ry24MXBlUaH\" parent=\"1\"><mxGeometry x=\"310\" y=\"40\" width=\"140\" height=\"70\" as=\"geometry\"></mxGeometry></mxCell><mxCell id=\"_71NSzNwBgd7c\" style=\"shape=umlActor;html=1;verticalLabelPosition=bottom;verticalAlign=top;\" vertex=\"1\" modelId=\"actor_ByQMmBlUpH\" parent=\"1\"><mxGeometry x=\"170\" y=\"320\" width=\"35\" height=\"70\" as=\"geometry\"></mxGeometry></mxCell><mxCell id=\"_81NSzOfZ1Kwh\" style=\"shape=process;html=1;whiteSpace=wrap;\" vertex=\"1\" modelId=\"actor_Skv4MmHg8aB\" parent=\"1\"><mxGeometry x=\"610\" y=\"325\" width=\"120\" height=\"60\" as=\"geometry\"></mxGeometry></mxCell><mxCell id=\"_91NSzPawSC7k\" style=\"edgeStyle=orthogonalEdgeStyle;rounded=0;html=1;entryX=0.5;entryY=0;entryPerimeter=0;jettySize=auto;orthogonalLoop=1;\" edge=\"1\" modelId=\"connector_ByjEM7SeITr\" parent=\"1\" source=\"_61NSzMT430c7\" target=\"_71NSzNwBgd7c\"><mxGeometry relative=\"1\" as=\"geometry\"></mxGeometry></mxCell></root></mxGraphModel>","coreInfo":[{"modelType":"SystemContext","lastModifiedUserId":"cabuild@cn.ibm.com","description":"","lastModified":"2019-12-05T03:10:17Z","_id":"systemcontext_B1rEfQHeLpB","label":"System Context"},{"modelType":"Connector","description":"","_id":"connector_ByjEM7SeITr","type":"function","label":""},{"modelType":"TargetSystem","description":"","_id":"targetsystem_ry24MXBlUaH","label":"Target System"}]},"pomview_BJ4PMQreLaS":{"uiInfo":"<mxGraphModel dx=\"1182\" dy=\"477\" grid=\"1\" gridSize=\"10\" guides=\"1\" tooltips=\"1\" connect=\"1\" arrows=\"1\" fold=\"1\" page=\"1\" pageScale=\"1\" pageWidth=\"1169\" pageHeight=\"827\" background=\"#ffffff\"><root><mxCell id=\"0\" modelId=\"pomview_BJ4PMQreLaS\"></mxCell><mxCell id=\"1\" parent=\"0\"></mxCell><mxCell id=\"pomview_1Nja2QQ9MGC_21NjaefMJJ8k\" style=\"shape=corner;whiteSpace=wrap;html=1;fillColor=none;container=1;align=center;verticalAlign=top;strokeWidth=4;strokeColor=#CCCCCC;dx=450;dy=300;\" vertex=\"1\" modelId=\"omlocation_HyulMQrgLaS\" parent=\"1\"><mxGeometry x=\"400\" y=\"90\" width=\"450\" height=\"435\" as=\"geometry\"></mxGeometry></mxCell><mxCell id=\"pomview_1Nja2QQ9MGC_31NjaefMk8H8\" style=\"shape=umlActor;html=1;verticalLabelPosition=bottom;verticalAlign=top;\" vertex=\"1\" modelId=\"actor_ByQMmBlUpH\" parent=\"pomview_1Nja2QQ9MGC_21NjaefMJJ8k\"><mxGeometry x=\"50\" y=\"35\" width=\"35\" height=\"70\" as=\"geometry\"></mxGeometry></mxCell><mxCell id=\"pomview_1Nja2QQ9MGC_41NjaefMvADT\" style=\"swimlane;fontStyle=0;horizontal=1;startSize=26;horizontalStack=0;resizeParent=1;resizeParentMax=0;resizeLast=0;collapsible=1;marginBottom=0;swimlaneFillColor=#ffffff;\" vertex=\"1\" modelId=\"physicalnode_rJhlzQHlUpH\" parent=\"pomview_1Nja2QQ9MGC_21NjaefMJJ8k\"><mxGeometry x=\"160\" y=\"95\" width=\"280\" height=\"340\" as=\"geometry\"></mxGeometry></mxCell><mxCell id=\"pomview_1Nja2QQ9MGC_51NjaefMNl2l\" style=\"swimlane;fontStyle=0;childLayout=stackLayout;horizontal=1;startSize=26;horizontalStack=0;resizeParent=1;resizeParentMax=0;resizeLast=0;collapsible=1;marginBottom=0;swimlaneFillColor=#ffffff;\" vertex=\"1\" modelId=\"logicalnode_r1Ylf7HeUaS\" parent=\"pomview_1Nja2QQ9MGC_41NjaefMvADT\"><mxGeometry x=\"50\" y=\"55\" width=\"140\" height=\"110\" as=\"geometry\"></mxGeometry></mxCell><mxCell id=\"pomview_1Nja2QQ9MGC_321Njai8KsfeQ\" style=\"swimlane;fontStyle=0;horizontal=1;startSize=26;horizontalStack=0;resizeParent=1;resizeParentMax=0;resizeLast=0;collapsible=1;marginBottom=0;swimlaneFillColor=#ffffff;\" vertex=\"1\" modelId=\"physicalnode_r1RlMQHlUpB\" parent=\"pomview_1Nja2QQ9MGC_41NjaefMvADT\"><mxGeometry x=\"20\" y=\"150\" width=\"260\" height=\"190\" as=\"geometry\"></mxGeometry></mxCell><mxCell id=\"pomview_1Nja2QQ9MGC_331Njajkllvxs\" style=\"swimlane;fontStyle=0;horizontal=1;startSize=26;horizontalStack=0;resizeParent=1;resizeParentMax=0;resizeLast=0;collapsible=1;marginBottom=0;swimlaneFillColor=#ffffff;\" vertex=\"1\" modelId=\"physicalnode_rk1ZM7BgUaS\" parent=\"pomview_1Nja2QQ9MGC_321Njai8KsfeQ\"><mxGeometry x=\"120\" y=\"25\" width=\"140\" height=\"110\" as=\"geometry\"></mxGeometry></mxCell><mxCell id=\"pomview_1Nja2QQ9MGC_351Njaowr7n4W\" style=\"swimlane;fontStyle=0;childLayout=stackLayout;horizontal=1;startSize=26;horizontalStack=0;resizeParent=1;resizeParentMax=0;resizeLast=0;collapsible=1;marginBottom=0;swimlaneFillColor=#ffffff;\" vertex=\"1\" modelId=\"logicalnode_BkMZz7Bg8TB\" parent=\"pomview_1Nja2QQ9MGC_321Njai8KsfeQ\"><mxGeometry x=\"20\" y=\"80\" width=\"140\" height=\"50\" as=\"geometry\"></mxGeometry></mxCell><mxCell id=\"pomview_1Nja2QQ9MGC_61NjaefM9qrg\" style=\"endArrow=classic;html=1;noLabel=0;\" edge=\"1\" modelId=\"logicalconnection_HkSwfmSgI6r\" parent=\"pomview_1Nja2QQ9MGC_21NjaefMJJ8k\" source=\"pomview_1Nja2QQ9MGC_31NjaefMk8H8\" target=\"pomview_1Nja2QQ9MGC_51NjaefMNl2l\"><mxGeometry relative=\"1\" as=\"geometry\"></mxGeometry></mxCell></root></mxGraphModel>","coreInfo":[{"modelType":"POMView","logicalLayerStatus":"on","lastModifiedUserId":"cabuild@cn.ibm.com","description":"","lastModified":"2019-12-05T03:10:17Z","_id":"pomview_BJ4PMQreLaS","label":"pom"},{"modelType":"PhysicalNode","description":"","_id":"physicalnode_rk1ZM7BgUaS","type":"Container","cardinality":"1","label":"C. Node"},{"modelType":"PhysicalNode","description":"","_id":"physicalnode_r1RlMQHlUpB","type":"Virtual","cardinality":"1","label":"V. Node","children":"physicalnode_rk1ZM7BgUaS,logicalnode_BkMZz7Bg8TB"},{"modelType":"PhysicalNode","description":"","_id":"physicalnode_rJhlzQHlUpH","type":"Physical","cardinality":"1","label":"P. Node","children":"physicalnode_r1RlMQHlUpB,logicalnode_r1Ylf7HeUaS"},{"modelType":"LogicalConnection","description":"","_id":"logicalconnection_HkSwfmSgI6r","flowType":"Message (MQ, SMTP, SNMP, etc)","label":"","to":"logicalnode_r1Ylf7HeUaS","from":"actor_ByQMmBlUpH"},{"modelType":"OMLocation","description":"","_id":"omlocation_HyulMQrgLaS","cardinality":"1","label":"OMLocation","children":"physicalnode_rJhlzQHlUpH,actor_ByQMmBlUpH"}]},"aoditsystem_HylSMXBx8pS":{"uiInfo":"<mxGraphModel dx=\"939\" dy=\"598\" grid=\"1\" gridSize=\"10\" guides=\"1\" tooltips=\"1\" connect=\"1\" arrows=\"1\" fold=\"1\" page=\"1\" pageScale=\"1\" pageWidth=\"1169\" pageHeight=\"827\" background=\"#ffffff\"><root><mxCell id=\"0\" modelId=\"aoditsystem_HylSMXBx8pS\"></mxCell><mxCell id=\"1\" parent=\"0\"></mxCell><mxCell id=\"aoditsystem_HkyLxJ5TuVS_21RCZiFWr2ek\" style=\"whiteSpace=wrap;html=1;align=center;verticalAlign=top;strokeWidth=4;strokeColor=#CCCCCC;fillColor=none;\" vertex=\"1\" modelId=\"location_rkfBzXrg86r\" parent=\"1\"><mxGeometry x=\"480\" y=\"110\" width=\"250\" height=\"200\" as=\"geometry\"></mxGeometry></mxCell><mxCell id=\"aoditsystem_HkyLxJ5TuVS_31RCZiFWn6of\" style=\"shape=image;html=1;verticalLabelPosition=bottom;labelBackgroundColor=#ffffff;verticalAlign=top;imageAspect=0;image=/cogarch/assets/mxgraph/stencils/clipart/others/generic.svg\" vertex=\"1\" modelId=\"logicalnode_BkMZz7Bg8TB\" parent=\"1\"><mxGeometry x=\"590\" y=\"180\" width=\"60\" height=\"60\" as=\"geometry\"></mxGeometry></mxCell></root></mxGraphModel>","coreInfo":[{"modelType":"AODITSystem","lastModifiedUserId":"cabuild@cn.ibm.com","description":"","lastModified":"2019-12-05T03:10:17Z","_id":"aoditsystem_HylSMXBx8pS","label":"itsv"},{"modelType":"Location","description":"","_id":"location_rkfBzXrg86r","label":"Location","children":"logicalnode_BkMZz7Bg8TB"}]},"logicalerd_HyHBMQSg8aH":{"uiInfo":"<mxGraphModel dx=\"996\" dy=\"633\" grid=\"1\" gridSize=\"10\" guides=\"1\" tooltips=\"1\" connect=\"1\" arrows=\"1\" fold=\"1\" page=\"1\" pageScale=\"1\" pageWidth=\"1169\" pageHeight=\"827\" background=\"#ffffff\"><root><mxCell id=\"0\" modelId=\"logicalerd_HyHBMQSg8aH\"></mxCell><mxCell id=\"1\" parent=\"0\"></mxCell><mxCell id=\"logicalerd_1SWSoDC3XaA_21SWSqNUBRGa\" style=\"swimlane;fontStyle=0;childLayout=stackLayout;horizontal=1;startSize=26;horizontalStack=0;resizeParent=1;resizeParentMax=0;resizeLast=0;collapsible=0;marginBottom=0;swimlaneFillColor=#ffffff;\" vertex=\"1\" modelId=\"entity_H1crM7rgLar\" parent=\"1\"><mxGeometry x=\"330\" y=\"60\" width=\"140\" height=\"110\" as=\"geometry\"></mxGeometry></mxCell><mxCell id=\"logicalerd_1SWSoDC3XaA_31SWSrSDL5fH\" style=\"swimlane;fontStyle=0;childLayout=stackLayout;horizontal=1;startSize=26;horizontalStack=0;resizeParent=1;resizeParentMax=0;resizeLast=0;collapsible=0;marginBottom=0;swimlaneFillColor=#ffffff;\" vertex=\"1\" modelId=\"entity_HyfLzXHgI6B\" parent=\"1\"><mxGeometry x=\"320\" y=\"510\" width=\"140\" height=\"110\" as=\"geometry\"></mxGeometry></mxCell><mxCell id=\"logicalerd_1SWSoDC3XaA_51SWSu4UNl4W\" style=\"rhombus;html=1;\" vertex=\"1\" modelId=\"relationship_B10SGQBeI6H\" parent=\"1\"><mxGeometry x=\"325\" y=\"285\" width=\"140\" height=\"70\" as=\"geometry\"></mxGeometry></mxCell><mxCell id=\"logicalerd_1SWSoDC3XaA_61SWSu4Wgn1Z\" style=\"edgeStyle=orthogonalEdgeStyle;html=1;fontStyle=1;fontSize=12;endArrow=none;endSize=8;editable=0;\" edge=\"1\" modelId=\"relationshipconnection_S1hHzXSlIaS\" parent=\"1\" source=\"logicalerd_1SWSoDC3XaA_21SWSqNUBRGa\" target=\"logicalerd_1SWSoDC3XaA_51SWSu4UNl4W\"><mxGeometry x=\"-0.5\" relative=\"1\" as=\"geometry\"></mxGeometry></mxCell><mxCell id=\"logicalerd_1SWSoDC3XaA_41SWSu4QlL7x\" style=\"edgeStyle=orthogonalEdgeStyle;html=1;fontStyle=1;fontSize=12;endArrow=none;endSize=8;editable=0;rounded=1;entryX=0.5;entryY=0;\" edge=\"1\" modelId=\"relationshipconnection_SkNUGQBxLTS\" parent=\"1\" source=\"logicalerd_1SWSoDC3XaA_51SWSu4UNl4W\" target=\"logicalerd_1SWSoDC3XaA_31SWSrSDL5fH\"><mxGeometry x=\"0.5\" relative=\"1\" as=\"geometry\"></mxGeometry></mxCell><mxCell id=\"logicalerd_1SWSoDC3XaA_71SWSuEJYEnA\" style=\"shape=triangle;whiteSpace=wrap;html=1;flipV=1;flipH=0;direction=south;hasHoverIcons=0;editable=0;\" vertex=\"1\" modelId=\"specialization_ByPrMmrlLTB\" parent=\"1\"><mxGeometry x=\"130\" y=\"290\" width=\"80\" height=\"60\" as=\"geometry\"></mxGeometry></mxCell><mxCell id=\"logicalerd_1SWSoDC3XaA_81SWSuEJpyaZ\" style=\"edgeStyle=orthogonalEdgeStyle;html=1;exitX=0;exitY=0.5;exitDx=0;exitDy=0;jettySize=auto;orthogonalLoop=1;endArrow=none;editable=0;entryX=0;entryY=0.5;\" edge=\"1\" modelId=\"specializationconnection_HkUHf7SxUpr\" parent=\"1\" source=\"logicalerd_1SWSoDC3XaA_71SWSuEJYEnA\" target=\"logicalerd_1SWSoDC3XaA_21SWSqNUBRGa\"><mxGeometry relative=\"1\" as=\"geometry\"><mxPoint x=\"170\" y=\"230\" as=\"targetPoint\"></mxPoint><Array as=\"points\"><mxPoint x=\"170\" y=\"115\"></mxPoint></Array></mxGeometry></mxCell><mxCell id=\"logicalerd_1SWSoDC3XaA_91SWSuEKmuQJ\" style=\"edgeStyle=orthogonalEdgeStyle;html=1;entryX=1;entryY=0.5;exitDx=0;exitDy=0;jettySize=auto;orthogonalLoop=1;endArrow=none;editable=0;exitX=0;exitY=0.5;\" edge=\"1\" modelId=\"specializationconnection_S1g8M7Be8aB\" parent=\"1\" source=\"logicalerd_1SWSoDC3XaA_31SWSrSDL5fH\" target=\"logicalerd_1SWSoDC3XaA_71SWSuEJYEnA\"><mxGeometry relative=\"1\" as=\"geometry\"><mxPoint x=\"170\" y=\"410\" as=\"sourcePoint\"></mxPoint><Array as=\"points\"><mxPoint x=\"170\" y=\"565\"></mxPoint></Array></mxGeometry></mxCell></root></mxGraphModel>","coreInfo":[{"modelType":"LogicalERD","lastModifiedUserId":"cabuild@cn.ibm.com","description":"","lastModified":"2019-12-05T03:10:17Z","_id":"logicalerd_HyHBMQSg8aH","label":"erd"}]},"lomview_HJLezQSg86r":{"uiInfo":"<mxGraphModel dx=\"939\" dy=\"598\" grid=\"1\" gridSize=\"10\" guides=\"1\" tooltips=\"1\" connect=\"1\" arrows=\"1\" fold=\"1\" page=\"1\" pageScale=\"1\" pageWidth=\"1169\" pageHeight=\"827\" background=\"#ffffff\"><root><mxCell id=\"0\" modelId=\"lomview_HJLezQSg86r\"></mxCell><mxCell id=\"1\" parent=\"0\"></mxCell><mxCell id=\"lomview_SkWlk5TO4B_21RCZD2oAETt\" style=\"shape=corner;whiteSpace=wrap;html=1;fillColor=none;container=1;align=center;verticalAlign=top;strokeWidth=4;strokeColor=#CCCCCC;dx=450;dy=300;\" vertex=\"1\" modelId=\"omlocation_HyulMQrgLaS\" parent=\"1\"><mxGeometry x=\"400\" y=\"90\" width=\"450\" height=\"300\" as=\"geometry\"></mxGeometry></mxCell><mxCell id=\"lomview_SkWlk5TO4B_31RCZD2ovY7J\" style=\"swimlane;fontStyle=0;childLayout=stackLayout;horizontal=1;startSize=26;horizontalStack=0;resizeParent=1;resizeParentMax=0;resizeLast=0;collapsible=1;marginBottom=0;swimlaneFillColor=#ffffff;\" vertex=\"1\" modelId=\"logicalnode_r1Ylf7HeUaS\" parent=\"lomview_SkWlk5TO4B_21RCZD2oAETt\"><mxGeometry x=\"115\" y=\"180\" width=\"140\" height=\"110\" as=\"geometry\"></mxGeometry></mxCell><mxCell id=\"lomview_SkWlk5TO4B_41RCZD2oTzdv\" style=\"shape=umlActor;html=1;verticalLabelPosition=bottom;verticalAlign=top;\" vertex=\"1\" modelId=\"actor_ByQMmBlUpH\" parent=\"lomview_SkWlk5TO4B_21RCZD2oAETt\"><mxGeometry x=\"50\" y=\"35\" width=\"35\" height=\"70\" as=\"geometry\"></mxGeometry></mxCell><mxCell id=\"lomview_SkWlk5TO4B_61RCZD2oSJOu\" style=\"swimlane;fontStyle=0;childLayout=stackLayout;horizontal=1;startSize=26;horizontalStack=0;resizeParent=1;resizeParentMax=0;resizeLast=0;collapsible=1;marginBottom=0;swimlaneFillColor=#ffffff;\" vertex=\"1\" modelId=\"logicalnode_BkMZz7Bg8TB\" parent=\"lomview_SkWlk5TO4B_21RCZD2oAETt\"><mxGeometry x=\"290\" y=\"130\" width=\"140\" height=\"50\" as=\"geometry\"></mxGeometry></mxCell></root></mxGraphModel>","coreInfo":[{"modelType":"LOMView","lastModifiedUserId":"cabuild@cn.ibm.com","description":"","lastModified":"2019-12-05T03:10:17Z","_id":"lomview_HJLezQSg86r","label":"lom"},{"modelType":"PhysicalNode","description":"","_id":"physicalnode_rk1ZM7BgUaS","type":"Container","cardinality":"1","owned":"-1","label":"C. Node"},{"modelType":"PhysicalNode","description":"","_id":"physicalnode_r1RlMQHlUpB","type":"Virtual","cardinality":"1","owned":"-1","label":"V. Node"},{"modelType":"PhysicalNode","description":"","_id":"physicalnode_rJhlzQHlUpH","type":"Physical","cardinality":"1","owned":"-1","label":"P. Node"},{"modelType":"OMLocation","description":"","_id":"omlocation_HyulMQrgLaS","cardinality":"1","label":"OMLocation","children":"logicalnode_r1Ylf7HeUaS,logicalnode_BkMZz7Bg8TB,actor_ByQMmBlUpH"}]},"aodservices_HkmXGmBeLar":{"uiInfo":"<mxGraphModel dx=\"1138\" dy=\"549\" grid=\"1\" gridSize=\"10\" guides=\"1\" tooltips=\"1\" connect=\"1\" arrows=\"1\" fold=\"1\" page=\"1\" pageScale=\"1\" pageWidth=\"1169\" pageHeight=\"827\" background=\"#ffffff\"><root><mxCell id=\"0\" modelId=\"aodservices_HkmXGmBeLar\"></mxCell><mxCell id=\"1\" parent=\"0\"></mxCell><mxCell id=\"aodservices_S1jBxy56_Er_SkHl91qrB_31SQV46fRfKV\" style=\"swimlane;whiteSpace=wrap;html=1;align=left;swimlaneLine=0;verticalAlign=top;collapsible=0;\" vertex=\"1\" modelId=\"subsystem_rJeQfQreUpB\" parent=\"1\"><mxGeometry x=\"80\" y=\"155\" width=\"200\" height=\"150\" as=\"geometry\"></mxGeometry></mxCell><mxCell id=\"aodservices_S1jBxy56_Er_SkHl91qrB_41SQV46fBAZA\" style=\"rounded=1;whiteSpace=wrap;html=1;\" vertex=\"1\" modelId=\"logicalcomponent_B1lgzQHgIaB\" parent=\"1\"><mxGeometry x=\"710\" y=\"170\" width=\"120\" height=\"60\" as=\"geometry\"></mxGeometry></mxCell><mxCell id=\"aodservices_S1jBxy56_Er_SkHl91qrB_51SQV46frFoT\" style=\"edgeStyle=orthogonalEdgeStyle;rounded=0;html=1;jettySize=auto;orthogonalLoop=1;\" edge=\"1\" modelId=\"logicalconnector_rJ17GmHeL6r\" parent=\"1\" source=\"aodservices_S1jBxy56_Er_SkHl91qrB_31SQV46fRfKV\" target=\"aodservices_S1jBxy56_Er_SkHl91qrB_41SQV46fBAZA\"><mxGeometry relative=\"1\" as=\"geometry\"></mxGeometry></mxCell></root></mxGraphModel>","coreInfo":[{"modelType":"AODServices","lastModifiedUserId":"cabuild@cn.ibm.com","description":"","lastModified":"2019-12-05T03:10:17Z","_id":"aodservices_HkmXGmBeLar","label":"sv"},{"modelType":"SubSystem","description":"","_id":"subsystem_rJeQfQreUpB","label":"SubSystem"}]},"aodenterprise_rkbMXHl8TH":{"uiInfo":"<mxGraphModel dx=\"939\" dy=\"598\" grid=\"1\" gridSize=\"10\" guides=\"1\" tooltips=\"1\" connect=\"1\" arrows=\"1\" fold=\"1\" page=\"1\" pageScale=\"1\" pageWidth=\"1169\" pageHeight=\"827\" background=\"#ffffff\"><root><mxCell id=\"0\" modelId=\"aodenterprise_rkbMXHl8TH\"></mxCell><mxCell id=\"1\" parent=\"0\"></mxCell><mxCell id=\"aodenterprise_SkDEey5puEH_21RCZcrehHmm\" style=\"shape=image;html=1;verticalLabelPosition=bottom;labelBackgroundColor=#ffffff;verticalAlign=top;imageAspect=0;image=/cogarch/assets/mxgraph/stencils/clipart/aodenterprise/channel.svg\" vertex=\"1\" modelId=\"logicalcomponent_rJjM7reLTB\" parent=\"1\"><mxGeometry x=\"610\" y=\"110\" width=\"72\" height=\"50\" as=\"geometry\"></mxGeometry></mxCell><mxCell id=\"aodenterprise_SkDEey5puEH_31RCZcrfAYlm\" style=\"shape=umlActor;html=1;verticalLabelPosition=bottom;verticalAlign=top;\" vertex=\"1\" modelId=\"actor_ByQMmBlUpH\" parent=\"1\"><mxGeometry x=\"230\" y=\"200\" width=\"35\" height=\"70\" as=\"geometry\"></mxGeometry></mxCell><mxCell id=\"aodenterprise_SkDEey5puEH_51RCZcrfKDP8\" style=\"edgeStyle=orthogonalEdgeStyle;rounded=0;html=1;entryX=0;entryY=0.5;jettySize=auto;orthogonalLoop=1;\" edge=\"1\" modelId=\"logicalconnector_ByGMmSlU6S\" parent=\"1\" source=\"aodenterprise_SkDEey5puEH_31RCZcrfAYlm\" target=\"aodenterprise_SkDEey5puEH_21RCZcrehHmm\"><mxGeometry relative=\"1\" as=\"geometry\"></mxGeometry></mxCell><mxCell id=\"aodenterprise_SkDEey5puEH_71RCZcrfLs2P\" style=\"rounded=1;whiteSpace=wrap;html=1;\" vertex=\"1\" modelId=\"logicalcomponent_B1lgzQHgIaB\" parent=\"1\"><mxGeometry x=\"341\" y=\"370\" width=\"120\" height=\"60\" as=\"geometry\"></mxGeometry></mxCell><mxCell id=\"aodenterprise_SkDEey5puEH_81RCZcrfZGju\" style=\"edgeStyle=orthogonalEdgeStyle;rounded=0;html=1;jettySize=auto;orthogonalLoop=1;\" edge=\"1\" modelId=\"logicalconnector_BkCMXSeL6H\" parent=\"1\" source=\"aodenterprise_SkDEey5puEH_31RCZcrfAYlm\" target=\"aodenterprise_SkDEey5puEH_71RCZcrfLs2P\"><mxGeometry relative=\"1\" as=\"geometry\"></mxGeometry></mxCell></root></mxGraphModel>","coreInfo":[{"modelType":"AODEnterprise","lastModifiedUserId":"cabuild@cn.ibm.com","description":"","lastModified":"2019-12-05T03:10:17Z","_id":"aodenterprise_rkbMXHl8TH","label":"ev"}]},"cmstaticview_BkEFMmHxLar":{"uiInfo":"<mxGraphModel dx=\"1182\" dy=\"477\" grid=\"1\" gridSize=\"10\" guides=\"1\" tooltips=\"1\" connect=\"1\" arrows=\"1\" fold=\"1\" page=\"1\" pageScale=\"1\" pageWidth=\"1169\" pageHeight=\"827\" background=\"#ffffff\"><root><mxCell id=\"0\" modelId=\"cmstaticview_BkEFMmHxLar\"></mxCell><mxCell id=\"1\" parent=\"0\"></mxCell><mxCell id=\"cmstaticview_1Nj8wbFxom3_21Nj97MCysZf\" style=\"html=1;\" vertex=\"1\" modelId=\"logicalcomponent_B1lgzQHgIaB\" parent=\"1\"><mxGeometry x=\"650\" y=\"90\" width=\"180\" height=\"90\" as=\"geometry\"></mxGeometry></mxCell><mxCell id=\"cmstaticview_1Nj8wbFxom3_31Nj97MCg13E\" value=\"\" style=\"shape=component;jettyWidth=8;jettyHeight=4;connectable=0;constituent=1;\" parent=\"cmstaticview_1Nj8wbFxom3_21Nj97MCysZf\" vertex=\"1\"><mxGeometry x=\"1\" width=\"20\" height=\"20\" relative=\"1\" as=\"geometry\"><mxPoint x=\"-27\" y=\"7\" as=\"offset\"></mxPoint></mxGeometry></mxCell><mxCell id=\"cmstaticview_1Nj8wbFxom3_41Nj97MChmoC\" style=\"html=1;\" vertex=\"1\" modelId=\"logicalcomponent_rkxfMmSxL6r\" parent=\"1\"><mxGeometry x=\"650\" y=\"300\" width=\"180\" height=\"90\" as=\"geometry\"></mxGeometry></mxCell><mxCell id=\"cmstaticview_1Nj8wbFxom3_51Nj97MCBDp3\" value=\"\" style=\"shape=component;jettyWidth=8;jettyHeight=4;connectable=0;constituent=1;\" parent=\"cmstaticview_1Nj8wbFxom3_41Nj97MChmoC\" vertex=\"1\"><mxGeometry x=\"1\" width=\"20\" height=\"20\" relative=\"1\" as=\"geometry\"><mxPoint x=\"-27\" y=\"7\" as=\"offset\"></mxPoint></mxGeometry></mxCell><mxCell id=\"cmstaticview_1Nj8wbFxom3_61Nj97MC1GXk\" style=\"shape=umlActor;html=1;verticalLabelPosition=bottom;verticalAlign=top;\" vertex=\"1\" modelId=\"actor_ByQMmBlUpH\" parent=\"1\"><mxGeometry x=\"160\" y=\"100\" width=\"35\" height=\"70\" as=\"geometry\"></mxGeometry></mxCell><mxCell id=\"cmstaticview_1Nj8wbFxom3_71Nj97MCYBRx\" style=\"shape=process;html=1;whiteSpace=wrap;\" vertex=\"1\" modelId=\"actor_Skv4MmHg8aB\" parent=\"1\"><mxGeometry x=\"178\" y=\"300\" width=\"120\" height=\"60\" as=\"geometry\"></mxGeometry></mxCell><mxCell id=\"cmstaticview_1Nj8wbFxom3_81Nj97MCXNLa\" style=\"endArrow=classic;html=1;dashed=1;entryX=0;entryY=0.5;exitX=1;exitY=1;exitPerimeter=0;\" edge=\"1\" modelId=\"logicalconnector_H1LYMXrgIpr\" parent=\"1\" source=\"cmstaticview_1Nj8wbFxom3_61Nj97MC1GXk\" target=\"cmstaticview_1Nj8wbFxom3_41Nj97MChmoC\"><mxGeometry width=\"70\" height=\"50\" relative=\"1\" as=\"geometry\"><mxPoint x=\"380\" y=\"270\" as=\"sourcePoint\"></mxPoint><mxPoint x=\"450\" y=\"220\" as=\"targetPoint\"></mxPoint></mxGeometry></mxCell><mxCell id=\"cmstaticview_1Nj8wbFxom3_251Nj98Hx4G1A\" style=\"edgeStyle=orthogonalEdgeStyle;rounded=0;html=1;dashed=1;entryX=0;entryY=0.5;jettySize=auto;orthogonalLoop=1;\" edge=\"1\" modelId=\"logicalconnector_SkdKM7BxIpB\" parent=\"1\" source=\"cmstaticview_1Nj8wbFxom3_71Nj97MCYBRx\" target=\"cmstaticview_1Nj8wbFxom3_21Nj97MCysZf\"><mxGeometry relative=\"1\" as=\"geometry\"></mxGeometry></mxCell></root></mxGraphModel>","coreInfo":[{"modelType":"CMStaticView","lastModifiedUserId":"cabuild@cn.ibm.com","description":"","lastModified":"2019-12-05T03:10:17Z","_id":"cmstaticview_BkEFMmHxLar","type":"Component Relationship Diagram","label":"stv"}]},"usecasediagram_Hkv7MmHe86r":{"uiInfo":"<mxGraphModel dx=\"1138\" dy=\"491\" grid=\"1\" gridSize=\"10\" guides=\"1\" tooltips=\"1\" connect=\"1\" arrows=\"1\" fold=\"1\" page=\"1\" pageScale=\"1\" pageWidth=\"1169\" pageHeight=\"827\" background=\"#ffffff\"><root><mxCell id=\"0\" modelId=\"usecasediagram_Hkv7MmHe86r\"></mxCell><mxCell id=\"1\" parent=\"0\"></mxCell><mxCell id=\"usecasediagram_HygMCDV50tr_21XMmyRceGKr\" style=\"edgeStyle=orthogonalEdgeStyle;rounded=0;html=1;endArrow=none;entryX=0.5;entryY=0;entryPerimeter=0;\" edge=\"1\" modelId=\"association_B1lEz7reUTS\" parent=\"1\" source=\"usecasediagram_HygMCDV50tr_51XMmyRdNVJs\" target=\"usecasediagram_HygMCDV50tr_31XMmyRdsMoB\"><mxGeometry relative=\"1\" as=\"geometry\"></mxGeometry></mxCell><mxCell id=\"usecasediagram_HygMCDV50tr_31XMmyRdsMoB\" style=\"shape=umlActor;html=1;verticalLabelPosition=bottom;verticalAlign=top;\" vertex=\"1\" modelId=\"actor_ByQMmBlUpH\" parent=\"1\"><mxGeometry x=\"210\" y=\"320\" width=\"35\" height=\"70\" as=\"geometry\"></mxGeometry></mxCell><mxCell id=\"usecasediagram_HygMCDV50tr_41XMmyRdOQle\" style=\"edgeStyle=orthogonalEdgeStyle;rounded=0;html=1;endArrow=block;endSize=16;endFill=0;dashed=1;entryX=0;entryY=0.5;\" edge=\"1\" modelId=\"association_Hyp7fmSxLTS\" parent=\"1\" source=\"usecasediagram_HygMCDV50tr_51XMmyRdNVJs\" target=\"usecasediagram_HygMCDV50tr_61XMmyRdQnDl\"><mxGeometry relative=\"1\" as=\"geometry\"></mxGeometry></mxCell><mxCell id=\"usecasediagram_HygMCDV50tr_51XMmyRdNVJs\" style=\"ellipse;whiteSpace=wrap;html=1;\" vertex=\"1\" modelId=\"usecase_BJ57fmBxU6B\" parent=\"1\"><mxGeometry x=\"170\" y=\"70\" width=\"140\" height=\"70\" as=\"geometry\"></mxGeometry></mxCell><mxCell id=\"usecasediagram_HygMCDV50tr_61XMmyRdQnDl\" style=\"ellipse;whiteSpace=wrap;html=1;\" vertex=\"1\" modelId=\"usecase_r1uQGXSx8pr\" parent=\"1\"><mxGeometry x=\"570\" y=\"105\" width=\"140\" height=\"70\" as=\"geometry\"></mxGeometry></mxCell></root></mxGraphModel>","coreInfo":[{"modelType":"UseCaseDiagram","lastModifiedUserId":"cabuild@cn.ibm.com","description":"ucd desc","lastModified":"2019-12-05T03:10:17Z","_id":"usecasediagram_Hkv7MmHe86r","label":"ucd"}]},"cmdynamicview_HyYPf7BlITr":{"uiInfo":"<mxGraphModel dx=\"996\" dy=\"192\" grid=\"1\" gridSize=\"10\" guides=\"1\" tooltips=\"1\" connect=\"1\" arrows=\"1\" fold=\"1\" page=\"1\" pageScale=\"1\" pageWidth=\"1169\" pageHeight=\"827\" background=\"#ffffff\"><root><mxCell id=\"0\" modelId=\"cmdynamicview_HyYPf7BlITr\"></mxCell><mxCell id=\"1\" parent=\"0\"></mxCell><mxCell id=\"cmdynamicview_Hk7BfQWrsrS_21TJafYFM171\" style=\"html=1;verticalAlign=bottom;endArrow=block;noLabel=0;\" edge=\"1\" modelId=\"componentmessage_HkJuzXSeITB\" parent=\"1\" source=\"cmdynamicview_Hk7BfQWrsrS_51TJafYGqAYr\" target=\"cmdynamicview_Hk7BfQWrsrS_61TJafYHcg5D\"><mxGeometry width=\"80\" relative=\"1\" as=\"geometry\"><mxPoint x=\"390\" y=\"140\" as=\"sourcePoint\"></mxPoint><mxPoint x=\"470\" y=\"140\" as=\"targetPoint\"></mxPoint><Array as=\"points\"><mxPoint x=\"520\" y=\"140\"></mxPoint></Array></mxGeometry></mxCell><mxCell id=\"cmdynamicview_Hk7BfQWrsrS_31TJafYG78Yr\" style=\"edgeStyle=orthogonalEdgeStyle;html=1;align=left;spacingLeft=2;endArrow=block;rounded=0;noLabel=0;\" edge=\"1\" modelId=\"componentmessage_By9PzXSxITH\" parent=\"1\" source=\"cmdynamicview_Hk7BfQWrsrS_61TJafYHcg5D\" target=\"cmdynamicview_Hk7BfQWrsrS_61TJafYHcg5D\"><mxGeometry relative=\"1\" as=\"geometry\"><mxPoint x=\"860\" y=\"170\" as=\"sourcePoint\"></mxPoint><mxPoint x=\"860\" y=\"190\" as=\"targetPoint\"></mxPoint><Array as=\"points\"><mxPoint x=\"935\" y=\"170\"></mxPoint><mxPoint x=\"935\" y=\"190\"></mxPoint></Array></mxGeometry></mxCell><mxCell id=\"cmdynamicview_Hk7BfQWrsrS_41TJafYGyyLM\" style=\"html=1;verticalAlign=bottom;endArrow=open;dashed=1;endSize=8;noLabel=0;\" edge=\"1\" modelId=\"componentmessage_HkmuzQBe8ar\" parent=\"1\" source=\"cmdynamicview_Hk7BfQWrsrS_61TJafYHcg5D\" target=\"cmdynamicview_Hk7BfQWrsrS_51TJafYGqAYr\"><mxGeometry relative=\"1\" as=\"geometry\"><mxPoint x=\"530\" y=\"250\" as=\"sourcePoint\"></mxPoint><mxPoint x=\"450\" y=\"250\" as=\"targetPoint\"></mxPoint><Array as=\"points\"><mxPoint x=\"520\" y=\"220\"></mxPoint></Array></mxGeometry></mxCell><mxCell id=\"cmdynamicview_Hk7BfQWrsrS_51TJafYGqAYr\" style=\"shape=umlLifeline;participant=process;perimeter=lifelinePerimeter;whiteSpace=wrap;html=1;container=1;collapsible=0;recursiveResize=0;outlineConnect=0;\" vertex=\"1\" modelId=\"timeline_SJ-dzQrgITH\" parent=\"1\"><mxGeometry x=\"200\" y=\"50\" width=\"100\" height=\"300\" as=\"geometry\"></mxGeometry></mxCell><mxCell id=\"cmdynamicview_Hk7BfQWrsrS_61TJafYHcg5D\" style=\"shape=umlLifeline;rounded=1;perimeter=lifelinePerimeter;whiteSpace=wrap;html=1;container=1;collapsible=0;recursiveResize=0;outlineConnect=0;\" vertex=\"1\" modelId=\"timeline_SysvzXHxUaB\" parent=\"1\"><mxGeometry x=\"740\" y=\"50\" width=\"100\" height=\"300\" as=\"geometry\"></mxGeometry></mxCell><mxCell id=\"cmdynamicview_Hk7BfQWrsrS_71TJafYHUrb6\" modelId=\"logicalcomponent_Hk6ZMmrg8pH\" parent=\"1\"></mxCell><mxCell id=\"cmdynamicview_Hk7BfQWrsrS_81TJafYHcIiK\" modelId=\"actor_Skv4MmHg8aB\" parent=\"1\"></mxCell><mxCell id=\"cmdynamicview_Hk7BfQWrsrS_121TJafYIV6XG\" modelId=\"usecase_BJ57fmBxU6B\" parent=\"1\"></mxCell></root></mxGraphModel>","coreInfo":[{"modelType":"CMDynamicView","lastModifiedUserId":"cabuild@cn.ibm.com","description":"","lastModified":"2019-12-05T03:10:17Z","_id":"cmdynamicview_HyYPf7BlITr","type":"Component Interaction Diagram","label":"dv"},{"modelType":"ComponentMessage","description":"","_id":"componentmessage_By9PzXSxITH","type":"Call","label":"Call"},{"modelType":"Timeline","_id":"timeline_SysvzXHxUaB","children":"logicalcomponent_Hk6ZMmrg8pH"},{"modelType":"ComponentMessage","description":"","_id":"componentmessage_HkJuzXSeITB","type":"Call","label":"Call"},{"modelType":"Timeline","_id":"timeline_SJ-dzQrgITH","children":"actor_Skv4MmHg8aB"},{"modelType":"UseCase","description":"","_id":"usecase_BJ57fmBxU6B","label":"uc1","uc_id":"uc1"},{"modelType":"ComponentMessage","description":"","_id":"componentmessage_HkmuzQBe8ar","type":"Return","label":"Return"}]},"aodusagescenario_S1azG7SlU6B":{"uiInfo":"<mxGraphModel dx=\"1389\" dy=\"477\" grid=\"1\" gridSize=\"10\" guides=\"1\" tooltips=\"1\" connect=\"1\" arrows=\"1\" fold=\"1\" page=\"1\" pageScale=\"1\" pageWidth=\"1169\" pageHeight=\"827\" background=\"#ffffff\"><root><mxCell id=\"0\" modelId=\"aodusagescenario_S1azG7SlU6B\"></mxCell><mxCell id=\"1\" parent=\"0\"></mxCell><mxCell id=\"aodservices_S1jBxy56_Er_SkHl91qrB_31SQV46fRfKV\" style=\"swimlane;whiteSpace=wrap;html=1;align=left;swimlaneLine=0;verticalAlign=top;collapsible=0;\" vertex=\"1\" modelId=\"subsystem_rJeQfQreUpB\" parent=\"1\"><mxGeometry x=\"80\" y=\"155\" width=\"200\" height=\"150\" as=\"geometry\"></mxGeometry></mxCell><mxCell id=\"aodservices_S1jBxy56_Er_SkHl91qrB_41SQV46fBAZA\" style=\"rounded=1;whiteSpace=wrap;html=1;\" vertex=\"1\" modelId=\"logicalcomponent_B1lgzQHgIaB\" parent=\"1\"><mxGeometry x=\"710\" y=\"170\" width=\"120\" height=\"60\" as=\"geometry\"></mxGeometry></mxCell><mxCell id=\"aodservices_S1jBxy56_Er_SkHl91qrB_51SQV46frFoT\" style=\"edgeStyle=orthogonalEdgeStyle;rounded=0;html=1;jettySize=auto;orthogonalLoop=1;\" edge=\"1\" modelId=\"logicalconnector_rJ17GmHeL6r\" parent=\"1\" source=\"aodservices_S1jBxy56_Er_SkHl91qrB_31SQV46fRfKV\" target=\"aodservices_S1jBxy56_Er_SkHl91qrB_41SQV46fBAZA\"><mxGeometry relative=\"1\" as=\"geometry\"></mxGeometry></mxCell><mxCell id=\"ui_BJejQavTB\" modelId=\"aodservices_HkmXGmBeLar\" parent=\"1\"></mxCell></root></mxGraphModel>","coreInfo":[{"modelType":"AODUsageScenario","lastModifiedUserId":"cabuild@cn.ibm.com","description":"","lastModified":"2019-12-05T03:10:17Z","_id":"aodusagescenario_S1azG7SlU6B","label":"us"},{"modelType":"AODServices","annotation":["{\"dx\":1138,\"dy\":549,\"grid\":1,\"gridSize\":10,\"guides\":1,\"tooltips\":1,\"connect\":1,\"arrows\":1,\"fold\":1,\"page\":1,\"pageScale\":1,\"pageWidth\":1169,\"pageHeight\":827,\"background\":\"#ffffff\"}"],"lastModifiedUserId":"cabuild@cn.ibm.com","description":"","lastModified":"2019-12-05T03:10:17Z","_id":"aodservices_HkmXGmBeLar","label":"sv","children":"logicalconnector_rJ17GmHeL6r"},{"modelType":"UsageStep","description":"","_id":"usagestep_S1AzMQrlUpH","label":"1","children":"logicalconnector_rJ17GmHeL6r"},{"modelType":"SubSystem","description":"","_id":"subsystem_rJeQfQreUpB","label":"SubSystem"}],"additional":{"owneds":[]}}}},"solution_advisors":{},"auditLog":{"_id":"architectureauditentry_gm8v4jWwv","archId":"arch_Skz7Be8pr","archChangeLog":[{"_id":"architecturechangelog_SEpP9eJdh","date":"2019-12-06T12:03:20.739Z","type":"GITHUB_EXPORT","user":{"fullname":"Cognitive Architect Cognitive Architect Build","email":"cabuild@cn.ibm.com"},"appVersion":"2.6.1","dataVersion":"1.2"},{"_id":"architecturechangelog_P0jDQdLwO","date":"2019-12-06T12:02:34.654Z","type":"GITHUB_EXPORT","user":{"fullname":"Cognitive Architect Cognitive Architect Build","email":"cabuild@cn.ibm.com"},"appVersion":"2.6.1","dataVersion":"1.2"},{"_id":"architecturechangelog_SboOj1osj","date":"2019-12-06T12:02:01.312Z","type":"GITHUB_EXPORT","user":{"fullname":"Cognitive Architect Cognitive Architect Build","email":"cabuild@cn.ibm.com"},"appVersion":"2.6.1","dataVersion":"1.2"},{"_id":"architecturechangelog_UgtariCAw","date":"2019-12-06T04:38:07.670Z","type":"GITHUB_EXPORT","user":{"fullname":"Cognitive Architect Cognitive Architect Build","email":"cabuild@cn.ibm.com"},"appVersion":"2.6.1","dataVersion":"1.2"},{"_id":"architecturechangelog_s0e1sXJyF","date":"2019-12-06T04:37:44.967Z","type":"GITHUB_EXPORT","user":{"fullname":"Cognitive Architect Cognitive Architect Build","email":"cabuild@cn.ibm.com"},"appVersion":"2.6.1","dataVersion":"1.2"},{"_id":"architecturechangelog_EPGwS5F92","date":"2019-12-06T04:36:59.506Z","type":"GITHUB_EXPORT","user":{"fullname":"Cognitive Architect Cognitive Architect Build","email":"cabuild@cn.ibm.com"},"appVersion":"2.6.1","dataVersion":"1.2"},{"_id":"architecturechangelog_inJfU4yob","date":"2019-12-06T04:36:22.551Z","type":"GITHUB_EXPORT","user":{"fullname":"Cognitive Architect Cognitive Architect Build","email":"cabuild@cn.ibm.com"},"appVersion":"2.6.1","dataVersion":"1.2"},{"_id":"architecturechangelog_EtjjRDSwc","date":"2019-12-06T02:40:26.598Z","type":"GITHUB_EXPORT","user":{"fullname":"Cognitive Architect Cognitive Architect Build","email":"cabuild@cn.ibm.com"},"appVersion":"2.6.1","dataVersion":"1.2"},{"_id":"architecturechangelog_Fr16Wiz4M","date":"2019-12-06T02:40:09.463Z","type":"GITHUB_EXPORT","user":{"fullname":"Cognitive Architect Cognitive Architect Build","email":"cabuild@cn.ibm.com"},"appVersion":"2.6.1","dataVersion":"1.2"},{"_id":"architecturechangelog_3suROeFtp","date":"2019-12-06T02:39:22.579Z","type":"GITHUB_EXPORT","user":{"fullname":"Cognitive Architect Cognitive Architect Build","email":"cabuild@cn.ibm.com"},"appVersion":"2.6.1","dataVersion":"1.2"},{"_id":"architecturechangelog_HFbcWQM9L","date":"2019-12-06T02:38:48.218Z","type":"GITHUB_EXPORT","user":{"fullname":"Cognitive Architect Cognitive Architect Build","email":"cabuild@cn.ibm.com"},"appVersion":"2.6.1","dataVersion":"1.2"},{"_id":"architecturechangelog_dYS34z7pS","date":"2019-12-05T12:03:36.678Z","type":"GITHUB_EXPORT","user":{"fullname":"Cognitive Architect Cognitive Architect Build","email":"cabuild@cn.ibm.com"},"appVersion":"2.6.1","dataVersion":"1.2"},{"_id":"architecturechangelog_VwlJdpJBu","date":"2019-12-05T12:03:17.907Z","type":"GITHUB_EXPORT","user":{"fullname":"Cognitive Architect Cognitive Architect Build","email":"cabuild@cn.ibm.com"},"appVersion":"2.6.1","dataVersion":"1.2"},{"_id":"architecturechangelog_zKWa37Tg3","date":"2019-12-05T12:02:32.360Z","type":"GITHUB_EXPORT","user":{"fullname":"Cognitive Architect Cognitive Architect Build","email":"cabuild@cn.ibm.com"},"appVersion":"2.6.1","dataVersion":"1.2"},{"_id":"architecturechangelog_kUjGtW5pU","date":"2019-12-05T12:02:01.068Z","type":"GITHUB_EXPORT","user":{"fullname":"Cognitive Architect Cognitive Architect Build","email":"cabuild@cn.ibm.com"},"appVersion":"2.6.1","dataVersion":"1.2"},{"_id":"architecturechangelog_NIMkvJ_7f","date":"2019-12-05T08:43:53.798Z","type":"GITHUB_EXPORT","user":{"fullname":"Cognitive Architect Cognitive Architect Build","email":"cabuild@cn.ibm.com"},"appVersion":"2.6.1","dataVersion":"1.2"},{"_id":"architecturechangelog_BGlCpII6d","date":"2019-12-05T03:19:24.834Z","type":"GITHUB_EXPORT","user":{"fullname":"Cognitive Architect Cognitive Architect Build","email":"cabuild@cn.ibm.com"},"appVersion":"2.6.1","dataVersion":"1.2"},{"_id":"architecturechangelog_Em-S-b26I","date":"2019-12-05T03:19:05.798Z","type":"GITHUB_EXPORT","user":{"fullname":"Cognitive Architect Cognitive Architect Build","email":"cabuild@cn.ibm.com"},"appVersion":"2.6.1","dataVersion":"1.2"},{"_id":"architecturechangelog_O-CQ74ScZ","date":"2019-12-05T03:18:20.981Z","type":"GITHUB_EXPORT","user":{"fullname":"Cognitive Architect Cognitive Architect Build","email":"cabuild@cn.ibm.com"},"appVersion":"2.6.1","dataVersion":"1.2"},{"_id":"architecturechangelog_9YcVqq7E3","date":"2019-12-05T03:17:53.577Z","type":"GITHUB_EXPORT","user":{"fullname":"Cognitive Architect Cognitive Architect Build","email":"cabuild@cn.ibm.com"},"appVersion":"2.6.1","dataVersion":"1.2"},{"_id":"architecturechangelog_SnkzZBTuYj","date":"2019-12-05T03:10:21.328Z","type":"CREATE","user":{"fullname":"Cognitive Architect Cognitive Architect Build","email":"cabuild@cn.ibm.com"}}]}}