{"toc":[{"globalTOCPosition":"1","artifactTypeName":"Overview","artifactType":"assetartifact_executivesummary","displayName":"Overview","format":"text","_id":"artifacttype_9edbd406-69fb-3a95-8b2e-58a0974b2710","child":[],"hasContent":true},{"globalTOCPosition":"2","displayName":"Scope","parentGroup":"","_id":"artifactgroup_7dc829db-0746-3ddc-816c-d07338d4eebf","child":[{"globalTOCPosition":"2.1","artifactTypeName":"Business Challenge","artifactType":"assetartifact_businesschallenge","displayName":"Business Challenge","format":"text","_id":"artifacttype_d1ab4a95-e05f-3882-9f19-6500fc0d3b2b","hasContent":true},{"globalTOCPosition":"2.2","artifactTypeName":"System Context","artifactType":"assetartifact_systemcontext","displayName":"System Context","format":"diagram","_id":"artifacttype_8ca70362-e3d1-3b9c-91d1-f755d029a2e3","hasContent":true}]},{"globalTOCPosition":"3","displayName":"Requirement","parentGroup":"","_id":"artifactgroup_3b8700e6-c854-3ec9-af0e-9b2e600721ce","child":[{"globalTOCPosition":"3.1","displayName":"Use Case Model","parentGroup":"artifactgroup_3b8700e6-c854-3ec9-af0e-9b2e600721ce","_id":"artifactgroup_6e299154-751f-36ee-acb2-145c8af87481","child":[{"artifactTypeName":"Use Case Diagram","globalTOCPosition":"3.1.1","artifactType":"assetartifact_usecase_ucdiagram","displayName":"Use Case Diagram","format":"diagram","_id":"artifacttype_cde39d5e-c892-3093-ab3d-bad448acb8a0","hasContent":true},{"globalTOCPosition":"3.1.2","artifactTypeName":"Use Case","artifactType":"assetartifact_usecase_uctext","displayName":"Use Case","format":"text","_id":"artifacttype_dde4b71c-82db-3f66-964a-3a04fbf56dff","hasContent":true}]},{"globalTOCPosition":"3.2","artifactTypeName":"Functional Requirements","artifactType":"assetartifact_functionalrequirement","displayName":"Functional Requirements","format":"text","_id":"artifacttype_12eefe0a-435b-3176-8bbe-4dc928a2e4c3","hasContent":true},{"artifactTypeName":"Non Functional Requirements","globalTOCPosition":"3.3","artifactType":"assetartifact_nonfunctionalrequirement","displayName":"Non Functional Requirements","format":"text","_id":"artifacttype_f0eebd79-15c9-3ebc-a73b-8efc3f634f59","hasContent":true}]},{"globalTOCPosition":"4","displayName":"Data Model","parentGroup":"","_id":"artifactgroup_40044cbe-6c76-33a1-b9e0-eab8937d30ca","child":[{"artifactTypeName":"Logical Data Model","globalTOCPosition":"4.1","artifactType":"assetartifact_logical_datamodel","displayName":"Logical Data Model","format":"diagram","_id":"artifacttype_246bc46f-0286-3ad4-bf01-679592db59c7","hasContent":true}]},{"globalTOCPosition":"5","displayName":"Architecture","parentGroup":"","_id":"artifactgroup_074a2b74-43d8-315a-b88b-c0b421754f02","child":[{"globalTOCPosition":"5.1","displayName":"Architecture Overview","parentGroup":"artifactgroup_074a2b74-43d8-315a-b88b-c0b421754f02","_id":"artifactgroup_771e7b65-3b46-390d-bc41-3c88cfaf13ef","child":[{"artifactTypeName":"Services View","globalTOCPosition":"5.1.1","artifactType":"assetartifact_architectureoverview_aodservice","displayName":"Services View","format":"diagram","_id":"artifacttype_2c548a13-6bd9-3edc-a496-0318af82f0d1","hasContent":true},{"artifactTypeName":"Enterprise View","globalTOCPosition":"5.1.2","artifactType":"assetartifact_architectureoverview_enterprise","displayName":"Enterprise View","format":"diagram","_id":"artifacttype_16bfe592-ae95-371c-9f64-3a881b667707","hasContent":true},{"globalTOCPosition":"5.1.3","artifactTypeName":"IT System View","artifactType":"assetartifact_architectureoverview_itsystem","displayName":"IT System View","format":"diagram","_id":"artifacttype_355f72be-6566-3f48-8b15-c30f671d7c8f","hasContent":true},{"artifactTypeName":"Usage Scenario","globalTOCPosition":"5.1.4","artifactType":"assetartifact_architectureoverview_usagescenario","displayName":"Usage Scenario","format":"diagram","_id":"artifacttype_d118451c-0816-3aa5-8b89-3119feb4168a","hasContent":true}]},{"globalTOCPosition":"5.2","artifactTypeName":"Architectural Decisions","artifactType":"assetartifact_architecturedecision","displayName":"Architectural Decisions","format":"text","_id":"artifacttype_fddae3fa-aafa-32af-94a4-bc3e1ed255cc","parentGroup":"artifactgroup_074a2b74-43d8-315a-b88b-c0b421754f02","child":[],"hasContent":true},{"globalTOCPosition":"5.3","displayName":"Component Model","parentGroup":"artifactgroup_074a2b74-43d8-315a-b88b-c0b421754f02","_id":"artifactgroup_c848fca1-3956-3bb4-8c88-8815b99e00fc","child":[{"globalTOCPosition":"5.3.1","artifactTypeName":"Static View","artifactType":"assetartifact_componentmodel_staticview","displayName":"Static View","format":"diagram","_id":"artifacttype_4a44b8fa-5057-3826-84d7-169a6fc1f2ed","hasContent":true},{"globalTOCPosition":"5.3.2","artifactTypeName":"Dynamic View","artifactType":"assetartifact_componentmodel_dynamicview","displayName":"Dynamic View","format":"diagram","_id":"artifacttype_6e1239a1-6a68-3dae-ae87-b05ecf80d25b","hasContent":true}]},{"globalTOCPosition":"5.4","displayName":"Operational Model","parentGroup":"artifactgroup_074a2b74-43d8-315a-b88b-c0b421754f02","_id":"artifactgroup_aef1c0cc-540d-31c6-8817-ac2b282f37d3","child":[{"artifactTypeName":"Logical Operational View","globalTOCPosition":"5.4.1","artifactType":"assetartifact_operationalmodel_logicaloperational","displayName":"Logical Operational View","format":"diagram","_id":"artifacttype_5ca43d50-d7da-322f-a1b0-f65b0c12b2c8","hasContent":true},{"artifactTypeName":"Physical Operational View","globalTOCPosition":"5.4.2","artifactType":"assetartifact_operationalmodel_physicaloperational","displayName":"Physical Operational View","format":"diagram","_id":"artifacttype_7503dbb1-18f7-36ac-ad12-98d977ef3d0d","hasContent":true}]}]},{"globalTOCPosition":"6","displayName":"RAID","parentGroup":"","_id":"artifactgroup_7cddcb3d-c508-3828-8893-128dc3d6c8b7","child":[{"globalTOCPosition":"6.1","artifactTypeName":"Risks","artifactType":"assetartifact_risk","displayName":"Risks","format":"text","_id":"artifacttype_94622837-e58f-34c3-9263-8260b69601c8","hasContent":true},{"globalTOCPosition":"6.2","artifactTypeName":"Assumptions","artifactType":"assetartifact_assumption","displayName":"Assumptions","format":"text","_id":"artifacttype_2142b656-62ba-304d-95d4-77b1b144e5e1","hasContent":true},{"globalTOCPosition":"6.3","artifactTypeName":"Issues","artifactType":"assetartifact_issue","displayName":"Issues","format":"text","_id":"artifacttype_f4d01807-f847-3ccd-87a2-32877074295e","hasContent":true},{"globalTOCPosition":"6.4","artifactTypeName":"Dependencies","artifactType":"assetartifact_dependency","displayName":"Dependencies","format":"text","_id":"artifacttype_9c5463b3-5c9e-3790-86cb-9b8866cc062a","hasContent":true}]},{"globalTOCPosition":"7","artifactTypeName":"Architectural Principles","artifactType":"assetartifact_architecture_principles","displayName":"Architectural Principles","format":"text","_id":"artifacttype_92ccfc5d-c31a-349d-97c0-6d75c8841a8a","child":[],"hasContent":true},{"globalTOCPosition":"8","artifactTypeName":"Notes","artifactType":"assetartifact_notes","displayName":"Notes","format":"text","_id":"artifacttype_02226b19-474e-37a6-ab39-d9bb31767fb5","child":[],"hasContent":true}],"toc_cards":{"assumption":{"artifacttype_2142b656-62ba-304d-95d4-77b1b144e5e1":["assumption_SJ9OfQHgITS_HJR6xEQ1I","assumption_Syt_MmSl8pS_HJR6xEQ1I"]},"dependency":{"artifacttype_9c5463b3-5c9e-3790-86cb-9b8866cc062a":["dependency_r1fFMmSx86B_HJR6xEQ1I"]},"notes":{"artifacttype_02226b19-474e-37a6-ab39-d9bb31767fb5":["notes_Sy4zfQSe8pr_HJR6xEQ1I"]},"executivesummary":{"artifacttype_9edbd406-69fb-3a95-8b2e-58a0974b2710":["executivesummary_S1oUz7SlLTH_HJR6xEQ1I"]},"aodITSystems":{"artifacttype_355f72be-6566-3f48-8b15-c30f671d7c8f":[{"additionalInfo":{},"_id":"aoditsystem_HylSMXBx8pS_HJR6xEQ1I","name":"itsv","description":"","lastModifiedInfo":{"userId":"cabuild@cn.ibm.com","date":"2019-12-27T07:20:41Z"}}]},"aodServices":{"artifacttype_2c548a13-6bd9-3edc-a496-0318af82f0d1":[{"additionalInfo":{},"_id":"aodservices_HkmXGmBeLar_HJR6xEQ1I","name":"sv","description":"","lastModifiedInfo":{"userId":"cabuild@cn.ibm.com","date":"2019-12-27T07:20:40Z"}}]},"cmDynamicViews":{"artifacttype_6e1239a1-6a68-3dae-ae87-b05ecf80d25b":[{"additionalInfo":{},"_id":"cmdynamicview_HyYPf7BlITr_HJR6xEQ1I","name":"dv","description":"","lastModifiedInfo":{"userId":"cabuild@cn.ibm.com","date":"2019-12-27T07:20:43Z"}}]},"businesschallenge":{"artifacttype_d1ab4a95-e05f-3882-9f19-6500fc0d3b2b":["businesschallenge_BJOUz7Sl8aH_HJR6xEQ1I"]},"risk":{"artifacttype_94622837-e58f-34c3-9263-8260b69601c8":["risk_rJpIfXreU6r_HJR6xEQ1I"]},"functionalrequirement":{"artifacttype_12eefe0a-435b-3176-8bbe-4dc928a2e4c3":["functionalrequirement_H1QNGXBgIpB_HJR6xEQ1I"]},"usecasetext":{"artifacttype_dde4b71c-82db-3f66-964a-3a04fbf56dff":["usecasetext_B1ll1ClVm18","usecasetext_B1eAeV7yU"]},"aodUsageScenarios":{"artifacttype_d118451c-0816-3aa5-8b89-3119feb4168a":[{"additionalInfo":{"refType":"AODServices","refName":"sv"},"_id":"aodusagescenario_S1azG7SlU6B_HJR6xEQ1I","name":"us","description":"","lastModifiedInfo":{"userId":"cabuild@cn.ibm.com","date":"2019-12-27T07:20:41Z"}}]},"architectureprinciple":{"artifacttype_92ccfc5d-c31a-349d-97c0-6d75c8841a8a":["architectureprinciple_BJfwMQHe8aH_HJR6xEQ1I"]},"architecturaldecision":{"artifacttype_fddae3fa-aafa-32af-94a4-bc3e1ed255cc":["architecturaldecision_SJ2ZMQHx8Tr_HJR6xEQ1I"]},"useCaseViews":{"artifacttype_cde39d5e-c892-3093-ab3d-bad448acb8a0":[{"additionalInfo":{},"_id":"usecasediagram_Hkv7MmHe86r_HJR6xEQ1I","name":"ucd","description":"ucd desc","lastModifiedInfo":{"userId":"cabuild@cn.ibm.com","date":"2019-12-27T07:20:39Z"}}]},"aodEnterprises":{"artifacttype_16bfe592-ae95-371c-9f64-3a881b667707":[{"additionalInfo":{},"_id":"aodenterprise_rkbMXHl8TH_HJR6xEQ1I","name":"ev","description":"","lastModifiedInfo":{"userId":"cabuild@cn.ibm.com","date":"2019-12-27T07:20:40Z"}}]},"logicalERD":{"artifacttype_246bc46f-0286-3ad4-bf01-679592db59c7":[{"additionalInfo":{},"_id":"logicalerd_HyHBMQSg8aH_HJR6xEQ1I","name":"erd","description":"","lastModifiedInfo":{"userId":"cabuild@cn.ibm.com","date":"2019-12-27T07:20:44Z"}}]},"lomPhysicalViews":{"artifacttype_7503dbb1-18f7-36ac-ad12-98d977ef3d0d":[{"additionalInfo":{},"_id":"pomview_BJ4PMQreLaS_HJR6xEQ1I","name":"pom","description":"","lastModifiedInfo":{"userId":"cabuild@cn.ibm.com","date":"2019-12-27T07:20:42Z"}}]},"nonfunctionalrequirement":{"artifacttype_f0eebd79-15c9-3ebc-a73b-8efc3f634f59":["nonfunctionalrequirement_ry9GfQrg8aB_HJR6xEQ1I"]},"cmStaticViews":{"artifacttype_4a44b8fa-5057-3826-84d7-169a6fc1f2ed":[{"additionalInfo":{},"_id":"cmstaticview_BkEFMmHxLar_HJR6xEQ1I","name":"stv","description":"","lastModifiedInfo":{"userId":"cabuild@cn.ibm.com","date":"2019-12-27T07:20:43Z"}}]},"lomViews":{"artifacttype_5ca43d50-d7da-322f-a1b0-f65b0c12b2c8":[{"additionalInfo":{},"_id":"lomview_HJLezQSg86r_HJR6xEQ1I","name":"lom","description":"","lastModifiedInfo":{"userId":"cabuild@cn.ibm.com","date":"2019-12-27T07:20:41Z"}}]},"issue":{"artifacttype_f4d01807-f847-3ccd-87a2-32877074295e":["issue_r1xvMmSe8ar_HJR6xEQ1I","issue_BkyDzQrgIpS_HJR6xEQ1I"]},"systemContext":{"artifacttype_8ca70362-e3d1-3b9c-91d1-f755d029a2e3":[{"additionalInfo":{},"_id":"systemcontext_B1rEfQHeLpB_HJR6xEQ1I","name":"System Context","description":"","lastModifiedInfo":{"userId":"cabuild@cn.ibm.com","date":"2019-12-27T07:20:38Z"}}]}},"combined":{"coreInfo":[{"_id":"du_Sy6OM7Sl8Tr_HJR6xEQ1I","name":"du5","description":"","type":"Executable","label":"du5","modelType":"DU"},{"modelType":"LogicalNode","description":"","_id":"logicalnode_BkMZz7Bg8TB_HJR6xEQ1I","cardinality":"1","label":"ln2","children":"du_rkBWGmSeLpH_HJR6xEQ1I"},{"modelType":"DU","level":"Functional","description":"This was derived from the logical node in the IT System View","_id":"du_rkBWGmSeLpH_HJR6xEQ1I","type":"Executable","label":"SYS_DU_1Nj8gdSmShH","children":"logicalcomponent_H18Zf7SeUTB_HJR6xEQ1I"},{"modelType":"LogicalComponent","level":"Application","description":"This was derived from the deployment unit in the IT System View","_id":"logicalcomponent_H18Zf7SeUTB_HJR6xEQ1I","label":"SYS_LC_1Nj8gdSmShH","children":"physicalcomponent_rkDZzXBxLpB_HJR6xEQ1I"},{"modelType":"PhysicalComponent","description":"","_id":"physicalcomponent_rkDZzXBxLpB_HJR6xEQ1I","url":"","label":"pc2"},{"level":"Functional","description":"","_id":"du_SJsGfmHlIaS_HJR6xEQ1I","type":"Executable","modelType":"DU","label":"du1","children":"logicalcomponent_B1lgzQHgIaB_HJR6xEQ1I"},{"level":"Functional","description":"","_id":"du_SykYf7Sl86H_HJR6xEQ1I","type":"Executable","modelType":"DU","label":"du4","children":"logicalcomponent_Hk6ZMmrg8pH_HJR6xEQ1I"},{"level":"Functional","description":"","_id":"du_rygYG7HlIpH_HJR6xEQ1I","type":"Executable","modelType":"DU","label":"du3","children":"logicalcomponent_rkxfMmSxL6r_HJR6xEQ1I"},{"modelType":"LogicalComponent","level":"Application","description":"","_id":"logicalcomponent_B1lgzQHgIaB_HJR6xEQ1I","label":"lc1","children":"physicalcomponent_SyEgMmSlU6r_HJR6xEQ1I"},{"modelType":"LogicalConnector","description":"","_id":"logicalconnector_rJ17GmHeL6r_HJR6xEQ1I","label":""},{"modelType":"PhysicalComponent","description":"","_id":"physicalcomponent_SyEgMmSlU6r_HJR6xEQ1I","url":"","label":"pc1"},{"modelType":"LogicalComponent","level":"Application","description":"","_id":"logicalcomponent_Hk6ZMmrg8pH_HJR6xEQ1I","label":"lc4","children":"physicalcomponent_HkR-z7HeU6B_HJR6xEQ1I"},{"modelType":"PhysicalComponent","description":"","_id":"physicalcomponent_HkR-z7HeU6B_HJR6xEQ1I","url":"","label":"pc4"},{"modelType":"Actor","description":"","_id":"actor_Skv4MmHg8aB_HJR6xEQ1I","type":"IT System","label":"IT System"},{"modelType":"UseCase","description":"","_id":"usecase_r1uQGXSx8pr_HJR6xEQ1I","label":"uc2","uc_id":"uc2"},{"modelType":"UseCase","description":"","_id":"usecase_BJ57fmBxU6B_HJR6xEQ1I","label":"uc1","uc_id":"uc1"},{"modelType":"Actor","description":"","_id":"actor_ByQMmBlUpH_HJR6xEQ1I","type":"Human","label":"Human"},{"modelType":"Association","description":"","_id":"association_B1lEz7reUTS_HJR6xEQ1I","type":"","label":"","to":"actor_ByQMmBlUpH_HJR6xEQ1I","from":"usecase_BJ57fmBxU6B_HJR6xEQ1I"},{"modelType":"Association","description":"","_id":"association_Hyp7fmSxLTS_HJR6xEQ1I","type":"Extend","label":"Extend"},{"modelType":"LogicalConnector","description":"","_id":"logicalconnector_ByGMmSlU6S_HJR6xEQ1I","label":""},{"modelType":"LogicalComponent","level":"Application","description":"","_id":"logicalcomponent_rJjM7reLTB_HJR6xEQ1I","label":"Channel"},{"modelType":"LogicalConnector","description":"","_id":"logicalconnector_BkCMXSeL6H_HJR6xEQ1I","label":""},{"modelType":"SpecializationConnection","_id":"specializationconnection_S1g8M7Be8aB_HJR6xEQ1I","type":"child","label":"","from":"entity_HyfLzXHgI6B_HJR6xEQ1I","to":"specialization_ByPrMmrlLTB_HJR6xEQ1I"},{"modelType":"Specialization","description":"","_id":"specialization_ByPrMmrlLTB_HJR6xEQ1I","label":"ISA"},{"modelType":"Entity","description":"","_id":"entity_HyfLzXHgI6B_HJR6xEQ1I","label":"Entity2"},{"modelType":"SpecializationConnection","_id":"specializationconnection_HkUHf7SxUpr_HJR6xEQ1I","type":"parent","label":"","to":"entity_H1crM7rgLar_HJR6xEQ1I","from":"specialization_ByPrMmrlLTB_HJR6xEQ1I"},{"modelType":"Entity","description":"","_id":"entity_H1crM7rgLar_HJR6xEQ1I","label":"Entity1"},{"modelType":"RelationshipConnection","_id":"relationshipconnection_SkNUGQBxLTS_HJR6xEQ1I","type":"1","label":"1","to":"entity_HyfLzXHgI6B_HJR6xEQ1I","from":"relationship_B10SGQBeI6H_HJR6xEQ1I"},{"modelType":"Relationship","description":"","_id":"relationship_B10SGQBeI6H_HJR6xEQ1I","label":"Relationship"},{"modelType":"RelationshipConnection","_id":"relationshipconnection_S1hHzXSlIaS_HJR6xEQ1I","type":"1","label":"1","from":"relationship_B10SGQBeI6H_HJR6xEQ1I","to":"entity_H1crM7rgLar_HJR6xEQ1I"},{"modelType":"PhysicalNode","description":"","_id":"physicalnode_rJhlzQHlUpH_HJR6xEQ1I","type":"Physical","cardinality":"1","label":"P. Node","children":"logicalnode_r1Ylf7HeUaS_HJR6xEQ1I,physicalnode_r1RlMQHlUpB_HJR6xEQ1I"},{"modelType":"PhysicalNode","description":"","_id":"physicalnode_r1RlMQHlUpB_HJR6xEQ1I","type":"Virtual","cardinality":"1","label":"V. Node","children":"logicalnode_BkMZz7Bg8TB_HJR6xEQ1I,physicalnode_rk1ZM7BgUaS_HJR6xEQ1I"},{"modelType":"PhysicalNode","description":"","_id":"physicalnode_rk1ZM7BgUaS_HJR6xEQ1I","type":"Container","cardinality":"1","label":"C. Node"},{"modelType":"LogicalNode","description":"","_id":"logicalnode_r1Ylf7HeUaS_HJR6xEQ1I","cardinality":"1","label":"ln5"},{"modelType":"OMLocation","description":"","_id":"omlocation_HyulMQrgLaS_HJR6xEQ1I","cardinality":"1","label":"OMLocation","children":"actor_ByQMmBlUpH_HJR6xEQ1I,physicalnode_rJhlzQHlUpH_HJR6xEQ1I,logicalnode_BkMZz7Bg8TB_HJR6xEQ1I,logicalnode_r1Ylf7HeUaS_HJR6xEQ1I"},{"modelType":"LogicalComponent","level":"Application","description":"","_id":"logicalcomponent_rkxfMmSxL6r_HJR6xEQ1I","label":"lc3","children":"physicalcomponent_r1ffM7Hg8pH_HJR6xEQ1I"},{"modelType":"LogicalConnector","description":"","_id":"logicalconnector_H1LYMXrgIpr_HJR6xEQ1I","label":"LogicalConnector"},{"modelType":"PhysicalComponent","description":"","_id":"physicalcomponent_r1ffM7Hg8pH_HJR6xEQ1I","url":"","label":"pc3"},{"modelType":"LogicalConnector","description":"","_id":"logicalconnector_SkdKM7BxIpB_HJR6xEQ1I","label":""}]},"textual":{"instances":{"assumption_Syt_MmSl8pS_HJR6xEQ1I":{"coreInfo":[{"modelType":"Assumption","lastModifiedUserId":"cabuild@cn.ibm.com","lastModified":"2019-12-27T07:20:38Z","_id":"assumption_Syt_MmSl8pS_HJR6xEQ1I","label":"a2"}]},"assumption_SJ9OfQHgITS_HJR6xEQ1I":{"coreInfo":[{"modelType":"Assumption","lastModifiedUserId":"cabuild@cn.ibm.com","lastModified":"2019-12-27T07:20:38Z","_id":"assumption_SJ9OfQHgITS_HJR6xEQ1I","label":"a1"}]},"dependency_r1fFMmSx86B_HJR6xEQ1I":{"coreInfo":[{"modelType":"Dependency","lastModifiedUserId":"cabuild@cn.ibm.com","isKey":true,"description":"","lastModified":"2019-12-27T07:20:38Z","effectOnPlan":"","_id":"dependency_r1fFMmSx86B_HJR6xEQ1I","label":"d"}]},"notes_Sy4zfQSe8pr_HJR6xEQ1I":{"coreInfo":[{"modelType":"Notes","attachments":["https://cse-qa-app.austin.ibm.com:4009/api/FileManagerAPIs/containers/cafiles/files/file_f1d6d88d4d643292.json#arch_Hy6bTLneB.summary.json","https://cse-qa-app.austin.ibm.com:4009/api/FileManagerAPIs/containers/cafiles/files/file_c512fe5e0450b076.json#arch_Hy6bTLneB.detail.json"],"lastModifiedUserId":"cabuild@cn.ibm.com","lastModified":"2019-12-27T07:20:39Z","_id":"notes_Sy4zfQSe8pr_HJR6xEQ1I","content":"<img style=\"height:100px;\" src=\"/api/FileManagerAPIs/containers/cafiles/files/file_31854f1a0a70be4e.png\"><img style=\"height:100px;\" src=\"/api/FileManagerAPIs/containers/cafiles/files/file_3b9e4ae38a3e6a56.png\">","label":"note"},{"modelType":"Label","description":"this","_id":"label_SJ_Mz7Bl8TS_HJR6xEQ1I","userId":"cabuild@cn.ibm.com","label":"this"},{"modelType":"Label","description":"ha'h","_id":"label_SJvfG7Bg8aB_HJR6xEQ1I","userId":"cabuild@cn.ibm.com","label":"ha'h"},{"modelType":"Label","description":"Workshop Jan. 2019","_id":"label_BJBff7BlI6r_HJR6xEQ1I","userId":"cabuild@cn.ibm.com","label":"Workshop Jan. 2019"},{"modelType":"Label","description":"Notification","_id":"label_r1IMMXreI6H_HJR6xEQ1I","userId":"cabuild@cn.ibm.com","label":"Notification"}]},"executivesummary_S1oUz7SlLTH_HJR6xEQ1I":{"coreInfo":[{"modelType":"ExecutiveSummary","lastModifiedUserId":"cabuild@cn.ibm.com","description":"Y07EsIJsyJx06iaM7CXhtYmTo9Bthis is overview<div><br></div><img style=\"height:100px;\" src=\"/api/FileManagerAPIs/containers/cafiles/files/file_fc52d57b2b7b992c.png\">","lastModified":"2019-12-27T07:20:38Z","_id":"executivesummary_S1oUz7SlLTH_HJR6xEQ1I","label":""}]},"businesschallenge_BJOUz7Sl8aH_HJR6xEQ1I":{"coreInfo":[{"modelType":"BusinessChallenge","lastModifiedUserId":"cabuild@cn.ibm.com","description":"this is bc<div><br></div><img style=\"height:100px;\" src=\"/api/FileManagerAPIs/containers/cafiles/files/file_fc52d57b2b7b992c.png\">","lastModified":"2019-12-27T07:20:38Z","_id":"businesschallenge_BJOUz7Sl8aH_HJR6xEQ1I","label":""}]},"risk_rJpIfXreU6r_HJR6xEQ1I":{"coreInfo":[{"modelType":"Risk","lastModifiedUserId":"cabuild@cn.ibm.com","lastModified":"2019-12-27T07:20:38Z","_id":"risk_rJpIfXreU6r_HJR6xEQ1I","label":"risk"}]},"functionalrequirement_H1QNGXBgIpB_HJR6xEQ1I":{"coreInfo":[{"modelType":"FunctionalRequirement","owner":"fr","impact":"fr","lastModifiedUserId":"cabuild@cn.ibm.com","weight":"Low","description":"fr","lastModified":"2019-12-27T07:20:41Z","id":"fr","_id":"functionalrequirement_H1QNGXBgIpB_HJR6xEQ1I","label":"fr","children":"logicalcomponent_B1lgzQHgIaB_HJR6xEQ1I"}]},"usecasetext_B1eAeV7yU":{"coreInfo":[{"modelType":"UseCaseText","lastModifiedUserId":"cabuild@cn.ibm.com","description":"","lastModified":"2019-12-27T07:20:39Z","_id":"usecasetext_B1eAeV7yU","label":"uc2_HJgg0g4QJI","children":"usecase_r1uQGXSx8pr_HJR6xEQ1I"}]},"usecasetext_B1ll1ClVm18":{"coreInfo":[{"modelType":"UseCaseText","lastModifiedUserId":"cabuild@cn.ibm.com","description":"","lastModified":"2019-12-27T07:20:39Z","_id":"usecasetext_B1ll1ClVm18","label":"uc1_B1-gy0gEXJU","children":"usecase_BJ57fmBxU6B_HJR6xEQ1I,actor_ByQMmBlUpH_HJR6xEQ1I,association_B1lEz7reUTS_HJR6xEQ1I"}]},"architectureprinciple_BJfwMQHe8aH_HJR6xEQ1I":{"coreInfo":[{"modelType":"ArchitecturePrinciple","lastModifiedUserId":"cabuild@cn.ibm.com","lastModified":"2019-12-27T07:20:38Z","_id":"architectureprinciple_BJfwMQHe8aH_HJR6xEQ1I","label":"ap1"}]},"architecturaldecision_SJ2ZMQHx8Tr_HJR6xEQ1I":{"coreInfo":[{"modelType":"ArchitecturalDecision","lastUpdated":"2019-07-05","lastModifiedUserId":"cabuild@cn.ibm.com","lastModified":"2019-12-27T07:20:38Z","_id":"architecturaldecision_SJ2ZMQHx8Tr_HJR6xEQ1I","status":"proposed","label":"ad","ad_id":"ad","children":"logicalnode_BkMZz7Bg8TB_HJR6xEQ1I,logicalcomponent_B1lgzQHgIaB_HJR6xEQ1I,logicalcomponent_Hk6ZMmrg8pH_HJR6xEQ1I,logicalnode_r1Ylf7HeUaS_HJR6xEQ1I,physicalnode_r1RlMQHlUpB_HJR6xEQ1I,physicalnode_rk1ZM7BgUaS_HJR6xEQ1I,physicalnode_rJhlzQHlUpH_HJR6xEQ1I,logicalcomponent_rkxfMmSxL6r_HJR6xEQ1I"}]},"nonfunctionalrequirement_ry9GfQrg8aB_HJR6xEQ1I":{"coreInfo":[{"modelType":"NonFunctionalRequirement","lastModifiedUserId":"cabuild@cn.ibm.com","theme":"Performance","lastModified":"2019-12-27T07:20:38Z","_id":"nonfunctionalrequirement_ry9GfQrg8aB_HJR6xEQ1I","priority":"Critical","label":"nfr","nfr_id":"nfr","children":"du_SJsGfmHlIaS_HJR6xEQ1I,logicalnode_BkMZz7Bg8TB_HJR6xEQ1I,logicalcomponent_B1lgzQHgIaB_HJR6xEQ1I,logicalcomponent_Hk6ZMmrg8pH_HJR6xEQ1I,physicalnode_rJhlzQHlUpH_HJR6xEQ1I,physicalnode_r1RlMQHlUpB_HJR6xEQ1I,physicalnode_rk1ZM7BgUaS_HJR6xEQ1I,logicalnode_r1Ylf7HeUaS_HJR6xEQ1I,logicalcomponent_rkxfMmSxL6r_HJR6xEQ1I"}]},"issue_r1xvMmSe8ar_HJR6xEQ1I":{"coreInfo":[{"modelType":"Issue","lastModifiedUserId":"cabuild@cn.ibm.com","lastModified":"2019-12-27T07:20:38Z","_id":"issue_r1xvMmSe8ar_HJR6xEQ1I","label":"i1"}]},"issue_BkyDzQrgIpS_HJR6xEQ1I":{"coreInfo":[{"modelType":"Issue","lastModifiedUserId":"cabuild@cn.ibm.com","lastModified":"2019-12-27T07:20:38Z","_id":"issue_BkyDzQrgIpS_HJR6xEQ1I","label":"i2"}]}}},"diagram":{"instances":{"aoditsystem_HylSMXBx8pS_HJR6xEQ1I":{"uiInfo":"<mxGraphModel dx=\"939\" dy=\"598\" grid=\"1\" gridSize=\"10\" guides=\"1\" tooltips=\"1\" connect=\"1\" arrows=\"1\" fold=\"1\" page=\"1\" pageScale=\"1\" pageWidth=\"1169\" pageHeight=\"827\" background=\"#ffffff\"><root><mxCell id=\"0\" modelId=\"aoditsystem_HylSMXBx8pS_HJR6xEQ1I\"></mxCell><mxCell id=\"1\" parent=\"0\"></mxCell><mxCell id=\"aoditsystem_HkyLxJ5TuVS_21RCZiFWr2ek\" style=\"whiteSpace=wrap;html=1;align=center;verticalAlign=top;strokeWidth=4;strokeColor=#CCCCCC;fillColor=none;\" vertex=\"1\" modelId=\"location_rkfBzXrg86r_HJR6xEQ1I\" parent=\"1\"><mxGeometry x=\"480\" y=\"110\" width=\"250\" height=\"200\" as=\"geometry\"></mxGeometry></mxCell><mxCell id=\"aoditsystem_HkyLxJ5TuVS_31RCZiFWn6of\" style=\"shape=image;html=1;verticalLabelPosition=bottom;labelBackgroundColor=#ffffff;verticalAlign=top;imageAspect=0;image=/cogarch/assets/mxgraph/stencils/clipart/others/generic.svg\" vertex=\"1\" modelId=\"logicalnode_BkMZz7Bg8TB_HJR6xEQ1I\" parent=\"1\"><mxGeometry x=\"590\" y=\"180\" width=\"60\" height=\"60\" as=\"geometry\"></mxGeometry></mxCell></root></mxGraphModel>","coreInfo":[{"modelType":"AODITSystem","lastModifiedUserId":"cabuild@cn.ibm.com","description":"","lastModified":"2019-12-27T07:20:41Z","_id":"aoditsystem_HylSMXBx8pS_HJR6xEQ1I","label":"itsv"},{"modelType":"Location","description":"","_id":"location_rkfBzXrg86r_HJR6xEQ1I","label":"Location","children":"logicalnode_BkMZz7Bg8TB_HJR6xEQ1I"}]},"aodservices_HkmXGmBeLar_HJR6xEQ1I":{"uiInfo":"<mxGraphModel dx=\"1138\" dy=\"549\" grid=\"1\" gridSize=\"10\" guides=\"1\" tooltips=\"1\" connect=\"1\" arrows=\"1\" fold=\"1\" page=\"1\" pageScale=\"1\" pageWidth=\"1169\" pageHeight=\"827\" background=\"#ffffff\"><root><mxCell id=\"0\" modelId=\"aodservices_HkmXGmBeLar_HJR6xEQ1I\"></mxCell><mxCell id=\"1\" parent=\"0\"></mxCell><mxCell id=\"aodservices_S1jBxy56_Er_SkHl91qrB_31SQV46fRfKV\" style=\"swimlane;whiteSpace=wrap;html=1;align=left;swimlaneLine=0;verticalAlign=top;collapsible=0;\" vertex=\"1\" modelId=\"subsystem_rJeQfQreUpB_HJR6xEQ1I\" parent=\"1\"><mxGeometry x=\"80\" y=\"155\" width=\"200\" height=\"150\" as=\"geometry\"></mxGeometry></mxCell><mxCell id=\"aodservices_S1jBxy56_Er_SkHl91qrB_41SQV46fBAZA\" style=\"rounded=1;whiteSpace=wrap;html=1;\" vertex=\"1\" modelId=\"logicalcomponent_B1lgzQHgIaB_HJR6xEQ1I\" parent=\"1\"><mxGeometry x=\"710\" y=\"170\" width=\"120\" height=\"60\" as=\"geometry\"></mxGeometry></mxCell><mxCell id=\"aodservices_S1jBxy56_Er_SkHl91qrB_51SQV46frFoT\" style=\"edgeStyle=orthogonalEdgeStyle;rounded=0;html=1;jettySize=auto;orthogonalLoop=1;\" edge=\"1\" modelId=\"logicalconnector_rJ17GmHeL6r_HJR6xEQ1I\" parent=\"1\" source=\"aodservices_S1jBxy56_Er_SkHl91qrB_31SQV46fRfKV\" target=\"aodservices_S1jBxy56_Er_SkHl91qrB_41SQV46fBAZA\"><mxGeometry relative=\"1\" as=\"geometry\"></mxGeometry></mxCell></root></mxGraphModel>","coreInfo":[{"modelType":"AODServices","lastModifiedUserId":"cabuild@cn.ibm.com","description":"","lastModified":"2019-12-27T07:20:40Z","_id":"aodservices_HkmXGmBeLar_HJR6xEQ1I","label":"sv"},{"modelType":"SubSystem","description":"","_id":"subsystem_rJeQfQreUpB_HJR6xEQ1I","label":"SubSystem"}]},"cmdynamicview_HyYPf7BlITr_HJR6xEQ1I":{"uiInfo":"<mxGraphModel dx=\"996\" dy=\"192\" grid=\"1\" gridSize=\"10\" guides=\"1\" tooltips=\"1\" connect=\"1\" arrows=\"1\" fold=\"1\" page=\"1\" pageScale=\"1\" pageWidth=\"1169\" pageHeight=\"827\" background=\"#ffffff\"><root><mxCell id=\"0\" modelId=\"cmdynamicview_HyYPf7BlITr_HJR6xEQ1I\"></mxCell><mxCell id=\"1\" parent=\"0\"></mxCell><mxCell id=\"cmdynamicview_Hk7BfQWrsrS_21TJafYFM171\" style=\"html=1;verticalAlign=bottom;endArrow=block;noLabel=0;\" edge=\"1\" modelId=\"componentmessage_HkJuzXSeITB_HJR6xEQ1I\" parent=\"1\" source=\"cmdynamicview_Hk7BfQWrsrS_51TJafYGqAYr\" target=\"cmdynamicview_Hk7BfQWrsrS_61TJafYHcg5D\"><mxGeometry width=\"80\" relative=\"1\" as=\"geometry\"><mxPoint x=\"390\" y=\"140\" as=\"sourcePoint\"></mxPoint><mxPoint x=\"470\" y=\"140\" as=\"targetPoint\"></mxPoint><Array as=\"points\"><mxPoint x=\"520\" y=\"140\"></mxPoint></Array></mxGeometry></mxCell><mxCell id=\"cmdynamicview_Hk7BfQWrsrS_31TJafYG78Yr\" style=\"edgeStyle=orthogonalEdgeStyle;html=1;align=left;spacingLeft=2;endArrow=block;rounded=0;noLabel=0;\" edge=\"1\" modelId=\"componentmessage_By9PzXSxITH_HJR6xEQ1I\" parent=\"1\" source=\"cmdynamicview_Hk7BfQWrsrS_61TJafYHcg5D\" target=\"cmdynamicview_Hk7BfQWrsrS_61TJafYHcg5D\"><mxGeometry relative=\"1\" as=\"geometry\"><mxPoint x=\"860\" y=\"170\" as=\"sourcePoint\"></mxPoint><mxPoint x=\"860\" y=\"190\" as=\"targetPoint\"></mxPoint><Array as=\"points\"><mxPoint x=\"935\" y=\"170\"></mxPoint><mxPoint x=\"935\" y=\"190\"></mxPoint></Array></mxGeometry></mxCell><mxCell id=\"cmdynamicview_Hk7BfQWrsrS_41TJafYGyyLM\" style=\"html=1;verticalAlign=bottom;endArrow=open;dashed=1;endSize=8;noLabel=0;\" edge=\"1\" modelId=\"componentmessage_HkmuzQBe8ar_HJR6xEQ1I\" parent=\"1\" source=\"cmdynamicview_Hk7BfQWrsrS_61TJafYHcg5D\" target=\"cmdynamicview_Hk7BfQWrsrS_51TJafYGqAYr\"><mxGeometry relative=\"1\" as=\"geometry\"><mxPoint x=\"530\" y=\"250\" as=\"sourcePoint\"></mxPoint><mxPoint x=\"450\" y=\"250\" as=\"targetPoint\"></mxPoint><Array as=\"points\"><mxPoint x=\"520\" y=\"220\"></mxPoint></Array></mxGeometry></mxCell><mxCell id=\"cmdynamicview_Hk7BfQWrsrS_51TJafYGqAYr\" style=\"shape=umlLifeline;participant=process;perimeter=lifelinePerimeter;whiteSpace=wrap;html=1;container=1;collapsible=0;recursiveResize=0;outlineConnect=0;\" vertex=\"1\" modelId=\"timeline_SJ-dzQrgITH_HJR6xEQ1I\" parent=\"1\"><mxGeometry x=\"200\" y=\"50\" width=\"100\" height=\"300\" as=\"geometry\"></mxGeometry></mxCell><mxCell id=\"cmdynamicview_Hk7BfQWrsrS_61TJafYHcg5D\" style=\"shape=umlLifeline;rounded=1;perimeter=lifelinePerimeter;whiteSpace=wrap;html=1;container=1;collapsible=0;recursiveResize=0;outlineConnect=0;\" vertex=\"1\" modelId=\"timeline_SysvzXHxUaB_HJR6xEQ1I\" parent=\"1\"><mxGeometry x=\"740\" y=\"50\" width=\"100\" height=\"300\" as=\"geometry\"></mxGeometry></mxCell><mxCell id=\"cmdynamicview_Hk7BfQWrsrS_71TJafYHUrb6\" modelId=\"logicalcomponent_Hk6ZMmrg8pH_HJR6xEQ1I\" parent=\"1\"></mxCell><mxCell id=\"cmdynamicview_Hk7BfQWrsrS_81TJafYHcIiK\" modelId=\"actor_Skv4MmHg8aB_HJR6xEQ1I\" parent=\"1\"></mxCell></root></mxGraphModel>","coreInfo":[{"modelType":"CMDynamicView","lastModifiedUserId":"cabuild@cn.ibm.com","description":"","lastModified":"2019-12-27T07:20:43Z","_id":"cmdynamicview_HyYPf7BlITr_HJR6xEQ1I","type":"Component Interaction Diagram","label":"dv"},{"modelType":"ComponentMessage","description":"","_id":"componentmessage_By9PzXSxITH_HJR6xEQ1I","type":"Call","label":"Call"},{"modelType":"Timeline","_id":"timeline_SysvzXHxUaB_HJR6xEQ1I","children":"logicalcomponent_Hk6ZMmrg8pH_HJR6xEQ1I"},{"modelType":"ComponentMessage","description":"","_id":"componentmessage_HkJuzXSeITB_HJR6xEQ1I","type":"Call","label":"Call"},{"modelType":"Timeline","_id":"timeline_SJ-dzQrgITH_HJR6xEQ1I","children":"actor_Skv4MmHg8aB_HJR6xEQ1I"},{"modelType":"ComponentMessage","description":"","_id":"componentmessage_HkmuzQBe8ar_HJR6xEQ1I","type":"Return","label":"Return"}]},"aodusagescenario_S1azG7SlU6B_HJR6xEQ1I":{"uiInfo":"<mxGraphModel dx=\"1389\" dy=\"477\" grid=\"1\" gridSize=\"10\" guides=\"1\" tooltips=\"1\" connect=\"1\" arrows=\"1\" fold=\"1\" page=\"1\" pageScale=\"1\" pageWidth=\"1169\" pageHeight=\"827\" background=\"#ffffff\"><root><mxCell id=\"0\" modelId=\"aodusagescenario_S1azG7SlU6B_HJR6xEQ1I\"></mxCell><mxCell id=\"1\" parent=\"0\"></mxCell><mxCell id=\"aodservices_S1jBxy56_Er_SkHl91qrB_31SQV46fRfKV\" style=\"swimlane;whiteSpace=wrap;html=1;align=left;swimlaneLine=0;verticalAlign=top;collapsible=0;\" vertex=\"1\" modelId=\"subsystem_rJeQfQreUpB_HJR6xEQ1I\" parent=\"1\"><mxGeometry x=\"80\" y=\"155\" width=\"200\" height=\"150\" as=\"geometry\"></mxGeometry></mxCell><mxCell id=\"aodservices_S1jBxy56_Er_SkHl91qrB_41SQV46fBAZA\" style=\"rounded=1;whiteSpace=wrap;html=1;\" vertex=\"1\" modelId=\"logicalcomponent_B1lgzQHgIaB_HJR6xEQ1I\" parent=\"1\"><mxGeometry x=\"710\" y=\"170\" width=\"120\" height=\"60\" as=\"geometry\"></mxGeometry></mxCell><mxCell id=\"aodservices_S1jBxy56_Er_SkHl91qrB_51SQV46frFoT\" style=\"edgeStyle=orthogonalEdgeStyle;rounded=0;html=1;jettySize=auto;orthogonalLoop=1;\" edge=\"1\" modelId=\"logicalconnector_rJ17GmHeL6r_HJR6xEQ1I\" parent=\"1\" source=\"aodservices_S1jBxy56_Er_SkHl91qrB_31SQV46fRfKV\" target=\"aodservices_S1jBxy56_Er_SkHl91qrB_41SQV46fBAZA\"><mxGeometry relative=\"1\" as=\"geometry\"></mxGeometry></mxCell><mxCell id=\"ui_Byip4p4JU\" modelId=\"aodservices_HkmXGmBeLar_HJR6xEQ1I\" parent=\"1\"></mxCell></root></mxGraphModel>","coreInfo":[{"modelType":"AODUsageScenario","lastModifiedUserId":"cabuild@cn.ibm.com","description":"","lastModified":"2019-12-27T07:20:41Z","_id":"aodusagescenario_S1azG7SlU6B_HJR6xEQ1I","label":"us"},{"modelType":"UsageStep","description":"","_id":"usagestep_S1AzMQrlUpH_HJR6xEQ1I","label":"1","children":"logicalconnector_rJ17GmHeL6r_HJR6xEQ1I"},{"modelType":"AODServices","annotation":["{\"dx\":1138,\"dy\":549,\"grid\":1,\"gridSize\":10,\"guides\":1,\"tooltips\":1,\"connect\":1,\"arrows\":1,\"fold\":1,\"page\":1,\"pageScale\":1,\"pageWidth\":1169,\"pageHeight\":827,\"background\":\"#ffffff\"}"],"lastModifiedUserId":"cabuild@cn.ibm.com","description":"","lastModified":"2019-12-27T07:20:40Z","_id":"aodservices_HkmXGmBeLar_HJR6xEQ1I","label":"sv","children":"logicalconnector_rJ17GmHeL6r_HJR6xEQ1I"},{"modelType":"SubSystem","description":"","_id":"subsystem_rJeQfQreUpB_HJR6xEQ1I","label":"SubSystem"}],"additional":{"owneds":[]}},"usecasediagram_Hkv7MmHe86r_HJR6xEQ1I":{"uiInfo":"<mxGraphModel dx=\"1138\" dy=\"491\" grid=\"1\" gridSize=\"10\" guides=\"1\" tooltips=\"1\" connect=\"1\" arrows=\"1\" fold=\"1\" page=\"1\" pageScale=\"1\" pageWidth=\"1169\" pageHeight=\"827\" background=\"#ffffff\"><root><mxCell id=\"0\" modelId=\"usecasediagram_Hkv7MmHe86r_HJR6xEQ1I\"></mxCell><mxCell id=\"1\" parent=\"0\"></mxCell><mxCell id=\"usecasediagram_HygMCDV50tr_21XMmyRceGKr\" style=\"edgeStyle=orthogonalEdgeStyle;rounded=0;html=1;endArrow=none;entryX=0.5;entryY=0;entryPerimeter=0;\" edge=\"1\" modelId=\"association_B1lEz7reUTS_HJR6xEQ1I\" parent=\"1\" source=\"usecasediagram_HygMCDV50tr_51XMmyRdNVJs\" target=\"usecasediagram_HygMCDV50tr_31XMmyRdsMoB\"><mxGeometry relative=\"1\" as=\"geometry\"></mxGeometry></mxCell><mxCell id=\"usecasediagram_HygMCDV50tr_31XMmyRdsMoB\" style=\"shape=umlActor;html=1;verticalLabelPosition=bottom;verticalAlign=top;\" vertex=\"1\" modelId=\"actor_ByQMmBlUpH_HJR6xEQ1I\" parent=\"1\"><mxGeometry x=\"210\" y=\"320\" width=\"35\" height=\"70\" as=\"geometry\"></mxGeometry></mxCell><mxCell id=\"usecasediagram_HygMCDV50tr_41XMmyRdOQle\" style=\"edgeStyle=orthogonalEdgeStyle;rounded=0;html=1;endArrow=block;endSize=16;endFill=0;dashed=1;entryX=0;entryY=0.5;\" edge=\"1\" modelId=\"association_Hyp7fmSxLTS_HJR6xEQ1I\" parent=\"1\" source=\"usecasediagram_HygMCDV50tr_51XMmyRdNVJs\" target=\"usecasediagram_HygMCDV50tr_61XMmyRdQnDl\"><mxGeometry relative=\"1\" as=\"geometry\"></mxGeometry></mxCell><mxCell id=\"usecasediagram_HygMCDV50tr_51XMmyRdNVJs\" style=\"ellipse;whiteSpace=wrap;html=1;\" vertex=\"1\" modelId=\"usecase_BJ57fmBxU6B_HJR6xEQ1I\" parent=\"1\"><mxGeometry x=\"170\" y=\"70\" width=\"140\" height=\"70\" as=\"geometry\"></mxGeometry></mxCell><mxCell id=\"usecasediagram_HygMCDV50tr_61XMmyRdQnDl\" style=\"ellipse;whiteSpace=wrap;html=1;\" vertex=\"1\" modelId=\"usecase_r1uQGXSx8pr_HJR6xEQ1I\" parent=\"1\"><mxGeometry x=\"570\" y=\"105\" width=\"140\" height=\"70\" as=\"geometry\"></mxGeometry></mxCell></root></mxGraphModel>","coreInfo":[{"modelType":"UseCaseDiagram","lastModifiedUserId":"cabuild@cn.ibm.com","description":"ucd desc","lastModified":"2019-12-27T07:20:39Z","_id":"usecasediagram_Hkv7MmHe86r_HJR6xEQ1I","label":"ucd"}]},"aodenterprise_rkbMXHl8TH_HJR6xEQ1I":{"uiInfo":"<mxGraphModel dx=\"939\" dy=\"598\" grid=\"1\" gridSize=\"10\" guides=\"1\" tooltips=\"1\" connect=\"1\" arrows=\"1\" fold=\"1\" page=\"1\" pageScale=\"1\" pageWidth=\"1169\" pageHeight=\"827\" background=\"#ffffff\"><root><mxCell id=\"0\" modelId=\"aodenterprise_rkbMXHl8TH_HJR6xEQ1I\"></mxCell><mxCell id=\"1\" parent=\"0\"></mxCell><mxCell id=\"aodenterprise_SkDEey5puEH_21RCZcrehHmm\" style=\"shape=image;html=1;verticalLabelPosition=bottom;labelBackgroundColor=#ffffff;verticalAlign=top;imageAspect=0;image=/cogarch/assets/mxgraph/stencils/clipart/aodenterprise/channel.svg\" vertex=\"1\" modelId=\"logicalcomponent_rJjM7reLTB_HJR6xEQ1I\" parent=\"1\"><mxGeometry x=\"610\" y=\"110\" width=\"72\" height=\"50\" as=\"geometry\"></mxGeometry></mxCell><mxCell id=\"aodenterprise_SkDEey5puEH_31RCZcrfAYlm\" style=\"shape=umlActor;html=1;verticalLabelPosition=bottom;verticalAlign=top;\" vertex=\"1\" modelId=\"actor_ByQMmBlUpH_HJR6xEQ1I\" parent=\"1\"><mxGeometry x=\"230\" y=\"200\" width=\"35\" height=\"70\" as=\"geometry\"></mxGeometry></mxCell><mxCell id=\"aodenterprise_SkDEey5puEH_51RCZcrfKDP8\" style=\"edgeStyle=orthogonalEdgeStyle;rounded=0;html=1;entryX=0;entryY=0.5;jettySize=auto;orthogonalLoop=1;\" edge=\"1\" modelId=\"logicalconnector_ByGMmSlU6S_HJR6xEQ1I\" parent=\"1\" source=\"aodenterprise_SkDEey5puEH_31RCZcrfAYlm\" target=\"aodenterprise_SkDEey5puEH_21RCZcrehHmm\"><mxGeometry relative=\"1\" as=\"geometry\"></mxGeometry></mxCell><mxCell id=\"aodenterprise_SkDEey5puEH_71RCZcrfLs2P\" style=\"rounded=1;whiteSpace=wrap;html=1;\" vertex=\"1\" modelId=\"logicalcomponent_B1lgzQHgIaB_HJR6xEQ1I\" parent=\"1\"><mxGeometry x=\"341\" y=\"370\" width=\"120\" height=\"60\" as=\"geometry\"></mxGeometry></mxCell><mxCell id=\"aodenterprise_SkDEey5puEH_81RCZcrfZGju\" style=\"edgeStyle=orthogonalEdgeStyle;rounded=0;html=1;jettySize=auto;orthogonalLoop=1;\" edge=\"1\" modelId=\"logicalconnector_BkCMXSeL6H_HJR6xEQ1I\" parent=\"1\" source=\"aodenterprise_SkDEey5puEH_31RCZcrfAYlm\" target=\"aodenterprise_SkDEey5puEH_71RCZcrfLs2P\"><mxGeometry relative=\"1\" as=\"geometry\"></mxGeometry></mxCell></root></mxGraphModel>","coreInfo":[{"modelType":"AODEnterprise","lastModifiedUserId":"cabuild@cn.ibm.com","description":"","lastModified":"2019-12-27T07:20:40Z","_id":"aodenterprise_rkbMXHl8TH_HJR6xEQ1I","label":"ev"}]},"logicalerd_HyHBMQSg8aH_HJR6xEQ1I":{"uiInfo":"<mxGraphModel dx=\"996\" dy=\"633\" grid=\"1\" gridSize=\"10\" guides=\"1\" tooltips=\"1\" connect=\"1\" arrows=\"1\" fold=\"1\" page=\"1\" pageScale=\"1\" pageWidth=\"1169\" pageHeight=\"827\" background=\"#ffffff\"><root><mxCell id=\"0\" modelId=\"logicalerd_HyHBMQSg8aH_HJR6xEQ1I\"></mxCell><mxCell id=\"1\" parent=\"0\"></mxCell><mxCell id=\"logicalerd_1SWSoDC3XaA_21SWSqNUBRGa\" style=\"swimlane;fontStyle=0;childLayout=stackLayout;horizontal=1;startSize=26;horizontalStack=0;resizeParent=1;resizeParentMax=0;resizeLast=0;collapsible=0;marginBottom=0;swimlaneFillColor=#ffffff;\" vertex=\"1\" modelId=\"entity_H1crM7rgLar_HJR6xEQ1I\" parent=\"1\"><mxGeometry x=\"330\" y=\"60\" width=\"140\" height=\"110\" as=\"geometry\"></mxGeometry></mxCell><mxCell id=\"logicalerd_1SWSoDC3XaA_31SWSrSDL5fH\" style=\"swimlane;fontStyle=0;childLayout=stackLayout;horizontal=1;startSize=26;horizontalStack=0;resizeParent=1;resizeParentMax=0;resizeLast=0;collapsible=0;marginBottom=0;swimlaneFillColor=#ffffff;\" vertex=\"1\" modelId=\"entity_HyfLzXHgI6B_HJR6xEQ1I\" parent=\"1\"><mxGeometry x=\"320\" y=\"510\" width=\"140\" height=\"110\" as=\"geometry\"></mxGeometry></mxCell><mxCell id=\"logicalerd_1SWSoDC3XaA_51SWSu4UNl4W\" style=\"rhombus;html=1;\" vertex=\"1\" modelId=\"relationship_B10SGQBeI6H_HJR6xEQ1I\" parent=\"1\"><mxGeometry x=\"325\" y=\"285\" width=\"140\" height=\"70\" as=\"geometry\"></mxGeometry></mxCell><mxCell id=\"logicalerd_1SWSoDC3XaA_61SWSu4Wgn1Z\" style=\"edgeStyle=orthogonalEdgeStyle;html=1;fontStyle=1;fontSize=12;endArrow=none;endSize=8;editable=0;\" edge=\"1\" modelId=\"relationshipconnection_S1hHzXSlIaS_HJR6xEQ1I\" parent=\"1\" source=\"logicalerd_1SWSoDC3XaA_21SWSqNUBRGa\" target=\"logicalerd_1SWSoDC3XaA_51SWSu4UNl4W\"><mxGeometry x=\"-0.5\" relative=\"1\" as=\"geometry\"></mxGeometry></mxCell><mxCell id=\"logicalerd_1SWSoDC3XaA_41SWSu4QlL7x\" style=\"edgeStyle=orthogonalEdgeStyle;html=1;fontStyle=1;fontSize=12;endArrow=none;endSize=8;editable=0;rounded=1;entryX=0.5;entryY=0;\" edge=\"1\" modelId=\"relationshipconnection_SkNUGQBxLTS_HJR6xEQ1I\" parent=\"1\" source=\"logicalerd_1SWSoDC3XaA_51SWSu4UNl4W\" target=\"logicalerd_1SWSoDC3XaA_31SWSrSDL5fH\"><mxGeometry x=\"0.5\" relative=\"1\" as=\"geometry\"></mxGeometry></mxCell><mxCell id=\"logicalerd_1SWSoDC3XaA_71SWSuEJYEnA\" style=\"shape=triangle;whiteSpace=wrap;html=1;flipV=1;flipH=0;direction=south;hasHoverIcons=0;editable=0;\" vertex=\"1\" modelId=\"specialization_ByPrMmrlLTB_HJR6xEQ1I\" parent=\"1\"><mxGeometry x=\"130\" y=\"290\" width=\"80\" height=\"60\" as=\"geometry\"></mxGeometry></mxCell><mxCell id=\"logicalerd_1SWSoDC3XaA_81SWSuEJpyaZ\" style=\"edgeStyle=orthogonalEdgeStyle;html=1;exitX=0;exitY=0.5;exitDx=0;exitDy=0;jettySize=auto;orthogonalLoop=1;endArrow=none;editable=0;entryX=0;entryY=0.5;\" edge=\"1\" modelId=\"specializationconnection_HkUHf7SxUpr_HJR6xEQ1I\" parent=\"1\" source=\"logicalerd_1SWSoDC3XaA_71SWSuEJYEnA\" target=\"logicalerd_1SWSoDC3XaA_21SWSqNUBRGa\"><mxGeometry relative=\"1\" as=\"geometry\"><mxPoint x=\"170\" y=\"230\" as=\"targetPoint\"></mxPoint><Array as=\"points\"><mxPoint x=\"170\" y=\"115\"></mxPoint></Array></mxGeometry></mxCell><mxCell id=\"logicalerd_1SWSoDC3XaA_91SWSuEKmuQJ\" style=\"edgeStyle=orthogonalEdgeStyle;html=1;entryX=1;entryY=0.5;exitDx=0;exitDy=0;jettySize=auto;orthogonalLoop=1;endArrow=none;editable=0;exitX=0;exitY=0.5;\" edge=\"1\" modelId=\"specializationconnection_S1g8M7Be8aB_HJR6xEQ1I\" parent=\"1\" source=\"logicalerd_1SWSoDC3XaA_31SWSrSDL5fH\" target=\"logicalerd_1SWSoDC3XaA_71SWSuEJYEnA\"><mxGeometry relative=\"1\" as=\"geometry\"><mxPoint x=\"170\" y=\"410\" as=\"sourcePoint\"></mxPoint><Array as=\"points\"><mxPoint x=\"170\" y=\"565\"></mxPoint></Array></mxGeometry></mxCell></root></mxGraphModel>","coreInfo":[{"modelType":"LogicalERD","lastModifiedUserId":"cabuild@cn.ibm.com","description":"","lastModified":"2019-12-27T07:20:44Z","_id":"logicalerd_HyHBMQSg8aH_HJR6xEQ1I","label":"erd"}]},"pomview_BJ4PMQreLaS_HJR6xEQ1I":{"uiInfo":"<mxGraphModel dx=\"1182\" dy=\"477\" grid=\"1\" gridSize=\"10\" guides=\"1\" tooltips=\"1\" connect=\"1\" arrows=\"1\" fold=\"1\" page=\"1\" pageScale=\"1\" pageWidth=\"1169\" pageHeight=\"827\" background=\"#ffffff\"><root><mxCell id=\"0\" modelId=\"pomview_BJ4PMQreLaS_HJR6xEQ1I\"></mxCell><mxCell id=\"1\" parent=\"0\"></mxCell><mxCell id=\"pomview_1Nja2QQ9MGC_21NjaefMJJ8k\" style=\"shape=corner;whiteSpace=wrap;html=1;fillColor=none;container=1;align=center;verticalAlign=top;strokeWidth=4;strokeColor=#CCCCCC;dx=450;dy=300;\" vertex=\"1\" modelId=\"omlocation_HyulMQrgLaS_HJR6xEQ1I\" parent=\"1\"><mxGeometry x=\"400\" y=\"90\" width=\"450\" height=\"435\" as=\"geometry\"></mxGeometry></mxCell><mxCell id=\"pomview_1Nja2QQ9MGC_31NjaefMk8H8\" style=\"shape=umlActor;html=1;verticalLabelPosition=bottom;verticalAlign=top;\" vertex=\"1\" modelId=\"actor_ByQMmBlUpH_HJR6xEQ1I\" parent=\"pomview_1Nja2QQ9MGC_21NjaefMJJ8k\"><mxGeometry x=\"50\" y=\"35\" width=\"35\" height=\"70\" as=\"geometry\"></mxGeometry></mxCell><mxCell id=\"pomview_1Nja2QQ9MGC_41NjaefMvADT\" style=\"swimlane;fontStyle=0;horizontal=1;startSize=26;horizontalStack=0;resizeParent=1;resizeParentMax=0;resizeLast=0;collapsible=1;marginBottom=0;swimlaneFillColor=#ffffff;\" vertex=\"1\" modelId=\"physicalnode_rJhlzQHlUpH_HJR6xEQ1I\" parent=\"pomview_1Nja2QQ9MGC_21NjaefMJJ8k\"><mxGeometry x=\"160\" y=\"95\" width=\"280\" height=\"340\" as=\"geometry\"></mxGeometry></mxCell><mxCell id=\"pomview_1Nja2QQ9MGC_51NjaefMNl2l\" style=\"swimlane;fontStyle=0;childLayout=stackLayout;horizontal=1;startSize=26;horizontalStack=0;resizeParent=1;resizeParentMax=0;resizeLast=0;collapsible=1;marginBottom=0;swimlaneFillColor=#ffffff;\" vertex=\"1\" modelId=\"logicalnode_r1Ylf7HeUaS_HJR6xEQ1I\" parent=\"pomview_1Nja2QQ9MGC_41NjaefMvADT\"><mxGeometry x=\"50\" y=\"55\" width=\"140\" height=\"110\" as=\"geometry\"></mxGeometry></mxCell><mxCell id=\"pomview_1Nja2QQ9MGC_321Njai8KsfeQ\" style=\"swimlane;fontStyle=0;horizontal=1;startSize=26;horizontalStack=0;resizeParent=1;resizeParentMax=0;resizeLast=0;collapsible=1;marginBottom=0;swimlaneFillColor=#ffffff;\" vertex=\"1\" modelId=\"physicalnode_r1RlMQHlUpB_HJR6xEQ1I\" parent=\"pomview_1Nja2QQ9MGC_41NjaefMvADT\"><mxGeometry x=\"20\" y=\"150\" width=\"260\" height=\"190\" as=\"geometry\"></mxGeometry></mxCell><mxCell id=\"pomview_1Nja2QQ9MGC_331Njajkllvxs\" style=\"swimlane;fontStyle=0;horizontal=1;startSize=26;horizontalStack=0;resizeParent=1;resizeParentMax=0;resizeLast=0;collapsible=1;marginBottom=0;swimlaneFillColor=#ffffff;\" vertex=\"1\" modelId=\"physicalnode_rk1ZM7BgUaS_HJR6xEQ1I\" parent=\"pomview_1Nja2QQ9MGC_321Njai8KsfeQ\"><mxGeometry x=\"120\" y=\"25\" width=\"140\" height=\"110\" as=\"geometry\"></mxGeometry></mxCell><mxCell id=\"pomview_1Nja2QQ9MGC_351Njaowr7n4W\" style=\"swimlane;fontStyle=0;childLayout=stackLayout;horizontal=1;startSize=26;horizontalStack=0;resizeParent=1;resizeParentMax=0;resizeLast=0;collapsible=1;marginBottom=0;swimlaneFillColor=#ffffff;\" vertex=\"1\" modelId=\"logicalnode_BkMZz7Bg8TB_HJR6xEQ1I\" parent=\"pomview_1Nja2QQ9MGC_321Njai8KsfeQ\"><mxGeometry x=\"20\" y=\"80\" width=\"140\" height=\"50\" as=\"geometry\"></mxGeometry></mxCell><mxCell id=\"pomview_1Nja2QQ9MGC_61NjaefM9qrg\" style=\"endArrow=classic;html=1;noLabel=0;\" edge=\"1\" modelId=\"logicalconnection_HkSwfmSgI6r_HJR6xEQ1I\" parent=\"pomview_1Nja2QQ9MGC_21NjaefMJJ8k\" source=\"pomview_1Nja2QQ9MGC_31NjaefMk8H8\" target=\"pomview_1Nja2QQ9MGC_51NjaefMNl2l\"><mxGeometry relative=\"1\" as=\"geometry\"></mxGeometry></mxCell></root></mxGraphModel>","coreInfo":[{"modelType":"POMView","logicalLayerStatus":"on","lastModifiedUserId":"cabuild@cn.ibm.com","description":"","lastModified":"2019-12-27T07:20:42Z","_id":"pomview_BJ4PMQreLaS_HJR6xEQ1I","label":"pom"},{"modelType":"PhysicalNode","description":"","_id":"physicalnode_rJhlzQHlUpH_HJR6xEQ1I","type":"Physical","cardinality":"1","label":"P. Node","children":"logicalnode_r1Ylf7HeUaS_HJR6xEQ1I,physicalnode_r1RlMQHlUpB_HJR6xEQ1I"},{"modelType":"PhysicalNode","description":"","_id":"physicalnode_r1RlMQHlUpB_HJR6xEQ1I","type":"Virtual","cardinality":"1","label":"V. Node","children":"logicalnode_BkMZz7Bg8TB_HJR6xEQ1I,physicalnode_rk1ZM7BgUaS_HJR6xEQ1I"},{"modelType":"PhysicalNode","description":"","_id":"physicalnode_rk1ZM7BgUaS_HJR6xEQ1I","type":"Container","cardinality":"1","label":"C. Node"},{"modelType":"OMLocation","description":"","_id":"omlocation_HyulMQrgLaS_HJR6xEQ1I","cardinality":"1","label":"OMLocation","children":"actor_ByQMmBlUpH_HJR6xEQ1I,physicalnode_rJhlzQHlUpH_HJR6xEQ1I"},{"modelType":"LogicalConnection","description":"","_id":"logicalconnection_HkSwfmSgI6r_HJR6xEQ1I","flowType":"Message (MQ, SMTP, SNMP, etc)","label":"","to":"logicalnode_r1Ylf7HeUaS_HJR6xEQ1I","from":"actor_ByQMmBlUpH_HJR6xEQ1I"}]},"cmstaticview_BkEFMmHxLar_HJR6xEQ1I":{"uiInfo":"<mxGraphModel dx=\"1182\" dy=\"477\" grid=\"1\" gridSize=\"10\" guides=\"1\" tooltips=\"1\" connect=\"1\" arrows=\"1\" fold=\"1\" page=\"1\" pageScale=\"1\" pageWidth=\"1169\" pageHeight=\"827\" background=\"#ffffff\"><root><mxCell id=\"0\" modelId=\"cmstaticview_BkEFMmHxLar_HJR6xEQ1I\"></mxCell><mxCell id=\"1\" parent=\"0\"></mxCell><mxCell id=\"cmstaticview_1Nj8wbFxom3_21Nj97MCysZf\" style=\"html=1;\" vertex=\"1\" modelId=\"logicalcomponent_B1lgzQHgIaB_HJR6xEQ1I\" parent=\"1\"><mxGeometry x=\"650\" y=\"90\" width=\"180\" height=\"90\" as=\"geometry\"></mxGeometry></mxCell><mxCell id=\"cmstaticview_1Nj8wbFxom3_31Nj97MCg13E\" value=\"\" style=\"shape=component;jettyWidth=8;jettyHeight=4;connectable=0;constituent=1;\" parent=\"cmstaticview_1Nj8wbFxom3_21Nj97MCysZf\" vertex=\"1\"><mxGeometry x=\"1\" width=\"20\" height=\"20\" relative=\"1\" as=\"geometry\"><mxPoint x=\"-27\" y=\"7\" as=\"offset\"></mxPoint></mxGeometry></mxCell><mxCell id=\"cmstaticview_1Nj8wbFxom3_41Nj97MChmoC\" style=\"html=1;\" vertex=\"1\" modelId=\"logicalcomponent_rkxfMmSxL6r_HJR6xEQ1I\" parent=\"1\"><mxGeometry x=\"650\" y=\"300\" width=\"180\" height=\"90\" as=\"geometry\"></mxGeometry></mxCell><mxCell id=\"cmstaticview_1Nj8wbFxom3_51Nj97MCBDp3\" value=\"\" style=\"shape=component;jettyWidth=8;jettyHeight=4;connectable=0;constituent=1;\" parent=\"cmstaticview_1Nj8wbFxom3_41Nj97MChmoC\" vertex=\"1\"><mxGeometry x=\"1\" width=\"20\" height=\"20\" relative=\"1\" as=\"geometry\"><mxPoint x=\"-27\" y=\"7\" as=\"offset\"></mxPoint></mxGeometry></mxCell><mxCell id=\"cmstaticview_1Nj8wbFxom3_61Nj97MC1GXk\" style=\"shape=umlActor;html=1;verticalLabelPosition=bottom;verticalAlign=top;\" vertex=\"1\" modelId=\"actor_ByQMmBlUpH_HJR6xEQ1I\" parent=\"1\"><mxGeometry x=\"160\" y=\"100\" width=\"35\" height=\"70\" as=\"geometry\"></mxGeometry></mxCell><mxCell id=\"cmstaticview_1Nj8wbFxom3_71Nj97MCYBRx\" style=\"shape=process;html=1;whiteSpace=wrap;\" vertex=\"1\" modelId=\"actor_Skv4MmHg8aB_HJR6xEQ1I\" parent=\"1\"><mxGeometry x=\"178\" y=\"300\" width=\"120\" height=\"60\" as=\"geometry\"></mxGeometry></mxCell><mxCell id=\"cmstaticview_1Nj8wbFxom3_81Nj97MCXNLa\" style=\"endArrow=classic;html=1;dashed=1;entryX=0;entryY=0.5;exitX=1;exitY=1;exitPerimeter=0;\" edge=\"1\" modelId=\"logicalconnector_H1LYMXrgIpr_HJR6xEQ1I\" parent=\"1\" source=\"cmstaticview_1Nj8wbFxom3_61Nj97MC1GXk\" target=\"cmstaticview_1Nj8wbFxom3_41Nj97MChmoC\"><mxGeometry width=\"70\" height=\"50\" relative=\"1\" as=\"geometry\"><mxPoint x=\"380\" y=\"270\" as=\"sourcePoint\"></mxPoint><mxPoint x=\"450\" y=\"220\" as=\"targetPoint\"></mxPoint></mxGeometry></mxCell><mxCell id=\"cmstaticview_1Nj8wbFxom3_251Nj98Hx4G1A\" style=\"edgeStyle=orthogonalEdgeStyle;rounded=0;html=1;dashed=1;entryX=0;entryY=0.5;jettySize=auto;orthogonalLoop=1;\" edge=\"1\" modelId=\"logicalconnector_SkdKM7BxIpB_HJR6xEQ1I\" parent=\"1\" source=\"cmstaticview_1Nj8wbFxom3_71Nj97MCYBRx\" target=\"cmstaticview_1Nj8wbFxom3_21Nj97MCysZf\"><mxGeometry relative=\"1\" as=\"geometry\"></mxGeometry></mxCell></root></mxGraphModel>","coreInfo":[{"modelType":"CMStaticView","lastModifiedUserId":"cabuild@cn.ibm.com","description":"","lastModified":"2019-12-27T07:20:43Z","_id":"cmstaticview_BkEFMmHxLar_HJR6xEQ1I","type":"Component Relationship Diagram","label":"stv"}]},"lomview_HJLezQSg86r_HJR6xEQ1I":{"uiInfo":"<mxGraphModel dx=\"939\" dy=\"598\" grid=\"1\" gridSize=\"10\" guides=\"1\" tooltips=\"1\" connect=\"1\" arrows=\"1\" fold=\"1\" page=\"1\" pageScale=\"1\" pageWidth=\"1169\" pageHeight=\"827\" background=\"#ffffff\"><root><mxCell id=\"0\" modelId=\"lomview_HJLezQSg86r_HJR6xEQ1I\"></mxCell><mxCell id=\"1\" parent=\"0\"></mxCell><mxCell id=\"lomview_SkWlk5TO4B_21RCZD2oAETt\" style=\"shape=corner;whiteSpace=wrap;html=1;fillColor=none;container=1;align=center;verticalAlign=top;strokeWidth=4;strokeColor=#CCCCCC;dx=450;dy=300;\" vertex=\"1\" modelId=\"omlocation_HyulMQrgLaS_HJR6xEQ1I\" parent=\"1\"><mxGeometry x=\"400\" y=\"90\" width=\"450\" height=\"300\" as=\"geometry\"></mxGeometry></mxCell><mxCell id=\"lomview_SkWlk5TO4B_31RCZD2ovY7J\" style=\"swimlane;fontStyle=0;childLayout=stackLayout;horizontal=1;startSize=26;horizontalStack=0;resizeParent=1;resizeParentMax=0;resizeLast=0;collapsible=1;marginBottom=0;swimlaneFillColor=#ffffff;\" vertex=\"1\" modelId=\"logicalnode_r1Ylf7HeUaS_HJR6xEQ1I\" parent=\"lomview_SkWlk5TO4B_21RCZD2oAETt\"><mxGeometry x=\"115\" y=\"180\" width=\"140\" height=\"110\" as=\"geometry\"></mxGeometry></mxCell><mxCell id=\"lomview_SkWlk5TO4B_41RCZD2oTzdv\" style=\"shape=umlActor;html=1;verticalLabelPosition=bottom;verticalAlign=top;\" vertex=\"1\" modelId=\"actor_ByQMmBlUpH_HJR6xEQ1I\" parent=\"lomview_SkWlk5TO4B_21RCZD2oAETt\"><mxGeometry x=\"50\" y=\"35\" width=\"35\" height=\"70\" as=\"geometry\"></mxGeometry></mxCell><mxCell id=\"lomview_SkWlk5TO4B_61RCZD2oSJOu\" style=\"swimlane;fontStyle=0;childLayout=stackLayout;horizontal=1;startSize=26;horizontalStack=0;resizeParent=1;resizeParentMax=0;resizeLast=0;collapsible=1;marginBottom=0;swimlaneFillColor=#ffffff;\" vertex=\"1\" modelId=\"logicalnode_BkMZz7Bg8TB_HJR6xEQ1I\" parent=\"lomview_SkWlk5TO4B_21RCZD2oAETt\"><mxGeometry x=\"290\" y=\"130\" width=\"140\" height=\"50\" as=\"geometry\"></mxGeometry></mxCell></root></mxGraphModel>","coreInfo":[{"modelType":"LOMView","lastModifiedUserId":"cabuild@cn.ibm.com","description":"","lastModified":"2019-12-27T07:20:41Z","_id":"lomview_HJLezQSg86r_HJR6xEQ1I","label":"lom"},{"modelType":"PhysicalNode","description":"","_id":"physicalnode_rJhlzQHlUpH_HJR6xEQ1I","type":"Physical","cardinality":"1","owned":"-1","label":"P. Node"},{"modelType":"PhysicalNode","description":"","_id":"physicalnode_r1RlMQHlUpB_HJR6xEQ1I","type":"Virtual","cardinality":"1","owned":"-1","label":"V. Node"},{"modelType":"PhysicalNode","description":"","_id":"physicalnode_rk1ZM7BgUaS_HJR6xEQ1I","type":"Container","cardinality":"1","owned":"-1","label":"C. Node"},{"modelType":"OMLocation","description":"","_id":"omlocation_HyulMQrgLaS_HJR6xEQ1I","cardinality":"1","label":"OMLocation","children":"logicalnode_BkMZz7Bg8TB_HJR6xEQ1I,actor_ByQMmBlUpH_HJR6xEQ1I,logicalnode_r1Ylf7HeUaS_HJR6xEQ1I"}]},"systemcontext_B1rEfQHeLpB_HJR6xEQ1I":{"uiInfo":"<mxGraphModel dx=\"761\" dy=\"661\" grid=\"1\" gridSize=\"10\" guides=\"1\" tooltips=\"1\" connect=\"1\" arrows=\"1\" fold=\"1\" page=\"1\" pageScale=\"1\" pageWidth=\"1169\" pageHeight=\"827\" background=\"#ffffff\"><root><mxCell id=\"0\" modelId=\"systemcontext_B1rEfQHeLpB_HJR6xEQ1I\"></mxCell><mxCell id=\"1\" parent=\"0\"></mxCell><mxCell id=\"_61NSzMT430c7\" style=\"ellipse;whiteSpace=wrap;html=1;\" vertex=\"1\" modelId=\"targetsystem_ry24MXBlUaH_HJR6xEQ1I\" parent=\"1\"><mxGeometry x=\"310\" y=\"40\" width=\"140\" height=\"70\" as=\"geometry\"></mxGeometry></mxCell><mxCell id=\"_71NSzNwBgd7c\" style=\"shape=umlActor;html=1;verticalLabelPosition=bottom;verticalAlign=top;\" vertex=\"1\" modelId=\"actor_ByQMmBlUpH_HJR6xEQ1I\" parent=\"1\"><mxGeometry x=\"170\" y=\"320\" width=\"35\" height=\"70\" as=\"geometry\"></mxGeometry></mxCell><mxCell id=\"_81NSzOfZ1Kwh\" style=\"shape=process;html=1;whiteSpace=wrap;\" vertex=\"1\" modelId=\"actor_Skv4MmHg8aB_HJR6xEQ1I\" parent=\"1\"><mxGeometry x=\"610\" y=\"325\" width=\"120\" height=\"60\" as=\"geometry\"></mxGeometry></mxCell><mxCell id=\"_91NSzPawSC7k\" style=\"edgeStyle=orthogonalEdgeStyle;rounded=0;html=1;entryX=0.5;entryY=0;entryPerimeter=0;jettySize=auto;orthogonalLoop=1;\" edge=\"1\" modelId=\"connector_ByjEM7SeITr_HJR6xEQ1I\" parent=\"1\" source=\"_61NSzMT430c7\" target=\"_71NSzNwBgd7c\"><mxGeometry relative=\"1\" as=\"geometry\"></mxGeometry></mxCell></root></mxGraphModel>","coreInfo":[{"modelType":"SystemContext","lastModifiedUserId":"cabuild@cn.ibm.com","description":"","lastModified":"2019-12-27T07:20:38Z","_id":"systemcontext_B1rEfQHeLpB_HJR6xEQ1I","label":"System Context"},{"modelType":"Connector","description":"","_id":"connector_ByjEM7SeITr_HJR6xEQ1I","type":"function","label":""},{"modelType":"TargetSystem","description":"","_id":"targetsystem_ry24MXBlUaH_HJR6xEQ1I","label":"Target System"}]}}},"solution_advisors":{},"auditLog":{"_id":"architectureauditentry_i5_L2S9Fa","archId":"arch_rygATgEXyU","archChangeLog":[{"_id":"architecturechangelog_6lt8lrZRp","date":"2019-12-28T12:04:06.064Z","type":"GITHUB_EXPORT","user":{"fullname":"Cognitive Architect Cognitive Architect Build","email":"cabuild@cn.ibm.com"},"appVersion":"2.7.0","dataVersion":"1.2"},{"_id":"architecturechangelog_XRuswFLKF","date":"2019-12-28T12:03:18.079Z","type":"GITHUB_EXPORT","user":{"fullname":"Cognitive Architect Cognitive Architect Build","email":"cabuild@cn.ibm.com"},"appVersion":"2.7.0","dataVersion":"1.2"},{"_id":"architecturechangelog_ZYunguPm4","date":"2019-12-28T12:02:55.176Z","type":"GITHUB_EXPORT","user":{"fullname":"Cognitive Architect Cognitive Architect Build","email":"cabuild@cn.ibm.com"},"appVersion":"2.7.0","dataVersion":"1.2"},{"_id":"architecturechangelog_TuK5lSmf-","date":"2019-12-27T12:05:23.728Z","type":"GITHUB_EXPORT","user":{"fullname":"Cognitive Architect Cognitive Architect Build","email":"cabuild@cn.ibm.com"},"appVersion":"2.7.0","dataVersion":"1.2"},{"_id":"architecturechangelog_jR6AQTsAR","date":"2019-12-27T12:04:52.102Z","type":"GITHUB_EXPORT","user":{"fullname":"Cognitive Architect Cognitive Architect Build","email":"cabuild@cn.ibm.com"},"appVersion":"2.7.0","dataVersion":"1.2"},{"_id":"architecturechangelog_PpUkqG-hL","date":"2019-12-27T08:39:34.270Z","type":"GITHUB_EXPORT","user":{"fullname":"Cognitive Architect Cognitive Architect Build","email":"cabuild@cn.ibm.com"},"appVersion":"2.7.0","dataVersion":"1.2"},{"_id":"architecturechangelog_LI0BemLA8U","date":"2019-12-27T07:20:44.621Z","type":"CREATE","user":{"fullname":"Cognitive Architect Cognitive Architect Build","email":"cabuild@cn.ibm.com"}}]}}