{"_id":"arch_SJXLfziSv","name":"copy user s arch","type":"Solution","status":"Pending","created":"2020-09-25T06:46:34Z","lastModified":"2020-09-25T07:02:41Z","includedArtifacts":[{"globalTOCPosition":"8","typeId":"assetartifact_miscdiagram","_id":"art_BymWXMjrv","artifactTypeId":"artifacttype_23219eb8-b210-3e5a-8621-9881bee93055","type":"Misc Diagram"},{"globalTOCPosition":"6.2","typeId":"assetartifact_assumption","_id":"art_HJvbrm8fGjSw","artifactTypeId":"artifacttype_2142b656-62ba-304d-95d4-77b1b144e5e1","type":"Assumptions"},{"globalTOCPosition":"5.1.3","typeId":"assetartifact_architectureoverview_itsystem","_id":"art_S1a6BmIfMorP","artifactTypeId":"artifacttype_355f72be-6566-3f48-8b15-c30f671d7c8f","type":"IT System View"},{"globalTOCPosition":"3.1.2","typeId":"assetartifact_usecase_uctext","_id":"art_HkrMVQUGforP","artifactTypeId":"artifacttype_dde4b71c-82db-3f66-964a-3a04fbf56dff","type":"Use Case"},{"globalTOCPosition":"1","typeId":"assetartifact_executivesummary","_id":"art_BkCPXXLMGoBw","artifactTypeId":"artifacttype_9edbd406-69fb-3a95-8b2e-58a0974b2710","type":"Overview"},{"globalTOCPosition":"2.2","typeId":"assetartifact_systemcontext","_id":"art_SyluQmUGzoHP","artifactTypeId":"artifacttype_8ca70362-e3d1-3b9c-91d1-f755d029a2e3","type":"System Context"},{"globalTOCPosition":"5.4.1","typeId":"assetartifact_operationalmodel_logicaloperational","_id":"art_Syy7IQLGGsBP","artifactTypeId":"artifacttype_5ca43d50-d7da-322f-a1b0-f65b0c12b2c8","type":"Logical Operational View"},{"globalTOCPosition":"4.1","typeId":"assetartifact_logical_datamodel","_id":"art_BJBSNXUfMoHP","artifactTypeId":"artifacttype_246bc46f-0286-3ad4-bf01-679592db59c7","type":"Logical Data Model"},{"globalTOCPosition":"6.1","typeId":"assetartifact_risk","_id":"art_HyIMHQIGzirv","artifactTypeId":"artifacttype_94622837-e58f-34c3-9263-8260b69601c8","type":"Risks"},{"globalTOCPosition":"2.1","typeId":"assetartifact_businesschallenge","_id":"art_r1nwmXIfGoSv","artifactTypeId":"artifacttype_d1ab4a95-e05f-3882-9f19-6500fc0d3b2b","type":"Business Challenge"},{"globalTOCPosition":"5.1.4","typeId":"assetartifact_architectureoverview_usagescenario","_id":"art_rJhGUmIMGjSw","artifactTypeId":"artifacttype_d118451c-0816-3aa5-8b89-3119feb4168a","type":"Usage Scenario"},{"globalTOCPosition":"3.2","typeId":"assetartifact_functionalrequirement","_id":"art_SJeMHXLfzjBP","artifactTypeId":"artifacttype_12eefe0a-435b-3176-8bbe-4dc928a2e4c3","type":"Functional Requirements"},{"globalTOCPosition":"5.1.2","typeId":"assetartifact_architectureoverview_enterprise","_id":"art_SyqgBQ8fzsBv","artifactTypeId":"artifacttype_16bfe592-ae95-371c-9f64-3a881b667707","type":"Enterprise View"},{"globalTOCPosition":"9","typeId":"assetartifact_notes","_id":"art_BkNzB7UzfsrD","artifactTypeId":"artifacttype_02226b19-474e-37a6-ab39-d9bb31767fb5","type":"Notes"},{"globalTOCPosition":"5.2","typeId":"assetartifact_architecturedecision","_id":"art_SyMX878MGiBD","artifactTypeId":"artifacttype_fddae3fa-aafa-32af-94a4-bc3e1ed255cc","type":"Architectural Decisions"},{"globalTOCPosition":"3.1.1","typeId":"assetartifact_usecase_ucdiagram","_id":"art_H1bsQQUzfiBw","artifactTypeId":"artifacttype_cde39d5e-c892-3093-ab3d-bad448acb8a0","type":"Use Case Diagram"},{"globalTOCPosition":"5.3.2","typeId":"assetartifact_componentmodel_dynamicview","_id":"art_H1qfrQ8GGiHP","artifactTypeId":"artifacttype_6e1239a1-6a68-3dae-ae87-b05ecf80d25b","type":"Dynamic View"}],"industry":[{"name":"Healthcare & Life Sciences","_id":"industry_healthcare"}],"technology":[{"name":"Blockchain","_id":"technology_blockchain"}],"technicalCapability":[],"businessCapability":[],"client":[],"taxonomies":["Modernize ways of working","Integrating apps & data","Be more responsive","Reduce business costs","Become more digital"],"template":{"name":"Solution Architecture Template","description":"Default ToC","_id":"template_company_ibm","isGlobalDefaultTemplate":true},"executiveSummary":"<div><b><font size=\"3\">( Link to this IBM Cognitive Architect model ... </font></b><b><font size=\"3\">https://ppylonpdpxy01.sl.bluecloud.ibm.com/cogarch/architectures/Social/arch_ByQD4ld6U )</font></b><br></div><div> </div><div><font size=\"5\"><b>Vision Statement for the Provider Directory, Credentialing and Onboarding (DCO) system :</b></font></div><div><b><br></b></div><div><b>Provide Payers with a quick and personalized Provider Onboarding experience that enables Providers to see patients within 48 hours of applying to be added to the Payer's network, and offer same day provisional approval – thereby building confidence and empowering Providers to focus on what they do best. Also, improve the timeliness and quality of the Provider Directory and Credentialing data while reducing the associated administrative costs.\n</b></div><div><b><font size=\"5\"><br></font></b></div><div><b><font size=\"5\">Overall Objectives:</font></b></div><blockquote><ul><li><font size=\"3\">Modernize the Provider Directory, Credentialing and Onboarding processes through use of cutting-edge technologies such as Blockchain in order to:</font></li><ul><li><font size=\"3\">Improve trust for greater data and process sharing across organizations</font></li><li><font size=\"3\">Improve data quality </font></li><li><font size=\"3\">Minimize administrative costs</font></li><li><font size=\"3\">Improve Provider experience</font></li><li><font size=\"3\">Reduce the time taken to onboard a Provider onto the Payer's network</font></li></ul><li><span style=\"font-size: 13px;\">Create a shared interoperable healthcare solution that is widely applicable across the industry, by leveraging existing data sources, standards, and practices across the healthcare ecosystem.</span></li><li><span style=\"font-size: 13px;\">Develop a working prototype that allows us to validate the concept, remove intermediaries, promote digital over paper, and is consortium ready. Enables us to be the innovators &amp; early adopters.</span></li></ul><b style=\"\"><font size=\"5\">Core Capabilities:</font></b><br></blockquote><blockquote><ul><li><span style=\"font-size: 13px;\">A <b>Provider Directory</b> data solution delivering up to date, high quality provider demographics information\n</span></li><li><span style=\"font-size: 13px;\">An automated <b>Provider Credentialing</b> solution involving primary and secondary sources, delivering trusted digital credentialing information\n</span></li><li><span style=\"font-size: 13px;\">A <b>Provider Onboarding</b> dashboard allowing process monitoring and submission tracking, over major onboarding steps such as application, contracting, etc.\n</span></li><li><span style=\"font-size: 13px;\">Ability to be integrated with existing onboarding processes in healthcare organizations\n</span></li></ul><span style=\"font-size: 13px;\"><br></span></blockquote><div style=\"text-align: center;\"></div><img style=\"height: 334px; width: 730px;\" src=\"/api/FileManagerAPIs/containers/cafiles/files/file_78de0a6a874c3780.png\"><div><br></div><div><br></div><img style=\"height: 389px; width: 735px;\" src=\"/api/FileManagerAPIs/containers/cafiles/files/file_ef792ea6d2246ea0.png\"><div><img style=\"height:100px;\" src=\"/api/FileManagerAPIs/containers/cafiles/files/file_a1da30f5455c6769.png\"><br></div>","tag":[],"schemaVersion":"1.3","lastModifiedUser":{"_id":"gbbguoxa@cn.ibm.com","fullname":"Bei Bei Guo","notesId":"Bei Bei JG Guo","jobResponsibilities":"Test Specialist","avatar":"https://w3-services1.w3-969.ibm.com/myw3/unified-profile-photo/v1/image/gbbguoxa@cn.ibm.com?def=avatar","privacyConstent":{"isAccept":true,"country":"CN","acceptedDate":"2018-10-15T06:03:35.756Z"},"lastLoginDate":"2020-09-25T06:43:46.304Z","bookmarkedArchList":["copied_f5982c40_a427_11e7_9b2d_bf96ebf8b1f3_COPY_architecture_33869491_8dbe_11e7_a90b_697746ae2b06","architecture_ba218421_818d_11e7_88e7_21ec9eeb2850","copied_e46c1250_ad56_11e7_9df4_2b1f6b893765_COPY_architecture_6ce61071_8d01_11e7_a90b_697746ae2b06","copied_61f15ed0_aca1_11e7_b764_25075a75175c_COPY_architecture_43936131_a941_11e7_8703_cf7fc382471f","copied_e1282b50_aded_11e7_9be5_13687dbe414f_COPY_architecture_33869491_8dbe_11e7_a90b_697746ae2b06","copied_67d74de0_a428_11e7_9d8f_c7a28270726d_COPY_architecture_96d45bf1_8d27_11e7_a90b_697746ae2b06"],"chatbotToken":"d8f82972a89e48c291a082eb2d99d8fa","username":"gbbguoxa@cn.ibm.com","email":"gbbguoxa@cn.ibm.com","userPreference":{"defaultTemplate":"template_company_ibm","defaultGithubInfo":{"_id":null,"repoUrl":"git@github.com:guoliabei/ca-public.git"}},"geographyList":["672"],"businessUnitList":["GLMKT"],"collaborationGroupList":["5d03635081dbc100085a27d7","5f55cb36e378d50008b6248e"]},"owner":{"_id":"gbbguoxa@cn.ibm.com","fullname":"Bei Bei Guo","notesId":"Bei Bei JG Guo","jobResponsibilities":"Test Specialist","avatar":"https://w3-services1.w3-969.ibm.com/myw3/unified-profile-photo/v1/image/gbbguoxa@cn.ibm.com?def=avatar","privacyConstent":{"isAccept":true,"country":"CN","acceptedDate":"2018-10-15T06:03:35.756Z"},"lastLoginDate":"2020-09-25T06:43:46.304Z","bookmarkedArchList":["copied_f5982c40_a427_11e7_9b2d_bf96ebf8b1f3_COPY_architecture_33869491_8dbe_11e7_a90b_697746ae2b06","architecture_ba218421_818d_11e7_88e7_21ec9eeb2850","copied_e46c1250_ad56_11e7_9df4_2b1f6b893765_COPY_architecture_6ce61071_8d01_11e7_a90b_697746ae2b06","copied_61f15ed0_aca1_11e7_b764_25075a75175c_COPY_architecture_43936131_a941_11e7_8703_cf7fc382471f","copied_e1282b50_aded_11e7_9be5_13687dbe414f_COPY_architecture_33869491_8dbe_11e7_a90b_697746ae2b06","copied_67d74de0_a428_11e7_9d8f_c7a28270726d_COPY_architecture_96d45bf1_8d27_11e7_a90b_697746ae2b06"],"chatbotToken":"d8f82972a89e48c291a082eb2d99d8fa","username":"gbbguoxa@cn.ibm.com","email":"gbbguoxa@cn.ibm.com","userPreference":{"defaultTemplate":"template_company_ibm","defaultGithubInfo":{"_id":null,"repoUrl":"git@github.com:guoliabei/ca-public.git"}},"collaborationGroupList":["5d03635081dbc100085a27d7","5f55cb36e378d50008b6248e"],"businessUnit":{"_id":"GLMKT","name":"IBM Global Markets","description":""},"geography":{"_id":"672","iot":"GCG IOT","imt_market":"Peoples Rep of China","country":"China"}},"appVersion":"3.0"}