{"toc":[{"globalTOCPosition":"1","artifactTypeName":"Overview","artifactType":"assetartifact_executivesummary","displayName":"Overview","format":"text","typeId":"1","_id":"artifacttype_9edbd406-69fb-3a95-8b2e-58a0974b2710","child":[],"hasContent":false},{"globalTOCPosition":"2","parentGroup":"","_id":"artifactgroup_7dc829db-0746-3ddc-816c-d07338d4eebf","displayName":"Scope","child":[{"globalTOCPosition":"2.1","artifactTypeName":"Business Challenge","artifactType":"assetartifact_businesschallenge","displayName":"Business Challenge","format":"text","typeId":"2.1","_id":"artifacttype_d1ab4a95-e05f-3882-9f19-6500fc0d3b2b","hasContent":false},{"globalTOCPosition":"2.2","artifactTypeName":"System Context","artifactType":"assetartifact_systemcontext","displayName":"System Context","format":"diagram","typeId":"2.2","_id":"artifacttype_8ca70362-e3d1-3b9c-91d1-f755d029a2e3","hasContent":false}]},{"globalTOCPosition":"3","parentGroup":"","_id":"artifactgroup_3b8700e6-c854-3ec9-af0e-9b2e600721ce","displayName":"Requirement","child":[{"globalTOCPosition":"3.1","parentGroup":"artifactgroup_3b8700e6-c854-3ec9-af0e-9b2e600721ce","_id":"artifactgroup_6e299154-751f-36ee-acb2-145c8af87481","displayName":"Use Case Model","child":[{"artifactTypeName":"Use Case Diagram","globalTOCPosition":"3.1.1","artifactType":"assetartifact_usecase_ucdiagram","displayName":"Use Case Diagram","format":"diagram","typeId":"3.1.1","_id":"artifacttype_cde39d5e-c892-3093-ab3d-bad448acb8a0","hasContent":false},{"globalTOCPosition":"3.1.2","artifactTypeName":"Use Case","artifactType":"assetartifact_usecase_uctext","displayName":"Use Case","format":"text","typeId":"3.1.2","_id":"artifacttype_dde4b71c-82db-3f66-964a-3a04fbf56dff","hasContent":false}]},{"globalTOCPosition":"3.2","artifactTypeName":"Functional Requirements","artifactType":"assetartifact_functionalrequirement","displayName":"Functional Requirements","format":"text","typeId":"3.2","_id":"artifacttype_12eefe0a-435b-3176-8bbe-4dc928a2e4c3","hasContent":false},{"artifactTypeName":"Non Functional Requirements","globalTOCPosition":"3.3","artifactType":"assetartifact_nonfunctionalrequirement","displayName":"Non Functional Requirements","format":"text","typeId":"3.3","_id":"artifacttype_f0eebd79-15c9-3ebc-a73b-8efc3f634f59","hasContent":false}]},{"globalTOCPosition":"4","parentGroup":"","_id":"artifactgroup_40044cbe-6c76-33a1-b9e0-eab8937d30ca","displayName":"Data Model","child":[{"artifactTypeName":"Logical Data Model","globalTOCPosition":"4.1","artifactType":"assetartifact_logical_datamodel","displayName":"Logical Data Model","format":"diagram","typeId":"4.1","_id":"artifacttype_246bc46f-0286-3ad4-bf01-679592db59c7","hasContent":false}]},{"globalTOCPosition":"5","parentGroup":"","_id":"artifactgroup_074a2b74-43d8-315a-b88b-c0b421754f02","displayName":"Architecture","child":[{"globalTOCPosition":"5.1","parentGroup":"artifactgroup_074a2b74-43d8-315a-b88b-c0b421754f02","_id":"artifactgroup_771e7b65-3b46-390d-bc41-3c88cfaf13ef","displayName":"Architecture Overview","child":[{"artifactTypeName":"Services View","globalTOCPosition":"5.1.1","artifactType":"assetartifact_architectureoverview_aodservice","displayName":"Services View","format":"diagram","typeId":"5.1.1","_id":"artifacttype_2c548a13-6bd9-3edc-a496-0318af82f0d1","hasContent":false},{"artifactTypeName":"Enterprise View","globalTOCPosition":"5.1.2","artifactType":"assetartifact_architectureoverview_enterprise","displayName":"Enterprise View","format":"diagram","typeId":"5.1.2","_id":"artifacttype_16bfe592-ae95-371c-9f64-3a881b667707","hasContent":false},{"globalTOCPosition":"5.1.3","artifactTypeName":"IT System View","artifactType":"assetartifact_architectureoverview_itsystem","displayName":"IT System View","format":"diagram","typeId":"5.1.3","_id":"artifacttype_355f72be-6566-3f48-8b15-c30f671d7c8f","hasContent":false},{"artifactTypeName":"Usage Scenario","globalTOCPosition":"5.1.4","artifactType":"assetartifact_architectureoverview_usagescenario","displayName":"Usage Scenario","format":"diagram","typeId":"5.1.4","_id":"artifacttype_d118451c-0816-3aa5-8b89-3119feb4168a","hasContent":false}]},{"globalTOCPosition":"5.2","artifactTypeName":"Architectural Decisions","artifactType":"assetartifact_architecturedecision","displayName":"Architectural Decisions","format":"text","typeId":"5.2","_id":"artifacttype_fddae3fa-aafa-32af-94a4-bc3e1ed255cc","parentGroup":"artifactgroup_074a2b74-43d8-315a-b88b-c0b421754f02","child":[],"hasContent":false},{"globalTOCPosition":"5.3","parentGroup":"artifactgroup_074a2b74-43d8-315a-b88b-c0b421754f02","_id":"artifactgroup_c848fca1-3956-3bb4-8c88-8815b99e00fc","displayName":"Component Model","child":[{"globalTOCPosition":"5.3.1","artifactTypeName":"Static View","artifactType":"assetartifact_componentmodel_staticview","displayName":"Static View","format":"diagram","typeId":"5.3.1","_id":"artifacttype_4a44b8fa-5057-3826-84d7-169a6fc1f2ed","hasContent":false},{"globalTOCPosition":"5.3.2","artifactTypeName":"Sequence View","artifactType":"assetartifact_componentmodel_dynamicview","displayName":"Sequence View","format":"diagram","typeId":"5.3.2","_id":"artifacttype_6e1239a1-6a68-3dae-ae87-b05ecf80d25b","hasContent":false},{"artifactTypeName":"Collaboration View","globalTOCPosition":"5.3.3","artifactType":"assetartifact_componentmodel_collaborationdiagram","displayName":"Collaboration View","format":"diagram","typeId":"5.3.3","_id":"artifacttype_217cdbd4-c76f-3355-a3b1-443b0a0d2651","hasContent":false}]},{"globalTOCPosition":"5.4","parentGroup":"artifactgroup_074a2b74-43d8-315a-b88b-c0b421754f02","_id":"artifactgroup_aef1c0cc-540d-31c6-8817-ac2b282f37d3","displayName":"Operational Model","child":[{"artifactTypeName":"Logical Operational View","globalTOCPosition":"5.4.1","artifactType":"assetartifact_operationalmodel_logicaloperational","displayName":"Logical Operational View","format":"diagram","typeId":"5.4.1","_id":"artifacttype_5ca43d50-d7da-322f-a1b0-f65b0c12b2c8","hasContent":true},{"artifactTypeName":"Prescribed Operational View","globalTOCPosition":"5.4.2","artifactType":"assetartifact_operationalmodel_physicaloperational","displayName":"Prescribed Operational View","format":"diagram","typeId":"5.4.2","_id":"artifacttype_7503dbb1-18f7-36ac-ad12-98d977ef3d0d","hasContent":true}]}]},{"globalTOCPosition":"6","parentGroup":"","_id":"artifactgroup_7cddcb3d-c508-3828-8893-128dc3d6c8b7","displayName":"RAID","child":[{"globalTOCPosition":"6.1","artifactTypeName":"Risks","artifactType":"assetartifact_risk","displayName":"Risks","format":"text","typeId":"6.1","_id":"artifacttype_94622837-e58f-34c3-9263-8260b69601c8","hasContent":false},{"globalTOCPosition":"6.2","artifactTypeName":"Assumptions","artifactType":"assetartifact_assumption","displayName":"Assumptions","format":"text","typeId":"6.2","_id":"artifacttype_2142b656-62ba-304d-95d4-77b1b144e5e1","hasContent":false},{"globalTOCPosition":"6.3","artifactTypeName":"Issues","artifactType":"assetartifact_issue","displayName":"Issues","format":"text","typeId":"6.3","_id":"artifacttype_f4d01807-f847-3ccd-87a2-32877074295e","hasContent":false},{"globalTOCPosition":"6.4","artifactTypeName":"Dependencies","artifactType":"assetartifact_dependency","displayName":"Dependencies","format":"text","typeId":"6.4","_id":"artifacttype_9c5463b3-5c9e-3790-86cb-9b8866cc062a","hasContent":false}]},{"globalTOCPosition":"7","artifactTypeName":"Architectural Principles","artifactType":"assetartifact_architecture_principles","displayName":"Architectural Principles","format":"text","typeId":"7","_id":"artifacttype_92ccfc5d-c31a-349d-97c0-6d75c8841a8a","child":[],"hasContent":false},{"artifactTypeName":"Misc Diagram","globalTOCPosition":"8","artifactType":"assetartifact_miscdiagram","displayName":"Misc Diagram","format":"diagram","typeId":"9","_id":"artifacttype_23219eb8-b210-3e5a-8621-9881bee93055","child":[],"hasContent":false},{"artifactTypeName":"Notes","globalTOCPosition":"9","artifactType":"assetartifact_notes","displayName":"Notes","format":"text","typeId":"8","_id":"artifacttype_02226b19-474e-37a6-ab39-d9bb31767fb5","child":[],"hasContent":false}],"toc_cards":{"lomViews":{"artifacttype_5ca43d50-d7da-322f-a1b0-f65b0c12b2c8":[{"additionalInfo":{},"_id":"lomview_HkXgpSDV065","name":"lom","description":"","lastModifiedInfo":{"userId":"gbbguoxa@cn.ibm.com","date":"2022-08-08T07:12:04Z"}},{"additionalInfo":{},"_id":"lomview_3vT7ZpjF0fv","name":"lom1","description":"","lastModifiedInfo":{"userId":"gbbguoxa@cn.ibm.com","date":"2022-08-08T08:44:47Z"}}]},"lomPhysicalViews":{"artifacttype_7503dbb1-18f7-36ac-ad12-98d977ef3d0d":[{"additionalInfo":{},"_id":"pomview_S1igarw4C69","name":"p","description":"","lastModifiedInfo":{"userId":"gbbguoxa@cn.ibm.com","date":"2022-08-08T08:46:07Z"}},{"additionalInfo":{},"_id":"pomview_SktgarPE0T5","name":"pom","description":"","lastModifiedInfo":{"userId":"gbbguoxa@cn.ibm.com","date":"2022-08-08T08:43:28Z"}}]},"executivesummary":{"artifacttype_9edbd406-69fb-3a95-8b2e-58a0974b2710":[]},"businesschallenge":{"artifacttype_d1ab4a95-e05f-3882-9f19-6500fc0d3b2b":[]},"systemContext":{"artifacttype_8ca70362-e3d1-3b9c-91d1-f755d029a2e3":[]},"useCaseViews":{"artifacttype_cde39d5e-c892-3093-ab3d-bad448acb8a0":[]},"usecasetext":{"artifacttype_dde4b71c-82db-3f66-964a-3a04fbf56dff":[]},"functionalrequirement":{"artifacttype_12eefe0a-435b-3176-8bbe-4dc928a2e4c3":[]},"nonfunctionalrequirement":{"artifacttype_f0eebd79-15c9-3ebc-a73b-8efc3f634f59":[]},"logicalERD":{"artifacttype_246bc46f-0286-3ad4-bf01-679592db59c7":[]},"aodServices":{"artifacttype_2c548a13-6bd9-3edc-a496-0318af82f0d1":[]},"aodEnterprises":{"artifacttype_16bfe592-ae95-371c-9f64-3a881b667707":[]},"aodITSystems":{"artifacttype_355f72be-6566-3f48-8b15-c30f671d7c8f":[]},"aodUsageScenarios":{"artifacttype_d118451c-0816-3aa5-8b89-3119feb4168a":[]},"architecturaldecision":{"artifacttype_fddae3fa-aafa-32af-94a4-bc3e1ed255cc":[]},"cmStaticViews":{"artifacttype_4a44b8fa-5057-3826-84d7-169a6fc1f2ed":[]},"cmDynamicViews":{"artifacttype_6e1239a1-6a68-3dae-ae87-b05ecf80d25b":[]},"cmCollaboration":{"artifacttype_217cdbd4-c76f-3355-a3b1-443b0a0d2651":[]},"risk":{"artifacttype_94622837-e58f-34c3-9263-8260b69601c8":[]},"assumption":{"artifacttype_2142b656-62ba-304d-95d4-77b1b144e5e1":[]},"issue":{"artifacttype_f4d01807-f847-3ccd-87a2-32877074295e":[]},"dependency":{"artifacttype_9c5463b3-5c9e-3790-86cb-9b8866cc062a":[]},"architectureprinciple":{"artifacttype_92ccfc5d-c31a-349d-97c0-6d75c8841a8a":[]},"miscDiagram":{"artifacttype_23219eb8-b210-3e5a-8621-9881bee93055":[]},"notes":{"artifacttype_02226b19-474e-37a6-ab39-d9bb31767fb5":[]}},"combined":{"coreInfo":[{"_id":"prescribednode_3vT9DofMSi4","name":"PN","description":"","Icon-Name":"default","Badge-Text":"","type":"Physical","cardinality":"1","label":"PN","modelType":"PrescribedNode"},{"_id":"omlocation_3vT9A2bmBUF","name":"1","description":"","Icon-Name":"default","Badge-Text":"","cardinality":"1","label":"1","modelType":"OMLocation"},{"_id":"actor_3vT9BR3v8TX","name":"2","description":"","Icon-Name":"user","Badge-Text":"","type":"Human","label":"2","modelType":"Actor"},{"_id":"logicalnode_3vT9EQ38Vne","name":"3","description":"","Icon-Name":"","Badge-Text":"","cardinality":"1","label":"3","modelType":"LogicalNode"},{"name":"hah","description":"hah","_id":"label_SJcOtRsYdgH_H1NUhdn18","userId":"gbbguoxa@cn.ibm.com","label":"hah","modelType":"Label"},{"name":"ha'h","description":"ha'h","_id":"label_HyDOR4Q66rL_Sycg--cUL_HyXAab5IU","userId":"gbbguoxa@cn.ibm.com","label":"ha'h","modelType":"Label"},{"name":"label","description":"label","_id":"label_SyUOgzAjuvpH","userId":"gbbguoxa@cn.ibm.com","label":"label","modelType":"Label"},{"name":"fds","description":"fds","_id":"label_3vRtyVUGmeg","userId":"gbbguoxa@cn.ibm.com","label":"fds","modelType":"Label"},{"name":"a","description":"a","_id":"label_HyawxqLLCFDH","userId":"gbbguoxa@cn.ibm.com","label":"a","modelType":"Label"},{"name":"a note","description":"a note","_id":"label_BkkOl58LAtDr","userId":"gbbguoxa@cn.ibm.com","label":"a note","modelType":"Label"},{"name":"hahah","description":"hahah","_id":"label_SkmOl9UI0YwH","userId":"gbbguoxa@cn.ibm.com","label":"hahah","modelType":"Label"},{"name":"Pass pen","description":"Pass pen","_id":"label_1xaDQwZ2QdS_ByPt8AH9E","userId":"gbbguoxa@cn.ibm.com","label":"Pass pen","modelType":"Label"},{"name":"Offline Editing","description":"Offline Editing","_id":"label_1y2091Ouadd_ByPt8AH9E","userId":"gbbguoxa@cn.ibm.com","label":"Offline Editing","modelType":"Label"},{"name":"Pass Pen","description":"Pass Pen","_id":"label_1y24G0LVQ7D_ByPt8AH9E","userId":"gbbguoxa@cn.ibm.com","label":"Pass Pen","modelType":"Label"},{"name":"a'a'a'a'a","description":"a'a'a'a'a","_id":"label_r1yoDGyO31I","userId":"gbbguoxa@cn.ibm.com","label":"a'a'a'a'a","modelType":"Label"},{"name":"aaaaa","description":"aaaaa","_id":"label_B1gsvMJ_2k8","userId":"gbbguoxa@cn.ibm.com","label":"aaaaa","modelType":"Label"},{"name":"a special label","description":"a special label","_id":"label_SkGiDf1d31U","userId":"gbbguoxa@cn.ibm.com","label":"a special label","modelType":"Label"},{"name":"note1","description":"note1","_id":"label_1L2WMjWbK4k_ByQlw1Zkr","userId":"gbbguoxa@cn.ibm.com","label":"note1","modelType":"Label"},{"name":"patch","description":"patch","_id":"label_1Phj7Y9HrAn_HJz4mg_fS","userId":"gbbguoxa@cn.ibm.com","label":"patch","modelType":"Label"},{"name":"2.4.1","description":"2.4.1","_id":"label_1Phj7Y9XdCz_HJz4mg_fS","userId":"gbbguoxa@cn.ibm.com","label":"2.4.1","modelType":"Label"},{"name":"dddd","description":"dddd","_id":"label_1UX0q6UGFyi_H1CQyRtwS","userId":"gbbguoxa@cn.ibm.com","label":"dddd","modelType":"Label"},{"name":"note","description":"note","_id":"label_2jVgK9fg3bA_SyQmL8Np8_HJNtuhdaL","userId":"gbbguoxa@cn.ibm.com","label":"note","modelType":"Label"},{"name":"image","description":"image","_id":"label_24tYxylsUsa_B1lmZgkZU","userId":"gbbguoxa@cn.ibm.com","label":"image","modelType":"Label"},{"name":"attach","description":"attach","_id":"label_24tYxylTtTA_B1lmZgkZU","userId":"gbbguoxa@cn.ibm.com","label":"attach","modelType":"Label"},{"name":" bvn","description":" bvn","_id":"label_2keZvMsTOrc_rkNEOadTL","userId":"gbbguoxa@cn.ibm.com","label":" bvn","modelType":"Label"},{"name":"bvnb'h'j","description":"bvnb'h'j","_id":"label_2keZvMsDmuy_rkNEOadTL","userId":"gbbguoxa@cn.ibm.com","label":"bvnb'h'j","modelType":"Label"},{"name":"bhjn'j","description":"bhjn'j","_id":"label_2keZvMsEYZd_rkNEOadTL","userId":"gbbguoxa@cn.ibm.com","label":"bhjn'j","modelType":"Label"},{"name":"nj","description":"nj","_id":"label_2keZvMsA9bG_rkNEOadTL","userId":"gbbguoxa@cn.ibm.com","label":"nj","modelType":"Label"},{"name":"is","description":"is","_id":"label_SyumbjO9GjBw","userId":"gbbguoxa@cn.ibm.com","label":"is","modelType":"Label"},{"name":"this","description":"this","_id":"label_rJKO5lu_Tvv","userId":"gbbguoxa@cn.ibm.com","label":"this","modelType":"Label"},{"name":"Notification","description":"Notification","_id":"label_SJidqguO6Pw","userId":"gbbguoxa@cn.ibm.com","label":"Notification","modelType":"Label"},{"name":"Workshop Jan. 2019","description":"Workshop Jan. 2019","_id":"label_Sy2OceOdTwD","userId":"gbbguoxa@cn.ibm.com","label":"Workshop Jan. 2019","modelType":"Label"},{"name":"New label","description":"New label","_id":"label_B19b-chPsOCP_B184bKKRw","userId":"gbbguoxa@cn.ibm.com","label":"New label","modelType":"Label"},{"name":"decwq","description":"decwq","_id":"label_2LiAP5jW5Dn_B1KGDHYS_","userId":"gbbguoxa@cn.ibm.com","label":"decwq","modelType":"Label"},{"name":"devcwdq","description":"devcwdq","_id":"label_2LiAP5jpzky_B1KGDHYS_","userId":"gbbguoxa@cn.ibm.com","label":"devcwdq","modelType":"Label"},{"name":"qdwcewdq","description":"qdwcewdq","_id":"label_2LiAP5jyHWl_B1KGDHYS_","userId":"gbbguoxa@cn.ibm.com","label":"qdwcewdq","modelType":"Label"},{"name":"CA","description":"CA","_id":"label_1OhKj1ilrmn_rkm6cR0-H_ryWjkER2B_B1KGDHYS_","userId":"gbbguoxa@cn.ibm.com","label":"CA","modelType":"Label"},{"modelType":"DU","description":"","_id":"du_Sy-THDN0a9","type":"Executable","level":"Functional","label":"du"},{"modelType":"OMLocation","Icon-Name":"default","Badge-Text":"","description":"","_id":"omlocation_HJzpBP4Cpq","cardinality":"1","label":"OMLocation","children":"logicalnode_SymprwECa9,actor_S1warvEAT5,logicalnode_3vT8awr573b,prescribednode_B1sarwVCT9"},{"modelType":"LogicalNode","Icon-Name":"","Badge-Text":"","description":"","_id":"logicalnode_SymprwECa9","cardinality":"1","label":"Logical Node","children":"du_Sy-THDN0a9"},{"modelType":"Actor","Icon-Name":"user","Badge-Text":"","description":"","_id":"actor_S1warvEAT5","type":"Human","label":"Human"},{"modelType":"GenericGroup","description":"Element unchanged in this phase or release.","_id":"genericgroup_H1FMwT_tAv","category":"Transition-Elements","type":"Pre-Defined","label":"unchanged"},{"modelType":"GenericGroup","description":"Element is modified or updated in this phase or release.","_id":"genericgroup_SkqGPaOFAP","category":"Transition-Elements","type":"Pre-Defined","label":"updated"},{"modelType":"GenericGroup","description":"Element being removed in this phase or release.","_id":"genericgroup_HJjMDTuYCD","category":"Transition-Elements","type":"Pre-Defined","label":"removed"},{"modelType":"GenericGroup","description":"Element being added in this phase or release.","_id":"genericgroup_Sy3zPTdYCw","type":"Pre-Defined","category":"Transition-Elements","label":"added"},{"modelType":"GenericGroup","description":"Element is being planned for some future phase or release.","_id":"genericgroup_ryaGP6OK0w","category":"Transition-Elements","type":"Pre-Defined","label":"planned"},{"modelType":"GenericGroup","description":"Either the security controls have not been specified or cannot be controlled.","_id":"genericgroup_B1zP6dFRw","type":"Pre-Defined","category":"Security-Zone","label":"none"},{"modelType":"GenericGroup","description":"Trusted security zone, all traffic and access is by known and trusted parties.","_id":"genericgroup_rJlMv6dt0P","type":"Pre-Defined","category":"Security-Zone","label":"trusted"},{"modelType":"GenericGroup","description":"Direct access to un-trusted network, no sensitive data. Controlled access to trusted zone.","_id":"genericgroup_BybzDTOK0v","type":"Pre-Defined","category":"Security-Zone","label":"dmz"},{"modelType":"GenericGroup","description":"Untrusted traffic, often public networks.","_id":"genericgroup_ByGMw6dYAP","type":"Pre-Defined","category":"Security-Zone","label":"un-trusted"},{"modelType":"GenericGroup","description":"Unmanaged entity.","_id":"genericgroup_S17GwadKCw","type":"Pre-Defined","category":"Management-Zone","label":"none"},{"modelType":"GenericGroup","description":"Fully managed.","_id":"genericgroup_rk4Gw6ut0D","type":"Pre-Defined","category":"Management-Zone","label":"full"},{"modelType":"GenericGroup","description":"Partially managed.","_id":"genericgroup_SyrMD6_KAP","category":"Management-Zone","type":"Pre-Defined","label":"limited"},{"modelType":"GenericGroup","description":"No direct management.","_id":"genericgroup_ByIfwpOF0v","category":"Management-Zone","type":"Pre-Defined","label":"no direct"},{"modelType":"GenericGroup","description":"High availability replica actively handling workload.","_id":"genericgroup_BywfvTuKAw","type":"Pre-Defined","category":"HA-Mode","label":"active","children":"logicalnode_SymprwECa9"},{"modelType":"GenericGroup","description":"High availability replica not handling active workload.","_id":"genericgroup_ry_zw6utCv","type":"Pre-Defined","category":"HA-Mode","label":"passive","children":"logicalnode_SymprwECa9"},{"modelType":"LogicalNode","Icon-Name":"","Badge-Text":"","description":"","_id":"logicalnode_3vT8capCelM","cardinality":"1","label":"Logical Node2"},{"modelType":"LogicalNode","Icon-Name":"","Badge-Text":"","description":"","_id":"logicalnode_3vT8awr573b","cardinality":"1","label":"Logical Node1"},{"modelType":"OMLocation","Icon-Name":"default","Badge-Text":"","description":"","_id":"omlocation_SkATHvVAaq","cardinality":"1","label":"1OMLocation","children":"logicalnode_SymprwECa9,prescribednode_HkgxTHDECp9,actor_S1warvEAT5"},{"modelType":"OMLocation","Icon-Name":"default","Badge-Text":"","description":"","_id":"omlocation_3vT7MtcL5hf","cardinality":"1","label":"OMLocation1","children":"logicalnode_3vT8capCelM,prescribednode_3vT7P8dVZqU"},{"modelType":"PrescribedNode","description":"","_id":"prescribednode_HkgxTHDECp9","type":"Container","cardinality":"1","label":"PN_C (Original)","children":"logicalnode_SymprwECa9,logicalnode_3vT8awr573b,logicalnode_3vT8capCelM"},{"modelType":"PrescribedNode","Icon-Name":"default","Badge-Text":"","description":"","_id":"prescribednode_B1sarwVCT9","type":"Container","cardinality":"1","label":"PN_C","children":"logicalnode_SymprwECa9"},{"modelType":"PrescribedNode","Icon-Name":"default","Badge-Text":"","description":"","_id":"prescribednode_3vT7P8dVZqU","type":"Virtual","cardinality":"1","label":"PN_V","children":"logicalnode_SymprwECa9"}]},"diagram":{"instances":{"lomview_HkXgpSDV065":{"uiInfo":"<mxGraphModel dx=\"1186\" dy=\"544\" grid=\"1\" gridSize=\"8\" guides=\"1\" tooltips=\"1\" connect=\"1\" arrows=\"1\" fold=\"1\" page=\"1\" pageScale=\"1\" pageWidth=\"1169\" pageHeight=\"827\" background=\"#ffffff\"><root><mxCell id=\"0\" modelId=\"lomview_HkXgpSDV065\"></mxCell><mxCell id=\"1\" parent=\"0\"></mxCell><mxCell id=\"lomview_3ve7ffbZu64_183ve7gb35zHb\" style=\"shape=mxgraph.ibm.base;ibmType=groupp;ibmLayout=expanded;strokeColor=#0f62fe;html=1;whiteSpace=wrap;metaEdit=1;fontFamily=IBM Plex Sans Regular;fontSize=14;fontColor=#000000;verticalLabelPosition=middle;labelPosition=center;verticalAlign=middle;align=left;spacing=0;spacingLeft=16;spacingRight=16;spacingTop=0;spacingBottom=0;metaEdit=1;strokeWidth=1;container=1;collapsible=0;expand=0;recursiveResize=0;colorFillIcon=noColor;colorFillContainer=noColor;colorFillText=noColor;\" vertex=\"1\" modelId=\"omlocation_HJzpBP4Cpq\" parent=\"1\"><mxGeometry x=\"208\" y=\"96\" width=\"464\" height=\"336\" as=\"geometry\"></mxGeometry></mxCell><mxCell id=\"lomview_3ve7ffbZu64_193ve7gMbSd37\" style=\"shape=mxgraph.ibm.base;ibmType=nodel;ibmLayout=expanded;strokeColor=#0F62FE;html=1;whiteSpace=wrap;metaEdit=1;fontFamily=IBM Plex Sans Regular;fontSize=12;fontColor=#000000;strokeWidth=1;verticalAlign=middle;align=left;spacing=0;spacingLeft=16;spacingRight=16;spacingTop=0;spacingBottom=0;childLayout=stackLayout;stackUnitSize=16;resizeParent=1;resizeParentMax=0;resizeLast=0;allowGaps=0;stackFill=1;horizontalStack=0;noLabel=0;marginTop=58;marginRight=8;marginLeft=8;container=1;collapsible=0;expand=0;recursiveResize=0;marginBottom=2;\" vertex=\"1\" modelId=\"logicalnode_SymprwECa9\" parent=\"lomview_3ve7ffbZu64_183ve7gb35zHb\"><mxGeometry x=\"160\" y=\"120\" width=\"200\" height=\"84\" as=\"geometry\"></mxGeometry></mxCell><mxCell id=\"lomview_3ve7ffbZu64_203ve7hfyDOC3\" style=\"shape=mxgraph.ibm.base;ibmType=actor;ibmLayout=collapsed;strokeColor=#0f62fe;html=1;whiteSpace=wrap;metaEdit=1;fontFamily=IBM Plex Sans Regular;fontSize=14;fontColor=#000000;fillColor=none;verticalLabelPosition=bottom;labelPosition=center;verticalAlign=top;align=center;spacing=0;spacingLeft=16;spacingRight=16;spacingTop=0;spacingBottom=4;metaEdit=1;strokeWidth=1;\" vertex=\"1\" modelId=\"actor_S1warvEAT5\" parent=\"lomview_3ve7ffbZu64_183ve7gb35zHb\"><mxGeometry x=\"48\" y=\"48\" width=\"48\" height=\"48\" as=\"geometry\"></mxGeometry></mxCell><mxCell id=\"lomview_3ve7ffbZu64_213ve7hRmUmZ6\" style=\"edgeStyle=orthogonalEdgeStyle;rounded=1;orthogonalLoop=1;jettySize=auto;html=1;jumpStyle=arc;jumpSize=8;\" edge=\"1\" modelId=\"logicalconnection_ry4epSPEAp5\" parent=\"lomview_3ve7ffbZu64_183ve7gb35zHb\" source=\"lomview_3ve7ffbZu64_203ve7hfyDOC3\" target=\"lomview_3ve7ffbZu64_193ve7gMbSd37\"><mxGeometry relative=\"1\" as=\"geometry\"></mxGeometry></mxCell></root></mxGraphModel>","coreInfo":[{"modelType":"LOMView","lastModifiedUserId":"gbbguoxa@cn.ibm.com","description":"","lastModified":"2022-08-08T07:12:04Z","_id":"lomview_HkXgpSDV065","label":"lom"},{"modelType":"OMLocation","Icon-Name":"default","Badge-Text":"","description":"","_id":"omlocation_HJzpBP4Cpq","cardinality":"1","label":"OMLocation","children":"logicalnode_SymprwECa9,actor_S1warvEAT5"},{"modelType":"LogicalConnection","description":"","_id":"logicalconnection_ry4epSPEAp5","flowType":"not specified","label":"","from":"actor_S1warvEAT5","to":"logicalnode_SymprwECa9"}]},"lomview_3vT7ZpjF0fv":{"uiInfo":"<mxGraphModel dx=\"1186\" dy=\"555\" grid=\"1\" gridSize=\"8\" guides=\"1\" tooltips=\"1\" connect=\"1\" arrows=\"1\" fold=\"1\" page=\"1\" pageScale=\"1\" pageWidth=\"1169\" pageHeight=\"827\" background=\"#ffffff\"><root><mxCell id=\"0\" modelId=\"lomview_3vT7ZpjF0fv\"></mxCell><mxCell id=\"1\" parent=\"0\"></mxCell><mxCell id=\"lomview_3vT7ZpjF0fv_333vT87SvRNai\" style=\"shape=mxgraph.ibm.base;ibmType=groupp;ibmLayout=expanded;strokeColor=#0f62fe;html=1;whiteSpace=wrap;metaEdit=1;fontFamily=IBM Plex Sans Regular;fontSize=14;fontColor=#000000;verticalLabelPosition=middle;labelPosition=center;verticalAlign=middle;align=left;spacing=0;spacingLeft=16;spacingRight=16;spacingTop=0;spacingBottom=0;metaEdit=1;strokeWidth=1;container=1;collapsible=0;expand=0;recursiveResize=0;colorFillIcon=noColor;colorFillContainer=noColor;colorFillText=noColor;\" vertex=\"1\" modelId=\"omlocation_3vT7MtcL5hf\" parent=\"1\"><mxGeometry x=\"320\" y=\"384\" width=\"240\" height=\"240\" as=\"geometry\"></mxGeometry></mxCell><mxCell id=\"lomview_3vT7ZpjF0fv_393vT8capANdB\" style=\"shape=mxgraph.ibm.base;ibmType=nodel;ibmLayout=expanded;strokeColor=#0F62FE;html=1;whiteSpace=wrap;metaEdit=1;fontFamily=IBM Plex Sans Regular;fontSize=12;fontColor=#000000;strokeWidth=1;verticalAlign=middle;align=left;spacing=0;spacingLeft=16;spacingRight=16;spacingTop=0;spacingBottom=0;childLayout=stackLayout;stackUnitSize=16;resizeParent=1;resizeParentMax=0;resizeLast=0;allowGaps=0;stackFill=1;horizontalStack=0;noLabel=0;marginTop=58;marginRight=8;marginLeft=8;container=1;collapsible=0;expand=0;recursiveResize=0;marginBottom=2;\" vertex=\"1\" modelId=\"logicalnode_3vT8capCelM\" parent=\"lomview_3vT7ZpjF0fv_333vT87SvRNai\"><mxGeometry x=\"65\" y=\"112\" width=\"200\" height=\"108\" as=\"geometry\"></mxGeometry></mxCell><mxCell id=\"lomview_3vT7ZpjF0fv_313vT87efS5aI\" style=\"shape=mxgraph.ibm.base;ibmType=groupp;ibmLayout=expanded;strokeColor=#0f62fe;html=1;whiteSpace=wrap;metaEdit=1;fontFamily=IBM Plex Sans Regular;fontSize=14;fontColor=#000000;verticalLabelPosition=middle;labelPosition=center;verticalAlign=middle;align=left;spacing=0;spacingLeft=16;spacingRight=16;spacingTop=0;spacingBottom=0;metaEdit=1;strokeWidth=1;container=1;collapsible=0;expand=0;recursiveResize=0;colorFillIcon=noColor;colorFillContainer=noColor;colorFillText=noColor;\" vertex=\"1\" modelId=\"omlocation_HJzpBP4Cpq\" parent=\"1\"><mxGeometry x=\"608\" y=\"88\" width=\"240\" height=\"240\" as=\"geometry\"></mxGeometry></mxCell><mxCell id=\"lomview_3vT7ZpjF0fv_383vT8awrIQ6z\" style=\"shape=mxgraph.ibm.base;ibmType=nodel;ibmLayout=expanded;strokeColor=#0F62FE;html=1;whiteSpace=wrap;metaEdit=1;fontFamily=IBM Plex Sans Regular;fontSize=12;fontColor=#000000;strokeWidth=1;verticalAlign=middle;align=left;spacing=0;spacingLeft=16;spacingRight=16;spacingTop=0;spacingBottom=0;childLayout=stackLayout;stackUnitSize=16;resizeParent=1;resizeParentMax=0;resizeLast=0;allowGaps=0;stackFill=1;horizontalStack=0;noLabel=0;marginTop=58;marginRight=8;marginLeft=8;container=1;collapsible=0;expand=0;recursiveResize=0;marginBottom=2;\" vertex=\"1\" modelId=\"logicalnode_3vT8awr573b\" parent=\"lomview_3vT7ZpjF0fv_313vT87efS5aI\"><mxGeometry x=\"136\" y=\"80\" width=\"200\" height=\"108\" as=\"geometry\"></mxGeometry></mxCell><mxCell id=\"lomview_3vT7ZpjF0fv_293vT86IqpEV0\" style=\"shape=mxgraph.ibm.base;ibmType=groupp;ibmLayout=expanded;strokeColor=#0f62fe;html=1;whiteSpace=wrap;metaEdit=1;fontFamily=IBM Plex Sans Regular;fontSize=14;fontColor=#000000;verticalLabelPosition=middle;labelPosition=center;verticalAlign=middle;align=left;spacing=0;spacingLeft=16;spacingRight=16;spacingTop=0;spacingBottom=0;metaEdit=1;strokeWidth=1;container=1;collapsible=0;expand=0;recursiveResize=0;colorFillIcon=noColor;colorFillContainer=noColor;colorFillText=noColor;\" vertex=\"1\" modelId=\"omlocation_SkATHvVAaq\" parent=\"1\"><mxGeometry x=\"248\" y=\"88\" width=\"240\" height=\"240\" as=\"geometry\"></mxGeometry></mxCell><mxCell id=\"lomview_3vT7ZpjF0fv_353vT88Gp4vKf\" style=\"shape=mxgraph.ibm.base;ibmType=nodel;ibmLayout=expanded;strokeColor=#0F62FE;html=1;whiteSpace=wrap;metaEdit=1;fontFamily=IBM Plex Sans Regular;fontSize=14;fontColor=#000000;strokeWidth=1;verticalAlign=middle;align=left;spacing=0;spacingLeft=16;spacingRight=16;spacingTop=0;spacingBottom=0;childLayout=stackLayout;stackUnitSize=16;resizeParent=1;resizeParentMax=0;resizeLast=0;allowGaps=0;stackFill=1;horizontalStack=0;noLabel=0;marginTop=58;marginRight=8;marginLeft=8;container=1;collapsible=0;expand=0;recursiveResize=0;marginBottom=2;\" vertex=\"1\" modelId=\"logicalnode_SymprwECa9\" parent=\"lomview_3vT7ZpjF0fv_293vT86IqpEV0\"><mxGeometry x=\"104\" y=\"44\" width=\"152\" height=\"84\" as=\"geometry\"></mxGeometry></mxCell><mxCell id=\"lomview_3vT7ZpjF0fv_403vT8ee6ZuXj\" style=\"edgeStyle=orthogonalEdgeStyle;rounded=1;orthogonalLoop=1;jettySize=auto;html=1;jumpStyle=arc;jumpSize=8;entryX=0.455;entryY=-0.019;entryDx=0;entryDy=0;entryPerimeter=0;\" edge=\"1\" modelId=\"logicalconnection_3vT8ee8Bl5y\" parent=\"1\" source=\"lomview_3vT7ZpjF0fv_353vT88Gp4vKf\" target=\"lomview_3vT7ZpjF0fv_393vT8capANdB\"><mxGeometry relative=\"1\" as=\"geometry\"></mxGeometry></mxCell></root></mxGraphModel>","coreInfo":[{"modelType":"LOMView","lastModifiedUserId":"gbbguoxa@cn.ibm.com","description":"","lastModified":"2022-08-08T08:44:47Z","_id":"lomview_3vT7ZpjF0fv","label":"lom1"},{"modelType":"LogicalConnection","description":"","_id":"logicalconnection_3vT8ee8Bl5y","flowType":"not specified","label":"","to":"logicalnode_3vT8capCelM","from":"logicalnode_SymprwECa9"},{"modelType":"OMLocation","Icon-Name":"default","Badge-Text":"","description":"","_id":"omlocation_HJzpBP4Cpq","cardinality":"1","label":"OMLocation","children":"logicalnode_3vT8awr573b"},{"modelType":"OMLocation","Icon-Name":"default","Badge-Text":"","description":"","_id":"omlocation_SkATHvVAaq","cardinality":"1","label":"1OMLocation","children":"logicalnode_SymprwECa9"},{"modelType":"OMLocation","Icon-Name":"default","Badge-Text":"","description":"","_id":"omlocation_3vT7MtcL5hf","cardinality":"1","label":"OMLocation1","children":"logicalnode_3vT8capCelM"}]},"pomview_S1igarw4C69":{"uiInfo":"<mxGraphModel dx=\"1186\" dy=\"555\" grid=\"1\" gridSize=\"8\" guides=\"1\" tooltips=\"1\" connect=\"1\" arrows=\"1\" fold=\"1\" page=\"1\" pageScale=\"1\" pageWidth=\"1169\" pageHeight=\"827\" background=\"#ffffff\"><root><mxCell id=\"0\" modelId=\"pomview_S1igarw4C69\"></mxCell><mxCell id=\"1\" parent=\"0\"></mxCell><mxCell id=\"pomview_S1igarw4C69_23vT8pUN5ktj\" style=\"shape=mxgraph.ibm.base;ibmType=groupp;ibmLayout=expanded;strokeColor=#0f62fe;html=1;whiteSpace=wrap;metaEdit=1;fontFamily=IBM Plex Sans Regular;fontSize=14;fontColor=#000000;verticalLabelPosition=middle;labelPosition=center;verticalAlign=middle;align=left;spacing=0;spacingLeft=16;spacingRight=16;spacingTop=0;spacingBottom=0;metaEdit=1;strokeWidth=1;container=1;collapsible=0;expand=0;recursiveResize=0;colorFillIcon=noColor;colorFillContainer=noColor;colorFillText=noColor;\" vertex=\"1\" modelId=\"omlocation_SkATHvVAaq\" parent=\"1\"><mxGeometry x=\"384\" y=\"88\" width=\"720\" height=\"536\" as=\"geometry\"></mxGeometry></mxCell><mxCell id=\"pomview_S1igarw4C69_443vT8tznMjCq\" style=\"shape=mxgraph.ibm.base;ibmType=actor;ibmLayout=collapsed;strokeColor=#0f62fe;html=1;whiteSpace=wrap;metaEdit=1;fontFamily=IBM Plex Sans Regular;fontSize=14;fontColor=#000000;fillColor=none;verticalLabelPosition=bottom;labelPosition=center;verticalAlign=top;align=center;spacing=0;spacingLeft=16;spacingRight=16;spacingTop=0;spacingBottom=4;metaEdit=1;strokeWidth=1;\" vertex=\"1\" modelId=\"actor_S1warvEAT5\" parent=\"pomview_S1igarw4C69_23vT8pUN5ktj\"><mxGeometry x=\"24\" y=\"136\" width=\"48\" height=\"48\" as=\"geometry\"></mxGeometry></mxCell><mxCell id=\"pomview_S1igarw4C69_33vT8pUNEyaF\" style=\"swimlane;html=1;fontStyle=0;horizontal=1;startSize=26;horizontalStack=0;resizeParent=1;resizeParentMax=0;resizeLast=0;collapsible=1;marginBottom=0;swimlaneFillColor=#ffffff;\" vertex=\"1\" modelId=\"prescribednode_HkgxTHDECp9\" parent=\"pomview_S1igarw4C69_23vT8pUN5ktj\"><mxGeometry x=\"112\" y=\"40\" width=\"528\" height=\"536\" as=\"geometry\"></mxGeometry></mxCell><mxCell id=\"pomview_S1igarw4C69_43vT8pUNvnMF\" style=\"shape=mxgraph.ibm.base;ibmType=nodel;ibmLayout=expanded;strokeColor=#0F62FE;html=1;whiteSpace=wrap;metaEdit=1;fontFamily=IBM Plex Sans Regular;fontSize=14;fontColor=#000000;strokeWidth=1;verticalAlign=middle;align=left;spacing=0;spacingLeft=16;spacingRight=16;spacingTop=0;spacingBottom=0;childLayout=stackLayout;stackUnitSize=16;resizeParent=1;resizeParentMax=0;resizeLast=0;allowGaps=0;stackFill=1;horizontalStack=0;noLabel=0;marginTop=58;marginRight=8;marginLeft=8;container=1;collapsible=0;expand=0;recursiveResize=0;marginBottom=2;\" vertex=\"1\" modelId=\"logicalnode_SymprwECa9\" parent=\"pomview_S1igarw4C69_33vT8pUNEyaF\"><mxGeometry x=\"56\" y=\"48\" width=\"152\" height=\"84\" as=\"geometry\"></mxGeometry></mxCell><mxCell id=\"pomview_S1igarw4C69_53vT8pUNZYEz\" style=\"shape=mxgraph.ibm.base;ibmType=nodel;ibmLayout=expanded;strokeColor=#0F62FE;html=1;whiteSpace=wrap;metaEdit=1;fontFamily=IBM Plex Sans Regular;fontSize=14;fontColor=#000000;strokeWidth=1;verticalAlign=middle;align=left;spacing=0;spacingLeft=16;spacingRight=16;spacingTop=0;spacingBottom=0;childLayout=stackLayout;stackUnitSize=16;resizeParent=1;resizeParentMax=0;resizeLast=0;allowGaps=0;stackFill=1;horizontalStack=0;noLabel=0;marginTop=58;marginRight=8;marginLeft=8;container=1;collapsible=0;expand=0;recursiveResize=0;marginBottom=2;\" vertex=\"1\" modelId=\"logicalnode_3vT8awr573b\" parent=\"pomview_S1igarw4C69_33vT8pUNEyaF\"><mxGeometry x=\"296\" y=\"48\" width=\"152\" height=\"152\" as=\"geometry\"></mxGeometry></mxCell><mxCell id=\"pomview_S1igarw4C69_63vT8pUNMV4D\" style=\"shape=mxgraph.ibm.base;ibmType=nodel;ibmLayout=expanded;strokeColor=#0F62FE;html=1;whiteSpace=wrap;metaEdit=1;fontFamily=IBM Plex Sans Regular;fontSize=14;fontColor=#000000;strokeWidth=1;verticalAlign=middle;align=left;spacing=0;spacingLeft=16;spacingRight=16;spacingTop=0;spacingBottom=0;childLayout=stackLayout;stackUnitSize=16;resizeParent=1;resizeParentMax=0;resizeLast=0;allowGaps=0;stackFill=1;horizontalStack=0;noLabel=0;marginTop=58;marginRight=8;marginLeft=8;container=1;collapsible=0;expand=0;recursiveResize=0;marginBottom=2;\" vertex=\"1\" modelId=\"logicalnode_3vT8capCelM\" parent=\"pomview_S1igarw4C69_33vT8pUNEyaF\"><mxGeometry x=\"56\" y=\"184\" width=\"152\" height=\"152\" as=\"geometry\"></mxGeometry></mxCell><mxCell id=\"pomview_S1igarw4C69_403vT8qKYSvRZ\" style=\"edgeStyle=orthogonalEdgeStyle;rounded=1;orthogonalLoop=1;jettySize=auto;html=1;jumpStyle=arc;jumpSize=8;\" edge=\"1\" modelId=\"logicalconnection_3vT8qL1dafg\" parent=\"pomview_S1igarw4C69_33vT8pUNEyaF\" source=\"pomview_S1igarw4C69_53vT8pUNZYEz\" target=\"pomview_S1igarw4C69_63vT8pUNMV4D\"><mxGeometry relative=\"1\" as=\"geometry\"></mxGeometry></mxCell><mxCell id=\"pomview_S1igarw4C69_423vT8rLgYyjG\" style=\"shape=mxgraph.ibm.base;ibmType=nodel;ibmLayout=expanded;strokeColor=#0F62FE;html=1;whiteSpace=wrap;metaEdit=1;fontFamily=IBM Plex Sans Regular;fontSize=14;fontColor=#000000;strokeWidth=1;verticalAlign=middle;align=left;spacing=0;spacingLeft=16;spacingRight=16;spacingTop=0;spacingBottom=0;childLayout=stackLayout;stackUnitSize=16;resizeParent=1;resizeParentMax=0;resizeLast=0;allowGaps=0;stackFill=1;horizontalStack=0;noLabel=0;marginTop=58;marginRight=8;marginLeft=8;container=1;collapsible=0;expand=0;recursiveResize=0;marginBottom=2;\" vertex=\"1\" modelId=\"logicalnode_3vT8capCelM\" parent=\"pomview_S1igarw4C69_33vT8pUNEyaF\"><mxGeometry x=\"376\" y=\"272\" width=\"152\" height=\"152\" as=\"geometry\"></mxGeometry></mxCell><mxCell id=\"pomview_S1igarw4C69_473vT8yVCpW3c\" style=\"shape=mxgraph.ibm.base;ibmType=nodel;ibmLayout=expanded;strokeColor=#0F62FE;html=1;whiteSpace=wrap;metaEdit=1;fontFamily=IBM Plex Sans Regular;fontSize=14;fontColor=#000000;strokeWidth=1;verticalAlign=middle;align=left;spacing=0;spacingLeft=16;spacingRight=16;spacingTop=0;spacingBottom=0;childLayout=stackLayout;stackUnitSize=16;resizeParent=1;resizeParentMax=0;resizeLast=0;allowGaps=0;stackFill=1;horizontalStack=0;noLabel=0;marginTop=58;marginRight=8;marginLeft=8;container=1;collapsible=0;expand=0;recursiveResize=0;marginBottom=2;\" vertex=\"1\" modelId=\"logicalnode_3vT8capCelM\" parent=\"pomview_S1igarw4C69_33vT8pUNEyaF\"><mxGeometry x=\"64\" y=\"384\" width=\"152\" height=\"152\" as=\"geometry\"></mxGeometry></mxCell><mxCell id=\"pomview_S1igarw4C69_453vT8xVrRm22\" style=\"edgeStyle=orthogonalEdgeStyle;rounded=1;orthogonalLoop=1;jettySize=auto;html=1;jumpStyle=arc;jumpSize=8;entryX=0;entryY=0.474;entryDx=0;entryDy=0;entryPerimeter=0;\" edge=\"1\" modelId=\"logicalconnection_3vT8xVueSmY\" parent=\"pomview_S1igarw4C69_23vT8pUN5ktj\" source=\"pomview_S1igarw4C69_443vT8tznMjCq\" target=\"pomview_S1igarw4C69_63vT8pUNMV4D\"><mxGeometry relative=\"1\" as=\"geometry\"></mxGeometry></mxCell></root></mxGraphModel>","coreInfo":[{"modelType":"POMView","logicalLayerStatus":"on","lastModifiedUserId":"gbbguoxa@cn.ibm.com","description":"","lastModified":"2022-08-08T08:46:07Z","_id":"pomview_S1igarw4C69","label":"p"},{"modelType":"OMLocation","Icon-Name":"default","Badge-Text":"","description":"","_id":"omlocation_SkATHvVAaq","cardinality":"1","label":"1OMLocation","children":"prescribednode_HkgxTHDECp9,actor_S1warvEAT5"},{"modelType":"PrescribedNode","description":"","_id":"prescribednode_HkgxTHDECp9","type":"Container","cardinality":"1","label":"PN_C (Original)","children":"logicalnode_SymprwECa9,logicalnode_3vT8awr573b,logicalnode_3vT8capCelM"},{"modelType":"LogicalConnection","description":"","_id":"logicalconnection_3vT8qL1dafg","flowType":"not specified","label":"","from":"logicalnode_3vT8awr573b","to":"logicalnode_3vT8capCelM"},{"modelType":"LogicalConnection","description":"","_id":"logicalconnection_3vT8xVueSmY","flowType":"not specified","label":"","from":"actor_S1warvEAT5","to":"logicalnode_3vT8capCelM"}]},"pomview_SktgarPE0T5":{"uiInfo":"<mxGraphModel dx=\"1186\" dy=\"555\" grid=\"1\" gridSize=\"8\" guides=\"1\" tooltips=\"1\" connect=\"1\" arrows=\"1\" fold=\"1\" page=\"1\" pageScale=\"1\" pageWidth=\"1169\" pageHeight=\"827\" background=\"#ffffff\"><root><mxCell id=\"0\" modelId=\"pomview_SktgarPE0T5\"></mxCell><mxCell id=\"1\" parent=\"0\"></mxCell><mxCell id=\"pomview_SktgarPE0T5_383vT7MtbSKQh\" style=\"shape=mxgraph.ibm.base;ibmType=groupp;ibmLayout=expanded;strokeColor=#0f62fe;html=1;whiteSpace=wrap;metaEdit=1;fontFamily=IBM Plex Sans Regular;fontSize=14;fontColor=#000000;verticalLabelPosition=middle;labelPosition=center;verticalAlign=middle;align=left;spacing=0;spacingLeft=16;spacingRight=16;spacingTop=0;spacingBottom=0;metaEdit=1;strokeWidth=1;container=1;collapsible=0;expand=0;recursiveResize=0;colorFillIcon=noColor;colorFillContainer=noColor;colorFillText=noColor;\" vertex=\"1\" modelId=\"omlocation_3vT7MtcL5hf\" parent=\"1\"><mxGeometry x=\"840\" y=\"120\" width=\"240\" height=\"240\" as=\"geometry\"></mxGeometry></mxCell><mxCell id=\"pomview_SktgarPE0T5_403vT7P8divuw\" style=\"shape=mxgraph.ibm.base;ibmType=nodep;ibmLayout=expanded;strokeColor=#0f62fe;html=1;whiteSpace=wrap;metaEdit=1;fontFamily=IBM Plex Sans Regular;fontSize=14;fontColor=#000000;verticalLabelPosition=middle;labelPosition=center;verticalAlign=middle;align=left;spacing=0;spacingLeft=16;spacingRight=16;spacingTop=0;spacingBottom=0;metaEdit=1;strokeWidth=1;container=1;collapsible=0;expand=0;recursiveResize=0;\" vertex=\"1\" modelId=\"prescribednode_3vT7P8dVZqU\" parent=\"pomview_SktgarPE0T5_383vT7MtbSKQh\"><mxGeometry x=\"80\" y=\"64\" width=\"240\" height=\"240\" as=\"geometry\"></mxGeometry></mxCell><mxCell id=\"pomview_SktgarPE0T5_423vT7Q3Jhir7\" style=\"shape=mxgraph.ibm.base;ibmType=nodel;ibmLayout=expanded;strokeColor=#0F62FE;html=1;whiteSpace=wrap;metaEdit=1;fontFamily=IBM Plex Sans Regular;fontSize=12;fontColor=#000000;strokeWidth=1;verticalAlign=middle;align=left;spacing=0;spacingLeft=16;spacingRight=16;spacingTop=0;spacingBottom=0;childLayout=stackLayout;stackUnitSize=16;resizeParent=1;resizeParentMax=0;resizeLast=0;allowGaps=0;stackFill=1;horizontalStack=0;noLabel=0;marginTop=58;marginRight=8;marginLeft=8;container=1;collapsible=0;expand=0;recursiveResize=0;marginBottom=2;\" vertex=\"1\" modelId=\"logicalnode_SymprwECa9\" parent=\"pomview_SktgarPE0T5_403vT7P8divuw\"><mxGeometry x=\"64\" y=\"56\" width=\"200\" height=\"84\" as=\"geometry\"></mxGeometry></mxCell><mxCell id=\"pomview_SktgarPE0T5_463vT7RFJIpZ9\" style=\"shape=mxgraph.ibm.base;ibmType=nodel;ibmLayout=expanded;strokeColor=#0F62FE;html=1;whiteSpace=wrap;metaEdit=1;fontFamily=IBM Plex Sans Regular;fontSize=12;fontColor=#000000;strokeWidth=1;verticalAlign=middle;align=left;spacing=0;spacingLeft=16;spacingRight=16;spacingTop=0;spacingBottom=0;childLayout=stackLayout;stackUnitSize=16;resizeParent=1;resizeParentMax=0;resizeLast=0;allowGaps=0;stackFill=1;horizontalStack=0;noLabel=0;marginTop=58;marginRight=8;marginLeft=8;container=1;collapsible=0;expand=0;recursiveResize=0;marginBottom=2;\" vertex=\"1\" modelId=\"logicalnode_SymprwECa9\" parent=\"pomview_SktgarPE0T5_403vT7P8divuw\"><mxGeometry x=\"72\" y=\"172\" width=\"200\" height=\"84\" as=\"geometry\"></mxGeometry></mxCell><mxCell id=\"pomview_SktgarPE0T5_23vT7L5dGZsB\" style=\"shape=mxgraph.ibm.base;ibmType=groupp;ibmLayout=expanded;strokeColor=#0f62fe;html=1;whiteSpace=wrap;metaEdit=1;fontFamily=IBM Plex Sans Regular;fontSize=14;fontColor=#000000;verticalLabelPosition=middle;labelPosition=center;verticalAlign=middle;align=left;spacing=0;spacingLeft=16;spacingRight=16;spacingTop=0;spacingBottom=0;metaEdit=1;strokeWidth=1;container=1;collapsible=0;expand=0;recursiveResize=0;colorFillIcon=noColor;colorFillContainer=noColor;colorFillText=noColor;\" vertex=\"1\" modelId=\"omlocation_HJzpBP4Cpq\" parent=\"1\"><mxGeometry x=\"208\" y=\"96\" width=\"464\" height=\"336\" as=\"geometry\"></mxGeometry></mxCell><mxCell id=\"pomview_SktgarPE0T5_33vT7L5dF9zO\" style=\"shape=mxgraph.ibm.base;ibmType=actor;ibmLayout=collapsed;strokeColor=#0f62fe;html=1;whiteSpace=wrap;metaEdit=1;fontFamily=IBM Plex Sans Regular;fontSize=14;fontColor=#000000;fillColor=none;verticalLabelPosition=bottom;labelPosition=center;verticalAlign=top;align=center;spacing=0;spacingLeft=16;spacingRight=16;spacingTop=0;spacingBottom=4;metaEdit=1;strokeWidth=1;\" vertex=\"1\" modelId=\"actor_S1warvEAT5\" parent=\"pomview_SktgarPE0T5_23vT7L5dGZsB\"><mxGeometry x=\"48\" y=\"48\" width=\"48\" height=\"48\" as=\"geometry\"></mxGeometry></mxCell><mxCell id=\"pomview_SktgarPE0T5_43vT7L5dE4lt\" style=\"shape=mxgraph.ibm.base;ibmType=nodep;ibmLayout=expanded;strokeColor=#0f62fe;html=1;whiteSpace=wrap;metaEdit=1;fontFamily=IBM Plex Sans Regular;fontSize=14;fontColor=#000000;verticalLabelPosition=middle;labelPosition=center;verticalAlign=middle;align=left;spacing=0;spacingLeft=16;spacingRight=16;spacingTop=0;spacingBottom=0;metaEdit=1;strokeWidth=1;container=1;collapsible=0;expand=0;recursiveResize=0;\" vertex=\"1\" modelId=\"prescribednode_B1sarwVCT9\" parent=\"pomview_SktgarPE0T5_23vT7L5dGZsB\"><mxGeometry x=\"224\" y=\"78\" width=\"240\" height=\"240\" as=\"geometry\"></mxGeometry></mxCell><mxCell id=\"pomview_SktgarPE0T5_53vT7L5df9ck\" style=\"shape=mxgraph.ibm.base;ibmType=nodel;ibmLayout=expanded;strokeColor=#0F62FE;html=1;whiteSpace=wrap;metaEdit=1;fontFamily=IBM Plex Sans Regular;fontSize=12;fontColor=#000000;strokeWidth=1;verticalAlign=middle;align=left;spacing=0;spacingLeft=16;spacingRight=16;spacingTop=0;spacingBottom=0;childLayout=stackLayout;stackUnitSize=16;resizeParent=1;resizeParentMax=0;resizeLast=0;allowGaps=0;stackFill=1;horizontalStack=0;noLabel=0;marginTop=58;marginRight=8;marginLeft=8;container=1;collapsible=0;expand=0;recursiveResize=0;marginBottom=2;\" vertex=\"1\" modelId=\"logicalnode_SymprwECa9\" parent=\"pomview_SktgarPE0T5_43vT7L5dE4lt\"><mxGeometry x=\"112\" y=\"66\" width=\"200\" height=\"84\" as=\"geometry\"></mxGeometry></mxCell><mxCell id=\"pomview_SktgarPE0T5_503vT7Tcq8VBT\" style=\"shape=mxgraph.ibm.base;ibmType=nodel;ibmLayout=expanded;strokeColor=#0F62FE;html=1;whiteSpace=wrap;metaEdit=1;fontFamily=IBM Plex Sans Regular;fontSize=12;fontColor=#000000;strokeWidth=1;verticalAlign=middle;align=left;spacing=0;spacingLeft=16;spacingRight=16;spacingTop=0;spacingBottom=0;childLayout=stackLayout;stackUnitSize=16;resizeParent=1;resizeParentMax=0;resizeLast=0;allowGaps=0;stackFill=1;horizontalStack=0;noLabel=0;marginTop=58;marginRight=8;marginLeft=8;container=1;collapsible=0;expand=0;recursiveResize=0;marginBottom=2;\" vertex=\"1\" modelId=\"logicalnode_SymprwECa9\" parent=\"pomview_SktgarPE0T5_43vT7L5dE4lt\"><mxGeometry x=\"40\" y=\"180\" width=\"200\" height=\"84\" as=\"geometry\"></mxGeometry></mxCell><mxCell id=\"pomview_SktgarPE0T5_63vT7L5db7rl\" style=\"endArrow=classic;html=1;jumpStyle=arc;jumpSize=8;rounded=1;noLabel=0;\" edge=\"1\" modelId=\"logicalconnection_ry4epSPEAp5\" parent=\"pomview_SktgarPE0T5_23vT7L5dGZsB\" source=\"pomview_SktgarPE0T5_33vT7L5dF9zO\" target=\"pomview_SktgarPE0T5_53vT7L5df9ck\"><mxGeometry relative=\"1\" as=\"geometry\"></mxGeometry></mxCell><mxCell id=\"pomview_SktgarPE0T5_73vT7L5dz7Ev\" value=\"\" style=\"whiteSpace=wrap;html=1;\" parent=\"pomview_SktgarPE0T5_23vT7L5dGZsB\" vertex=\"1\"><mxGeometry x=\"96\" y=\"183\" width=\"70\" height=\"30\" as=\"geometry\"></mxGeometry></mxCell><mxCell id=\"pomview_SktgarPE0T5_83vT7L5daiMV\" value=\"\" style=\"ellipse;whiteSpace=wrap;html=1;\" parent=\"pomview_SktgarPE0T5_23vT7L5dGZsB\" vertex=\"1\"><mxGeometry x=\"56\" y=\"264\" width=\"120\" height=\"80\" as=\"geometry\"></mxGeometry></mxCell><mxCell id=\"pomview_SktgarPE0T5_523vT7TcrpcwX\" style=\"endArrow=classic;html=1;jumpStyle=arc;jumpSize=8;rounded=1;\" edge=\"1\" modelId=\"logicalconnection_ry4epSPEAp5\" parent=\"pomview_SktgarPE0T5_23vT7L5dGZsB\" source=\"pomview_SktgarPE0T5_33vT7L5dF9zO\" target=\"pomview_SktgarPE0T5_503vT7Tcq8VBT\"><mxGeometry relative=\"1\" as=\"geometry\"></mxGeometry></mxCell><mxCell id=\"pomview_SktgarPE0T5_443vT7Q3JOQTQ\" style=\"endArrow=classic;html=1;jumpStyle=arc;jumpSize=8;rounded=1;\" edge=\"1\" modelId=\"logicalconnection_ry4epSPEAp5\" parent=\"1\" source=\"pomview_SktgarPE0T5_33vT7L5dF9zO\" target=\"pomview_SktgarPE0T5_423vT7Q3Jhir7\"><mxGeometry relative=\"1\" as=\"geometry\"></mxGeometry></mxCell><mxCell id=\"pomview_SktgarPE0T5_483vT7RFJBo49\" style=\"endArrow=classic;html=1;jumpStyle=arc;jumpSize=8;rounded=1;\" edge=\"1\" modelId=\"logicalconnection_ry4epSPEAp5\" parent=\"1\" source=\"pomview_SktgarPE0T5_33vT7L5dF9zO\" target=\"pomview_SktgarPE0T5_463vT7RFJIpZ9\"><mxGeometry relative=\"1\" as=\"geometry\"></mxGeometry></mxCell></root></mxGraphModel>","coreInfo":[{"modelType":"POMView","logicalLayerStatus":"on","lastModifiedUserId":"gbbguoxa@cn.ibm.com","description":"","lastModified":"2022-08-08T08:43:28Z","_id":"pomview_SktgarPE0T5","label":"pom"},{"modelType":"LogicalConnection","description":"","_id":"logicalconnection_ry4epSPEAp5","flowType":"not specified","label":"","from":"actor_S1warvEAT5","to":"logicalnode_SymprwECa9"},{"modelType":"OMLocation","Icon-Name":"default","Badge-Text":"","description":"","_id":"omlocation_HJzpBP4Cpq","cardinality":"1","label":"OMLocation","children":"actor_S1warvEAT5,prescribednode_B1sarwVCT9"},{"modelType":"PrescribedNode","Icon-Name":"default","Badge-Text":"","description":"","_id":"prescribednode_B1sarwVCT9","type":"Container","cardinality":"1","label":"PN_C","children":"logicalnode_SymprwECa9"},{"modelType":"OMLocation","Icon-Name":"default","Badge-Text":"","description":"","_id":"omlocation_3vT7MtcL5hf","cardinality":"1","label":"OMLocation1","children":"prescribednode_3vT7P8dVZqU"},{"modelType":"PrescribedNode","Icon-Name":"default","Badge-Text":"","description":"","_id":"prescribednode_3vT7P8dVZqU","type":"Virtual","cardinality":"1","label":"PN_V","children":"logicalnode_SymprwECa9"}]}}},"textual":{"instances":{}},"solution_advisors":{},"auditLog":{"_id":"architectureauditentry_VL8h6HasU","archId":"arch_BkpHwVCp5","archChangeLog":[{"_id":"architecturechangelog_XQQsQaFTL","date":"2022-08-16T09:33:10.384Z","type":"GITHUB_EXPORT","user":{"fullname":"Bei Bei Guo","email":"gbbguoxa@cn.ibm.com"},"appVersion":"3.12.0","dataVersion":"1.5"},{"_id":"architecturechangelog_w0DlX6PGXN","date":"2022-08-16T09:33:05.824Z","type":"GITHUB_EXPORT","user":{"fullname":"Bei Bei Guo","email":"gbbguoxa@cn.ibm.com"},"appVersion":"3.12.0","dataVersion":"1.5"},{"_id":"architecturechangelog_BzM4jmrVN","date":"2022-08-16T09:33:05.593Z","type":"GITHUB_EXPORT","user":{"fullname":"Bei Bei Guo","email":"gbbguoxa@cn.ibm.com"},"appVersion":"3.12.0","dataVersion":"1.5"},{"_id":"architecturechangelog_e7StTn8oY","date":"2022-08-16T09:33:03.248Z","type":"GITHUB_EXPORT","user":{"fullname":"Bei Bei Guo","email":"gbbguoxa@cn.ibm.com"},"appVersion":"3.12.0","dataVersion":"1.5"},{"_id":"architecturechangelog_Xw5fFwUWu3","date":"2022-08-16T09:33:00.991Z","type":"GITHUB_EXPORT","user":{"fullname":"Bei Bei Guo","email":"gbbguoxa@cn.ibm.com"},"appVersion":"3.12.0","dataVersion":"1.5"},{"_id":"architecturechangelog_yDxvDRPByL","date":"2022-08-16T09:32:59.656Z","type":"GITHUB_EXPORT","user":{"fullname":"Bei Bei Guo","email":"gbbguoxa@cn.ibm.com"},"appVersion":"3.12.0","dataVersion":"1.5"},{"_id":"architecturechangelog_Knh-k7999","date":"2022-08-16T09:32:58.867Z","type":"GITHUB_EXPORT","user":{"fullname":"Bei Bei Guo","email":"gbbguoxa@cn.ibm.com"},"appVersion":"3.12.0","dataVersion":"1.5"},{"_id":"architecturechangelog_uT_kHB_co1","date":"2022-08-16T09:32:57.734Z","type":"GITHUB_EXPORT","user":{"fullname":"Bei Bei Guo","email":"gbbguoxa@cn.ibm.com"},"appVersion":"3.12.0","dataVersion":"1.5"},{"_id":"architecturechangelog_AWSbnwxVUQ","date":"2022-08-16T09:32:55.807Z","type":"GITHUB_EXPORT","user":{"fullname":"Bei Bei Guo","email":"gbbguoxa@cn.ibm.com"},"appVersion":"3.12.0","dataVersion":"1.5"},{"_id":"architecturechangelog_ofsqz8Cuo","date":"2022-08-16T09:32:55.146Z","type":"GITHUB_EXPORT","user":{"fullname":"Bei Bei Guo","email":"gbbguoxa@cn.ibm.com"},"appVersion":"3.12.0","dataVersion":"1.5"},{"_id":"architecturechangelog_DU340-R15G","date":"2022-08-16T09:32:54.940Z","type":"GITHUB_EXPORT","user":{"fullname":"Bei Bei Guo","email":"gbbguoxa@cn.ibm.com"},"appVersion":"3.12.0","dataVersion":"1.5"},{"_id":"architecturechangelog_TGLvuxetRf","date":"2022-08-16T09:32:54.004Z","type":"GITHUB_EXPORT","user":{"fullname":"Bei Bei Guo","email":"gbbguoxa@cn.ibm.com"},"appVersion":"3.12.0","dataVersion":"1.5"},{"_id":"architecturechangelog_pluIvswKZ","date":"2022-08-16T09:32:54.000Z","type":"GITHUB_EXPORT","user":{"fullname":"Bei Bei Guo","email":"gbbguoxa@cn.ibm.com"},"appVersion":"3.12.0","dataVersion":"1.5"},{"_id":"architecturechangelog_MU9Ps2ZN0J","date":"2022-08-16T09:32:51.860Z","type":"GITHUB_EXPORT","user":{"fullname":"Bei Bei Guo","email":"gbbguoxa@cn.ibm.com"},"appVersion":"3.12.0","dataVersion":"1.5"},{"_id":"architecturechangelog_ZpWCciLeM","date":"2022-08-16T09:32:51.325Z","type":"GITHUB_EXPORT","user":{"fullname":"Bei Bei Guo","email":"gbbguoxa@cn.ibm.com"},"appVersion":"3.12.0","dataVersion":"1.5"},{"_id":"architecturechangelog_A2xg6R9cpk","date":"2022-08-16T09:32:49.236Z","type":"GITHUB_EXPORT","user":{"fullname":"Bei Bei Guo","email":"gbbguoxa@cn.ibm.com"},"appVersion":"3.12.0","dataVersion":"1.5"},{"_id":"architecturechangelog_aps0WFgkz","date":"2022-08-16T09:32:49.171Z","type":"GITHUB_EXPORT","user":{"fullname":"Bei Bei Guo","email":"gbbguoxa@cn.ibm.com"},"appVersion":"3.12.0","dataVersion":"1.5"},{"_id":"architecturechangelog_TtRL1iB7tb","date":"2022-08-16T09:32:46.524Z","type":"GITHUB_EXPORT","user":{"fullname":"Bei Bei Guo","email":"gbbguoxa@cn.ibm.com"},"appVersion":"3.12.0","dataVersion":"1.5"},{"_id":"architecturechangelog_cwiIUhPsn","date":"2022-08-16T09:32:44.788Z","type":"GITHUB_EXPORT","user":{"fullname":"Bei Bei Guo","email":"gbbguoxa@cn.ibm.com"},"appVersion":"3.12.0","dataVersion":"1.5"},{"_id":"architecturechangelog_ZhpXPylzUf","date":"2022-08-16T09:32:43.002Z","type":"GITHUB_EXPORT","user":{"fullname":"Bei Bei Guo","email":"gbbguoxa@cn.ibm.com"},"appVersion":"3.12.0","dataVersion":"1.5"},{"_id":"architecturechangelog_8PG00-7eC","date":"2022-08-16T09:32:42.868Z","type":"GITHUB_EXPORT","user":{"fullname":"Bei Bei Guo","email":"gbbguoxa@cn.ibm.com"},"appVersion":"3.12.0","dataVersion":"1.5"},{"_id":"architecturechangelog_6oLlHu7zF","date":"2022-08-16T09:32:38.559Z","type":"GITHUB_EXPORT","user":{"fullname":"Bei Bei Guo","email":"gbbguoxa@cn.ibm.com"},"appVersion":"3.12.0","dataVersion":"1.5"},{"_id":"architecturechangelog_7C47h9zgb0","date":"2022-08-16T09:32:36.249Z","type":"GITHUB_EXPORT","user":{"fullname":"Bei Bei Guo","email":"gbbguoxa@cn.ibm.com"},"appVersion":"3.12.0","dataVersion":"1.5"},{"_id":"architecturechangelog_BEnDE7rBq","date":"2022-08-16T09:32:36.006Z","type":"GITHUB_EXPORT","user":{"fullname":"Bei Bei Guo","email":"gbbguoxa@cn.ibm.com"},"appVersion":"3.12.0","dataVersion":"1.5"},{"_id":"architecturechangelog_DWiVQmc2m","date":"2022-08-16T09:32:35.649Z","type":"GITHUB_EXPORT","user":{"fullname":"Bei Bei Guo","email":"gbbguoxa@cn.ibm.com"},"appVersion":"3.12.0","dataVersion":"1.5"},{"_id":"architecturechangelog_mInOcMBb7","date":"2022-08-16T09:32:33.695Z","type":"GITHUB_EXPORT","user":{"fullname":"Bei Bei Guo","email":"gbbguoxa@cn.ibm.com"},"appVersion":"3.12.0","dataVersion":"1.5"},{"_id":"architecturechangelog_2xtFdCogNN","date":"2022-08-16T09:32:30.884Z","type":"GITHUB_EXPORT","user":{"fullname":"Bei Bei Guo","email":"gbbguoxa@cn.ibm.com"},"appVersion":"3.12.0","dataVersion":"1.5"},{"_id":"architecturechangelog_Tis4Eu-pqz","date":"2022-08-16T09:32:27.863Z","type":"GITHUB_EXPORT","user":{"fullname":"Bei Bei Guo","email":"gbbguoxa@cn.ibm.com"},"appVersion":"3.12.0","dataVersion":"1.5"},{"_id":"architecturechangelog_AGvUwRI_1","date":"2022-08-16T09:32:27.564Z","type":"GITHUB_EXPORT","user":{"fullname":"Bei Bei Guo","email":"gbbguoxa@cn.ibm.com"},"appVersion":"3.12.0","dataVersion":"1.5"},{"_id":"architecturechangelog_aCYlS9ZR_h","date":"2022-08-16T09:32:24.625Z","type":"GITHUB_EXPORT","user":{"fullname":"Bei Bei Guo","email":"gbbguoxa@cn.ibm.com"},"appVersion":"3.12.0","dataVersion":"1.5"},{"_id":"architecturechangelog_wiBYzsXWg","date":"2022-08-16T09:32:23.078Z","type":"GITHUB_EXPORT","user":{"fullname":"Bei Bei Guo","email":"gbbguoxa@cn.ibm.com"},"appVersion":"3.12.0","dataVersion":"1.5"},{"_id":"architecturechangelog_f015G3UKS9","date":"2022-08-16T09:32:22.459Z","type":"GITHUB_EXPORT","user":{"fullname":"Bei Bei Guo","email":"gbbguoxa@cn.ibm.com"},"appVersion":"3.12.0","dataVersion":"1.5"},{"_id":"architecturechangelog_AU9zRtwDqZ","date":"2022-08-16T09:32:22.291Z","type":"GITHUB_EXPORT","user":{"fullname":"Bei Bei Guo","email":"gbbguoxa@cn.ibm.com"},"appVersion":"3.12.0","dataVersion":"1.5"},{"_id":"architecturechangelog_aq5XvW_A3","date":"2022-08-16T09:32:21.981Z","type":"GITHUB_EXPORT","user":{"fullname":"Bei Bei Guo","email":"gbbguoxa@cn.ibm.com"},"appVersion":"3.12.0","dataVersion":"1.5"},{"_id":"architecturechangelog_5THiSPbt8i","date":"2022-08-16T09:32:21.796Z","type":"GITHUB_EXPORT","user":{"fullname":"Bei Bei Guo","email":"gbbguoxa@cn.ibm.com"},"appVersion":"3.12.0","dataVersion":"1.5"},{"_id":"architecturechangelog_MmuKyuNYy7","date":"2022-08-16T09:32:19.590Z","type":"GITHUB_EXPORT","user":{"fullname":"Bei Bei Guo","email":"gbbguoxa@cn.ibm.com"},"appVersion":"3.12.0","dataVersion":"1.5"},{"_id":"architecturechangelog_L93wJslrA0","date":"2022-08-16T09:32:18.798Z","type":"GITHUB_EXPORT","user":{"fullname":"Bei Bei Guo","email":"gbbguoxa@cn.ibm.com"},"appVersion":"3.12.0","dataVersion":"1.5"},{"_id":"architecturechangelog_MvvyptXKk","date":"2022-08-16T09:32:16.293Z","type":"GITHUB_EXPORT","user":{"fullname":"Bei Bei Guo","email":"gbbguoxa@cn.ibm.com"},"appVersion":"3.12.0","dataVersion":"1.5"},{"_id":"architecturechangelog__CDbSc48kQ","date":"2022-08-16T09:32:15.208Z","type":"GITHUB_EXPORT","user":{"fullname":"Bei Bei Guo","email":"gbbguoxa@cn.ibm.com"},"appVersion":"3.12.0","dataVersion":"1.5"},{"_id":"architecturechangelog_gHySWop0J","date":"2022-08-16T09:32:08.806Z","type":"GITHUB_EXPORT","user":{"fullname":"Bei Bei Guo","email":"gbbguoxa@cn.ibm.com"},"appVersion":"3.12.0","dataVersion":"1.5"},{"_id":"architecturechangelog_7PcSkTlSFw","date":"2022-08-16T09:32:07.575Z","type":"GITHUB_EXPORT","user":{"fullname":"Bei Bei Guo","email":"gbbguoxa@cn.ibm.com"},"appVersion":"3.12.0","dataVersion":"1.5"},{"_id":"architecturechangelog_cwNYooK89A","date":"2022-08-16T09:32:05.688Z","type":"GITHUB_EXPORT","user":{"fullname":"Bei Bei Guo","email":"gbbguoxa@cn.ibm.com"},"appVersion":"3.12.0","dataVersion":"1.5"},{"_id":"architecturechangelog_d4TVtpUUQ","date":"2022-08-16T09:32:03.396Z","type":"GITHUB_EXPORT","user":{"fullname":"Bei Bei Guo","email":"gbbguoxa@cn.ibm.com"},"appVersion":"3.12.0","dataVersion":"1.5"},{"_id":"architecturechangelog_KVVOdJ8uw","date":"2022-08-16T09:32:02.991Z","type":"GITHUB_EXPORT","user":{"fullname":"Bei Bei Guo","email":"gbbguoxa@cn.ibm.com"},"appVersion":"3.12.0","dataVersion":"1.5"},{"_id":"architecturechangelog_KEv6qxZrW3","date":"2022-08-16T09:31:56.056Z","type":"GITHUB_EXPORT","user":{"fullname":"Bei Bei Guo","email":"gbbguoxa@cn.ibm.com"},"appVersion":"3.12.0","dataVersion":"1.5"},{"_id":"architecturechangelog__rA1XtJ_M","date":"2022-08-16T09:31:55.322Z","type":"GITHUB_EXPORT","user":{"fullname":"Bei Bei Guo","email":"gbbguoxa@cn.ibm.com"},"appVersion":"3.12.0","dataVersion":"1.5"},{"_id":"architecturechangelog_Jr5DW--NRd","date":"2022-08-16T09:31:52.540Z","type":"GITHUB_EXPORT","user":{"fullname":"Bei Bei Guo","email":"gbbguoxa@cn.ibm.com"},"appVersion":"3.12.0","dataVersion":"1.5"},{"_id":"architecturechangelog_ZLyh4v_Z6L","date":"2022-08-16T09:31:51.879Z","type":"GITHUB_EXPORT","user":{"fullname":"Bei Bei Guo","email":"gbbguoxa@cn.ibm.com"},"appVersion":"3.12.0","dataVersion":"1.5"},{"_id":"architecturechangelog_23yjaZT7ac","date":"2022-08-16T09:31:51.076Z","type":"GITHUB_EXPORT","user":{"fullname":"Bei Bei Guo","email":"gbbguoxa@cn.ibm.com"},"appVersion":"3.12.0","dataVersion":"1.5"},{"_id":"architecturechangelog_0IQ4nlS1nI","date":"2022-08-16T09:31:49.606Z","type":"GITHUB_EXPORT","user":{"fullname":"Bei Bei Guo","email":"gbbguoxa@cn.ibm.com"},"appVersion":"3.12.0","dataVersion":"1.5"},{"_id":"architecturechangelog_OOMO7udN8E","date":"2022-08-16T09:31:47.017Z","type":"GITHUB_EXPORT","user":{"fullname":"Bei Bei Guo","email":"gbbguoxa@cn.ibm.com"},"appVersion":"3.12.0","dataVersion":"1.5"},{"_id":"architecturechangelog_TntsDzYKFU","date":"2022-08-16T09:31:44.815Z","type":"GITHUB_EXPORT","user":{"fullname":"Bei Bei Guo","email":"gbbguoxa@cn.ibm.com"},"appVersion":"3.12.0","dataVersion":"1.5"},{"_id":"architecturechangelog_lH8_GuJ-UI","date":"2022-08-16T09:31:44.437Z","type":"GITHUB_EXPORT","user":{"fullname":"Bei Bei Guo","email":"gbbguoxa@cn.ibm.com"},"appVersion":"3.12.0","dataVersion":"1.5"},{"_id":"architecturechangelog_m-QWdw4ulD","date":"2022-08-16T09:31:41.884Z","type":"GITHUB_EXPORT","user":{"fullname":"Bei Bei Guo","email":"gbbguoxa@cn.ibm.com"},"appVersion":"3.12.0","dataVersion":"1.5"},{"_id":"architecturechangelog_wlASsbUbTp","date":"2022-08-16T09:31:41.875Z","type":"GITHUB_EXPORT","user":{"fullname":"Bei Bei Guo","email":"gbbguoxa@cn.ibm.com"},"appVersion":"3.12.0","dataVersion":"1.5"},{"_id":"architecturechangelog_Ju22Dv5evZ","date":"2022-08-16T09:31:41.297Z","type":"GITHUB_EXPORT","user":{"fullname":"Bei Bei Guo","email":"gbbguoxa@cn.ibm.com"},"appVersion":"3.12.0","dataVersion":"1.5"},{"_id":"architecturechangelog_ezZJWxr2B","date":"2022-08-16T09:31:40.998Z","type":"GITHUB_EXPORT","user":{"fullname":"Bei Bei Guo","email":"gbbguoxa@cn.ibm.com"},"appVersion":"3.12.0","dataVersion":"1.5"},{"_id":"architecturechangelog_2yF9Sv9gn","date":"2022-08-16T09:31:37.393Z","type":"GITHUB_EXPORT","user":{"fullname":"Bei Bei Guo","email":"gbbguoxa@cn.ibm.com"},"appVersion":"3.12.0","dataVersion":"1.5"},{"_id":"architecturechangelog_9wNnrKXaN","date":"2022-08-16T09:31:34.422Z","type":"GITHUB_EXPORT","user":{"fullname":"Bei Bei Guo","email":"gbbguoxa@cn.ibm.com"},"appVersion":"3.12.0","dataVersion":"1.5"},{"_id":"architecturechangelog_ryeKYmdfKw","date":"2022-08-16T09:31:33.747Z","type":"GITHUB_EXPORT","user":{"fullname":"Bei Bei Guo","email":"gbbguoxa@cn.ibm.com"},"appVersion":"3.12.0","dataVersion":"1.5"},{"_id":"architecturechangelog_wYPFIB1Fq","date":"2022-08-16T09:31:30.675Z","type":"GITHUB_EXPORT","user":{"fullname":"Bei Bei Guo","email":"gbbguoxa@cn.ibm.com"},"appVersion":"3.12.0","dataVersion":"1.5"},{"_id":"architecturechangelog_ALJ-JiZRHu","date":"2022-08-16T09:31:28.853Z","type":"GITHUB_EXPORT","user":{"fullname":"Bei Bei Guo","email":"gbbguoxa@cn.ibm.com"},"appVersion":"3.12.0","dataVersion":"1.5"},{"_id":"architecturechangelog_MDkff7xzO0","date":"2022-08-16T09:31:27.132Z","type":"GITHUB_EXPORT","user":{"fullname":"Bei Bei Guo","email":"gbbguoxa@cn.ibm.com"},"appVersion":"3.12.0","dataVersion":"1.5"},{"_id":"architecturechangelog_-6aPufxukX","date":"2022-08-16T09:31:25.044Z","type":"GITHUB_EXPORT","user":{"fullname":"Bei Bei Guo","email":"gbbguoxa@cn.ibm.com"},"appVersion":"3.12.0","dataVersion":"1.5"},{"_id":"architecturechangelog_bIIiGQf_Y","date":"2022-08-16T09:31:23.373Z","type":"GITHUB_EXPORT","user":{"fullname":"Bei Bei Guo","email":"gbbguoxa@cn.ibm.com"},"appVersion":"3.12.0","dataVersion":"1.5"},{"_id":"architecturechangelog_ZVglYbijrR","date":"2022-08-16T09:31:21.703Z","type":"GITHUB_EXPORT","user":{"fullname":"Bei Bei Guo","email":"gbbguoxa@cn.ibm.com"},"appVersion":"3.12.0","dataVersion":"1.5"},{"_id":"architecturechangelog_pAWbn5uWBt","date":"2022-08-16T09:31:20.657Z","type":"GITHUB_EXPORT","user":{"fullname":"Bei Bei Guo","email":"gbbguoxa@cn.ibm.com"},"appVersion":"3.12.0","dataVersion":"1.5"},{"_id":"architecturechangelog_8GLRHYaIPE","date":"2022-08-16T09:31:19.164Z","type":"GITHUB_EXPORT","user":{"fullname":"Bei Bei Guo","email":"gbbguoxa@cn.ibm.com"},"appVersion":"3.12.0","dataVersion":"1.5"},{"_id":"architecturechangelog_qsx74wGmO","date":"2022-08-16T09:31:19.090Z","type":"GITHUB_EXPORT","user":{"fullname":"Bei Bei Guo","email":"gbbguoxa@cn.ibm.com"},"appVersion":"3.12.0","dataVersion":"1.5"},{"_id":"architecturechangelog_rFfn_kgniS","date":"2022-08-16T09:31:18.444Z","type":"GITHUB_EXPORT","user":{"fullname":"Bei Bei Guo","email":"gbbguoxa@cn.ibm.com"},"appVersion":"3.12.0","dataVersion":"1.5"},{"_id":"architecturechangelog_Z7BbCMDSE","date":"2022-08-16T09:31:16.683Z","type":"GITHUB_EXPORT","user":{"fullname":"Bei Bei Guo","email":"gbbguoxa@cn.ibm.com"},"appVersion":"3.12.0","dataVersion":"1.5"},{"_id":"architecturechangelog_-oGcbPenv","date":"2022-08-16T09:31:15.082Z","type":"GITHUB_EXPORT","user":{"fullname":"Bei Bei Guo","email":"gbbguoxa@cn.ibm.com"},"appVersion":"3.12.0","dataVersion":"1.5"},{"_id":"architecturechangelog_XL5tjIHiI-","date":"2022-08-16T09:31:13.956Z","type":"GITHUB_EXPORT","user":{"fullname":"Bei Bei Guo","email":"gbbguoxa@cn.ibm.com"},"appVersion":"3.12.0","dataVersion":"1.5"},{"_id":"architecturechangelog_cx9akl6No","date":"2022-08-16T09:31:11.247Z","type":"GITHUB_EXPORT","user":{"fullname":"Bei Bei Guo","email":"gbbguoxa@cn.ibm.com"},"appVersion":"3.12.0","dataVersion":"1.5"},{"_id":"architecturechangelog_FfFuuVVYKV","date":"2022-08-16T09:31:10.177Z","type":"GITHUB_EXPORT","user":{"fullname":"Bei Bei Guo","email":"gbbguoxa@cn.ibm.com"},"appVersion":"3.12.0","dataVersion":"1.5"},{"_id":"architecturechangelog_JPQNoCafvZ","date":"2022-08-16T09:31:09.875Z","type":"GITHUB_EXPORT","user":{"fullname":"Bei Bei Guo","email":"gbbguoxa@cn.ibm.com"},"appVersion":"3.12.0","dataVersion":"1.5"},{"_id":"architecturechangelog_WYBkZzsq1I","date":"2022-08-16T09:31:09.481Z","type":"GITHUB_EXPORT","user":{"fullname":"Bei Bei Guo","email":"gbbguoxa@cn.ibm.com"},"appVersion":"3.12.0","dataVersion":"1.5"},{"_id":"architecturechangelog_WsRWbgeo1","date":"2022-08-16T09:31:06.047Z","type":"GITHUB_EXPORT","user":{"fullname":"Bei Bei Guo","email":"gbbguoxa@cn.ibm.com"},"appVersion":"3.12.0","dataVersion":"1.5"},{"_id":"architecturechangelog_HJQiCSVh_I","date":"2022-08-16T09:31:03.281Z","type":"GITHUB_EXPORT","user":{"fullname":"Bei Bei Guo","email":"gbbguoxa@cn.ibm.com"},"appVersion":"3.12.0","dataVersion":"1.5"},{"_id":"architecturechangelog_01d4dUXs68","date":"2022-08-16T09:31:02.678Z","type":"GITHUB_EXPORT","user":{"fullname":"Bei Bei Guo","email":"gbbguoxa@cn.ibm.com"},"appVersion":"3.12.0","dataVersion":"1.5"},{"_id":"architecturechangelog_KovBWUUBo6","date":"2022-08-16T09:31:00.768Z","type":"GITHUB_EXPORT","user":{"fullname":"Bei Bei Guo","email":"gbbguoxa@cn.ibm.com"},"appVersion":"3.12.0","dataVersion":"1.5"},{"_id":"architecturechangelog_XY2ZGmzyJ","date":"2022-08-16T09:31:00.358Z","type":"GITHUB_EXPORT","user":{"fullname":"Bei Bei Guo","email":"gbbguoxa@cn.ibm.com"},"appVersion":"3.12.0","dataVersion":"1.5"},{"_id":"architecturechangelog_RckGLYC3O5","date":"2022-08-16T09:30:59.474Z","type":"GITHUB_EXPORT","user":{"fullname":"Bei Bei Guo","email":"gbbguoxa@cn.ibm.com"},"appVersion":"3.12.0","dataVersion":"1.5"},{"_id":"architecturechangelog_9124mLaaBL","date":"2022-08-16T09:30:59.290Z","type":"GITHUB_EXPORT","user":{"fullname":"Bei Bei Guo","email":"gbbguoxa@cn.ibm.com"},"appVersion":"3.12.0","dataVersion":"1.5"},{"_id":"architecturechangelog_iyLH4YLX3Y","date":"2022-08-16T09:30:58.101Z","type":"GITHUB_EXPORT","user":{"fullname":"Bei Bei Guo","email":"gbbguoxa@cn.ibm.com"},"appVersion":"3.12.0","dataVersion":"1.5"},{"_id":"architecturechangelog_IUEyD__c-U","date":"2022-08-16T09:30:55.595Z","type":"GITHUB_EXPORT","user":{"fullname":"Bei Bei Guo","email":"gbbguoxa@cn.ibm.com"},"appVersion":"3.12.0","dataVersion":"1.5"},{"_id":"architecturechangelog_TiJdotBsXx","date":"2022-08-16T09:30:53.114Z","type":"GITHUB_EXPORT","user":{"fullname":"Bei Bei Guo","email":"gbbguoxa@cn.ibm.com"},"appVersion":"3.12.0","dataVersion":"1.5"},{"_id":"architecturechangelog_Wfu7DRhy2M","date":"2022-08-16T09:30:53.104Z","type":"GITHUB_EXPORT","user":{"fullname":"Bei Bei Guo","email":"gbbguoxa@cn.ibm.com"},"appVersion":"3.12.0","dataVersion":"1.5"},{"_id":"architecturechangelog_wIeUn087bX","date":"2022-08-16T09:30:49.818Z","type":"GITHUB_EXPORT","user":{"fullname":"Bei Bei Guo","email":"gbbguoxa@cn.ibm.com"},"appVersion":"3.12.0","dataVersion":"1.5"},{"_id":"architecturechangelog_jHYn6mtSSh","date":"2022-08-16T09:30:49.096Z","type":"GITHUB_EXPORT","user":{"fullname":"Bei Bei Guo","email":"gbbguoxa@cn.ibm.com"},"appVersion":"3.12.0","dataVersion":"1.5"},{"_id":"architecturechangelog_Vsa9TCJW8y","date":"2022-08-16T09:30:45.370Z","type":"GITHUB_EXPORT","user":{"fullname":"Bei Bei Guo","email":"gbbguoxa@cn.ibm.com"},"appVersion":"3.12.0","dataVersion":"1.5"},{"_id":"architecturechangelog_z0H2ik_Up6","date":"2022-08-16T09:30:44.647Z","type":"GITHUB_EXPORT","user":{"fullname":"Bei Bei Guo","email":"gbbguoxa@cn.ibm.com"},"appVersion":"3.12.0","dataVersion":"1.5"},{"_id":"architecturechangelog_l-ztba6Zpd","date":"2022-08-16T09:30:40.402Z","type":"GITHUB_EXPORT","user":{"fullname":"Bei Bei Guo","email":"gbbguoxa@cn.ibm.com"},"appVersion":"3.12.0","dataVersion":"1.5"},{"_id":"architecturechangelog_DbD-ccnZbC","date":"2022-08-16T09:30:40.127Z","type":"GITHUB_EXPORT","user":{"fullname":"Bei Bei Guo","email":"gbbguoxa@cn.ibm.com"},"appVersion":"3.12.0","dataVersion":"1.5"},{"_id":"architecturechangelog_clJ3W0JGwo","date":"2022-08-16T09:30:38.869Z","type":"GITHUB_EXPORT","user":{"fullname":"Bei Bei Guo","email":"gbbguoxa@cn.ibm.com"},"appVersion":"3.12.0","dataVersion":"1.5"},{"_id":"architecturechangelog_qIjLYGYIkT","date":"2022-08-16T09:30:38.301Z","type":"GITHUB_EXPORT","user":{"fullname":"Bei Bei Guo","email":"gbbguoxa@cn.ibm.com"},"appVersion":"3.12.0","dataVersion":"1.5"},{"_id":"architecturechangelog_zISH1FKqp","date":"2022-08-16T09:30:37.464Z","type":"GITHUB_EXPORT","user":{"fullname":"Bei Bei Guo","email":"gbbguoxa@cn.ibm.com"},"appVersion":"3.12.0","dataVersion":"1.5"},{"_id":"architecturechangelog_1r3F2CDJ-f","date":"2022-08-16T09:30:34.957Z","type":"GITHUB_EXPORT","user":{"fullname":"Bei Bei Guo","email":"gbbguoxa@cn.ibm.com"},"appVersion":"3.12.0","dataVersion":"1.5"},{"_id":"architecturechangelog_usK0CaPgmw","date":"2022-08-16T09:30:31.859Z","type":"GITHUB_EXPORT","user":{"fullname":"Bei Bei Guo","email":"gbbguoxa@cn.ibm.com"},"appVersion":"3.12.0","dataVersion":"1.5"},{"_id":"architecturechangelog_JVKyKOsyyy","date":"2022-08-16T09:30:31.423Z","type":"GITHUB_EXPORT","user":{"fullname":"Bei Bei Guo","email":"gbbguoxa@cn.ibm.com"},"appVersion":"3.12.0","dataVersion":"1.5"},{"_id":"architecturechangelog_obF5aEE59A","date":"2022-08-16T09:30:31.302Z","type":"GITHUB_EXPORT","user":{"fullname":"Bei Bei Guo","email":"gbbguoxa@cn.ibm.com"},"appVersion":"3.12.0","dataVersion":"1.5"},{"_id":"architecturechangelog_BV9_wUGV3O","date":"2022-08-16T09:30:28.862Z","type":"GITHUB_EXPORT","user":{"fullname":"Bei Bei Guo","email":"gbbguoxa@cn.ibm.com"},"appVersion":"3.12.0","dataVersion":"1.5"},{"_id":"architecturechangelog_Bz5zQ7GyBQ","date":"2022-08-16T09:30:27.568Z","type":"GITHUB_EXPORT","user":{"fullname":"Bei Bei Guo","email":"gbbguoxa@cn.ibm.com"},"appVersion":"3.12.0","dataVersion":"1.5"},{"_id":"architecturechangelog_pLt_TwbVzb","date":"2022-08-16T09:30:23.792Z","type":"GITHUB_EXPORT","user":{"fullname":"Bei Bei Guo","email":"gbbguoxa@cn.ibm.com"},"appVersion":"3.12.0","dataVersion":"1.5"},{"_id":"architecturechangelog_CVaYGuLdCY","date":"2022-08-16T09:30:23.225Z","type":"GITHUB_EXPORT","user":{"fullname":"Bei Bei Guo","email":"gbbguoxa@cn.ibm.com"},"appVersion":"3.12.0","dataVersion":"1.5"},{"_id":"architecturechangelog_3n50PVv_1","date":"2022-08-16T09:30:23.211Z","type":"GITHUB_EXPORT","user":{"fullname":"Bei Bei Guo","email":"gbbguoxa@cn.ibm.com"},"appVersion":"3.12.0","dataVersion":"1.5"},{"_id":"architecturechangelog_NNkmeYzxU5","date":"2022-08-16T09:30:22.282Z","type":"GITHUB_EXPORT","user":{"fullname":"Bei Bei Guo","email":"gbbguoxa@cn.ibm.com"},"appVersion":"3.12.0","dataVersion":"1.5"},{"_id":"architecturechangelog_CpEbwLEwP_","date":"2022-08-16T09:30:18.532Z","type":"GITHUB_EXPORT","user":{"fullname":"Bei Bei Guo","email":"gbbguoxa@cn.ibm.com"},"appVersion":"3.12.0","dataVersion":"1.5"},{"_id":"architecturechangelog_73BKXbE6Xk","date":"2022-08-16T09:30:18.513Z","type":"GITHUB_EXPORT","user":{"fullname":"Bei Bei Guo","email":"gbbguoxa@cn.ibm.com"},"appVersion":"3.12.0","dataVersion":"1.5"},{"_id":"architecturechangelog_N9RoSb13bR","date":"2022-08-16T09:30:18.365Z","type":"GITHUB_EXPORT","user":{"fullname":"Bei Bei Guo","email":"gbbguoxa@cn.ibm.com"},"appVersion":"3.12.0","dataVersion":"1.5"},{"_id":"architecturechangelog_ujsZtyizfT","date":"2022-08-16T09:30:18.315Z","type":"GITHUB_EXPORT","user":{"fullname":"Bei Bei Guo","email":"gbbguoxa@cn.ibm.com"},"appVersion":"3.12.0","dataVersion":"1.5"},{"_id":"architecturechangelog_MZUhydSLM","date":"2022-08-16T09:30:18.218Z","type":"GITHUB_EXPORT","user":{"fullname":"Bei Bei Guo","email":"gbbguoxa@cn.ibm.com"},"appVersion":"3.12.0","dataVersion":"1.5"},{"_id":"architecturechangelog_nEAps4XI_C","date":"2022-08-16T09:30:17.650Z","type":"GITHUB_EXPORT","user":{"fullname":"Bei Bei Guo","email":"gbbguoxa@cn.ibm.com"},"appVersion":"3.12.0","dataVersion":"1.5"},{"_id":"architecturechangelog_OS0VhzBeS","date":"2022-08-16T09:30:16.775Z","type":"GITHUB_EXPORT","user":{"fullname":"Bei Bei Guo","email":"gbbguoxa@cn.ibm.com"},"appVersion":"3.12.0","dataVersion":"1.5"},{"_id":"architecturechangelog_ygSUhBIJJ","date":"2022-08-16T09:30:14.131Z","type":"GITHUB_EXPORT","user":{"fullname":"Bei Bei Guo","email":"gbbguoxa@cn.ibm.com"},"appVersion":"3.12.0","dataVersion":"1.5"},{"_id":"architecturechangelog_oCMHSoVtn0","date":"2022-08-16T09:30:11.888Z","type":"GITHUB_EXPORT","user":{"fullname":"Bei Bei Guo","email":"gbbguoxa@cn.ibm.com"},"appVersion":"3.12.0","dataVersion":"1.5"},{"_id":"architecturechangelog_la1kg4g8UJ","date":"2022-08-16T09:30:11.369Z","type":"GITHUB_EXPORT","user":{"fullname":"Bei Bei Guo","email":"gbbguoxa@cn.ibm.com"},"appVersion":"3.12.0","dataVersion":"1.5"},{"_id":"architecturechangelog_Rzgih7JK0Q","date":"2022-08-16T09:30:11.203Z","type":"GITHUB_EXPORT","user":{"fullname":"Bei Bei Guo","email":"gbbguoxa@cn.ibm.com"},"appVersion":"3.12.0","dataVersion":"1.5"},{"_id":"architecturechangelog_iH7XN0IRtZ","date":"2022-08-16T09:30:10.498Z","type":"GITHUB_EXPORT","user":{"fullname":"Bei Bei Guo","email":"gbbguoxa@cn.ibm.com"},"appVersion":"3.12.0","dataVersion":"1.5"},{"_id":"architecturechangelog_9Uuoo7apBk","date":"2022-08-16T09:30:09.187Z","type":"GITHUB_EXPORT","user":{"fullname":"Bei Bei Guo","email":"gbbguoxa@cn.ibm.com"},"appVersion":"3.12.0","dataVersion":"1.5"},{"_id":"architecturechangelog_uV0ntT6Px","date":"2022-08-16T09:30:04.046Z","type":"GITHUB_EXPORT","user":{"fullname":"Bei Bei Guo","email":"gbbguoxa@cn.ibm.com"},"appVersion":"3.12.0","dataVersion":"1.5"},{"_id":"architecturechangelog_LUBX76cuyj","date":"2022-08-16T09:30:03.505Z","type":"GITHUB_EXPORT","user":{"fullname":"Bei Bei Guo","email":"gbbguoxa@cn.ibm.com"},"appVersion":"3.12.0","dataVersion":"1.5"},{"_id":"architecturechangelog_A4R-FVU0m","date":"2022-08-16T09:30:03.009Z","type":"GITHUB_EXPORT","user":{"fullname":"Bei Bei Guo","email":"gbbguoxa@cn.ibm.com"},"appVersion":"3.12.0","dataVersion":"1.5"},{"_id":"architecturechangelog_wv3jdFeGTY","date":"2022-08-16T09:29:59.461Z","type":"GITHUB_EXPORT","user":{"fullname":"Bei Bei Guo","email":"gbbguoxa@cn.ibm.com"},"appVersion":"3.12.0","dataVersion":"1.5"},{"_id":"architecturechangelog_uMQamUiKw","date":"2022-08-16T09:29:58.225Z","type":"GITHUB_EXPORT","user":{"fullname":"Bei Bei Guo","email":"gbbguoxa@cn.ibm.com"},"appVersion":"3.12.0","dataVersion":"1.5"},{"_id":"architecturechangelog_kD6zU2gsbI","date":"2022-08-16T09:29:54.521Z","type":"GITHUB_EXPORT","user":{"fullname":"Bei Bei Guo","email":"gbbguoxa@cn.ibm.com"},"appVersion":"3.12.0","dataVersion":"1.5"},{"_id":"architecturechangelog_f4QamdByy","date":"2022-08-16T09:29:54.445Z","type":"GITHUB_EXPORT","user":{"fullname":"Bei Bei Guo","email":"gbbguoxa@cn.ibm.com"},"appVersion":"3.12.0","dataVersion":"1.5"},{"_id":"architecturechangelog_9p3WcD8sz","date":"2022-08-16T09:29:50.207Z","type":"GITHUB_EXPORT","user":{"fullname":"Bei Bei Guo","email":"gbbguoxa@cn.ibm.com"},"appVersion":"3.12.0","dataVersion":"1.5"},{"_id":"architecturechangelog_UDSJTC3vi","date":"2022-08-16T09:29:44.031Z","type":"GITHUB_EXPORT","user":{"fullname":"Bei Bei Guo","email":"gbbguoxa@cn.ibm.com"},"appVersion":"3.12.0","dataVersion":"1.5"},{"_id":"architecturechangelog_DhQh02OWFR","date":"2022-08-16T09:29:41.376Z","type":"GITHUB_EXPORT","user":{"fullname":"Bei Bei Guo","email":"gbbguoxa@cn.ibm.com"},"appVersion":"3.12.0","dataVersion":"1.5"},{"_id":"architecturechangelog_V4cBDGTxy","date":"2022-08-16T09:29:37.998Z","type":"GITHUB_EXPORT","user":{"fullname":"Bei Bei Guo","email":"gbbguoxa@cn.ibm.com"},"appVersion":"3.12.0","dataVersion":"1.5"},{"_id":"architecturechangelog_ImXLjHiHF","date":"2022-08-16T09:29:36.994Z","type":"GITHUB_EXPORT","user":{"fullname":"Bei Bei Guo","email":"gbbguoxa@cn.ibm.com"},"appVersion":"3.12.0","dataVersion":"1.5"},{"_id":"architecturechangelog_rwmBPGxbnY","date":"2022-08-16T09:29:35.467Z","type":"GITHUB_EXPORT","user":{"fullname":"Bei Bei Guo","email":"gbbguoxa@cn.ibm.com"},"appVersion":"3.12.0","dataVersion":"1.5"},{"_id":"architecturechangelog_DZRwMI-Y4O","date":"2022-08-16T09:29:34.446Z","type":"GITHUB_EXPORT","user":{"fullname":"Bei Bei Guo","email":"gbbguoxa@cn.ibm.com"},"appVersion":"3.12.0","dataVersion":"1.5"},{"_id":"architecturechangelog_OoqHeskHYd","date":"2022-08-16T09:29:33.312Z","type":"GITHUB_EXPORT","user":{"fullname":"Bei Bei Guo","email":"gbbguoxa@cn.ibm.com"},"appVersion":"3.12.0","dataVersion":"1.5"},{"_id":"architecturechangelog_mav8xhcsku","date":"2022-08-16T09:29:31.668Z","type":"GITHUB_EXPORT","user":{"fullname":"Bei Bei Guo","email":"gbbguoxa@cn.ibm.com"},"appVersion":"3.12.0","dataVersion":"1.5"},{"_id":"architecturechangelog_ACxNgNck0_","date":"2022-08-16T09:29:28.506Z","type":"GITHUB_EXPORT","user":{"fullname":"Bei Bei Guo","email":"gbbguoxa@cn.ibm.com"},"appVersion":"3.12.0","dataVersion":"1.5"},{"_id":"architecturechangelog_YEykAlNWqR","date":"2022-08-16T09:29:27.202Z","type":"GITHUB_EXPORT","user":{"fullname":"Bei Bei Guo","email":"gbbguoxa@cn.ibm.com"},"appVersion":"3.12.0","dataVersion":"1.5"},{"_id":"architecturechangelog_JsB8ai3p3g","date":"2022-08-16T09:29:26.976Z","type":"GITHUB_EXPORT","user":{"fullname":"Bei Bei Guo","email":"gbbguoxa@cn.ibm.com"},"appVersion":"3.12.0","dataVersion":"1.5"},{"_id":"architecturechangelog_YLfn-Tj8Z","date":"2022-08-16T09:29:24.784Z","type":"GITHUB_EXPORT","user":{"fullname":"Bei Bei Guo","email":"gbbguoxa@cn.ibm.com"},"appVersion":"3.12.0","dataVersion":"1.5"},{"_id":"architecturechangelog_OUB-Z8rKjJ","date":"2022-08-16T09:29:23.742Z","type":"GITHUB_EXPORT","user":{"fullname":"Bei Bei Guo","email":"gbbguoxa@cn.ibm.com"},"appVersion":"3.12.0","dataVersion":"1.5"},{"_id":"architecturechangelog_FeA0G-ISV","date":"2022-08-16T09:29:20.822Z","type":"GITHUB_EXPORT","user":{"fullname":"Bei Bei Guo","email":"gbbguoxa@cn.ibm.com"},"appVersion":"3.12.0","dataVersion":"1.5"},{"_id":"architecturechangelog_ByOEscVjR","date":"2022-08-16T09:29:17.764Z","type":"GITHUB_EXPORT","user":{"fullname":"Bei Bei Guo","email":"gbbguoxa@cn.ibm.com"},"appVersion":"3.12.0","dataVersion":"1.5"},{"_id":"architecturechangelog_vfbH5uqbbk","date":"2022-08-16T09:29:16.599Z","type":"GITHUB_EXPORT","user":{"fullname":"Bei Bei Guo","email":"gbbguoxa@cn.ibm.com"},"appVersion":"3.12.0","dataVersion":"1.5"},{"_id":"architecturechangelog_vvMm3h8G-_","date":"2022-08-16T09:29:15.726Z","type":"GITHUB_EXPORT","user":{"fullname":"Bei Bei Guo","email":"gbbguoxa@cn.ibm.com"},"appVersion":"3.12.0","dataVersion":"1.5"},{"_id":"architecturechangelog_guXxgtFgW2","date":"2022-08-16T09:29:13.530Z","type":"GITHUB_EXPORT","user":{"fullname":"Bei Bei Guo","email":"gbbguoxa@cn.ibm.com"},"appVersion":"3.12.0","dataVersion":"1.5"},{"_id":"architecturechangelog_5Q4yAh20tt","date":"2022-08-16T09:29:12.805Z","type":"GITHUB_EXPORT","user":{"fullname":"Bei Bei Guo","email":"gbbguoxa@cn.ibm.com"},"appVersion":"3.12.0","dataVersion":"1.5"},{"_id":"architecturechangelog_eoE42oiRnr","date":"2022-08-16T09:29:12.198Z","type":"GITHUB_EXPORT","user":{"fullname":"Bei Bei Guo","email":"gbbguoxa@cn.ibm.com"},"appVersion":"3.12.0","dataVersion":"1.5"},{"_id":"architecturechangelog_jTDQPTNiMY","date":"2022-08-16T09:29:11.108Z","type":"GITHUB_EXPORT","user":{"fullname":"Bei Bei Guo","email":"gbbguoxa@cn.ibm.com"},"appVersion":"3.12.0","dataVersion":"1.5"},{"_id":"architecturechangelog_peEorMpF9b","date":"2022-08-16T09:29:10.521Z","type":"GITHUB_EXPORT","user":{"fullname":"Bei Bei Guo","email":"gbbguoxa@cn.ibm.com"},"appVersion":"3.12.0","dataVersion":"1.5"},{"_id":"architecturechangelog_rTXfFfx4L","date":"2022-08-16T09:29:08.111Z","type":"GITHUB_EXPORT","user":{"fullname":"Bei Bei Guo","email":"gbbguoxa@cn.ibm.com"},"appVersion":"3.12.0","dataVersion":"1.5"},{"_id":"architecturechangelog_aFil2y69q","date":"2022-08-16T09:29:06.995Z","type":"GITHUB_EXPORT","user":{"fullname":"Bei Bei Guo","email":"gbbguoxa@cn.ibm.com"},"appVersion":"3.12.0","dataVersion":"1.5"},{"_id":"architecturechangelog_Rc_WM3bEIv","date":"2022-08-16T09:29:06.227Z","type":"GITHUB_EXPORT","user":{"fullname":"Bei Bei Guo","email":"gbbguoxa@cn.ibm.com"},"appVersion":"3.12.0","dataVersion":"1.5"},{"_id":"architecturechangelog_46bjoaAM2I","date":"2022-08-16T09:29:04.653Z","type":"GITHUB_EXPORT","user":{"fullname":"Bei Bei Guo","email":"gbbguoxa@cn.ibm.com"},"appVersion":"3.12.0","dataVersion":"1.5"},{"_id":"architecturechangelog_CHZ_7k8kTW","date":"2022-08-16T09:29:02.621Z","type":"GITHUB_EXPORT","user":{"fullname":"Bei Bei Guo","email":"gbbguoxa@cn.ibm.com"},"appVersion":"3.12.0","dataVersion":"1.5"},{"_id":"architecturechangelog_3v6SfnmrF","date":"2022-08-16T09:29:02.012Z","type":"GITHUB_EXPORT","user":{"fullname":"Bei Bei Guo","email":"gbbguoxa@cn.ibm.com"},"appVersion":"3.12.0","dataVersion":"1.5"},{"_id":"architecturechangelog_fRdo-bBuWF","date":"2022-08-16T09:29:00.443Z","type":"GITHUB_EXPORT","user":{"fullname":"Bei Bei Guo","email":"gbbguoxa@cn.ibm.com"},"appVersion":"3.12.0","dataVersion":"1.5"},{"_id":"architecturechangelog_Q2SGNL64C","date":"2022-08-16T09:28:59.985Z","type":"GITHUB_EXPORT","user":{"fullname":"Bei Bei Guo","email":"gbbguoxa@cn.ibm.com"},"appVersion":"3.12.0","dataVersion":"1.5"},{"_id":"architecturechangelog_yMzBDZwLX","date":"2022-08-16T09:28:58.559Z","type":"GITHUB_EXPORT","user":{"fullname":"Bei Bei Guo","email":"gbbguoxa@cn.ibm.com"},"appVersion":"3.12.0","dataVersion":"1.5"},{"_id":"architecturechangelog_byqLbYmgUO","date":"2022-08-16T09:28:57.226Z","type":"GITHUB_EXPORT","user":{"fullname":"Bei Bei Guo","email":"gbbguoxa@cn.ibm.com"},"appVersion":"3.12.0","dataVersion":"1.5"},{"_id":"architecturechangelog_iI7R9IPIA","date":"2022-08-16T09:28:54.706Z","type":"GITHUB_EXPORT","user":{"fullname":"Bei Bei Guo","email":"gbbguoxa@cn.ibm.com"},"appVersion":"3.12.0","dataVersion":"1.5"},{"_id":"architecturechangelog_YLATL3hg6r","date":"2022-08-16T09:28:54.210Z","type":"GITHUB_EXPORT","user":{"fullname":"Bei Bei Guo","email":"gbbguoxa@cn.ibm.com"},"appVersion":"3.12.0","dataVersion":"1.5"},{"_id":"architecturechangelog_W-nDw_-6Vz","date":"2022-08-16T09:28:51.798Z","type":"GITHUB_EXPORT","user":{"fullname":"Bei Bei Guo","email":"gbbguoxa@cn.ibm.com"},"appVersion":"3.12.0","dataVersion":"1.5"},{"_id":"architecturechangelog_rmrZeMgADg","date":"2022-08-16T09:28:51.394Z","type":"GITHUB_EXPORT","user":{"fullname":"Bei Bei Guo","email":"gbbguoxa@cn.ibm.com"},"appVersion":"3.12.0","dataVersion":"1.5"},{"_id":"architecturechangelog_xI0Ya4FKta","date":"2022-08-16T09:28:50.749Z","type":"GITHUB_EXPORT","user":{"fullname":"Bei Bei Guo","email":"gbbguoxa@cn.ibm.com"},"appVersion":"3.12.0","dataVersion":"1.5"},{"_id":"architecturechangelog_Sr82ULCTSJ","date":"2022-08-16T09:28:50.001Z","type":"GITHUB_EXPORT","user":{"fullname":"Bei Bei Guo","email":"gbbguoxa@cn.ibm.com"},"appVersion":"3.12.0","dataVersion":"1.5"},{"_id":"architecturechangelog_IIaW6JCrFl","date":"2022-08-16T09:28:48.988Z","type":"GITHUB_EXPORT","user":{"fullname":"Bei Bei Guo","email":"gbbguoxa@cn.ibm.com"},"appVersion":"3.12.0","dataVersion":"1.5"},{"_id":"architecturechangelog_KxJahItkw0","date":"2022-08-16T09:28:46.909Z","type":"GITHUB_EXPORT","user":{"fullname":"Bei Bei Guo","email":"gbbguoxa@cn.ibm.com"},"appVersion":"3.12.0","dataVersion":"1.5"},{"_id":"architecturechangelog_MFpUG4rMsF","date":"2022-08-16T09:28:45.996Z","type":"GITHUB_EXPORT","user":{"fullname":"Bei Bei Guo","email":"gbbguoxa@cn.ibm.com"},"appVersion":"3.12.0","dataVersion":"1.5"},{"_id":"architecturechangelog_EAT8LAO9a","date":"2022-08-16T09:28:45.059Z","type":"GITHUB_EXPORT","user":{"fullname":"Bei Bei Guo","email":"gbbguoxa@cn.ibm.com"},"appVersion":"3.12.0","dataVersion":"1.5"},{"_id":"architecturechangelog_BHZ9SdRbG-","date":"2022-08-16T09:28:42.938Z","type":"GITHUB_EXPORT","user":{"fullname":"Bei Bei Guo","email":"gbbguoxa@cn.ibm.com"},"appVersion":"3.12.0","dataVersion":"1.5"},{"_id":"architecturechangelog_Y6uM1iAat","date":"2022-08-16T09:28:41.129Z","type":"GITHUB_EXPORT","user":{"fullname":"Bei Bei Guo","email":"gbbguoxa@cn.ibm.com"},"appVersion":"3.12.0","dataVersion":"1.5"},{"_id":"architecturechangelog_TdxgYNo5tX","date":"2022-08-16T09:28:40.689Z","type":"GITHUB_EXPORT","user":{"fullname":"Bei Bei Guo","email":"gbbguoxa@cn.ibm.com"},"appVersion":"3.12.0","dataVersion":"1.5"},{"_id":"architecturechangelog_4QvoaoF8zO","date":"2022-08-16T09:28:38.955Z","type":"GITHUB_EXPORT","user":{"fullname":"Bei Bei Guo","email":"gbbguoxa@cn.ibm.com"},"appVersion":"3.12.0","dataVersion":"1.5"},{"_id":"architecturechangelog_u3ZsxryIn9","date":"2022-08-16T09:28:38.030Z","type":"GITHUB_EXPORT","user":{"fullname":"Bei Bei Guo","email":"gbbguoxa@cn.ibm.com"},"appVersion":"3.12.0","dataVersion":"1.5"},{"_id":"architecturechangelog_WfwR_LmLPJ","date":"2022-08-16T09:28:37.641Z","type":"GITHUB_EXPORT","user":{"fullname":"Bei Bei Guo","email":"gbbguoxa@cn.ibm.com"},"appVersion":"3.12.0","dataVersion":"1.5"},{"_id":"architecturechangelog_ZQjT-JD4Br","date":"2022-08-16T09:28:35.317Z","type":"GITHUB_EXPORT","user":{"fullname":"Bei Bei Guo","email":"gbbguoxa@cn.ibm.com"},"appVersion":"3.12.0","dataVersion":"1.5"},{"_id":"architecturechangelog_RmjB9jk7I","date":"2022-08-16T09:28:33.533Z","type":"GITHUB_EXPORT","user":{"fullname":"Bei Bei Guo","email":"gbbguoxa@cn.ibm.com"},"appVersion":"3.12.0","dataVersion":"1.5"},{"_id":"architecturechangelog_oKJP-xoxLG","date":"2022-08-16T09:28:31.589Z","type":"GITHUB_EXPORT","user":{"fullname":"Bei Bei Guo","email":"gbbguoxa@cn.ibm.com"},"appVersion":"3.12.0","dataVersion":"1.5"},{"_id":"architecturechangelog_6rI3Qfmtz4","date":"2022-08-16T09:28:30.567Z","type":"GITHUB_EXPORT","user":{"fullname":"Bei Bei Guo","email":"gbbguoxa@cn.ibm.com"},"appVersion":"3.12.0","dataVersion":"1.5"},{"_id":"architecturechangelog_cEZa9i1eXD","date":"2022-08-16T09:28:28.971Z","type":"GITHUB_EXPORT","user":{"fullname":"Bei Bei Guo","email":"gbbguoxa@cn.ibm.com"},"appVersion":"3.12.0","dataVersion":"1.5"},{"_id":"architecturechangelog_AC0NH7ZTNn","date":"2022-08-16T09:28:27.113Z","type":"GITHUB_EXPORT","user":{"fullname":"Bei Bei Guo","email":"gbbguoxa@cn.ibm.com"},"appVersion":"3.12.0","dataVersion":"1.5"},{"_id":"architecturechangelog_sLPh34D4Lr","date":"2022-08-16T09:28:23.868Z","type":"GITHUB_EXPORT","user":{"fullname":"Bei Bei Guo","email":"gbbguoxa@cn.ibm.com"},"appVersion":"3.12.0","dataVersion":"1.5"},{"_id":"architecturechangelog_Y6lDXmdiP","date":"2022-08-16T09:28:18.982Z","type":"GITHUB_EXPORT","user":{"fullname":"Bei Bei Guo","email":"gbbguoxa@cn.ibm.com"},"appVersion":"3.12.0","dataVersion":"1.5"},{"_id":"architecturechangelog_nTRia1wtrL","date":"2022-08-16T09:28:17.541Z","type":"GITHUB_EXPORT","user":{"fullname":"Bei Bei Guo","email":"gbbguoxa@cn.ibm.com"},"appVersion":"3.12.0","dataVersion":"1.5"},{"_id":"architecturechangelog_34MeIr6kiY","date":"2022-08-16T09:28:14.831Z","type":"GITHUB_EXPORT","user":{"fullname":"Bei Bei Guo","email":"gbbguoxa@cn.ibm.com"},"appVersion":"3.12.0","dataVersion":"1.5"},{"_id":"architecturechangelog_wHm24strQ","date":"2022-08-16T09:28:13.894Z","type":"GITHUB_EXPORT","user":{"fullname":"Bei Bei Guo","email":"gbbguoxa@cn.ibm.com"},"appVersion":"3.12.0","dataVersion":"1.5"},{"_id":"architecturechangelog_ptAkM4tJyK","date":"2022-08-16T09:28:12.602Z","type":"GITHUB_EXPORT","user":{"fullname":"Bei Bei Guo","email":"gbbguoxa@cn.ibm.com"},"appVersion":"3.12.0","dataVersion":"1.5"},{"_id":"architecturechangelog_gLCG5UQWp4","date":"2022-08-16T09:28:10.223Z","type":"GITHUB_EXPORT","user":{"fullname":"Bei Bei Guo","email":"gbbguoxa@cn.ibm.com"},"appVersion":"3.12.0","dataVersion":"1.5"},{"_id":"architecturechangelog_O4buiwUd9","date":"2022-08-16T09:28:07.345Z","type":"GITHUB_EXPORT","user":{"fullname":"Bei Bei Guo","email":"gbbguoxa@cn.ibm.com"},"appVersion":"3.12.0","dataVersion":"1.5"},{"_id":"architecturechangelog_X8lHox6G4","date":"2022-08-16T09:28:06.338Z","type":"GITHUB_EXPORT","user":{"fullname":"Bei Bei Guo","email":"gbbguoxa@cn.ibm.com"},"appVersion":"3.12.0","dataVersion":"1.5"},{"_id":"architecturechangelog_5MkfKLCm0","date":"2022-08-16T09:28:04.825Z","type":"GITHUB_EXPORT","user":{"fullname":"Bei Bei Guo","email":"gbbguoxa@cn.ibm.com"},"appVersion":"3.12.0","dataVersion":"1.5"},{"_id":"architecturechangelog_cZ9cci16e","date":"2022-08-16T09:28:02.339Z","type":"GITHUB_EXPORT","user":{"fullname":"Bei Bei Guo","email":"gbbguoxa@cn.ibm.com"},"appVersion":"3.12.0","dataVersion":"1.5"},{"_id":"architecturechangelog_Pydb91Fyz","date":"2022-08-16T09:28:01.244Z","type":"GITHUB_EXPORT","user":{"fullname":"Bei Bei Guo","email":"gbbguoxa@cn.ibm.com"},"appVersion":"3.12.0","dataVersion":"1.5"},{"_id":"architecturechangelog_fR8vbSdyU","date":"2022-08-16T09:27:59.942Z","type":"GITHUB_EXPORT","user":{"fullname":"Bei Bei Guo","email":"gbbguoxa@cn.ibm.com"},"appVersion":"3.12.0","dataVersion":"1.5"},{"_id":"architecturechangelog_MpD_jca7L","date":"2022-08-16T09:27:58.903Z","type":"GITHUB_EXPORT","user":{"fullname":"Bei Bei Guo","email":"gbbguoxa@cn.ibm.com"},"appVersion":"3.12.0","dataVersion":"1.5"},{"_id":"architecturechangelog_L4pEZFfR0","date":"2022-08-16T09:27:57.671Z","type":"GITHUB_EXPORT","user":{"fullname":"Bei Bei Guo","email":"gbbguoxa@cn.ibm.com"},"appVersion":"3.12.0","dataVersion":"1.5"},{"_id":"architecturechangelog_PnrFW2Aspo","date":"2022-08-16T09:27:55.837Z","type":"GITHUB_EXPORT","user":{"fullname":"Bei Bei Guo","email":"gbbguoxa@cn.ibm.com"},"appVersion":"3.12.0","dataVersion":"1.5"},{"_id":"architecturechangelog_SHRa0j_jR","date":"2022-08-16T09:21:14.785Z","type":"GITHUB_EXPORT","user":{"fullname":"Bei Bei Guo","email":"gbbguoxa@cn.ibm.com"},"appVersion":"3.12.0","dataVersion":"1.5"},{"_id":"architecturechangelog_zTaDtf6wF","date":"2022-08-16T09:21:12.294Z","type":"GITHUB_EXPORT","user":{"fullname":"Bei Bei Guo","email":"gbbguoxa@cn.ibm.com"},"appVersion":"3.12.0","dataVersion":"1.5"},{"_id":"architecturechangelog_au6S8Xaew","date":"2022-08-16T09:21:09.913Z","type":"GITHUB_EXPORT","user":{"fullname":"Bei Bei Guo","email":"gbbguoxa@cn.ibm.com"},"appVersion":"3.12.0","dataVersion":"1.5"},{"_id":"architecturechangelog_mlzsUueqT","date":"2022-08-16T09:21:01.182Z","type":"GITHUB_EXPORT","user":{"fullname":"Bei Bei Guo","email":"gbbguoxa@cn.ibm.com"},"appVersion":"3.12.0","dataVersion":"1.5"},{"_id":"architecturechangelog_zi0fVCd7E","date":"2022-08-16T09:21:00.743Z","type":"GITHUB_EXPORT","user":{"fullname":"Bei Bei Guo","email":"gbbguoxa@cn.ibm.com"},"appVersion":"3.12.0","dataVersion":"1.5"},{"_id":"architecturechangelog_8CNqNhi31","date":"2022-08-16T09:20:59.300Z","type":"GITHUB_EXPORT","user":{"fullname":"Bei Bei Guo","email":"gbbguoxa@cn.ibm.com"},"appVersion":"3.12.0","dataVersion":"1.5"},{"_id":"architecturechangelog_imwPrhJl4","date":"2022-08-16T09:20:58.018Z","type":"GITHUB_EXPORT","user":{"fullname":"Bei Bei Guo","email":"gbbguoxa@cn.ibm.com"},"appVersion":"3.12.0","dataVersion":"1.5"},{"_id":"architecturechangelog_W8ZNN0v8H","date":"2022-08-16T09:20:56.361Z","type":"GITHUB_EXPORT","user":{"fullname":"Bei Bei Guo","email":"gbbguoxa@cn.ibm.com"},"appVersion":"3.12.0","dataVersion":"1.5"},{"_id":"architecturechangelog_XtnGajwhf","date":"2022-08-16T09:20:55.530Z","type":"GITHUB_EXPORT","user":{"fullname":"Bei Bei Guo","email":"gbbguoxa@cn.ibm.com"},"appVersion":"3.12.0","dataVersion":"1.5"},{"_id":"architecturechangelog_WOUoLKSRt","date":"2022-08-16T09:20:52.341Z","type":"GITHUB_EXPORT","user":{"fullname":"Bei Bei Guo","email":"gbbguoxa@cn.ibm.com"},"appVersion":"3.12.0","dataVersion":"1.5"},{"_id":"architecturechangelog_vx-BaTzTF","date":"2022-08-16T09:20:50.945Z","type":"GITHUB_EXPORT","user":{"fullname":"Bei Bei Guo","email":"gbbguoxa@cn.ibm.com"},"appVersion":"3.12.0","dataVersion":"1.5"},{"_id":"architecturechangelog_C8VdzN3pu","date":"2022-08-16T09:20:49.942Z","type":"GITHUB_EXPORT","user":{"fullname":"Bei Bei Guo","email":"gbbguoxa@cn.ibm.com"},"appVersion":"3.12.0","dataVersion":"1.5"},{"_id":"architecturechangelog_OCSggghyi","date":"2022-08-16T09:20:47.413Z","type":"GITHUB_EXPORT","user":{"fullname":"Bei Bei Guo","email":"gbbguoxa@cn.ibm.com"},"appVersion":"3.12.0","dataVersion":"1.5"},{"_id":"architecturechangelog_d3obaYGSy","date":"2022-08-16T09:20:45.189Z","type":"GITHUB_EXPORT","user":{"fullname":"Bei Bei Guo","email":"gbbguoxa@cn.ibm.com"},"appVersion":"3.12.0","dataVersion":"1.5"},{"_id":"architecturechangelog_BBc5hKv6y","date":"2022-08-16T08:49:14.517Z","type":"GITHUB_EXPORT","user":{"fullname":"Bei Bei Guo","email":"gbbguoxa@cn.ibm.com"},"appVersion":"3.12.0","dataVersion":"1.5"},{"_id":"architecturechangelog_XbiLSZF3I","date":"2022-08-16T08:49:13.236Z","type":"GITHUB_EXPORT","user":{"fullname":"Bei Bei Guo","email":"gbbguoxa@cn.ibm.com"},"appVersion":"3.12.0","dataVersion":"1.5"},{"_id":"architecturechangelog_EGWLxH03x","date":"2022-08-16T08:49:12.629Z","type":"GITHUB_EXPORT","user":{"fullname":"Bei Bei Guo","email":"gbbguoxa@cn.ibm.com"},"appVersion":"3.12.0","dataVersion":"1.5"},{"_id":"architecturechangelog_JJiA0-hvU","date":"2022-08-16T08:49:10.696Z","type":"GITHUB_EXPORT","user":{"fullname":"Bei Bei Guo","email":"gbbguoxa@cn.ibm.com"},"appVersion":"3.12.0","dataVersion":"1.5"},{"_id":"architecturechangelog_tb_x4HJxb","date":"2022-08-16T08:49:09.628Z","type":"GITHUB_EXPORT","user":{"fullname":"Bei Bei Guo","email":"gbbguoxa@cn.ibm.com"},"appVersion":"3.12.0","dataVersion":"1.5"},{"_id":"architecturechangelog_LNCPO_d4o","date":"2022-08-16T08:49:08.028Z","type":"GITHUB_EXPORT","user":{"fullname":"Bei Bei Guo","email":"gbbguoxa@cn.ibm.com"},"appVersion":"3.12.0","dataVersion":"1.5"},{"_id":"architecturechangelog_bpbn0eRZu","date":"2022-08-16T08:49:06.246Z","type":"GITHUB_EXPORT","user":{"fullname":"Bei Bei Guo","email":"gbbguoxa@cn.ibm.com"},"appVersion":"3.12.0","dataVersion":"1.5"},{"_id":"architecturechangelog_nzQqYs4Kz","date":"2022-08-16T08:49:04.447Z","type":"GITHUB_EXPORT","user":{"fullname":"Bei Bei Guo","email":"gbbguoxa@cn.ibm.com"},"appVersion":"3.12.0","dataVersion":"1.5"},{"_id":"architecturechangelog_bTXP3nvP4","date":"2022-08-16T08:49:02.712Z","type":"GITHUB_EXPORT","user":{"fullname":"Bei Bei Guo","email":"gbbguoxa@cn.ibm.com"},"appVersion":"3.12.0","dataVersion":"1.5"},{"_id":"architecturechangelog_nSY5P5Hit","date":"2022-08-16T08:49:00.897Z","type":"GITHUB_EXPORT","user":{"fullname":"Bei Bei Guo","email":"gbbguoxa@cn.ibm.com"},"appVersion":"3.12.0","dataVersion":"1.5"},{"_id":"architecturechangelog_kk5faLZRx","date":"2022-08-16T08:48:59.102Z","type":"GITHUB_EXPORT","user":{"fullname":"Bei Bei Guo","email":"gbbguoxa@cn.ibm.com"},"appVersion":"3.12.0","dataVersion":"1.5"},{"_id":"architecturechangelog_4CM3dflwy","date":"2022-08-16T08:48:57.642Z","type":"GITHUB_EXPORT","user":{"fullname":"Bei Bei Guo","email":"gbbguoxa@cn.ibm.com"},"appVersion":"3.12.0","dataVersion":"1.5"},{"_id":"architecturechangelog_wCHAgA08I","date":"2022-08-16T08:48:55.643Z","type":"GITHUB_EXPORT","user":{"fullname":"Bei Bei Guo","email":"gbbguoxa@cn.ibm.com"},"appVersion":"3.12.0","dataVersion":"1.5"},{"_id":"architecturechangelog_DX6SAIRFq","date":"2022-08-16T08:48:53.793Z","type":"GITHUB_EXPORT","user":{"fullname":"Bei Bei Guo","email":"gbbguoxa@cn.ibm.com"},"appVersion":"3.12.0","dataVersion":"1.5"},{"_id":"architecturechangelog_n77t97Skq","date":"2022-08-16T08:28:23.573Z","type":"GITHUB_EXPORT","user":{"fullname":"Bei Bei Guo","email":"gbbguoxa@cn.ibm.com"},"appVersion":"3.12.0","dataVersion":"1.5"},{"_id":"architecturechangelog_JzQriuRcq","date":"2022-08-08T08:52:35.486Z","type":"UPDATE","user":{"fullname":"Bei Bei Guo","email":"gbbguoxa@cn.ibm.com"}},{"_id":"architecturechangelog_i4DGB2OV3","date":"2022-08-08T08:51:54.954Z","type":"DELETE_INST","user":{"fullname":"Bei Bei Guo","email":"gbbguoxa@cn.ibm.com"},"artifactTypeId":"artifacttype_7503dbb1-18f7-36ac-ad12-98d977ef3d0d","instanceName":"p1","instanceId":"pomview_3vT9z68Fm2b"},{"_id":"architecturechangelog_hb_H0Ky7Y","date":"2022-08-08T08:50:03.508Z","type":"CREATE_INST","user":{"fullname":"Bei Bei Guo","email":"gbbguoxa@cn.ibm.com"},"artifactTypeId":"artifacttype_7503dbb1-18f7-36ac-ad12-98d977ef3d0d","instanceName":"p1","instanceId":"pomview_3vT9z68Fm2b"},{"_id":"architecturechangelog_VFdALdK9Z","date":"2022-08-08T08:43:48.015Z","type":"CREATE_INST","user":{"fullname":"Bei Bei Guo","email":"gbbguoxa@cn.ibm.com"},"artifactTypeId":"artifacttype_5ca43d50-d7da-322f-a1b0-f65b0c12b2c8","instanceName":"lom1","instanceId":"lomview_3vT7ZpjF0fv"},{"_id":"architecturechangelog_aS8mGjryr","date":"2022-08-08T07:19:05.533Z","type":"UPDATE","user":{"fullname":"Bei Bei Guo","email":"gbbguoxa@cn.ibm.com"}},{"_id":"architecturechangelog_tK6I4r90w","date":"2022-08-08T07:12:48.974Z","type":"UPDATE","user":{"fullname":"Bei Bei Guo","email":"gbbguoxa@cn.ibm.com"}},{"_id":"architecturechangelog_bG2Zbwy-AV","date":"2022-08-08T07:12:05.313Z","type":"CREATE","user":{"fullname":"Bei Bei Guo","email":"gbbguoxa@cn.ibm.com"},"option":"CREATE_FROM_COPY: arch_SJiY6-BTc"}]},"iconPalettes":[]}