{"_id":"arch_BkWDDRoXI","name":"11111111ibm-","type":"Solution","status":"Pending","created":"2020-02-20T09:54:33Z","lastModified":"2020-02-20T09:59:23Z","includedArtifacts":[{"globalTOCPosition":"1","typeId":"assetartifact_executivesummary","_id":"art_By7KdCj7U","artifactTypeId":"artifacttype_9edbd406-69fb-3a95-8b2e-58a0974b2710","type":"Overview"}],"industry":[],"technology":[],"technicalCapability":[],"businessCapability":[],"client":[],"template":{"name":"Solution Architecture Template","description":"Default ToC","_id":"template_company_ibm","isGlobalDefaultTemplate":true},"executiveSummary":"<img style=\"height:100px;\" src=\"/api/FileManagerAPIs/containers/cafiles/files/file_3c9b72f7fb8065d5.png\">","tag":[],"schemaVersion":"1.2","appVersion":"2.7.1"}