{"toc":[{"globalTOCPosition":"1","artifactTypeName":"Overview","format":"text","artifactType":"assetartifact_executivesummary","_id":"artifacttype_9edbd406-69fb-3a95-8b2e-58a0974b2710","displayName":"Overview","child":[],"hasContent":true},{"globalTOCPosition":"2","parentGroup":"","_id":"artifactgroup_7dc829db-0746-3ddc-816c-d07338d4eebf","displayName":"Scope","child":[{"globalTOCPosition":"2.1","artifactTypeName":"Business Challenge","format":"text","artifactType":"assetartifact_businesschallenge","_id":"artifacttype_d1ab4a95-e05f-3882-9f19-6500fc0d3b2b","displayName":"Business Challenge","hasContent":false},{"globalTOCPosition":"2.2","artifactTypeName":"System Context","format":"diagram","artifactType":"assetartifact_systemcontext","_id":"artifacttype_8ca70362-e3d1-3b9c-91d1-f755d029a2e3","displayName":"System Context","hasContent":false}]},{"globalTOCPosition":"3","parentGroup":"","_id":"artifactgroup_3b8700e6-c854-3ec9-af0e-9b2e600721ce","displayName":"Requirement","child":[{"globalTOCPosition":"3.1","parentGroup":"artifactgroup_3b8700e6-c854-3ec9-af0e-9b2e600721ce","_id":"artifactgroup_6e299154-751f-36ee-acb2-145c8af87481","displayName":"Use Case Model","child":[{"artifactTypeName":"Use Case Diagram","globalTOCPosition":"3.1.1","format":"diagram","artifactType":"assetartifact_usecase_ucdiagram","_id":"artifacttype_cde39d5e-c892-3093-ab3d-bad448acb8a0","displayName":"Use Case Diagram","hasContent":false},{"globalTOCPosition":"3.1.2","artifactTypeName":"Use Case","format":"text","artifactType":"assetartifact_usecase_uctext","_id":"artifacttype_dde4b71c-82db-3f66-964a-3a04fbf56dff","displayName":"Use Case","hasContent":false}]},{"globalTOCPosition":"3.2","artifactTypeName":"Functional Requirements","format":"text","artifactType":"assetartifact_functionalrequirement","_id":"artifacttype_12eefe0a-435b-3176-8bbe-4dc928a2e4c3","displayName":"Functional Requirements","hasContent":false},{"artifactTypeName":"Non Functional Requirements","globalTOCPosition":"3.3","format":"text","artifactType":"assetartifact_nonfunctionalrequirement","_id":"artifacttype_f0eebd79-15c9-3ebc-a73b-8efc3f634f59","displayName":"Non Functional Requirements","hasContent":false}]},{"globalTOCPosition":"4","parentGroup":"","_id":"artifactgroup_40044cbe-6c76-33a1-b9e0-eab8937d30ca","displayName":"Data Model","child":[{"artifactTypeName":"Logical Data Model","globalTOCPosition":"4.1","format":"diagram","artifactType":"assetartifact_logical_datamodel","_id":"artifacttype_246bc46f-0286-3ad4-bf01-679592db59c7","displayName":"Logical Data Model","hasContent":false}]},{"globalTOCPosition":"5","parentGroup":"","_id":"artifactgroup_074a2b74-43d8-315a-b88b-c0b421754f02","displayName":"Architecture","child":[{"globalTOCPosition":"5.1","parentGroup":"artifactgroup_074a2b74-43d8-315a-b88b-c0b421754f02","_id":"artifactgroup_771e7b65-3b46-390d-bc41-3c88cfaf13ef","displayName":"Architecture Overview","child":[{"artifactTypeName":"Services View","globalTOCPosition":"5.1.1","format":"diagram","artifactType":"assetartifact_architectureoverview_aodservice","_id":"artifacttype_2c548a13-6bd9-3edc-a496-0318af82f0d1","displayName":"Services View","hasContent":false},{"artifactTypeName":"Enterprise View","globalTOCPosition":"5.1.2","format":"diagram","artifactType":"assetartifact_architectureoverview_enterprise","_id":"artifacttype_16bfe592-ae95-371c-9f64-3a881b667707","displayName":"Enterprise View","hasContent":false},{"globalTOCPosition":"5.1.3","artifactTypeName":"IT System View","format":"diagram","artifactType":"assetartifact_architectureoverview_itsystem","_id":"artifacttype_355f72be-6566-3f48-8b15-c30f671d7c8f","displayName":"IT System View","hasContent":false},{"artifactTypeName":"Usage Scenario","globalTOCPosition":"5.1.4","format":"diagram","artifactType":"assetartifact_architectureoverview_usagescenario","_id":"artifacttype_d118451c-0816-3aa5-8b89-3119feb4168a","displayName":"Usage Scenario","hasContent":false}]},{"globalTOCPosition":"5.2","artifactTypeName":"Architectural Decisions","format":"text","artifactType":"assetartifact_architecturedecision","_id":"artifacttype_fddae3fa-aafa-32af-94a4-bc3e1ed255cc","displayName":"Architectural Decisions","parentGroup":"artifactgroup_074a2b74-43d8-315a-b88b-c0b421754f02","child":[],"hasContent":false},{"globalTOCPosition":"5.3","parentGroup":"artifactgroup_074a2b74-43d8-315a-b88b-c0b421754f02","_id":"artifactgroup_c848fca1-3956-3bb4-8c88-8815b99e00fc","displayName":"Component Model","child":[{"globalTOCPosition":"5.3.1","artifactTypeName":"Static View","format":"diagram","artifactType":"assetartifact_componentmodel_staticview","_id":"artifacttype_4a44b8fa-5057-3826-84d7-169a6fc1f2ed","displayName":"Static View","hasContent":false},{"globalTOCPosition":"5.3.2","artifactTypeName":"Dynamic View","format":"diagram","artifactType":"assetartifact_componentmodel_dynamicview","_id":"artifacttype_6e1239a1-6a68-3dae-ae87-b05ecf80d25b","displayName":"Dynamic View","hasContent":false}]},{"globalTOCPosition":"5.4","parentGroup":"artifactgroup_074a2b74-43d8-315a-b88b-c0b421754f02","_id":"artifactgroup_aef1c0cc-540d-31c6-8817-ac2b282f37d3","displayName":"Operational Model","child":[{"artifactTypeName":"Logical Operational View","globalTOCPosition":"5.4.1","format":"diagram","artifactType":"assetartifact_operationalmodel_logicaloperational","_id":"artifacttype_5ca43d50-d7da-322f-a1b0-f65b0c12b2c8","displayName":"Logical Operational View","hasContent":false},{"artifactTypeName":"Physical Operational View","globalTOCPosition":"5.4.2","format":"diagram","artifactType":"assetartifact_operationalmodel_physicaloperational","_id":"artifacttype_7503dbb1-18f7-36ac-ad12-98d977ef3d0d","displayName":"Physical Operational View","hasContent":false}]}]},{"globalTOCPosition":"6","parentGroup":"","_id":"artifactgroup_7cddcb3d-c508-3828-8893-128dc3d6c8b7","displayName":"RAID","child":[{"globalTOCPosition":"6.1","artifactTypeName":"Risks","format":"text","artifactType":"assetartifact_risk","_id":"artifacttype_94622837-e58f-34c3-9263-8260b69601c8","displayName":"Risks","hasContent":false},{"globalTOCPosition":"6.2","artifactTypeName":"Assumptions","format":"text","artifactType":"assetartifact_assumption","_id":"artifacttype_2142b656-62ba-304d-95d4-77b1b144e5e1","displayName":"Assumptions","hasContent":false},{"globalTOCPosition":"6.3","artifactTypeName":"Issues","format":"text","artifactType":"assetartifact_issue","_id":"artifacttype_f4d01807-f847-3ccd-87a2-32877074295e","displayName":"Issues","hasContent":false},{"globalTOCPosition":"6.4","artifactTypeName":"Dependencies","format":"text","artifactType":"assetartifact_dependency","_id":"artifacttype_9c5463b3-5c9e-3790-86cb-9b8866cc062a","displayName":"Dependencies","hasContent":false}]},{"globalTOCPosition":"7","artifactTypeName":"Architectural Principles","format":"text","artifactType":"assetartifact_architecture_principles","_id":"artifacttype_92ccfc5d-c31a-349d-97c0-6d75c8841a8a","displayName":"Architectural Principles","child":[],"hasContent":false},{"globalTOCPosition":"8","artifactTypeName":"Notes","format":"text","artifactType":"assetartifact_notes","_id":"artifacttype_02226b19-474e-37a6-ab39-d9bb31767fb5","displayName":"Notes","child":[],"hasContent":false}],"toc_cards":{"executivesummary":{"artifacttype_9edbd406-69fb-3a95-8b2e-58a0974b2710":["executivesummary_B1gmt_Ro7U"]},"businesschallenge":{"artifacttype_d1ab4a95-e05f-3882-9f19-6500fc0d3b2b":[]},"systemContext":{"artifacttype_8ca70362-e3d1-3b9c-91d1-f755d029a2e3":[]},"useCaseViews":{"artifacttype_cde39d5e-c892-3093-ab3d-bad448acb8a0":[]},"usecasetext":{"artifacttype_dde4b71c-82db-3f66-964a-3a04fbf56dff":[]},"functionalrequirement":{"artifacttype_12eefe0a-435b-3176-8bbe-4dc928a2e4c3":[]},"nonfunctionalrequirement":{"artifacttype_f0eebd79-15c9-3ebc-a73b-8efc3f634f59":[]},"logicalERD":{"artifacttype_246bc46f-0286-3ad4-bf01-679592db59c7":[]},"aodServices":{"artifacttype_2c548a13-6bd9-3edc-a496-0318af82f0d1":[]},"aodEnterprises":{"artifacttype_16bfe592-ae95-371c-9f64-3a881b667707":[]},"aodITSystems":{"artifacttype_355f72be-6566-3f48-8b15-c30f671d7c8f":[]},"aodUsageScenarios":{"artifacttype_d118451c-0816-3aa5-8b89-3119feb4168a":[]},"architecturaldecision":{"artifacttype_fddae3fa-aafa-32af-94a4-bc3e1ed255cc":[]},"cmStaticViews":{"artifacttype_4a44b8fa-5057-3826-84d7-169a6fc1f2ed":[]},"cmDynamicViews":{"artifacttype_6e1239a1-6a68-3dae-ae87-b05ecf80d25b":[]},"lomViews":{"artifacttype_5ca43d50-d7da-322f-a1b0-f65b0c12b2c8":[]},"lomPhysicalViews":{"artifacttype_7503dbb1-18f7-36ac-ad12-98d977ef3d0d":[]},"risk":{"artifacttype_94622837-e58f-34c3-9263-8260b69601c8":[]},"assumption":{"artifacttype_2142b656-62ba-304d-95d4-77b1b144e5e1":[]},"issue":{"artifacttype_f4d01807-f847-3ccd-87a2-32877074295e":[]},"dependency":{"artifacttype_9c5463b3-5c9e-3790-86cb-9b8866cc062a":[]},"architectureprinciple":{"artifacttype_92ccfc5d-c31a-349d-97c0-6d75c8841a8a":[]},"notes":{"artifacttype_02226b19-474e-37a6-ab39-d9bb31767fb5":[]}},"combined":{"coreInfo":[]},"textual":{"instances":{"executivesummary_B1gmt_Ro7U":{"coreInfo":[{"modelType":"ExecutiveSummary","lastModifiedUserId":"gbbguoxa@cn.ibm.com","description":"<img style=\"height:100px;\" src=\"/api/FileManagerAPIs/containers/cafiles/files/file_3c9b72f7fb8065d5.png\">","lastModified":"2020-02-20T09:59:23Z","_id":"executivesummary_B1gmt_Ro7U","label":""}]}}},"diagram":{"instances":{}},"solution_advisors":{},"auditLog":{"_id":"architectureauditentry__ZunN2J-b","archId":"arch_BkWDDRoXI","archChangeLog":[{"_id":"architecturechangelog_sEw13YFKj","date":"2020-02-20T09:59:23.277Z","type":"CREATE_INST","user":{"fullname":"Bei Bei Guo","email":"gbbguoxa@cn.ibm.com"},"artifactTypeId":"artifacttype_9edbd406-69fb-3a95-8b2e-58a0974b2710","instanceName":""},{"_id":"architecturechangelog_5p-V6gFm-","date":"2020-02-20T09:54:33.312Z","type":"CREATE","user":{"fullname":"Bei Bei Guo","email":"gbbguoxa@cn.ibm.com"}}]}}