{"_id":"arch_ByNrZEyVw","name":"zip xie","type":"Solution","status":"Pending","created":"2020-09-04T03:15:08Z","lastModified":"2020-09-04T03:15:08Z","includedArtifacts":[],"industry":[],"technology":[],"technicalCapability":[],"businessCapability":[],"client":[{"name":"Xie","_id":"client_By-yEaatDS"}],"taxonomies":[],"template":{"name":"Solution Architecture Template","description":"Default ToC","_id":"template_company_ibm","isGlobalDefaultTemplate":true},"executiveSummary":"","tag":[],"schemaVersion":"1.4","clientName":"Xie","lastModifiedUser":{"_id":"xierulei@cn.ibm.com","fullname":"RU LEI XIE","notesId":"Ru Lei Xie","jobResponsibilities":"STAFF SOFTWARE ENGINEER","avatar":"https://w3-services1.w3-969.ibm.com/myw3/unified-profile-photo/v1/image/xierulei@cn.ibm.com?def=avatar","privacyConstent":{"isAccept":true,"country":"CN","acceptedDate":"2019-06-06T03:02:25.804Z"},"lastLoginDate":"2020-12-14T06:19:52.797Z","bookmarkedArchList":["copied_61f15ed0_aca1_11e7_b764_25075a75175c_COPY_architecture_43936131_a941_11e7_8703_cf7fc382471f","copied_5d1851e0_cad1_11e7_aac7_6137b9852910_COPY_architecture_0fd89a11_c9b0_11e7_9424_ffa19ec0555b","copied_02fe75c0_a427_11e7_b7a9_bbced10d30d5_COPY_architecture_9abc5771_8d1a_11e7_a90b_697746ae2b06","copied_e46c1250_ad56_11e7_9df4_2b1f6b893765_COPY_architecture_6ce61071_8d01_11e7_a90b_697746ae2b06","architecture_ba218421_818d_11e7_88e7_21ec9eeb2850","copied_67d74de0_a428_11e7_9d8f_c7a28270726d_COPY_architecture_96d45bf1_8d27_11e7_a90b_697746ae2b06","copied_c7d6c370_a427_11e7_9030_55bdb397af46_COPY_architecture_a3903cc1_8db7_11e7_a90b_697746ae2b06","copied_86510be0_aca1_11e7_be74_4db8cdfc7aa6_COPY_architecture_b51cb171_825f_11e7_83ec_5771b96fea7b","architecture_123dc151_80c1_11e7_88e7_21ec9eeb2850","copied_0050ba20_ad57_11e7_971d_1dbaf50a3a74_COPY_architecture_ab8c2831_a7e8_11e7_8703_cf7fc382471f","copied_1250a4a0_cad1_11e7_9bca_0d1969fe244d_COPY_architecture_594b9551_c4e5_11e7_9424_ffa19ec0555b","copied_8db51540_cad1_11e7_8f42_7f117783a7ba_COPY_architecture_34a2f5f1_ca57_11e7_9424_ffa19ec0555b","architecture_e7926e01_8ea9_11e7_931e_555f613a0ec4","copied_f5982c40_a427_11e7_9b2d_bf96ebf8b1f3_COPY_architecture_33869491_8dbe_11e7_a90b_697746ae2b06","copied_3b71cb90_a428_11e7_ae37_ed84e8c56d23_COPY_architecture_a0247761_8d1a_11e7_a90b_697746ae2b06","copied_e1282b50_aded_11e7_9be5_13687dbe414f_COPY_architecture_33869491_8dbe_11e7_a90b_697746ae2b06","architecture_BJpFTNPnQ","copied_BJM2IOw37","architecture_BJiYJKD3m","arch_SkSV-wOWV","arch_Syj96mR6L","arch_SJLE6THRL","arch_rye4r3uJMP","arch_r1emsIFyzw","arch_HJlkd0pJzw","arch_BkG2QpeMv","arch_BkQi9YJEw","arch_rkQpoY1Ev","arch_ByEhWGmVP","arch_HkPrOfmEw","arch_HJKjKzmNv","arch_r1hz5GQ4P","arch_Hk6fqM74D","arch_r11m9MQNv","arch_BJemqfQVD","arch_H1t35zXNv","arch_SyCZjMm4D","arch_HyCXszQVP","arch_Syg4oMXVv","arch_rkWVoGQ4v","arch_HkmNjM74w","arch_HkBVsz7ND","arch_r1bH4oz74D","arch_r1P4iGXEw","arch_Syd4of7VP","arch_B1tEsGXVD","arch_r19Eiz7VP","arch_HynNsMmVD","arch_BJW2NoMmVP","arch_H10VjMXVD","arch_By1BiMmEP","arch_BylHiz74P","arch_SkWBsGmNP","arch_H17BjfX4v","arch_H1bQroz7Ev","arch_SkrSiM7EP","arch_BkIrjzmED","arch_HJDBsfmNv","arch_SJuBjG74v","arch_r1qroGmEw","arch_SkiHszmEP","arch_HJ3BizXVw","arch_S1aSjfmED","arch_BkkUiM7ND","arch_BkbyIsM7Nw","arch_B1WLiGQ4v","arch_Byf8ofm4P","arch_SyELjG74v","arch_r1-VIjGm4P","arch_r1L8iGXEP","arch_ryDLjzQVw","arch_ByYLsGmEw","arch_ryc8jfmNP","arch_SJjLofXND","arch_B12IiG74v","arch_HkCLjzmED","arch_r1yPszm4w","arch_S1ZwiGmVw","arch_BJ-WvjfX4P","arch_BkXwjGQND","arch_r1VvofQ4D","arch_S1IwjzXVw","arch_BJ-8DjM7VP","arch_Sydwjz7ED","arch_S1FvsGmVv","arch_S15wjfQNv","arch_HyiPoGXNP","arch_HyawofmNw","arch_HJbaDozXEw","arch_r1kOifmVP","arch_H1x_ofQNw","arch_Bkf_if7Nw","arch_SyZG_jfXED","arch_H1NOszQEP","arch_H1rdszmVD","arch_r1wdiG7VP","arch_ry-wuifQND","arch_SkKOiG7Nv","arch_SycOsGXVD","arch_S1ndoMQVw","arch_HJW2Oif74v","arch_ByAdiG7Nv","arch_BJkYiMXEv","arch_r1-YjM7ED","arch_S1-WFszmEP","arch_B1QYsz7Ew","arch_S1VFsfmEw","arch_SkLFszQ4D","arch_SJWIYjzXND","arch_S1uFsM7Vv","arch_ByFtjz74D","arch_H1sKozmEP","arch_SJ-otszm4D","arch_H1ecsz7ND"],"chatbotToken":"5405a57a295149c1b613cab21a80f481","username":"xierulei@cn.ibm.com","email":"xierulei@cn.ibm.com","userPreference":{"defaultTemplate":"template_company_ibm","defaultGithubInfo":{"_id":null,"repoUrl":"https://github.com/guoliabei/ca-public.git"}},"geographyList":["672"],"businessUnitList":["GBS"],"collaborationGroupList":["5ede41230ad2e20008c6c7bf"]},"owner":{"_id":"xierulei@cn.ibm.com","fullname":"RU LEI XIE","notesId":"Ru Lei Xie","jobResponsibilities":"STAFF SOFTWARE ENGINEER","avatar":"https://w3-services1.w3-969.ibm.com/myw3/unified-profile-photo/v1/image/xierulei@cn.ibm.com?def=avatar","privacyConstent":{"isAccept":true,"country":"CN","acceptedDate":"2019-06-06T03:02:25.804Z"},"lastLoginDate":"2020-12-14T06:19:52.797Z","bookmarkedArchList":["copied_61f15ed0_aca1_11e7_b764_25075a75175c_COPY_architecture_43936131_a941_11e7_8703_cf7fc382471f","copied_5d1851e0_cad1_11e7_aac7_6137b9852910_COPY_architecture_0fd89a11_c9b0_11e7_9424_ffa19ec0555b","copied_02fe75c0_a427_11e7_b7a9_bbced10d30d5_COPY_architecture_9abc5771_8d1a_11e7_a90b_697746ae2b06","copied_e46c1250_ad56_11e7_9df4_2b1f6b893765_COPY_architecture_6ce61071_8d01_11e7_a90b_697746ae2b06","architecture_ba218421_818d_11e7_88e7_21ec9eeb2850","copied_67d74de0_a428_11e7_9d8f_c7a28270726d_COPY_architecture_96d45bf1_8d27_11e7_a90b_697746ae2b06","copied_c7d6c370_a427_11e7_9030_55bdb397af46_COPY_architecture_a3903cc1_8db7_11e7_a90b_697746ae2b06","copied_86510be0_aca1_11e7_be74_4db8cdfc7aa6_COPY_architecture_b51cb171_825f_11e7_83ec_5771b96fea7b","architecture_123dc151_80c1_11e7_88e7_21ec9eeb2850","copied_0050ba20_ad57_11e7_971d_1dbaf50a3a74_COPY_architecture_ab8c2831_a7e8_11e7_8703_cf7fc382471f","copied_1250a4a0_cad1_11e7_9bca_0d1969fe244d_COPY_architecture_594b9551_c4e5_11e7_9424_ffa19ec0555b","copied_8db51540_cad1_11e7_8f42_7f117783a7ba_COPY_architecture_34a2f5f1_ca57_11e7_9424_ffa19ec0555b","architecture_e7926e01_8ea9_11e7_931e_555f613a0ec4","copied_f5982c40_a427_11e7_9b2d_bf96ebf8b1f3_COPY_architecture_33869491_8dbe_11e7_a90b_697746ae2b06","copied_3b71cb90_a428_11e7_ae37_ed84e8c56d23_COPY_architecture_a0247761_8d1a_11e7_a90b_697746ae2b06","copied_e1282b50_aded_11e7_9be5_13687dbe414f_COPY_architecture_33869491_8dbe_11e7_a90b_697746ae2b06","architecture_BJpFTNPnQ","copied_BJM2IOw37","architecture_BJiYJKD3m","arch_SkSV-wOWV","arch_Syj96mR6L","arch_SJLE6THRL","arch_rye4r3uJMP","arch_r1emsIFyzw","arch_HJlkd0pJzw","arch_BkG2QpeMv","arch_BkQi9YJEw","arch_rkQpoY1Ev","arch_ByEhWGmVP","arch_HkPrOfmEw","arch_HJKjKzmNv","arch_r1hz5GQ4P","arch_Hk6fqM74D","arch_r11m9MQNv","arch_BJemqfQVD","arch_H1t35zXNv","arch_SyCZjMm4D","arch_HyCXszQVP","arch_Syg4oMXVv","arch_rkWVoGQ4v","arch_HkmNjM74w","arch_HkBVsz7ND","arch_r1bH4oz74D","arch_r1P4iGXEw","arch_Syd4of7VP","arch_B1tEsGXVD","arch_r19Eiz7VP","arch_HynNsMmVD","arch_BJW2NoMmVP","arch_H10VjMXVD","arch_By1BiMmEP","arch_BylHiz74P","arch_SkWBsGmNP","arch_H17BjfX4v","arch_H1bQroz7Ev","arch_SkrSiM7EP","arch_BkIrjzmED","arch_HJDBsfmNv","arch_SJuBjG74v","arch_r1qroGmEw","arch_SkiHszmEP","arch_HJ3BizXVw","arch_S1aSjfmED","arch_BkkUiM7ND","arch_BkbyIsM7Nw","arch_B1WLiGQ4v","arch_Byf8ofm4P","arch_SyELjG74v","arch_r1-VIjGm4P","arch_r1L8iGXEP","arch_ryDLjzQVw","arch_ByYLsGmEw","arch_ryc8jfmNP","arch_SJjLofXND","arch_B12IiG74v","arch_HkCLjzmED","arch_r1yPszm4w","arch_S1ZwiGmVw","arch_BJ-WvjfX4P","arch_BkXwjGQND","arch_r1VvofQ4D","arch_S1IwjzXVw","arch_BJ-8DjM7VP","arch_Sydwjz7ED","arch_S1FvsGmVv","arch_S15wjfQNv","arch_HyiPoGXNP","arch_HyawofmNw","arch_HJbaDozXEw","arch_r1kOifmVP","arch_H1x_ofQNw","arch_Bkf_if7Nw","arch_SyZG_jfXED","arch_H1NOszQEP","arch_H1rdszmVD","arch_r1wdiG7VP","arch_ry-wuifQND","arch_SkKOiG7Nv","arch_SycOsGXVD","arch_S1ndoMQVw","arch_HJW2Oif74v","arch_ByAdiG7Nv","arch_BJkYiMXEv","arch_r1-YjM7ED","arch_S1-WFszmEP","arch_B1QYsz7Ew","arch_S1VFsfmEw","arch_SkLFszQ4D","arch_SJWIYjzXND","arch_S1uFsM7Vv","arch_ByFtjz74D","arch_H1sKozmEP","arch_SJ-otszm4D","arch_H1ecsz7ND"],"chatbotToken":"5405a57a295149c1b613cab21a80f481","username":"xierulei@cn.ibm.com","email":"xierulei@cn.ibm.com","userPreference":{"defaultTemplate":"template_company_ibm","defaultGithubInfo":{"_id":null,"repoUrl":"https://github.com/guoliabei/ca-public.git"}},"collaborationGroupList":["5ede41230ad2e20008c6c7bf"],"businessUnit":{"_id":"GBS","name":"Global Business Services","description":""},"geography":{"_id":"672","iot":"GCG IOT","imt_market":"Peoples Rep of China","country":"China"}},"appVersion":"3.0.4"}