{"toc":[{"artifactTypeName":"Overview","globalTOCPosition":"1","artifactType":"assetartifact_executivesummary","displayName":"Overview","format":"text","typeId":"1","_id":"artifacttype_9edbd406-69fb-3a95-8b2e-58a0974b2710","child":[],"hasContent":false},{"globalTOCPosition":"2","parentGroup":"","_id":"artifactgroup_7dc829db-0746-3ddc-816c-d07338d4eebf","displayName":"Scope","child":[{"globalTOCPosition":"2.1","artifactTypeName":"Business Challenge","artifactType":"assetartifact_businesschallenge","displayName":"Business Challenge","format":"text","typeId":"2.1","_id":"artifacttype_d1ab4a95-e05f-3882-9f19-6500fc0d3b2b","hasContent":false},{"globalTOCPosition":"2.2","artifactTypeName":"System Context","artifactType":"assetartifact_systemcontext","displayName":"System Context","format":"diagram","typeId":"2.2","_id":"artifacttype_8ca70362-e3d1-3b9c-91d1-f755d029a2e3","hasContent":false}]},{"globalTOCPosition":"3","parentGroup":"","_id":"artifactgroup_3b8700e6-c854-3ec9-af0e-9b2e600721ce","displayName":"Requirement","child":[{"globalTOCPosition":"3.1","parentGroup":"artifactgroup_3b8700e6-c854-3ec9-af0e-9b2e600721ce","_id":"artifactgroup_6e299154-751f-36ee-acb2-145c8af87481","displayName":"Use Case Model","child":[{"artifactTypeName":"Use Case Diagram","globalTOCPosition":"3.1.1","artifactType":"assetartifact_usecase_ucdiagram","displayName":"Use Case Diagram","format":"diagram","typeId":"3.1.1","_id":"artifacttype_cde39d5e-c892-3093-ab3d-bad448acb8a0","hasContent":false},{"globalTOCPosition":"3.1.2","artifactTypeName":"Use Case","artifactType":"assetartifact_usecase_uctext","displayName":"Use Case","format":"text","typeId":"3.1.2","_id":"artifacttype_dde4b71c-82db-3f66-964a-3a04fbf56dff","hasContent":false}]},{"globalTOCPosition":"3.2","artifactTypeName":"Functional Requirements","artifactType":"assetartifact_functionalrequirement","displayName":"Functional Requirements","format":"text","typeId":"3.2","_id":"artifacttype_12eefe0a-435b-3176-8bbe-4dc928a2e4c3","hasContent":false},{"artifactTypeName":"Non Functional Requirements","globalTOCPosition":"3.3","artifactType":"assetartifact_nonfunctionalrequirement","displayName":"Non Functional Requirements","format":"text","typeId":"3.3","_id":"artifacttype_f0eebd79-15c9-3ebc-a73b-8efc3f634f59","hasContent":false}]},{"globalTOCPosition":"4","parentGroup":"","_id":"artifactgroup_40044cbe-6c76-33a1-b9e0-eab8937d30ca","displayName":"Data Model","child":[{"artifactTypeName":"Logical Data Model","globalTOCPosition":"4.1","artifactType":"assetartifact_logical_datamodel","displayName":"Logical Data Model","format":"diagram","typeId":"4.1","_id":"artifacttype_246bc46f-0286-3ad4-bf01-679592db59c7","hasContent":false}]},{"globalTOCPosition":"5","parentGroup":"","_id":"artifactgroup_074a2b74-43d8-315a-b88b-c0b421754f02","displayName":"Architecture","child":[{"globalTOCPosition":"5.1","parentGroup":"artifactgroup_074a2b74-43d8-315a-b88b-c0b421754f02","_id":"artifactgroup_771e7b65-3b46-390d-bc41-3c88cfaf13ef","displayName":"Architecture Overview","child":[{"artifactTypeName":"Services View","globalTOCPosition":"5.1.1","artifactType":"assetartifact_architectureoverview_aodservice","displayName":"Services View","format":"diagram","typeId":"5.1.1","_id":"artifacttype_2c548a13-6bd9-3edc-a496-0318af82f0d1","hasContent":false},{"artifactTypeName":"Enterprise View","globalTOCPosition":"5.1.2","artifactType":"assetartifact_architectureoverview_enterprise","displayName":"Enterprise View","format":"diagram","typeId":"5.1.2","_id":"artifacttype_16bfe592-ae95-371c-9f64-3a881b667707","hasContent":false},{"globalTOCPosition":"5.1.3","artifactTypeName":"IT System View","artifactType":"assetartifact_architectureoverview_itsystem","displayName":"IT System View","format":"diagram","typeId":"5.1.3","_id":"artifacttype_355f72be-6566-3f48-8b15-c30f671d7c8f","hasContent":false},{"artifactTypeName":"Usage Scenario","globalTOCPosition":"5.1.4","artifactType":"assetartifact_architectureoverview_usagescenario","displayName":"Usage Scenario","format":"diagram","typeId":"5.1.4","_id":"artifacttype_d118451c-0816-3aa5-8b89-3119feb4168a","hasContent":false}]},{"globalTOCPosition":"5.2","artifactTypeName":"Architectural Decisions","artifactType":"assetartifact_architecturedecision","displayName":"Architectural Decisions","format":"text","typeId":"5.2","_id":"artifacttype_fddae3fa-aafa-32af-94a4-bc3e1ed255cc","parentGroup":"artifactgroup_074a2b74-43d8-315a-b88b-c0b421754f02","child":[],"hasContent":false},{"globalTOCPosition":"5.3","parentGroup":"artifactgroup_074a2b74-43d8-315a-b88b-c0b421754f02","_id":"artifactgroup_c848fca1-3956-3bb4-8c88-8815b99e00fc","displayName":"Component Model","child":[{"globalTOCPosition":"5.3.1","artifactTypeName":"Static View","artifactType":"assetartifact_componentmodel_staticview","displayName":"Static View","format":"diagram","typeId":"5.3.1","_id":"artifacttype_4a44b8fa-5057-3826-84d7-169a6fc1f2ed","hasContent":false},{"globalTOCPosition":"5.3.2","artifactTypeName":"Sequence View","artifactType":"assetartifact_componentmodel_dynamicview","displayName":"Sequence View","format":"diagram","typeId":"5.3.2","_id":"artifacttype_6e1239a1-6a68-3dae-ae87-b05ecf80d25b","hasContent":true},{"artifactTypeName":"Collaboration View","globalTOCPosition":"5.3.3","artifactType":"assetartifact_componentmodel_collaborationdiagram","displayName":"Collaboration View","format":"diagram","typeId":"5.3.3","_id":"artifacttype_217cdbd4-c76f-3355-a3b1-443b0a0d2651","hasContent":true}]},{"globalTOCPosition":"5.4","parentGroup":"artifactgroup_074a2b74-43d8-315a-b88b-c0b421754f02","_id":"artifactgroup_aef1c0cc-540d-31c6-8817-ac2b282f37d3","displayName":"Operational Model","child":[{"artifactTypeName":"Logical Operational View","globalTOCPosition":"5.4.1","artifactType":"assetartifact_operationalmodel_logicaloperational","displayName":"Logical Operational View","format":"diagram","typeId":"5.4.1","_id":"artifacttype_5ca43d50-d7da-322f-a1b0-f65b0c12b2c8","hasContent":false},{"artifactTypeName":"Prescribed Operational View","globalTOCPosition":"5.4.2","artifactType":"assetartifact_operationalmodel_physicaloperational","displayName":"Prescribed Operational View","format":"diagram","typeId":"5.4.2","_id":"artifacttype_7503dbb1-18f7-36ac-ad12-98d977ef3d0d","hasContent":false}]}]},{"globalTOCPosition":"6","parentGroup":"","_id":"artifactgroup_7cddcb3d-c508-3828-8893-128dc3d6c8b7","displayName":"RAID","child":[{"globalTOCPosition":"6.1","artifactTypeName":"Risks","artifactType":"assetartifact_risk","displayName":"Risks","format":"text","typeId":"6.1","_id":"artifacttype_94622837-e58f-34c3-9263-8260b69601c8","hasContent":false},{"globalTOCPosition":"6.2","artifactTypeName":"Assumptions","artifactType":"assetartifact_assumption","displayName":"Assumptions","format":"text","typeId":"6.2","_id":"artifacttype_2142b656-62ba-304d-95d4-77b1b144e5e1","hasContent":false},{"globalTOCPosition":"6.3","artifactTypeName":"Issues","artifactType":"assetartifact_issue","displayName":"Issues","format":"text","typeId":"6.3","_id":"artifacttype_f4d01807-f847-3ccd-87a2-32877074295e","hasContent":false},{"globalTOCPosition":"6.4","artifactTypeName":"Dependencies","artifactType":"assetartifact_dependency","displayName":"Dependencies","format":"text","typeId":"6.4","_id":"artifacttype_9c5463b3-5c9e-3790-86cb-9b8866cc062a","hasContent":false}]},{"globalTOCPosition":"7","artifactTypeName":"Architectural Principles","artifactType":"assetartifact_architecture_principles","displayName":"Architectural Principles","format":"text","typeId":"7","_id":"artifacttype_92ccfc5d-c31a-349d-97c0-6d75c8841a8a","child":[],"hasContent":false},{"artifactTypeName":"Misc Diagram","globalTOCPosition":"8","artifactType":"assetartifact_miscdiagram","displayName":"Misc Diagram","format":"diagram","typeId":"9","_id":"artifacttype_23219eb8-b210-3e5a-8621-9881bee93055","child":[],"hasContent":true},{"artifactTypeName":"Notes","globalTOCPosition":"9","artifactType":"assetartifact_notes","displayName":"Notes","format":"text","typeId":"8","_id":"artifacttype_02226b19-474e-37a6-ab39-d9bb31767fb5","child":[],"hasContent":false}],"toc_cards":{"cmDynamicViews":{"artifacttype_6e1239a1-6a68-3dae-ae87-b05ecf80d25b":[{"additionalInfo":{},"_id":"cmdynamicview_2SlPiOdf7Lf","name":"ew","description":"","lastModifiedInfo":{"userId":"gbbguoxa@cn.ibm.com","date":"2021-06-15T03:39:52Z"}},{"additionalInfo":{},"_id":"cmdynamicview_2SlWU0YVjc7_ByArwGwou","name":"sv","description":"","lastModifiedInfo":{"userId":"gbbguoxa@cn.ibm.com","date":"2021-06-16T06:16:38Z"}}]},"cmCollaboration":{"artifacttype_217cdbd4-c76f-3355-a3b1-443b0a0d2651":[{"additionalInfo":{},"_id":"cmcollaboration_2SlU40ZRTjL","name":"cv","description":"","lastModifiedInfo":{"userId":"gbbguoxa@cn.ibm.com","date":"2021-06-17T01:47:06Z"}},{"additionalInfo":{},"_id":"cmcollaboration_2Sso5mpvrOr_ByArwGwou","name":"misc","description":"","lastModifiedInfo":{"userId":"gbbguoxa@cn.ibm.com","date":"2021-06-16T06:16:38Z"}}]},"miscDiagram":{"artifacttype_23219eb8-b210-3e5a-8621-9881bee93055":[{"additionalInfo":{"labels":[]},"_id":"miscdiagram_2SrFs2EnSRD_ByArwGwou","name":"misc","description":"","lastModifiedInfo":{"userId":"gbbguoxa@cn.ibm.com","date":"2021-06-16T06:16:39Z"}}]},"executivesummary":{"artifacttype_9edbd406-69fb-3a95-8b2e-58a0974b2710":[]},"businesschallenge":{"artifacttype_d1ab4a95-e05f-3882-9f19-6500fc0d3b2b":[]},"systemContext":{"artifacttype_8ca70362-e3d1-3b9c-91d1-f755d029a2e3":[]},"useCaseViews":{"artifacttype_cde39d5e-c892-3093-ab3d-bad448acb8a0":[]},"usecasetext":{"artifacttype_dde4b71c-82db-3f66-964a-3a04fbf56dff":[]},"functionalrequirement":{"artifacttype_12eefe0a-435b-3176-8bbe-4dc928a2e4c3":[]},"nonfunctionalrequirement":{"artifacttype_f0eebd79-15c9-3ebc-a73b-8efc3f634f59":[]},"logicalERD":{"artifacttype_246bc46f-0286-3ad4-bf01-679592db59c7":[]},"aodServices":{"artifacttype_2c548a13-6bd9-3edc-a496-0318af82f0d1":[]},"aodEnterprises":{"artifacttype_16bfe592-ae95-371c-9f64-3a881b667707":[]},"aodITSystems":{"artifacttype_355f72be-6566-3f48-8b15-c30f671d7c8f":[]},"aodUsageScenarios":{"artifacttype_d118451c-0816-3aa5-8b89-3119feb4168a":[]},"architecturaldecision":{"artifacttype_fddae3fa-aafa-32af-94a4-bc3e1ed255cc":[]},"cmStaticViews":{"artifacttype_4a44b8fa-5057-3826-84d7-169a6fc1f2ed":[]},"lomViews":{"artifacttype_5ca43d50-d7da-322f-a1b0-f65b0c12b2c8":[]},"lomPhysicalViews":{"artifacttype_7503dbb1-18f7-36ac-ad12-98d977ef3d0d":[]},"risk":{"artifacttype_94622837-e58f-34c3-9263-8260b69601c8":[]},"assumption":{"artifacttype_2142b656-62ba-304d-95d4-77b1b144e5e1":[]},"issue":{"artifacttype_f4d01807-f847-3ccd-87a2-32877074295e":[]},"dependency":{"artifacttype_9c5463b3-5c9e-3790-86cb-9b8866cc062a":[]},"architectureprinciple":{"artifacttype_92ccfc5d-c31a-349d-97c0-6d75c8841a8a":[]},"notes":{"artifacttype_02226b19-474e-37a6-ab39-d9bb31767fb5":[]}},"combined":{"coreInfo":[{"_id":"implementation_2SsoNATehpe","name":"pc","description":"","url":"","label":"pc","modelType":"Implementation"},{"_id":"du_2SsoJl7BhMi_ByArwGwou","name":"du","description":"","type":"Executable","level":"Functional","label":"du","modelType":"DU"},{"name":"Pass pen","description":"Pass pen","_id":"label_1xaDQwZ2QdS_S1FZ0W50B5N","userId":"gbbguoxa@cn.ibm.com","label":"Pass pen","modelType":"Label"},{"name":"Offline Editing","description":"Offline Editing","_id":"label_1y2091Ouadd_S1FZ0W50B5N","userId":"gbbguoxa@cn.ibm.com","label":"Offline Editing","modelType":"Label"},{"name":"note1","description":"note1","_id":"label_1L2WMjWbK4k_ByQlw1Zkr","userId":"gbbguoxa@cn.ibm.com","label":"note1","modelType":"Label"},{"name":"hah","description":"hah","_id":"label_1Phj7Y9Crja_HJz4mg_fS","userId":"gbbguoxa@cn.ibm.com","label":"hah","modelType":"Label"},{"name":"ha'h","description":"ha'h","_id":"label_BJQWeyc6O4H_Skyet1cSS","userId":"gbbguoxa@cn.ibm.com","label":"ha'h","modelType":"Label"},{"name":"dddd","description":"dddd","_id":"label_1UX0q6UGFyi_H1CQyRtwS","userId":"gbbguoxa@cn.ibm.com","label":"dddd","modelType":"Label"},{"name":"a'a'a'a'a","description":"a'a'a'a'a","_id":"label_1V8KDvg4Oqh","userId":"gbbguoxa@cn.ibm.com","label":"a'a'a'a'a","modelType":"Label"},{"name":"aaaaa","description":"aaaaa","_id":"label_1V8KDvhG8YY","userId":"gbbguoxa@cn.ibm.com","label":"aaaaa","modelType":"Label"},{"name":"a special label","description":"a special label","_id":"label_1X1rU6lR5Ci","userId":"gbbguoxa@cn.ibm.com","label":"a special label","modelType":"Label"},{"name":"note","description":"note","_id":"label_2jVgK9fg3bA_SyQmL8Np8_HJNtuhdaL","userId":"gbbguoxa@cn.ibm.com","label":"note","modelType":"Label"},{"name":"image","description":"image","_id":"label_24tYxylsUsa_B1lmZgkZU","userId":"gbbguoxa@cn.ibm.com","label":"image","modelType":"Label"},{"name":"b","description":"b","_id":"label_B13DZ-L_L14w_ByijaOyVw","userId":"gbbguoxa@cn.ibm.com","label":"b","modelType":"Label"},{"name":"d","description":"d","_id":"label_2mAvaD1tJs5_SyhnPqtkP_BkuEaP7GP","userId":"gbbguoxa@cn.ibm.com","label":"d","modelType":"Label"},{"name":"this","description":"this","_id":"label_rJNY-UYH2oS_ry5whAtI8_B1ICjZ3vv","userId":"gbbguoxa@cn.ibm.com","label":"this","modelType":"Label"},{"name":"Workshop Jan. 2019","description":"Workshop Jan. 2019","_id":"label_HJ1diLG0utD","userId":"gbbguoxa@cn.ibm.com","label":"Workshop Jan. 2019","modelType":"Label"},{"name":"Notification","description":"Notification","_id":"label_BJMdoIfCuYv","userId":"gbbguoxa@cn.ibm.com","label":"Notification","modelType":"Label"},{"name":"workflow","description":"workflow","_id":"label_HJCFo8M0dYw","userId":"gbbguoxa@cn.ibm.com","label":"workflow","modelType":"Label"},{"name":"Definition","userId":"gbbguoxa@cn.ibm.com","_id":"label_B1Ufx42Zcva8_S1CIFXtFP","label":"Definition","modelType":"Label"},{"name":"Business Rule","description":"Business Rule","_id":"label_rk2zlE3b9DTU_S1CIFXtFP","userId":"gbbguoxa@cn.ibm.com","label":"Business Rule","modelType":"Label"},{"name":"Data Model","description":"Data Model","_id":"label_Sy9MlV2ZqwTU_S1CIFXtFP","userId":"gbbguoxa@cn.ibm.com","label":"Data Model","modelType":"Label"},{"name":"Use Cases","description":"Use Cases","_id":"label_Hyo-Ai73jYw_H1pMDniYP","userId":"gbbguoxa@cn.ibm.com","label":"Use Cases","modelType":"Label"},{"name":"Business","description":"Business","_id":"label_rkfGRo72jYD_H1pMDniYP","userId":"gbbguoxa@cn.ibm.com","label":"Business","modelType":"Label"},{"name":"Operational Model","description":"Operational Model","_id":"label_H1lzAjQnsKP_H1pMDniYP","userId":"gbbguoxa@cn.ibm.com","label":"Operational Model","modelType":"Label"},{"name":"RA","description":"RA","_id":"label_Sk4zRom3iKw_H1pMDniYP","userId":"gbbguoxa@cn.ibm.com","label":"RA","modelType":"Label"},{"name":"a","description":"a","_id":"label_2CqVdaIcuQP_BJIcTGwaD","userId":"gbbguoxa@cn.ibm.com","label":"a","modelType":"Label"},{"name":"New label","description":"New label","_id":"label_B19b-chPsOCP_SJRwrys0D","userId":"gbbguoxa@cn.ibm.com","label":"New label","modelType":"Label"},{"name":"hahah","description":"hahah","_id":"label_S13AlcnPsdCv_SJRwrys0D","userId":"gbbguoxa@cn.ibm.com","label":"hahah","modelType":"Label"},{"name":"attach","description":"attach","_id":"label_ByaRl9nwo_CD_SJRwrys0D","userId":"gbbguoxa@cn.ibm.com","label":"attach","modelType":"Label"},{"name":"label","description":"label","_id":"label_2FachYREFoH_SkSObZDpJ_","userId":"gbbguoxa@cn.ibm.com","label":"label","modelType":"Label"},{"name":"existing label","description":"existing label","_id":"label_2FachYRctnp_SkSObZDpJ_","userId":"gbbguoxa@cn.ibm.com","label":"existing label","modelType":"Label"},{"name":"delete label","description":"delete label","_id":"label_2FachYRaQtA_SkSObZDpJ_","userId":"gbbguoxa@cn.ibm.com","label":"delete label","modelType":"Label"},{"name":"misc label","description":"misc label","_id":"label_2FachYRUdbY_SkSObZDpJ_","userId":"gbbguoxa@cn.ibm.com","label":"misc label","modelType":"Label"},{"name":"a ","description":"a ","_id":"label_BkT7G2ARRe8_Sk5ID--gu","userId":"gbbguoxa@cn.ibm.com","label":"a ","modelType":"Label"},{"name":"is","description":"is","_id":"label_rJo7z300Rl8_Sk5ID--gu","userId":"gbbguoxa@cn.ibm.com","label":"is","modelType":"Label"},{"modelType":"LogicalComponent","Icon-Name":"default","description":"oo","_id":"logicalcomponent_2SlTJV1lZDs","level":"Application","label":"Logical Component","taxonomies":"app mod"},{"modelType":"Actor","description":"","_id":"actor_2SlTUuTepWU","type":"Human","label":"Human"},{"modelType":"GenericGroup","description":"Either the security controls have not been specified or cannot be controlled.","_id":"genericgroup_S1mxpgImu","type":"Pre-Defined","category":"Security-Zone","label":"none"},{"modelType":"GenericGroup","description":"Trusted security zone, all traffic and access is by known and trusted parties.","_id":"genericgroup_SkxXlalUmu","type":"Pre-Defined","category":"Security-Zone","label":"trusted"},{"modelType":"GenericGroup","description":"Direct access to un-trusted network, no sensitive data. Controlled access to trusted zone.","_id":"genericgroup_BkZXlalI7O","type":"Pre-Defined","category":"Security-Zone","label":"dmz"},{"modelType":"GenericGroup","description":"Untrusted traffic, often public networks.","_id":"genericgroup_B1MXgax8mu","type":"Pre-Defined","category":"Security-Zone","label":"un-trusted"},{"modelType":"GenericGroup","description":"Unmanaged entity.","_id":"genericgroup_HkQmx6gU7O","type":"Pre-Defined","category":"Management-Zone","label":"none"},{"modelType":"GenericGroup","description":"Fully managed.","_id":"genericgroup_SyVXgpgIXO","category":"Management-Zone","type":"Pre-Defined","label":"full"},{"modelType":"GenericGroup","description":"Partially managed.","_id":"genericgroup_rkHmxalI7_","category":"Management-Zone","type":"Pre-Defined","label":"limited"},{"modelType":"GenericGroup","description":"No direct management.","_id":"genericgroup_By87gTe87_","category":"Management-Zone","type":"Pre-Defined","label":"no direct"},{"modelType":"GenericGroup","description":"High availability replica actively handling workload.","_id":"genericgroup_HywQe6lLQO","type":"Pre-Defined","category":"HA-Mode","label":"active","children":"logicalcomponent_2SlTJV1lZDs"},{"modelType":"GenericGroup","description":"High availability replica not handling active workload.","_id":"genericgroup_rkumgTxU7u","type":"Pre-Defined","category":"HA-Mode","label":"passive"},{"modelType":"GenericGroup","description":"Element unchanged in this phase or release.","_id":"genericgroup_SyY7lalUm_","category":"Transition-Elements","type":"Pre-Defined","label":"unchanged"},{"modelType":"GenericGroup","description":"Element is modified or updated in this phase or release.","_id":"genericgroup_H15XgplIQ_","category":"Transition-Elements","type":"Pre-Defined","label":"updated"},{"modelType":"GenericGroup","description":"Element being removed in this phase or release.","_id":"genericgroup_rJiXe6xLQO","category":"Transition-Elements","type":"Pre-Defined","label":"removed"},{"modelType":"GenericGroup","description":"Element being added in this phase or release.","_id":"genericgroup_B12Qe6g8QO","type":"Pre-Defined","category":"Transition-Elements","label":"added"},{"modelType":"GenericGroup","description":"Element is being planned for some future phase or release.","_id":"genericgroup_BJa7gaxLQ_","category":"Transition-Elements","type":"Pre-Defined","label":"planned"},{"modelType":"Actor","Icon-Name":"user","description":"","_id":"actor_2SsocRfXrz0_ByArwGwou","type":"IT System","label":"User<BR><font style='font-size: 12px'></font>"},{"modelType":"LogicalComponent","Icon-Name":"default","description":"","_id":"logicalcomponent_2SsodQJK2Yg_ByArwGwou","level":"Application","label":"CLI App<BR><font style='font-size: 12px'></font>"},{"modelType":"LogicalComponent","Icon-Name":"default","description":"","_id":"logicalcomponent_2Sso7UywGYW_ByArwGwou","level":"Application","label":"Logical C"},{"modelType":"Actor","Icon-Name":"default","description":"","_id":"actor_2Sso7aaICAP_ByArwGwou","type":"Human","label":"Actor"},{"modelType":"Actor","Icon-Name":"tablet","description":"","_id":"actor_2SsolopAJ34_ByArwGwou","type":"IT System","label":"Tablet Device<BR><font style='font-size: 12px'></font>"}]},"diagram":{"instances":{"cmdynamicview_2SlPiOdf7Lf":{"uiInfo":"<mxGraphModel dx=\"1138\" dy=\"476\" grid=\"1\" gridSize=\"8\" guides=\"1\" tooltips=\"1\" connect=\"1\" arrows=\"1\" fold=\"1\" page=\"1\" pageScale=\"1\" pageWidth=\"1169\" pageHeight=\"827\" background=\"#ffffff\"><root><mxCell id=\"0\" modelId=\"cmdynamicview_2SlPiOdf7Lf\"></mxCell><mxCell id=\"1\" parent=\"0\"></mxCell><mxCell id=\"cmdynamicview_2SlPiOdf7Lf_22SlV7GBXnTA\" style=\"shape=umlLifeline;rounded=1;perimeter=lifelinePerimeter;whiteSpace=wrap;html=1;container=1;collapsible=0;recursiveResize=0;outlineConnect=0;\" vertex=\"1\" modelId=\"timeline_2SlTJV0zgZq\" parent=\"1\"><mxGeometry x=\"208\" y=\"114\" width=\"100\" height=\"300\" as=\"geometry\"></mxGeometry></mxCell><mxCell id=\"cmdynamicview_2SlPiOdf7Lf_32SlV7GBF0Sd\" modelId=\"logicalcomponent_2SlTJV1lZDs\" parent=\"1\"></mxCell><mxCell id=\"cmdynamicview_2SlPiOdf7Lf_42SlV7GBVpN2\" style=\"shape=umlLifeline;participant=umlActor;perimeter=lifelinePerimeter;whiteSpace=wrap;html=1;container=1;collapsible=0;recursiveResize=0;verticalAlign=top;spacingTop=36;labelBackgroundColor=#ffffff;outlineConnect=0;\" vertex=\"1\" modelId=\"timeline_2SlTUuSpOah\" parent=\"1\"><mxGeometry x=\"64\" y=\"114\" width=\"20\" height=\"300\" as=\"geometry\"></mxGeometry></mxCell><mxCell id=\"cmdynamicview_2SlPiOdf7Lf_52SlV7GBOed0\" modelId=\"actor_2SlTUuTepWU\" parent=\"1\"></mxCell></root></mxGraphModel>","coreInfo":[{"modelType":"CMDynamicView","lastModifiedUserId":"gbbguoxa@cn.ibm.com","description":"","lastModified":"2021-06-15T03:39:52Z","_id":"cmdynamicview_2SlPiOdf7Lf","type":"Component Interaction Diagram","label":"ew"},{"modelType":"Timeline","_id":"timeline_2SlTJV0zgZq","children":"logicalcomponent_2SlTJV1lZDs"},{"modelType":"Timeline","_id":"timeline_2SlTUuSpOah","children":"actor_2SlTUuTepWU"}]},"cmdynamicview_2SlWU0YVjc7_ByArwGwou":{"uiInfo":"<mxGraphModel dx=\"1138\" dy=\"391\" grid=\"1\" gridSize=\"8\" guides=\"1\" tooltips=\"1\" connect=\"1\" arrows=\"1\" fold=\"1\" page=\"1\" pageScale=\"1\" pageWidth=\"1169\" pageHeight=\"827\" background=\"#ffffff\"><root><mxCell id=\"0\" modelId=\"cmdynamicview_2SlWU0YVjc7_ByArwGwou\"></mxCell><mxCell id=\"1\" parent=\"0\"></mxCell><mxCell id=\"cmdynamicview_2SlWU0YVjc7_182SlWVw6319w\" style=\"shape=umlLifeline;participant=umlActor;perimeter=lifelinePerimeter;whiteSpace=wrap;html=1;container=1;collapsible=0;recursiveResize=0;verticalAlign=top;spacingTop=36;labelBackgroundColor=#ffffff;outlineConnect=0;\" vertex=\"1\" modelId=\"timeline_2SlWVw7vwPK_ByArwGwou\" parent=\"1\"><mxGeometry x=\"248\" y=\"40\" width=\"20\" height=\"300\" as=\"geometry\"></mxGeometry></mxCell></root></mxGraphModel>","coreInfo":[{"modelType":"CMDynamicView","lastModifiedUserId":"gbbguoxa@cn.ibm.com","description":"","lastModified":"2021-06-16T06:16:38Z","_id":"cmdynamicview_2SlWU0YVjc7_ByArwGwou","type":"Component Interaction Diagram","label":"sv"},{"modelType":"Timeline","_id":"timeline_2SlWVw7vwPK_ByArwGwou","children":"actor_2SlTUuTepWU"}]},"cmcollaboration_2Sso5mpvrOr_ByArwGwou":{"uiInfo":"<mxGraphModel dx=\"986\" dy=\"552\" grid=\"1\" gridSize=\"8\" guides=\"1\" tooltips=\"1\" connect=\"1\" arrows=\"1\" fold=\"1\" page=\"1\" pageScale=\"1\" pageWidth=\"1169\" pageHeight=\"827\" background=\"#ffffff\"><root><mxCell id=\"0\" modelId=\"cmcollaboration_2Sso5mpvrOr_ByArwGwou\"></mxCell><mxCell id=\"1\" parent=\"0\"></mxCell><UserObject placeholders=\"1\" label=\"Cloud Foundry&lt;BR&gt;&lt;font style='font-size: 12px'&gt;&lt;/font&gt;\" Element-ID=\"\" Element-Name=\"Cloud Foundry\" Icon-Name=\"default\" Tag-Text=\"\" id=\"cmcollaboration_2Sso5mpvrOr_22Ssom5lvZEs\"><mxCell style=\"shape=mxgraph.ibm2mondrian.base;shapeType=pg;shapeLayout=expanded;colorFamily=blue;html=1;whiteSpace=wrap;fontFamily=IBM Plex Sans;fontColor=#000000;fontSize=14;verticalAlign=middle;align=left;spacing=0;spacingLeft=12;spacingRight=16;spacingTop=0;spacingBottom=0;metaEdit=1;strokeWidth=1;expand=0;version=v2;container=1;collapsible=0;recursiveResize=0;expand=0;image=;colorBackground=noColor:noColor;\" parent=\"1\" vertex=\"1\"><mxGeometry x=\"110\" y=\"80\" width=\"710\" height=\"190\" as=\"geometry\"></mxGeometry></mxCell></UserObject><mxCell id=\"cmcollaboration_2Sso5mpvrOr_32Ssom5liZSM\" style=\"shape=mxgraph.ibm2mondrian.base;shapeType=ln;shapeLayout=collapsed;colorFamily=purple;html=1;whiteSpace=wrap;fontFamily=IBM Plex Sans;fontColor=#000000;fontSize=14;verticalAlign=top;align=center;spacing=0;spacingLeft=0;spacingRight=0;spacingTop=0;spacingBottom=0;verticalLabelPosition=bottom;labelPosition=center;positionText=bottom;metaEdit=1;strokeWidth=1;expand=0;version=v2;container=0;collapsible=0;recursiveResize=0;expand=0;image=;colorBackground=noColor:noColor;\" vertex=\"1\" modelId=\"logicalcomponent_2SsodQJK2Yg_ByArwGwou\" parent=\"cmcollaboration_2Sso5mpvrOr_22Ssom5lvZEs\"><mxGeometry x=\"90\" y=\"71\" width=\"48\" height=\"48\" as=\"geometry\"></mxGeometry></mxCell><mxCell id=\"cmcollaboration_2Sso5mpvrOr_42Ssom5lLg9O\" style=\"shape=mxgraph.ibm2mondrian.base;shapeType=ln;shapeLayout=collapsed;colorFamily=magenta;html=1;whiteSpace=wrap;fontFamily=IBM Plex Sans;fontColor=#000000;fontSize=14;verticalAlign=top;align=center;spacing=0;spacingLeft=0;spacingRight=0;spacingTop=0;spacingBottom=0;verticalLabelPosition=bottom;labelPosition=center;positionText=bottom;metaEdit=1;strokeWidth=1;expand=0;version=v2;container=0;collapsible=0;recursiveResize=0;expand=0;image=;colorBackground=noColor:noColor;\" vertex=\"1\" modelId=\"actor_2SsolopAJ34_ByArwGwou\" parent=\"cmcollaboration_2Sso5mpvrOr_22Ssom5lvZEs\"><mxGeometry x=\"260\" y=\"71\" width=\"48\" height=\"48\" as=\"geometry\"></mxGeometry></mxCell><UserObject placeholders=\"1\" label=\"Dedicated Host&lt;BR&gt;&lt;font style='font-size: 12px'&gt;&lt;/font&gt;\" Element-ID=\"\" Element-Name=\"Dedicated Host\" Icon-Name=\"archive\" Tag-Text=\"\" id=\"cmcollaboration_2Sso5mpvrOr_52Ssom5mOo5k\"><mxCell style=\"shape=mxgraph.ibm2mondrian.base;shapeType=ln;shapeLayout=collapsed;colorFamily=magenta;html=1;whiteSpace=wrap;fontFamily=IBM Plex Sans;fontColor=#000000;fontSize=14;verticalAlign=top;align=center;spacing=0;spacingLeft=0;spacingRight=0;spacingTop=0;spacingBottom=0;verticalLabelPosition=bottom;labelPosition=center;positionText=bottom;metaEdit=1;strokeWidth=1;expand=0;version=v2;container=1;collapsible=0;recursiveResize=0;expand=0;image=;colorBackground=noColor:noColor;\" parent=\"cmcollaboration_2Sso5mpvrOr_22Ssom5lvZEs\" vertex=\"1\"><mxGeometry x=\"430\" y=\"71\" width=\"48\" height=\"48\" as=\"geometry\"></mxGeometry></mxCell></UserObject><UserObject placeholders=\"1\" label=\"Mobile Device&lt;BR&gt;&lt;font style='font-size: 12px'&gt;&lt;/font&gt;\" Element-ID=\"\" Element-Name=\"Mobile Device\" Icon-Name=\"mobile\" Tag-Text=\"\" id=\"cmcollaboration_2Sso5mpvrOr_62Ssom5m3bdB\"><mxCell style=\"shape=mxgraph.ibm2mondrian.base;shapeType=ln;shapeLayout=collapsed;colorFamily=magenta;html=1;whiteSpace=wrap;fontFamily=IBM Plex Sans;fontColor=#000000;fontSize=14;verticalAlign=top;align=center;spacing=0;spacingLeft=0;spacingRight=0;spacingTop=0;spacingBottom=0;verticalLabelPosition=bottom;labelPosition=center;positionText=bottom;metaEdit=1;strokeWidth=1;expand=0;version=v2;container=1;collapsible=0;recursiveResize=0;expand=0;image=;colorBackground=noColor:noColor;\" parent=\"cmcollaboration_2Sso5mpvrOr_22Ssom5lvZEs\" vertex=\"1\"><mxGeometry x=\"570\" y=\"71\" width=\"48\" height=\"48\" as=\"geometry\"></mxGeometry></mxCell></UserObject><mxCell id=\"cmcollaboration_2Sso5mpvrOr_72Ssom5mAsJc\" style=\"shape=mxgraph.ibm2mondrian.base;shapeType=actor;shapeLayout=collapsed;colorFamily=black;html=1;whiteSpace=wrap;fontFamily=IBM Plex Sans;fontColor=#000000;fontSize=14;verticalAlign=top;align=center;spacing=0;spacingLeft=0;spacingRight=0;spacingTop=0;spacingBottom=0;verticalLabelPosition=bottom;labelPosition=center;positionText=bottom;metaEdit=1;strokeWidth=1;expand=0;version=v2;container=0;collapsible=0;recursiveResize=0;expand=0;image=;colorBackground=noColor:noColor;\" vertex=\"1\" modelId=\"actor_2SsocRfXrz0_ByArwGwou\" parent=\"1\"><mxGeometry x=\"450\" y=\"340\" width=\"48\" height=\"48\" as=\"geometry\"></mxGeometry></mxCell><mxCell id=\"cmcollaboration_2Sso5mpvrOr_82Ssom5mIJTM\" style=\"edgeStyle=orthogonalEdgeStyle;rounded=0;orthogonalLoop=1;jettySize=auto;html=1;entryX=0.5;entryY=0;entryDx=0;entryDy=0;entryPerimeter=0;\" parent=\"1\" source=\"cmcollaboration_2Sso5mpvrOr_52Ssom5mOo5k\" target=\"cmcollaboration_2Sso5mpvrOr_72Ssom5mAsJc\" edge=\"1\"><mxGeometry relative=\"1\" as=\"geometry\"><mxPoint x=\"564\" y=\"320\" as=\"targetPoint\"></mxPoint><Array as=\"points\"><mxPoint x=\"564\" y=\"290\"></mxPoint><mxPoint x=\"474\" y=\"290\"></mxPoint></Array></mxGeometry></mxCell><mxCell id=\"cmcollaboration_2Sso5mpvrOr_92Ssom5mZaUG\" style=\"edgeStyle=orthogonalEdgeStyle;rounded=0;orthogonalLoop=1;jettySize=auto;html=1;entryX=0.5;entryY=0;entryDx=0;entryDy=0;entryPerimeter=0;\" edge=\"1\" modelId=\"componentevent_2SsoeRpqlJ6_ByArwGwou\" parent=\"1\" source=\"cmcollaboration_2Sso5mpvrOr_32Ssom5liZSM\" target=\"cmcollaboration_2Sso5mpvrOr_72Ssom5mAsJc\"><mxGeometry relative=\"1\" as=\"geometry\"><mxPoint x=\"394\" y=\"290\" as=\"targetPoint\"></mxPoint><Array as=\"points\"><mxPoint x=\"224\" y=\"290\"></mxPoint><mxPoint x=\"474\" y=\"290\"></mxPoint></Array></mxGeometry></mxCell><mxCell id=\"cmcollaboration_2Sso5mpvrOr_102Ssom5mNVea\" style=\"edgeStyle=orthogonalEdgeStyle;rounded=0;orthogonalLoop=1;jettySize=auto;html=1;entryX=0.5;entryY=0;entryDx=0;entryDy=0;entryPerimeter=0;\" parent=\"1\" source=\"cmcollaboration_2Sso5mpvrOr_62Ssom5m3bdB\" target=\"cmcollaboration_2Sso5mpvrOr_72Ssom5mAsJc\" edge=\"1\"><mxGeometry relative=\"1\" as=\"geometry\"><mxPoint x=\"564\" y=\"320\" as=\"targetPoint\"></mxPoint><Array as=\"points\"><mxPoint x=\"704\" y=\"290\"></mxPoint><mxPoint x=\"474\" y=\"290\"></mxPoint></Array></mxGeometry></mxCell><mxCell id=\"cmcollaboration_2Sso5mpvrOr_112Ssom5mGBx0\" style=\"edgeStyle=orthogonalEdgeStyle;rounded=0;orthogonalLoop=1;jettySize=auto;html=1;exitX=0.5;exitY=1;exitDx=0;exitDy=0;exitPerimeter=0;entryX=0.5;entryY=0;entryDx=0;entryDy=0;entryPerimeter=0;\" edge=\"1\" modelId=\"componentevent_2SsohWCdU8L_ByArwGwou\" parent=\"1\" source=\"cmcollaboration_2Sso5mpvrOr_42Ssom5lLg9O\" target=\"cmcollaboration_2Sso5mpvrOr_72Ssom5mAsJc\"><mxGeometry relative=\"1\" as=\"geometry\"><mxPoint x=\"394\" y=\"320\" as=\"targetPoint\"></mxPoint><Array as=\"points\"><mxPoint x=\"394\" y=\"290\"></mxPoint><mxPoint x=\"474\" y=\"290\"></mxPoint></Array></mxGeometry></mxCell><mxCell id=\"cmcollaboration_2Sso5mpvrOr_122Ssom5m5pjk\" style=\"shape=mxgraph.ibm2mondrian.base;shapeType=actor;shapeLayout=collapsed;colorFamily=blue;colorBackground=noColor:noColor;html=1;whiteSpace=wrap;metaEdit=1;strokeWidth=1;collapsible=0;recursiveResize=0;expand=0;fontFamily=IBM Plex Sans;fontColor=#000000;fontSize=14;image=;verticalAlign=top;align=center;spacing=0;spacingLeft=0;spacingRight=0;spacingTop=0;spacingBottom=0;verticalLabelPosition=bottom;labelPosition=center;positionText=bottom;container=0\" vertex=\"1\" modelId=\"actor_2Sso7aaICAP_ByArwGwou\" parent=\"1\"><mxGeometry x=\"216\" y=\"480\" width=\"48\" height=\"48\" as=\"geometry\"></mxGeometry></mxCell><mxCell id=\"cmcollaboration_2Sso5mpvrOr_132Ssom5mRkMi\" style=\"shape=mxgraph.ibm2mondrian.base;shapeType=ln;shapeLayout=expanded;colorFamily=blue;colorBackground=noColor:noColor;html=1;whiteSpace=wrap;metaEdit=1;strokeWidth=1;collapsible=0;recursiveResize=0;expand=0;fontFamily=IBM Plex Sans;fontColor=#000000;fontSize=14;image=;verticalAlign=middle;align=left;spacing=0;spacingLeft=12;spacingRight=16;spacingTop=0;spacingBottom=0;container=1\" vertex=\"1\" modelId=\"logicalcomponent_2Sso7UywGYW_ByArwGwou\" parent=\"1\"><mxGeometry x=\"376\" y=\"496\" width=\"240\" height=\"48\" as=\"geometry\"></mxGeometry></mxCell><UserObject placeholders=\"1\" label=\"Vertical Legend\" id=\"cmcollaboration_2Sso5mpvrOr_142Ssom5mHQeA\"><mxCell style=\"shape=mxgraph.ibm2mondrian.legend;legendLayout=vertical;html=1;whiteSpace=wrap;metaEdit=1;strokeWidth=1;collapsible=0;recursiveResize=0;expand=0;fontFamily=IBM Plex Sans;fontColor=#000000;fontSize=14;verticalAlign=middle;align=left;spacing=0;spacingLeft=0;spacingRight=0;spacingTop=0;spacingBottom=0;connectable=0;childLayout=stackLayout;stackUnitSize=16;resizeParent=1;resizeParentMax=0;resizeLast=0;allowGaps=0;stackFill=1;horizontalStack=0;noLabel=1;marginTop=8;marginBottom=8;marginRight=8;marginLeft=8;stackSpacing=8;container=1;legendColor=black:black:white\" parent=\"1\" vertex=\"1\"><mxGeometry x=\"704\" y=\"480\" width=\"16\" height=\"8\" as=\"geometry\"></mxGeometry></mxCell></UserObject><UserObject placeholders=\"1\" label=\"Horizontal Legend (Title)\" id=\"cmcollaboration_2Sso5mpvrOr_152Ssom5myGT8\"><mxCell style=\"shape=mxgraph.ibm2mondrian.legend;legendLayout=horizontalTB;html=1;whiteSpace=wrap;metaEdit=1;strokeWidth=1;collapsible=0;recursiveResize=0;expand=0;fontFamily=IBM Plex Sans;fontColor=#000000;fontSize=14;verticalAlign=middle;align=left;spacing=0;spacingLeft=0;spacingRight=0;spacingTop=0;spacingBottom=0;connectable=0;childLayout=stackLayout;stackUnitSize=16;resizeParent=1;resizeParentMax=0;resizeLast=0;allowGaps=0;stackFill=0;horizontalStack=1;noLabel=0;marginTop=32;marginBottom=8;marginRight=8;marginLeft=8;stackSpacing=8;container=1;legendColor=black:black:white\" parent=\"1\" vertex=\"1\"><mxGeometry x=\"800\" y=\"500\" width=\"16\" height=\"32\" as=\"geometry\"></mxGeometry></mxCell></UserObject><mxCell id=\"cmcollaboration_2Sso5mpvrOr_162Ssom5mKQcO\" style=\"endArrow=classic;startArrow=classic;html=1;jumpStyle=arc;jumpSize=8;rounded=1;entryX=0;entryY=0.396;entryPerimeter=0;exitX=0.958;exitY=0.688;exitPerimeter=0;\" edge=\"1\" modelId=\"componentevent_2SsobcxYIUf_ByArwGwou\" parent=\"1\" source=\"cmcollaboration_2Sso5mpvrOr_122Ssom5m5pjk\" target=\"cmcollaboration_2Sso5mpvrOr_132Ssom5mRkMi\"><mxGeometry width=\"50\" height=\"50\" relative=\"1\" as=\"geometry\"><mxPoint x=\"272\" y=\"450\" as=\"sourcePoint\"></mxPoint><mxPoint x=\"322\" y=\"400\" as=\"targetPoint\"></mxPoint></mxGeometry></mxCell><mxCell id=\"cmcollaboration_2Sso5mpvrOr_402SsoC9LIhtp\" style=\"shape=mxgraph.ibm2mondrian.base;shapeType=lc;shapeLayout=collapsed;colorFamily=blue;html=1;whiteSpace=wrap;fontFamily=IBM Plex Sans;fontColor=#000000;fontSize=14;verticalAlign=top;align=center;spacing=0;spacingLeft=0;spacingRight=0;spacingTop=0;spacingBottom=0;verticalLabelPosition=bottom;labelPosition=center;positionText=bottom;metaEdit=1;strokeWidth=1;container=0;collapsible=0;recursiveResize=0;expand=0;image=\" vertex=\"1\" modelId=\"logicalcomponent_2SlTJV1lZDs\" parent=\"1\"><mxGeometry x=\"288\" y=\"632\" width=\"48\" height=\"48\" as=\"geometry\"></mxGeometry></mxCell><mxCell id=\"cmcollaboration_2Sso5mpvrOr_422SsoEdPwfme\" style=\"shape=umlActor;html=1;verticalLabelPosition=bottom;verticalAlign=top;\" vertex=\"1\" modelId=\"actor_2SlTUuTepWU\" parent=\"1\"><mxGeometry x=\"56\" y=\"562\" width=\"35\" height=\"70\" as=\"geometry\"></mxGeometry></mxCell><mxCell id=\"cmcollaboration_2Sso5mpvrOr_432SsoFKq4hMW\" style=\"edgeStyle=orthogonalEdgeStyle;rounded=1;html=1;jumpStyle=arc;jumpSize=8;jettySize=auto;orthogonalLoop=1;\" edge=\"1\" modelId=\"componentevent_2SsoFKr4SDa_ByArwGwou\" parent=\"1\" source=\"cmcollaboration_2Sso5mpvrOr_422SsoEdPwfme\" target=\"cmcollaboration_2Sso5mpvrOr_402SsoC9LIhtp\"><mxGeometry relative=\"1\" as=\"geometry\"></mxGeometry></mxCell></root></mxGraphModel>","coreInfo":[{"modelType":"CMCollaboration","lastModifiedUserId":"gbbguoxa@cn.ibm.com","description":"","lastModified":"2021-06-16T06:16:38Z","_id":"cmcollaboration_2Sso5mpvrOr_ByArwGwou","type":"Component Collaboration Diagram","label":"misc"},{"modelType":"ComponentEvent","description":"","_id":"componentevent_2SsoeRpqlJ6_ByArwGwou","type":"ComponentEvent","label":"1:name 1"},{"modelType":"ComponentEvent","description":"","_id":"componentevent_2SsobcxYIUf_ByArwGwou","type":"ComponentEvent","label":":"},{"modelType":"ComponentEvent","description":"","_id":"componentevent_2SsoFKr4SDa_ByArwGwou","label":"1:name"},{"modelType":"ComponentEvent","description":"","_id":"componentevent_2SsohWCdU8L_ByArwGwou","type":"ComponentEvent","label":"2:name 2"}]},"cmcollaboration_2SlU40ZRTjL":{"uiInfo":"<mxGraphModel dx=\"986\" dy=\"416\" grid=\"1\" gridSize=\"8\" guides=\"1\" tooltips=\"1\" connect=\"1\" arrows=\"1\" fold=\"1\" page=\"1\" pageScale=\"1\" pageWidth=\"1169\" pageHeight=\"827\" background=\"#ffffff\"><root><mxCell id=\"0\" modelId=\"cmcollaboration_2SlU40ZRTjL\"></mxCell><mxCell id=\"1\" parent=\"0\"></mxCell><mxCell id=\"cmcollaboration_2SlU40ZRTjL_22Sx9PQYFaWh\" style=\"shape=umlActor;html=1;verticalLabelPosition=bottom;verticalAlign=top;\" vertex=\"1\" modelId=\"actor_2SlTUuTepWU\" parent=\"1\"><mxGeometry x=\"208\" y=\"128\" width=\"35\" height=\"70\" as=\"geometry\"></mxGeometry></mxCell><mxCell id=\"cmcollaboration_2SlU40ZRTjL_32Sx9PQY7XBN\" style=\"rounded=1;whiteSpace=wrap;html=1;\" vertex=\"1\" modelId=\"logicalcomponent_2SlTJV1lZDs\" parent=\"1\"><mxGeometry x=\"449\" y=\"200\" width=\"120\" height=\"60\" as=\"geometry\"></mxGeometry></mxCell><mxCell id=\"cmcollaboration_2SlU40ZRTjL_282Sx9QLvqYyt\" style=\"edgeStyle=orthogonalEdgeStyle;rounded=1;html=1;jumpStyle=arc;jumpSize=8;jettySize=auto;orthogonalLoop=1;\" edge=\"1\" modelId=\"componentevent_2Sx9QLx674G\" parent=\"1\" source=\"cmcollaboration_2SlU40ZRTjL_22Sx9PQYFaWh\" target=\"cmcollaboration_2SlU40ZRTjL_32Sx9PQY7XBN\"><mxGeometry relative=\"1\" as=\"geometry\"></mxGeometry></mxCell></root></mxGraphModel>","coreInfo":[{"modelType":"CMCollaboration","lastModifiedUserId":"gbbguoxa@cn.ibm.com","description":"","lastModified":"2021-06-17T01:47:06Z","_id":"cmcollaboration_2SlU40ZRTjL","type":"Component Collaboration Diagram","label":"cv"},{"modelType":"ComponentEvent","description":"","_id":"componentevent_2Sx9QLx674G","label":"1:name"}]},"miscdiagram_2SrFs2EnSRD_ByArwGwou":{"uiInfo":"<mxGraphModel dx=\"986\" dy=\"390\" grid=\"1\" gridSize=\"8\" guides=\"1\" tooltips=\"1\" connect=\"1\" arrows=\"1\" fold=\"1\" page=\"1\" pageScale=\"1\" pageWidth=\"1169\" pageHeight=\"827\" background=\"#ffffff\"><root><mxCell id=\"0\" modelId=\"miscdiagram_2SrFs2EnSRD_ByArwGwou\"></mxCell><mxCell id=\"1\" parent=\"0\"></mxCell><UserObject placeholders=\"1\" label=\"Cloud Foundry&lt;BR&gt;&lt;font style='font-size: 12px'&gt;&lt;/font&gt;\" Element-ID=\"\" Element-Name=\"Cloud Foundry\" Icon-Name=\"default\" Tag-Text=\"\" id=\"miscdiagram_2SrFs2EnSRD_22Sso06x53CH\"><mxCell style=\"shape=mxgraph.ibm2mondrian.base;shapeType=pg;shapeLayout=expanded;colorFamily=blue;html=1;whiteSpace=wrap;fontFamily=IBM Plex Sans;fontColor=#000000;fontSize=14;verticalAlign=middle;align=left;spacing=0;spacingLeft=12;spacingRight=16;spacingTop=0;spacingBottom=0;metaEdit=1;strokeWidth=1;expand=0;version=v2;container=1;collapsible=0;recursiveResize=0;expand=0;image=;colorBackground=noColor:noColor;\" parent=\"1\" vertex=\"1\"><mxGeometry x=\"110\" y=\"80\" width=\"710\" height=\"190\" as=\"geometry\"></mxGeometry></mxCell></UserObject><UserObject placeholders=\"1\" label=\"CLI App&lt;BR&gt;&lt;font style='font-size: 12px'&gt;&lt;/font&gt;\" Element-ID=\"\" Element-Name=\"CLI App\" Icon-Name=\"default\" Tag-Text=\"\" id=\"miscdiagram_2SrFs2EnSRD_32Sso06xfGUT\"><mxCell style=\"shape=mxgraph.ibm2mondrian.base;shapeType=ln;shapeLayout=collapsed;colorFamily=purple;html=1;whiteSpace=wrap;fontFamily=IBM Plex Sans;fontColor=#000000;fontSize=14;verticalAlign=top;align=center;spacing=0;spacingLeft=0;spacingRight=0;spacingTop=0;spacingBottom=0;verticalLabelPosition=bottom;labelPosition=center;positionText=bottom;metaEdit=1;strokeWidth=1;expand=0;version=v2;container=1;collapsible=0;recursiveResize=0;expand=0;image=;colorBackground=noColor:noColor;\" parent=\"miscdiagram_2SrFs2EnSRD_22Sso06x53CH\" vertex=\"1\"><mxGeometry x=\"90\" y=\"71\" width=\"48\" height=\"48\" as=\"geometry\"></mxGeometry></mxCell></UserObject><UserObject placeholders=\"1\" label=\"Tablet Device&lt;BR&gt;&lt;font style='font-size: 12px'&gt;&lt;/font&gt;\" Element-ID=\"\" Element-Name=\"Tablet Device\" Icon-Name=\"tablet\" Tag-Text=\"\" id=\"miscdiagram_2SrFs2EnSRD_42Sso06x6blA\"><mxCell style=\"shape=mxgraph.ibm2mondrian.base;shapeType=ln;shapeLayout=collapsed;colorFamily=magenta;html=1;whiteSpace=wrap;fontFamily=IBM Plex Sans;fontColor=#000000;fontSize=14;verticalAlign=top;align=center;spacing=0;spacingLeft=0;spacingRight=0;spacingTop=0;spacingBottom=0;verticalLabelPosition=bottom;labelPosition=center;positionText=bottom;metaEdit=1;strokeWidth=1;expand=0;version=v2;container=1;collapsible=0;recursiveResize=0;expand=0;image=;colorBackground=noColor:noColor;\" parent=\"miscdiagram_2SrFs2EnSRD_22Sso06x53CH\" vertex=\"1\"><mxGeometry x=\"260\" y=\"71\" width=\"48\" height=\"48\" as=\"geometry\"></mxGeometry></mxCell></UserObject><UserObject placeholders=\"1\" label=\"Dedicated Host&lt;BR&gt;&lt;font style='font-size: 12px'&gt;&lt;/font&gt;\" Element-ID=\"\" Element-Name=\"Dedicated Host\" Icon-Name=\"archive\" Tag-Text=\"\" id=\"miscdiagram_2SrFs2EnSRD_52Sso06xAgpK\"><mxCell style=\"shape=mxgraph.ibm2mondrian.base;shapeType=ln;shapeLayout=collapsed;colorFamily=magenta;html=1;whiteSpace=wrap;fontFamily=IBM Plex Sans;fontColor=#000000;fontSize=14;verticalAlign=top;align=center;spacing=0;spacingLeft=0;spacingRight=0;spacingTop=0;spacingBottom=0;verticalLabelPosition=bottom;labelPosition=center;positionText=bottom;metaEdit=1;strokeWidth=1;expand=0;version=v2;container=1;collapsible=0;recursiveResize=0;expand=0;image=;colorBackground=noColor:noColor;\" parent=\"miscdiagram_2SrFs2EnSRD_22Sso06x53CH\" vertex=\"1\"><mxGeometry x=\"430\" y=\"71\" width=\"48\" height=\"48\" as=\"geometry\"></mxGeometry></mxCell></UserObject><UserObject placeholders=\"1\" label=\"Mobile Device&lt;BR&gt;&lt;font style='font-size: 12px'&gt;&lt;/font&gt;\" Element-ID=\"\" Element-Name=\"Mobile Device\" Icon-Name=\"mobile\" Tag-Text=\"\" id=\"miscdiagram_2SrFs2EnSRD_62Sso06x9IQ5\"><mxCell style=\"shape=mxgraph.ibm2mondrian.base;shapeType=ln;shapeLayout=collapsed;colorFamily=magenta;html=1;whiteSpace=wrap;fontFamily=IBM Plex Sans;fontColor=#000000;fontSize=14;verticalAlign=top;align=center;spacing=0;spacingLeft=0;spacingRight=0;spacingTop=0;spacingBottom=0;verticalLabelPosition=bottom;labelPosition=center;positionText=bottom;metaEdit=1;strokeWidth=1;expand=0;version=v2;container=1;collapsible=0;recursiveResize=0;expand=0;image=;colorBackground=noColor:noColor;\" parent=\"miscdiagram_2SrFs2EnSRD_22Sso06x53CH\" vertex=\"1\"><mxGeometry x=\"570\" y=\"71\" width=\"48\" height=\"48\" as=\"geometry\"></mxGeometry></mxCell></UserObject><UserObject placeholders=\"1\" label=\"User&lt;BR&gt;&lt;font style='font-size: 12px'&gt;&lt;/font&gt;\" Element-ID=\"\" Element-Name=\"User\" Icon-Name=\"user\" Tag-Text=\"\" id=\"miscdiagram_2SrFs2EnSRD_72Sso06yQxL3\"><mxCell style=\"shape=mxgraph.ibm2mondrian.base;shapeType=actor;shapeLayout=collapsed;colorFamily=black;html=1;whiteSpace=wrap;fontFamily=IBM Plex Sans;fontColor=#000000;fontSize=14;verticalAlign=top;align=center;spacing=0;spacingLeft=0;spacingRight=0;spacingTop=0;spacingBottom=0;verticalLabelPosition=bottom;labelPosition=center;positionText=bottom;metaEdit=1;strokeWidth=1;expand=0;version=v2;container=1;collapsible=0;recursiveResize=0;expand=0;image=;colorBackground=noColor:noColor;\" parent=\"1\" vertex=\"1\"><mxGeometry x=\"450\" y=\"340\" width=\"48\" height=\"48\" as=\"geometry\"></mxGeometry></mxCell></UserObject><mxCell id=\"miscdiagram_2SrFs2EnSRD_82Sso06yDVdJ\" style=\"edgeStyle=orthogonalEdgeStyle;rounded=0;orthogonalLoop=1;jettySize=auto;html=1;entryX=0.5;entryY=0;entryDx=0;entryDy=0;entryPerimeter=0;\" parent=\"1\" source=\"miscdiagram_2SrFs2EnSRD_52Sso06xAgpK\" target=\"miscdiagram_2SrFs2EnSRD_72Sso06yQxL3\" edge=\"1\"><mxGeometry relative=\"1\" as=\"geometry\"><mxPoint x=\"564\" y=\"320\" as=\"targetPoint\"></mxPoint><Array as=\"points\"><mxPoint x=\"564\" y=\"290\"></mxPoint><mxPoint x=\"474\" y=\"290\"></mxPoint></Array></mxGeometry></mxCell><mxCell id=\"miscdiagram_2SrFs2EnSRD_92Sso06yL1Bf\" style=\"edgeStyle=orthogonalEdgeStyle;rounded=0;orthogonalLoop=1;jettySize=auto;html=1;entryX=0.5;entryY=0;entryDx=0;entryDy=0;entryPerimeter=0;\" parent=\"1\" source=\"miscdiagram_2SrFs2EnSRD_32Sso06xfGUT\" target=\"miscdiagram_2SrFs2EnSRD_72Sso06yQxL3\" edge=\"1\"><mxGeometry relative=\"1\" as=\"geometry\"><mxPoint x=\"394\" y=\"290\" as=\"targetPoint\"></mxPoint><Array as=\"points\"><mxPoint x=\"224\" y=\"290\"></mxPoint><mxPoint x=\"474\" y=\"290\"></mxPoint></Array></mxGeometry></mxCell><mxCell id=\"miscdiagram_2SrFs2EnSRD_102Sso06y44Iz\" style=\"edgeStyle=orthogonalEdgeStyle;rounded=0;orthogonalLoop=1;jettySize=auto;html=1;entryX=0.5;entryY=0;entryDx=0;entryDy=0;entryPerimeter=0;\" parent=\"1\" source=\"miscdiagram_2SrFs2EnSRD_62Sso06x9IQ5\" target=\"miscdiagram_2SrFs2EnSRD_72Sso06yQxL3\" edge=\"1\"><mxGeometry relative=\"1\" as=\"geometry\"><mxPoint x=\"564\" y=\"320\" as=\"targetPoint\"></mxPoint><Array as=\"points\"><mxPoint x=\"704\" y=\"290\"></mxPoint><mxPoint x=\"474\" y=\"290\"></mxPoint></Array></mxGeometry></mxCell><mxCell id=\"miscdiagram_2SrFs2EnSRD_112Sso06zF2JW\" style=\"edgeStyle=orthogonalEdgeStyle;rounded=0;orthogonalLoop=1;jettySize=auto;html=1;exitX=0.5;exitY=1;exitDx=0;exitDy=0;exitPerimeter=0;entryX=0.5;entryY=0;entryDx=0;entryDy=0;entryPerimeter=0;\" parent=\"1\" source=\"miscdiagram_2SrFs2EnSRD_42Sso06x6blA\" target=\"miscdiagram_2SrFs2EnSRD_72Sso06yQxL3\" edge=\"1\"><mxGeometry relative=\"1\" as=\"geometry\"><mxPoint x=\"394\" y=\"320\" as=\"targetPoint\"></mxPoint><Array as=\"points\"><mxPoint x=\"394\" y=\"290\"></mxPoint><mxPoint x=\"474\" y=\"290\"></mxPoint></Array></mxGeometry></mxCell><UserObject placeholders=\"1\" label=\"Actor\" Icon-Name=\"default\" id=\"miscdiagram_2SrFs2EnSRD_122Sso06zbMzf\"><mxCell style=\"shape=mxgraph.ibm2mondrian.base;shapeType=actor;shapeLayout=collapsed;colorFamily=blue;colorBackground=noColor:noColor;html=1;whiteSpace=wrap;metaEdit=1;strokeWidth=1;collapsible=0;recursiveResize=0;expand=0;fontFamily=IBM Plex Sans;fontColor=#000000;fontSize=14;image=;verticalAlign=top;align=center;spacing=0;spacingLeft=0;spacingRight=0;spacingTop=0;spacingBottom=0;verticalLabelPosition=bottom;labelPosition=center;positionText=bottom;container=0\" parent=\"1\" vertex=\"1\"><mxGeometry x=\"216\" y=\"480\" width=\"48\" height=\"48\" as=\"geometry\"></mxGeometry></mxCell></UserObject><UserObject placeholders=\"1\" label=\"Logical Node\" Icon-Name=\"default\" id=\"miscdiagram_2SrFs2EnSRD_132Sso06z047w\"><mxCell style=\"shape=mxgraph.ibm2mondrian.base;shapeType=ln;shapeLayout=expanded;colorFamily=blue;colorBackground=noColor:noColor;html=1;whiteSpace=wrap;metaEdit=1;strokeWidth=1;collapsible=0;recursiveResize=0;expand=0;fontFamily=IBM Plex Sans;fontColor=#000000;fontSize=14;image=;verticalAlign=middle;align=left;spacing=0;spacingLeft=12;spacingRight=16;spacingTop=0;spacingBottom=0;container=1\" parent=\"1\" vertex=\"1\"><mxGeometry x=\"376\" y=\"496\" width=\"240\" height=\"48\" as=\"geometry\"></mxGeometry></mxCell></UserObject><UserObject placeholders=\"1\" label=\"Vertical Legend\" id=\"miscdiagram_2SrFs2EnSRD_142Sso06zi1di\"><mxCell style=\"shape=mxgraph.ibm2mondrian.legend;legendLayout=vertical;html=1;whiteSpace=wrap;metaEdit=1;strokeWidth=1;collapsible=0;recursiveResize=0;expand=0;fontFamily=IBM Plex Sans;fontColor=#000000;fontSize=14;verticalAlign=middle;align=left;spacing=0;spacingLeft=0;spacingRight=0;spacingTop=0;spacingBottom=0;connectable=0;childLayout=stackLayout;stackUnitSize=16;resizeParent=1;resizeParentMax=0;resizeLast=0;allowGaps=0;stackFill=1;horizontalStack=0;noLabel=1;marginTop=8;marginBottom=8;marginRight=8;marginLeft=8;stackSpacing=8;container=1;legendColor=black:black:white\" parent=\"1\" vertex=\"1\"><mxGeometry x=\"704\" y=\"480\" width=\"16\" height=\"8\" as=\"geometry\"></mxGeometry></mxCell></UserObject><UserObject placeholders=\"1\" label=\"Horizontal Legend (Title)\" id=\"miscdiagram_2SrFs2EnSRD_152Sso06zCa7Q\"><mxCell style=\"shape=mxgraph.ibm2mondrian.legend;legendLayout=horizontalTB;html=1;whiteSpace=wrap;metaEdit=1;strokeWidth=1;collapsible=0;recursiveResize=0;expand=0;fontFamily=IBM Plex Sans;fontColor=#000000;fontSize=14;verticalAlign=middle;align=left;spacing=0;spacingLeft=0;spacingRight=0;spacingTop=0;spacingBottom=0;connectable=0;childLayout=stackLayout;stackUnitSize=16;resizeParent=1;resizeParentMax=0;resizeLast=0;allowGaps=0;stackFill=0;horizontalStack=1;noLabel=0;marginTop=32;marginBottom=8;marginRight=8;marginLeft=8;stackSpacing=8;container=1;legendColor=black:black:white\" parent=\"1\" vertex=\"1\"><mxGeometry x=\"800\" y=\"500\" width=\"16\" height=\"32\" as=\"geometry\"></mxGeometry></mxCell></UserObject><mxCell id=\"miscdiagram_2SrFs2EnSRD_312Sso1PNbTlV\" value=\"\" style=\"endArrow=classic;startArrow=classic;html=1;jumpStyle=arc;jumpSize=8;rounded=1;entryX=0;entryY=0.396;entryPerimeter=0;exitX=0.958;exitY=0.688;exitPerimeter=0;\" parent=\"1\" source=\"miscdiagram_2SrFs2EnSRD_122Sso06zbMzf\" target=\"miscdiagram_2SrFs2EnSRD_132Sso06z047w\" edge=\"1\"><mxGeometry width=\"50\" height=\"50\" relative=\"1\" as=\"geometry\"><mxPoint x=\"272\" y=\"450\" as=\"sourcePoint\"></mxPoint><mxPoint x=\"322\" y=\"400\" as=\"targetPoint\"></mxPoint></mxGeometry></mxCell></root></mxGraphModel>","coreInfo":[{"modelType":"MiscDiagram","lastModifiedUserId":"gbbguoxa@cn.ibm.com","description":"","lastModified":"2021-06-16T06:16:39Z","_id":"miscdiagram_2SrFs2EnSRD_ByArwGwou","label":"misc"}]}}},"textual":{"instances":{}},"solution_advisors":{},"auditLog":{"_id":"architectureauditentry_pf9Diw9Aa","archId":"arch_B1ItsqHi_","archChangeLog":[{"_id":"architecturechangelog_OISzlBGdL","date":"2021-06-16T06:16:39.693Z","type":"UPDATE","user":{"fullname":"Bei Bei Guo","email":"gbbguoxa@cn.ibm.com"}},{"_id":"architecturechangelog_OE4AuNxkN","date":"2021-06-15T03:35:21.378Z","type":"CREATE_INST","user":{"fullname":"Bei Bei Guo","email":"gbbguoxa@cn.ibm.com"},"artifactTypeId":"artifacttype_217cdbd4-c76f-3355-a3b1-443b0a0d2651","instanceName":"cv","instanceId":"cmcollaboration_2SlU40ZRTjL"},{"_id":"architecturechangelog_6uqRsArsl","date":"2021-06-15T03:16:26.583Z","type":"CREATE_INST","user":{"fullname":"Bei Bei Guo","email":"gbbguoxa@cn.ibm.com"},"artifactTypeId":"artifacttype_6e1239a1-6a68-3dae-ae87-b05ecf80d25b","instanceName":"ew","instanceId":"cmdynamicview_2SlPiOdf7Lf"},{"_id":"architecturechangelog_5wRmLR1cwo","date":"2021-06-15T03:16:13.660Z","type":"CREATE","user":{"fullname":"Bei Bei Guo","email":"gbbguoxa@cn.ibm.com"}}]}}